product_id,date,daily_sales,region
PROD-0068,2024-01-01,30,South
PROD-0038,2024-01-01,19,North
PROD-0091,2024-01-01,24,South
PROD-0054,2024-01-01,29,South
PROD-0006,2024-01-01,12,South
PROD-0090,2024-01-01,3,North
PROD-0062,2024-01-01,7,East
PROD-0015,2024-01-01,27,Central
PROD-0093,2024-01-01,13,West
PROD-0047,2024-01-01,5,West
PROD-0014,2024-01-01,31,East
PROD-0071,2024-01-01,31,West
PROD-0022,2024-01-01,12,Central
PROD-0049,2024-01-01,24,West
PROD-0028,2024-01-01,20,North
PROD-0063,2024-01-01,27,North
PROD-0020,2024-01-01,19,East
PROD-0048,2024-01-01,27,East
PROD-0088,2024-01-01,1,North
PROD-0070,2024-01-01,10,Central
PROD-0027,2024-01-01,26,North
PROD-0039,2024-01-01,34,East
PROD-0003,2024-01-01,25,North
PROD-0059,2024-01-01,34,South
PROD-0066,2024-01-01,21,Central
PROD-0064,2024-01-01,29,West
PROD-0056,2024-01-01,12,South
PROD-0072,2024-01-01,26,West
PROD-0005,2024-01-01,28,West
PROD-0030,2024-01-01,4,West
PROD-0057,2024-01-01,16,West
PROD-0092,2024-01-01,15,East
PROD-0084,2024-01-01,30,North
PROD-0018,2024-01-01,7,East
PROD-0083,2024-01-01,18,West
PROD-0009,2024-01-01,13,West
PROD-0037,2024-01-01,34,Central
PROD-0060,2024-01-01,2,West
PROD-0042,2024-01-01,4,East
PROD-0021,2024-01-01,11,East
PROD-0025,2024-01-01,5,West
PROD-0036,2024-01-01,23,North
PROD-0053,2024-01-01,30,Central
PROD-0011,2024-01-01,21,West
PROD-0045,2024-01-01,2,South
PROD-0089,2024-01-01,23,East
PROD-0007,2024-01-01,28,West
PROD-0041,2024-01-01,28,West
PROD-0096,2024-01-01,34,North
PROD-0095,2024-01-01,9,East
PROD-0100,2024-01-01,25,South
PROD-0055,2024-01-01,13,West
PROD-0073,2024-01-01,31,West
PROD-0008,2024-01-01,5,North
PROD-0026,2024-01-01,28,Central
PROD-0017,2024-01-01,11,South
PROD-0099,2024-01-01,14,Central
PROD-0086,2024-01-01,0,Central
PROD-0081,2024-01-01,18,North
PROD-0076,2024-01-01,10,North
PROD-0077,2024-01-01,21,North
PROD-0085,2024-01-01,29,South
PROD-0046,2024-01-01,22,East
PROD-0031,2024-01-01,23,East
PROD-0074,2024-01-01,18,West
PROD-0013,2024-01-01,21,South
PROD-0029,2024-01-01,21,Central
PROD-0044,2024-01-01,7,West
PROD-0075,2024-01-01,9,Central
PROD-0040,2024-01-01,23,South
PROD-0078,2024-01-01,3,East
PROD-0065,2024-01-01,35,West
PROD-0088,2024-01-02,23,East
PROD-0034,2024-01-02,0,East
PROD-0069,2024-01-02,32,East
PROD-0061,2024-01-02,26,Central
PROD-0073,2024-01-02,30,West
PROD-0098,2024-01-02,7,West
PROD-0084,2024-01-02,24,West
PROD-0030,2024-01-02,16,East
PROD-0048,2024-01-02,25,Central
PROD-0086,2024-01-02,17,West
PROD-0067,2024-01-02,14,South
PROD-0090,2024-01-02,31,South
PROD-0002,2024-01-02,25,West
PROD-0082,2024-01-02,10,West
PROD-0100,2024-01-02,2,East
PROD-0062,2024-01-02,33,West
PROD-0068,2024-01-02,32,West
PROD-0081,2024-01-02,17,South
PROD-0070,2024-01-02,22,North
PROD-0011,2024-01-02,6,Central
PROD-0024,2024-01-02,26,East
PROD-0064,2024-01-02,4,West
PROD-0097,2024-01-02,4,Central
PROD-0055,2024-01-02,21,North
PROD-0015,2024-01-02,32,South
PROD-0051,2024-01-02,18,South
PROD-0096,2024-01-02,3,West
PROD-0012,2024-01-02,11,East
PROD-0049,2024-01-02,28,West
PROD-0032,2024-01-02,29,North
PROD-0021,2024-01-02,15,Central
PROD-0056,2024-01-02,17,East
PROD-0033,2024-01-02,28,West
PROD-0060,2024-01-02,24,North
PROD-0041,2024-01-02,28,North
PROD-0094,2024-01-02,11,East
PROD-0078,2024-01-02,10,North
PROD-0001,2024-01-02,19,North
PROD-0047,2024-01-02,34,North
PROD-0071,2024-01-02,20,South
PROD-0043,2024-01-02,31,East
PROD-0020,2024-01-02,1,North
PROD-0028,2024-01-02,14,North
PROD-0077,2024-01-02,13,East
PROD-0059,2024-01-02,16,West
PROD-0003,2024-01-02,7,South
PROD-0063,2024-01-02,23,West
PROD-0054,2024-01-02,25,South
PROD-0026,2024-01-02,7,South
PROD-0010,2024-01-02,4,Central
PROD-0072,2024-01-02,17,Central
PROD-0091,2024-01-02,30,South
PROD-0044,2024-01-02,22,Central
PROD-0019,2024-01-02,7,South
PROD-0031,2024-01-02,21,East
PROD-0006,2024-01-02,21,East
PROD-0036,2024-01-02,30,North
PROD-0004,2024-01-02,21,East
PROD-0045,2024-01-02,30,Central
PROD-0025,2024-01-02,7,North
PROD-0079,2024-01-02,20,East
PROD-0080,2024-01-02,26,East
PROD-0052,2024-01-02,28,West
PROD-0022,2024-01-02,31,East
PROD-0065,2024-01-02,21,East
PROD-0008,2024-01-02,9,West
PROD-0062,2024-01-03,4,South
PROD-0015,2024-01-03,17,Central
PROD-0040,2024-01-03,16,Central
PROD-0078,2024-01-03,13,East
PROD-0094,2024-01-03,1,West
PROD-0039,2024-01-03,12,North
PROD-0093,2024-01-03,25,North
PROD-0012,2024-01-03,27,West
PROD-0085,2024-01-03,13,South
PROD-0043,2024-01-03,27,East
PROD-0037,2024-01-03,10,South
PROD-0097,2024-01-03,28,East
PROD-0044,2024-01-03,30,South
PROD-0068,2024-01-03,28,North
PROD-0100,2024-01-03,28,North
PROD-0052,2024-01-03,14,West
PROD-0007,2024-01-03,2,Central
PROD-0020,2024-01-03,16,South
PROD-0002,2024-01-03,4,East
PROD-0091,2024-01-03,14,West
PROD-0061,2024-01-03,8,South
PROD-0053,2024-01-03,6,Central
PROD-0004,2024-01-03,16,Central
PROD-0055,2024-01-03,23,East
PROD-0051,2024-01-03,7,East
PROD-0088,2024-01-03,21,East
PROD-0098,2024-01-03,33,East
PROD-0067,2024-01-03,5,West
PROD-0009,2024-01-03,3,South
PROD-0014,2024-01-03,34,South
PROD-0045,2024-01-03,30,West
PROD-0042,2024-01-03,25,East
PROD-0019,2024-01-03,4,West
PROD-0089,2024-01-03,0,East
PROD-0081,2024-01-03,24,North
PROD-0023,2024-01-03,21,East
PROD-0003,2024-01-03,30,East
PROD-0038,2024-01-03,26,West
PROD-0048,2024-01-03,28,East
PROD-0031,2024-01-03,4,South
PROD-0070,2024-01-03,21,North
PROD-0082,2024-01-03,28,Central
PROD-0087,2024-01-03,14,Central
PROD-0074,2024-01-03,10,North
PROD-0057,2024-01-03,28,West
PROD-0083,2024-01-03,31,East
PROD-0075,2024-01-03,29,West
PROD-0086,2024-01-03,5,South
PROD-0034,2024-01-03,2,North
PROD-0065,2024-01-03,14,West
PROD-0079,2024-01-03,5,North
PROD-0059,2024-01-03,11,Central
PROD-0084,2024-01-03,6,West
PROD-0022,2024-01-03,21,East
PROD-0071,2024-01-03,30,Central
PROD-0026,2024-01-03,18,Central
PROD-0021,2024-01-03,33,South
PROD-0011,2024-01-03,18,North
PROD-0049,2024-01-03,22,Central
PROD-0099,2024-01-03,18,East
PROD-0032,2024-01-03,2,East
PROD-0018,2024-01-03,9,West
PROD-0001,2024-01-03,20,South
PROD-0054,2024-01-03,16,North
PROD-0080,2024-01-03,30,East
PROD-0005,2024-01-03,24,East
PROD-0030,2024-01-03,2,West
PROD-0056,2024-01-03,12,South
PROD-0010,2024-01-03,5,West
PROD-0066,2024-01-03,4,South
PROD-0025,2024-01-03,29,Central
PROD-0047,2024-01-03,1,North
PROD-0069,2024-01-03,15,South
PROD-0006,2024-01-03,6,Central
PROD-0035,2024-01-03,9,North
PROD-0046,2024-01-03,34,Central
PROD-0013,2024-01-03,9,Central
PROD-0074,2024-01-04,10,East
PROD-0033,2024-01-04,35,South
PROD-0065,2024-01-04,27,North
PROD-0036,2024-01-04,12,South
PROD-0049,2024-01-04,6,Central
PROD-0037,2024-01-04,11,South
PROD-0002,2024-01-04,5,North
PROD-0024,2024-01-04,6,North
PROD-0007,2024-01-04,16,South
PROD-0094,2024-01-04,26,East
PROD-0039,2024-01-04,1,South
PROD-0020,2024-01-04,11,North
PROD-0100,2024-01-04,6,West
PROD-0062,2024-01-04,23,North
PROD-0081,2024-01-04,33,North
PROD-0044,2024-01-04,21,West
PROD-0058,2024-01-04,35,East
PROD-0088,2024-01-04,23,Central
PROD-0091,2024-01-04,4,West
PROD-0072,2024-01-04,23,South
PROD-0059,2024-01-04,28,North
PROD-0061,2024-01-04,32,Central
PROD-0067,2024-01-04,14,West
PROD-0041,2024-01-04,29,North
PROD-0080,2024-01-04,2,West
PROD-0015,2024-01-04,18,West
PROD-0060,2024-01-04,30,North
PROD-0048,2024-01-04,22,West
PROD-0009,2024-01-04,3,North
PROD-0089,2024-01-04,14,Central
PROD-0013,2024-01-04,7,North
PROD-0035,2024-01-04,6,East
PROD-0096,2024-01-04,28,Central
PROD-0070,2024-01-04,25,East
PROD-0026,2024-01-04,17,Central
PROD-0012,2024-01-04,23,East
PROD-0045,2024-01-04,21,Central
PROD-0001,2024-01-04,27,West
PROD-0071,2024-01-04,4,North
PROD-0046,2024-01-04,29,Central
PROD-0022,2024-01-04,32,South
PROD-0042,2024-01-04,19,West
PROD-0028,2024-01-04,10,West
PROD-0018,2024-01-04,15,West
PROD-0078,2024-01-04,18,West
PROD-0021,2024-01-04,32,North
PROD-0019,2024-01-04,14,West
PROD-0083,2024-01-04,14,East
PROD-0077,2024-01-04,16,South
PROD-0027,2024-01-04,30,West
PROD-0068,2024-01-04,3,North
PROD-0032,2024-01-04,4,North
PROD-0003,2024-01-04,19,North
PROD-0025,2024-01-04,33,East
PROD-0057,2024-01-04,6,Central
PROD-0040,2024-01-04,2,Central
PROD-0076,2024-01-04,25,Central
PROD-0008,2024-01-04,15,North
PROD-0084,2024-01-04,18,East
PROD-0054,2024-01-04,30,West
PROD-0011,2024-01-04,32,North
PROD-0031,2024-01-04,13,Central
PROD-0016,2024-01-04,14,East
PROD-0055,2024-01-04,4,Central
PROD-0045,2024-01-05,7,West
PROD-0078,2024-01-05,10,North
PROD-0051,2024-01-05,16,Central
PROD-0087,2024-01-05,16,North
PROD-0100,2024-01-05,34,East
PROD-0077,2024-01-05,25,South
PROD-0058,2024-01-05,19,Central
PROD-0016,2024-01-05,35,Central
PROD-0050,2024-01-05,28,Central
PROD-0098,2024-01-05,1,Central
PROD-0032,2024-01-05,30,East
PROD-0035,2024-01-05,1,South
PROD-0082,2024-01-05,12,East
PROD-0014,2024-01-05,15,East
PROD-0080,2024-01-05,0,South
PROD-0062,2024-01-05,7,Central
PROD-0065,2024-01-05,30,West
PROD-0027,2024-01-05,3,South
PROD-0084,2024-01-05,33,North
PROD-0001,2024-01-05,4,Central
PROD-0073,2024-01-05,9,West
PROD-0029,2024-01-05,18,West
PROD-0096,2024-01-05,15,South
PROD-0063,2024-01-05,16,East
PROD-0046,2024-01-05,32,East
PROD-0005,2024-01-05,35,Central
PROD-0012,2024-01-05,27,North
PROD-0083,2024-01-05,2,South
PROD-0019,2024-01-05,7,Central
PROD-0070,2024-01-05,2,North
PROD-0076,2024-01-05,12,West
PROD-0090,2024-01-05,30,West
PROD-0047,2024-01-05,22,Central
PROD-0091,2024-01-05,20,West
PROD-0054,2024-01-05,12,South
PROD-0043,2024-01-05,34,Central
PROD-0095,2024-01-05,5,East
PROD-0093,2024-01-05,19,North
PROD-0066,2024-01-05,13,Central
PROD-0092,2024-01-05,22,Central
PROD-0020,2024-01-05,30,East
PROD-0002,2024-01-05,2,South
PROD-0060,2024-01-05,18,Central
PROD-0049,2024-01-05,2,North
PROD-0071,2024-01-05,9,East
PROD-0036,2024-01-05,9,South
PROD-0037,2024-01-05,34,East
PROD-0075,2024-01-05,13,East
PROD-0069,2024-01-05,5,North
PROD-0099,2024-01-05,22,West
PROD-0009,2024-01-05,8,South
PROD-0024,2024-01-05,17,Central
PROD-0031,2024-01-05,32,South
PROD-0079,2024-01-05,23,Central
PROD-0011,2024-01-05,30,East
PROD-0030,2024-01-05,3,West
PROD-0004,2024-01-05,33,North
PROD-0048,2024-01-05,19,North
PROD-0055,2024-01-05,21,North
PROD-0061,2024-01-05,14,Central
PROD-0072,2024-01-05,19,Central
PROD-0021,2024-01-05,18,West
PROD-0022,2024-01-05,13,North
PROD-0053,2024-01-05,18,North
PROD-0033,2024-01-05,14,South
PROD-0081,2024-01-05,28,West
PROD-0056,2024-01-05,31,East
PROD-0059,2024-01-05,4,West
PROD-0094,2024-01-05,4,South
PROD-0026,2024-01-05,19,Central
PROD-0098,2024-01-06,2,West
PROD-0071,2024-01-06,8,East
PROD-0054,2024-01-06,6,East
PROD-0077,2024-01-06,21,South
PROD-0048,2024-01-06,2,Central
PROD-0068,2024-01-06,16,North
PROD-0029,2024-01-06,14,Central
PROD-0016,2024-01-06,4,East
PROD-0100,2024-01-06,9,South
PROD-0012,2024-01-06,6,North
PROD-0051,2024-01-06,4,East
PROD-0028,2024-01-06,4,South
PROD-0036,2024-01-06,16,South
PROD-0053,2024-01-06,20,North
PROD-0093,2024-01-06,4,West
PROD-0083,2024-01-06,12,Central
PROD-0094,2024-01-06,20,Central
PROD-0061,2024-01-06,11,Central
PROD-0087,2024-01-06,17,Central
PROD-0082,2024-01-06,8,East
PROD-0056,2024-01-06,4,West
PROD-0031,2024-01-06,2,West
PROD-0027,2024-01-06,11,East
PROD-0074,2024-01-06,7,Central
PROD-0057,2024-01-06,1,East
PROD-0041,2024-01-06,13,North
PROD-0020,2024-01-06,8,West
PROD-0010,2024-01-06,11,North
PROD-0095,2024-01-06,1,East
PROD-0066,2024-01-06,7,North
PROD-0007,2024-01-06,17,North
PROD-0003,2024-01-06,16,Central
PROD-0076,2024-01-06,13,West
PROD-0006,2024-01-06,12,Central
PROD-0046,2024-01-06,14,North
PROD-0096,2024-01-06,11,Central
PROD-0047,2024-01-06,17,South
PROD-0091,2024-01-06,8,Central
PROD-0052,2024-01-06,12,Central
PROD-0043,2024-01-06,4,North
PROD-0088,2024-01-06,11,North
PROD-0023,2024-01-06,9,North
PROD-0033,2024-01-06,13,South
PROD-0086,2024-01-06,0,South
PROD-0032,2024-01-06,18,West
PROD-0058,2024-01-06,11,Central
PROD-0080,2024-01-06,14,Central
PROD-0039,2024-01-06,4,East
PROD-0008,2024-01-06,9,East
PROD-0092,2024-01-06,10,West
PROD-0018,2024-01-06,21,East
PROD-0055,2024-01-06,18,Central
PROD-0042,2024-01-06,1,East
PROD-0045,2024-01-06,2,East
PROD-0025,2024-01-06,2,Central
PROD-0004,2024-01-06,18,West
PROD-0026,2024-01-06,7,East
PROD-0067,2024-01-06,19,Central
PROD-0059,2024-01-06,4,East
PROD-0019,2024-01-06,2,Central
PROD-0005,2024-01-06,17,South
PROD-0037,2024-01-06,9,East
PROD-0021,2024-01-06,17,West
PROD-0079,2024-01-06,3,Central
PROD-0030,2024-01-06,18,North
PROD-0070,2024-01-06,8,Central
PROD-0014,2024-01-06,10,East
PROD-0011,2024-01-06,3,Central
PROD-0100,2024-01-07,17,West
PROD-0056,2024-01-07,13,East
PROD-0075,2024-01-07,0,East
PROD-0003,2024-01-07,8,South
PROD-0065,2024-01-07,5,East
PROD-0070,2024-01-07,21,West
PROD-0016,2024-01-07,4,South
PROD-0042,2024-01-07,3,South
PROD-0044,2024-01-07,2,East
PROD-0039,2024-01-07,2,Central
PROD-0064,2024-01-07,21,Central
PROD-0048,2024-01-07,19,Central
PROD-0094,2024-01-07,0,East
PROD-0004,2024-01-07,21,Central
PROD-0066,2024-01-07,3,Central
PROD-0049,2024-01-07,10,South
PROD-0028,2024-01-07,4,South
PROD-0071,2024-01-07,18,Central
PROD-0032,2024-01-07,4,West
PROD-0050,2024-01-07,0,West
PROD-0078,2024-01-07,9,South
PROD-0081,2024-01-07,11,Central
PROD-0085,2024-01-07,7,West
PROD-0052,2024-01-07,6,Central
PROD-0024,2024-01-07,6,East
PROD-0061,2024-01-07,12,South
PROD-0019,2024-01-07,9,Central
PROD-0030,2024-01-07,11,West
PROD-0095,2024-01-07,21,East
PROD-0033,2024-01-07,21,West
PROD-0082,2024-01-07,13,Central
PROD-0017,2024-01-07,11,South
PROD-0034,2024-01-07,4,Central
PROD-0087,2024-01-07,3,East
PROD-0018,2024-01-07,1,West
PROD-0007,2024-01-07,9,Central
PROD-0093,2024-01-07,2,Central
PROD-0073,2024-01-07,2,East
PROD-0080,2024-01-07,2,South
PROD-0025,2024-01-07,7,West
PROD-0035,2024-01-07,13,South
PROD-0083,2024-01-07,11,North
PROD-0054,2024-01-07,6,West
PROD-0010,2024-01-07,9,North
PROD-0053,2024-01-07,11,North
PROD-0067,2024-01-07,10,Central
PROD-0055,2024-01-07,9,South
PROD-0015,2024-01-07,10,North
PROD-0063,2024-01-07,9,South
PROD-0058,2024-01-07,0,East
PROD-0059,2024-01-07,2,East
PROD-0090,2024-01-07,4,South
PROD-0057,2024-01-07,0,East
PROD-0089,2024-01-07,12,South
PROD-0021,2024-01-07,20,West
PROD-0086,2024-01-07,11,Central
PROD-0077,2024-01-07,0,North
PROD-0001,2024-01-07,0,East
PROD-0079,2024-01-07,5,South
PROD-0084,2024-01-07,14,Central
PROD-0022,2024-01-07,14,West
PROD-0077,2024-01-08,13,South
PROD-0009,2024-01-08,14,North
PROD-0036,2024-01-08,2,South
PROD-0012,2024-01-08,18,Central
PROD-0026,2024-01-08,21,North
PROD-0090,2024-01-08,5,West
PROD-0048,2024-01-08,27,Central
PROD-0006,2024-01-08,1,Central
PROD-0017,2024-01-08,25,South
PROD-0025,2024-01-08,32,South
PROD-0043,2024-01-08,13,West
PROD-0100,2024-01-08,0,Central
PROD-0089,2024-01-08,16,South
PROD-0082,2024-01-08,25,West
PROD-0022,2024-01-08,8,North
PROD-0020,2024-01-08,23,East
PROD-0041,2024-01-08,3,Central
PROD-0011,2024-01-08,24,Central
PROD-0005,2024-01-08,23,Central
PROD-0015,2024-01-08,1,West
PROD-0088,2024-01-08,21,North
PROD-0002,2024-01-08,28,West
PROD-0046,2024-01-08,16,East
PROD-0039,2024-01-08,33,North
PROD-0027,2024-01-08,16,North
PROD-0086,2024-01-08,16,South
PROD-0085,2024-01-08,32,North
PROD-0079,2024-01-08,35,Central
PROD-0096,2024-01-08,33,East
PROD-0061,2024-01-08,6,North
PROD-0065,2024-01-08,16,Central
PROD-0069,2024-01-08,15,South
PROD-0064,2024-01-08,35,West
PROD-0084,2024-01-08,31,West
PROD-0031,2024-01-08,28,South
PROD-0042,2024-01-08,6,North
PROD-0021,2024-01-08,32,West
PROD-0052,2024-01-08,2,East
PROD-0076,2024-01-08,9,North
PROD-0098,2024-01-08,9,North
PROD-0044,2024-01-08,14,East
PROD-0014,2024-01-08,23,West
PROD-0060,2024-01-08,24,West
PROD-0080,2024-01-08,11,North
PROD-0035,2024-01-08,34,South
PROD-0068,2024-01-08,13,East
PROD-0059,2024-01-08,35,North
PROD-0053,2024-01-08,29,East
PROD-0028,2024-01-08,12,North
PROD-0033,2024-01-08,16,West
PROD-0058,2024-01-08,18,West
PROD-0037,2024-01-08,17,East
PROD-0081,2024-01-08,8,West
PROD-0054,2024-01-08,31,West
PROD-0099,2024-01-08,16,Central
PROD-0023,2024-01-08,12,North
PROD-0024,2024-01-08,32,West
PROD-0071,2024-01-08,4,West
PROD-0067,2024-01-08,27,South
PROD-0057,2024-01-08,24,East
PROD-0075,2024-01-08,14,North
PROD-0074,2024-01-08,4,East
PROD-0016,2024-01-09,14,West
PROD-0088,2024-01-09,27,West
PROD-0091,2024-01-09,7,West
PROD-0084,2024-01-09,16,West
PROD-0050,2024-01-09,2,East
PROD-0079,2024-01-09,28,West
PROD-0063,2024-01-09,12,North
PROD-0067,2024-01-09,3,West
PROD-0095,2024-01-09,16,Central
PROD-0015,2024-01-09,33,South
PROD-0082,2024-01-09,1,South
PROD-0077,2024-01-09,27,West
PROD-0078,2024-01-09,2,South
PROD-0047,2024-01-09,3,South
PROD-0032,2024-01-09,35,East
PROD-0049,2024-01-09,16,West
PROD-0060,2024-01-09,25,North
PROD-0008,2024-01-09,27,South
PROD-0096,2024-01-09,30,West
PROD-0023,2024-01-09,16,East
PROD-0061,2024-01-09,20,North
PROD-0071,2024-01-09,25,South
PROD-0090,2024-01-09,23,East
PROD-0051,2024-01-09,18,East
PROD-0052,2024-01-09,29,East
PROD-0013,2024-01-09,11,North
PROD-0069,2024-01-09,1,South
PROD-0056,2024-01-09,22,Central
PROD-0076,2024-01-09,17,Central
PROD-0097,2024-01-09,5,East
PROD-0003,2024-01-09,35,East
PROD-0019,2024-01-09,32,West
PROD-0020,2024-01-09,9,Central
PROD-0033,2024-01-09,13,West
PROD-0005,2024-01-09,9,North
PROD-0085,2024-01-09,6,North
PROD-0099,2024-01-09,20,South
PROD-0064,2024-01-09,32,West
PROD-0035,2024-01-09,4,East
PROD-0039,2024-01-09,30,East
PROD-0048,2024-01-09,32,North
PROD-0044,2024-01-09,25,Central
PROD-0065,2024-01-09,13,East
PROD-0011,2024-01-09,7,South
PROD-0054,2024-01-09,16,Central
PROD-0092,2024-01-09,10,North
PROD-0055,2024-01-09,9,South
PROD-0036,2024-01-09,11,West
PROD-0001,2024-01-09,1,East
PROD-0043,2024-01-09,25,Central
PROD-0002,2024-01-09,16,West
PROD-0046,2024-01-09,25,South
PROD-0028,2024-01-09,28,North
PROD-0021,2024-01-09,3,East
PROD-0083,2024-01-09,18,West
PROD-0072,2024-01-09,23,West
PROD-0062,2024-01-09,35,West
PROD-0010,2024-01-09,25,North
PROD-0007,2024-01-09,6,East
PROD-0053,2024-01-09,29,North
PROD-0068,2024-01-09,20,West
PROD-0045,2024-01-09,30,Central
PROD-0012,2024-01-09,16,South
PROD-0100,2024-01-09,35,Central
PROD-0089,2024-01-09,28,Central
PROD-0006,2024-01-09,8,South
PROD-0031,2024-01-09,19,Central
PROD-0057,2024-01-09,2,North
PROD-0027,2024-01-09,23,South
PROD-0094,2024-01-09,14,South
PROD-0080,2024-01-09,7,East
PROD-0017,2024-01-09,32,South
PROD-0034,2024-01-09,16,Central
PROD-0085,2024-01-10,4,East
PROD-0045,2024-01-10,9,Central
PROD-0006,2024-01-10,12,South
PROD-0027,2024-01-10,28,East
PROD-0020,2024-01-10,28,Central
PROD-0079,2024-01-10,4,Central
PROD-0041,2024-01-10,29,South
PROD-0033,2024-01-10,26,Central
PROD-0091,2024-01-10,7,South
PROD-0060,2024-01-10,30,Central
PROD-0005,2024-01-10,32,Central
PROD-0028,2024-01-10,15,Central
PROD-0040,2024-01-10,2,North
PROD-0097,2024-01-10,4,North
PROD-0094,2024-01-10,29,Central
PROD-0011,2024-01-10,11,South
PROD-0071,2024-01-10,35,Central
PROD-0100,2024-01-10,18,Central
PROD-0038,2024-01-10,28,North
PROD-0036,2024-01-10,22,Central
PROD-0043,2024-01-10,13,East
PROD-0046,2024-01-10,21,South
PROD-0002,2024-01-10,30,West
PROD-0077,2024-01-10,14,West
PROD-0082,2024-01-10,3,North
PROD-0075,2024-01-10,7,West
PROD-0069,2024-01-10,18,West
PROD-0001,2024-01-10,21,South
PROD-0058,2024-01-10,15,Central
PROD-0013,2024-01-10,7,East
PROD-0078,2024-01-10,32,East
PROD-0022,2024-01-10,32,East
PROD-0054,2024-01-10,18,South
PROD-0004,2024-01-10,34,East
PROD-0063,2024-01-10,23,Central
PROD-0090,2024-01-10,4,East
PROD-0066,2024-01-10,11,West
PROD-0037,2024-01-10,5,East
PROD-0003,2024-01-10,20,South
PROD-0034,2024-01-10,7,North
PROD-0095,2024-01-10,2,East
PROD-0024,2024-01-10,17,Central
PROD-0052,2024-01-10,18,South
PROD-0064,2024-01-10,7,East
PROD-0068,2024-01-10,25,East
PROD-0056,2024-01-10,9,South
PROD-0042,2024-01-10,22,Central
PROD-0087,2024-01-10,21,West
PROD-0035,2024-01-10,14,West
PROD-0039,2024-01-10,1,North
PROD-0030,2024-01-10,18,Central
PROD-0031,2024-01-10,21,South
PROD-0018,2024-01-10,9,Central
PROD-0029,2024-01-10,16,North
PROD-0067,2024-01-10,2,East
PROD-0050,2024-01-10,22,Central
PROD-0084,2024-01-10,29,West
PROD-0048,2024-01-10,13,Central
PROD-0051,2024-01-10,0,North
PROD-0009,2024-01-10,19,South
PROD-0065,2024-01-10,11,East
PROD-0053,2024-01-10,34,West
PROD-0076,2024-01-10,16,North
PROD-0014,2024-01-10,18,North
PROD-0007,2024-01-10,25,Central
PROD-0073,2024-01-10,9,East
PROD-0023,2024-01-10,25,East
PROD-0093,2024-01-10,3,West
PROD-0016,2024-01-10,23,West
PROD-0010,2024-01-10,34,Central
PROD-0032,2024-01-10,12,Central
PROD-0089,2024-01-10,30,Central
PROD-0092,2024-01-10,5,South
PROD-0026,2024-01-10,4,West
PROD-0096,2024-01-10,16,East
PROD-0015,2024-01-10,25,East
PROD-0088,2024-01-10,34,South
PROD-0007,2024-01-11,23,West
PROD-0001,2024-01-11,23,North
PROD-0031,2024-01-11,2,North
PROD-0038,2024-01-11,6,East
PROD-0050,2024-01-11,21,Central
PROD-0092,2024-01-11,21,South
PROD-0022,2024-01-11,27,Central
PROD-0019,2024-01-11,6,East
PROD-0047,2024-01-11,28,East
PROD-0016,2024-01-11,7,West
PROD-0021,2024-01-11,28,East
PROD-0085,2024-01-11,26,East
PROD-0027,2024-01-11,23,Central
PROD-0060,2024-01-11,24,West
PROD-0072,2024-01-11,32,Central
PROD-0067,2024-01-11,14,West
PROD-0081,2024-01-11,1,East
PROD-0044,2024-01-11,15,North
PROD-0082,2024-01-11,18,Central
PROD-0078,2024-01-11,14,North
PROD-0028,2024-01-11,27,West
PROD-0033,2024-01-11,11,Central
PROD-0057,2024-01-11,25,South
PROD-0036,2024-01-11,32,North
PROD-0076,2024-01-11,26,West
PROD-0040,2024-01-11,7,Central
PROD-0083,2024-01-11,28,Central
PROD-0002,2024-01-11,35,West
PROD-0071,2024-01-11,7,South
PROD-0093,2024-01-11,2,Central
PROD-0064,2024-01-11,31,North
PROD-0058,2024-01-11,9,North
PROD-0066,2024-01-11,20,East
PROD-0013,2024-01-11,18,South
PROD-0032,2024-01-11,18,South
PROD-0086,2024-01-11,18,Central
PROD-0024,2024-01-11,35,Central
PROD-0017,2024-01-11,21,North
PROD-0090,2024-01-11,32,South
PROD-0042,2024-01-11,23,South
PROD-0075,2024-01-11,25,East
PROD-0035,2024-01-11,30,West
PROD-0009,2024-01-11,23,West
PROD-0023,2024-01-11,14,South
PROD-0055,2024-01-11,21,Central
PROD-0099,2024-01-11,15,Central
PROD-0006,2024-01-11,16,East
PROD-0095,2024-01-11,28,West
PROD-0080,2024-01-11,9,South
PROD-0041,2024-01-11,12,Central
PROD-0026,2024-01-11,14,South
PROD-0034,2024-01-11,14,East
PROD-0074,2024-01-11,32,South
PROD-0010,2024-01-11,31,West
PROD-0069,2024-01-11,14,West
PROD-0097,2024-01-11,16,Central
PROD-0051,2024-01-11,32,East
PROD-0100,2024-01-11,13,North
PROD-0054,2024-01-11,25,Central
PROD-0029,2024-01-11,17,West
PROD-0020,2024-01-11,16,South
PROD-0008,2024-01-11,13,North
PROD-0077,2024-01-11,13,North
PROD-0046,2024-01-12,20,East
PROD-0085,2024-01-12,33,West
PROD-0003,2024-01-12,9,South
PROD-0011,2024-01-12,24,East
PROD-0068,2024-01-12,25,East
PROD-0026,2024-01-12,6,North
PROD-0096,2024-01-12,28,Central
PROD-0076,2024-01-12,11,South
PROD-0021,2024-01-12,2,Central
PROD-0097,2024-01-12,10,South
PROD-0008,2024-01-12,2,North
PROD-0016,2024-01-12,18,East
PROD-0094,2024-01-12,32,West
PROD-0001,2024-01-12,4,South
PROD-0037,2024-01-12,0,Central
PROD-0078,2024-01-12,7,West
PROD-0084,2024-01-12,29,West
PROD-0065,2024-01-12,21,South
PROD-0044,2024-01-12,34,East
PROD-0025,2024-01-12,14,East
PROD-0091,2024-01-12,29,North
PROD-0050,2024-01-12,35,North
PROD-0020,2024-01-12,29,Central
PROD-0004,2024-01-12,10,Central
PROD-0022,2024-01-12,33,North
PROD-0066,2024-01-12,8,West
PROD-0015,2024-01-12,8,North
PROD-0088,2024-01-12,18,West
PROD-0009,2024-01-12,8,East
PROD-0064,2024-01-12,2,North
PROD-0089,2024-01-12,14,Central
PROD-0054,2024-01-12,27,North
PROD-0082,2024-01-12,15,East
PROD-0083,2024-01-12,21,Central
PROD-0035,2024-01-12,23,West
PROD-0024,2024-01-12,6,Central
PROD-0034,2024-01-12,21,East
PROD-0052,2024-01-12,9,North
PROD-0017,2024-01-12,15,South
PROD-0070,2024-01-12,32,West
PROD-0047,2024-01-12,29,East
PROD-0071,2024-01-12,32,South
PROD-0049,2024-01-12,0,East
PROD-0055,2024-01-12,13,Central
PROD-0012,2024-01-12,30,South
PROD-0029,2024-01-12,8,Central
PROD-0075,2024-01-12,28,West
PROD-0014,2024-01-12,19,Central
PROD-0002,2024-01-12,14,North
PROD-0036,2024-01-12,18,North
PROD-0018,2024-01-12,8,South
PROD-0061,2024-01-12,21,East
PROD-0039,2024-01-12,11,North
PROD-0030,2024-01-12,11,West
PROD-0073,2024-01-12,11,West
PROD-0043,2024-01-12,34,East
PROD-0032,2024-01-12,15,East
PROD-0010,2024-01-12,26,Central
PROD-0072,2024-01-12,0,East
PROD-0023,2024-01-12,29,East
PROD-0031,2024-01-12,31,South
PROD-0051,2024-01-12,2,North
PROD-0057,2024-01-12,21,East
PROD-0090,2024-01-12,7,West
PROD-0074,2024-01-12,30,Central
PROD-0005,2024-01-12,32,East
PROD-0028,2024-01-13,16,East
PROD-0031,2024-01-13,9,Central
PROD-0036,2024-01-13,6,South
PROD-0088,2024-01-13,3,West
PROD-0070,2024-01-13,4,West
PROD-0010,2024-01-13,19,Central
PROD-0050,2024-01-13,9,West
PROD-0055,2024-01-13,18,Central
PROD-0069,2024-01-13,12,Central
PROD-0023,2024-01-13,17,South
PROD-0073,2024-01-13,20,South
PROD-0083,2024-01-13,18,Central
PROD-0030,2024-01-13,2,Central
PROD-0063,2024-01-13,11,Central
PROD-0065,2024-01-13,18,East
PROD-0060,2024-01-13,2,Central
PROD-0082,2024-01-13,2,North
PROD-0096,2024-01-13,14,Central
PROD-0041,2024-01-13,4,Central
PROD-0077,2024-01-13,14,South
PROD-0068,2024-01-13,4,East
PROD-0066,2024-01-13,14,West
PROD-0009,2024-01-13,2,South
PROD-0084,2024-01-13,18,Central
PROD-0095,2024-01-13,13,North
PROD-0091,2024-01-13,13,West
PROD-0043,2024-01-13,1,West
PROD-0061,2024-01-13,3,Central
PROD-0099,2024-01-13,11,West
PROD-0048,2024-01-13,15,North
PROD-0040,2024-01-13,14,West
PROD-0014,2024-01-13,18,East
PROD-0020,2024-01-13,19,North
PROD-0037,2024-01-13,10,East
PROD-0100,2024-01-13,0,South
PROD-0042,2024-01-13,15,North
PROD-0062,2024-01-13,0,West
PROD-0098,2024-01-13,9,North
PROD-0086,2024-01-13,14,North
PROD-0054,2024-01-13,2,West
PROD-0045,2024-01-13,0,East
PROD-0078,2024-01-13,11,South
PROD-0017,2024-01-13,21,South
PROD-0053,2024-01-13,21,West
PROD-0008,2024-01-13,9,West
PROD-0072,2024-01-13,11,West
PROD-0016,2024-01-13,10,North
PROD-0044,2024-01-13,18,Central
PROD-0064,2024-01-13,3,East
PROD-0018,2024-01-13,2,South
PROD-0012,2024-01-13,14,West
PROD-0024,2024-01-13,14,South
PROD-0025,2024-01-13,19,South
PROD-0049,2024-01-13,0,North
PROD-0035,2024-01-13,8,West
PROD-0034,2024-01-13,18,Central
PROD-0080,2024-01-13,11,Central
PROD-0038,2024-01-13,10,South
PROD-0089,2024-01-13,6,West
PROD-0001,2024-01-13,9,South
PROD-0071,2024-01-13,7,South
PROD-0003,2024-01-13,19,North
PROD-0005,2024-01-13,0,West
PROD-0057,2024-01-13,16,North
PROD-0019,2024-01-13,6,South
PROD-0094,2024-01-13,2,North
PROD-0059,2024-01-13,16,North
PROD-0074,2024-01-13,11,Central
PROD-0021,2024-01-13,18,North
PROD-0056,2024-01-13,6,North
PROD-0067,2024-01-13,10,West
PROD-0027,2024-01-13,6,Central
PROD-0022,2024-01-13,5,North
PROD-0043,2024-01-14,7,South
PROD-0056,2024-01-14,19,Central
PROD-0092,2024-01-14,8,Central
PROD-0055,2024-01-14,16,East
PROD-0062,2024-01-14,6,East
PROD-0082,2024-01-14,4,Central
PROD-0035,2024-01-14,6,West
PROD-0027,2024-01-14,8,East
PROD-0098,2024-01-14,1,Central
PROD-0021,2024-01-14,15,South
PROD-0093,2024-01-14,16,West
PROD-0037,2024-01-14,14,West
PROD-0073,2024-01-14,1,East
PROD-0088,2024-01-14,17,West
PROD-0081,2024-01-14,14,East
PROD-0060,2024-01-14,18,West
PROD-0099,2024-01-14,11,South
PROD-0048,2024-01-14,8,West
PROD-0058,2024-01-14,4,Central
PROD-0001,2024-01-14,12,South
PROD-0075,2024-01-14,6,East
PROD-0083,2024-01-14,18,South
PROD-0051,2024-01-14,12,North
PROD-0031,2024-01-14,14,West
PROD-0010,2024-01-14,11,Central
PROD-0063,2024-01-14,14,South
PROD-0069,2024-01-14,10,South
PROD-0024,2024-01-14,7,South
PROD-0005,2024-01-14,9,North
PROD-0052,2024-01-14,11,East
PROD-0039,2024-01-14,2,Central
PROD-0034,2024-01-14,19,South
PROD-0053,2024-01-14,1,East
PROD-0045,2024-01-14,10,Central
PROD-0071,2024-01-14,16,North
PROD-0029,2024-01-14,2,South
PROD-0064,2024-01-14,20,Central
PROD-0036,2024-01-14,19,Central
PROD-0019,2024-01-14,5,West
PROD-0025,2024-01-14,5,East
PROD-0013,2024-01-14,8,North
PROD-0089,2024-01-14,5,South
PROD-0023,2024-01-14,19,North
PROD-0012,2024-01-14,19,West
PROD-0018,2024-01-14,6,Central
PROD-0057,2024-01-14,18,South
PROD-0014,2024-01-14,10,South
PROD-0042,2024-01-14,14,East
PROD-0078,2024-01-14,21,East
PROD-0003,2024-01-14,10,West
PROD-0094,2024-01-14,14,East
PROD-0095,2024-01-14,8,East
PROD-0068,2024-01-14,9,Central
PROD-0004,2024-01-14,13,West
PROD-0016,2024-01-14,2,West
PROD-0072,2024-01-14,20,East
PROD-0011,2024-01-14,5,East
PROD-0007,2024-01-14,8,West
PROD-0059,2024-01-14,0,Central
PROD-0047,2024-01-14,6,South
PROD-0091,2024-01-14,0,East
PROD-0028,2024-01-14,14,Central
PROD-0092,2024-01-15,18,East
PROD-0055,2024-01-15,7,South
PROD-0059,2024-01-15,15,South
PROD-0007,2024-01-15,17,Central
PROD-0083,2024-01-15,11,West
PROD-0054,2024-01-15,25,East
PROD-0024,2024-01-15,11,West
PROD-0025,2024-01-15,32,West
PROD-0004,2024-01-15,21,South
PROD-0046,2024-01-15,32,East
PROD-0019,2024-01-15,7,South
PROD-0013,2024-01-15,32,Central
PROD-0085,2024-01-15,22,South
PROD-0049,2024-01-15,24,North
PROD-0053,2024-01-15,23,North
PROD-0068,2024-01-15,3,North
PROD-0022,2024-01-15,34,North
PROD-0080,2024-01-15,18,South
PROD-0100,2024-01-15,28,South
PROD-0064,2024-01-15,3,South
PROD-0033,2024-01-15,0,South
PROD-0043,2024-01-15,23,West
PROD-0009,2024-01-15,16,North
PROD-0075,2024-01-15,28,Central
PROD-0050,2024-01-15,21,West
PROD-0087,2024-01-15,1,North
PROD-0090,2024-01-15,24,Central
PROD-0027,2024-01-15,18,North
PROD-0095,2024-01-15,1,Central
PROD-0093,2024-01-15,32,East
PROD-0032,2024-01-15,24,East
PROD-0084,2024-01-15,1,Central
PROD-0065,2024-01-15,31,West
PROD-0074,2024-01-15,8,North
PROD-0067,2024-01-15,4,Central
PROD-0061,2024-01-15,7,South
PROD-0081,2024-01-15,9,Central
PROD-0057,2024-01-15,23,East
PROD-0082,2024-01-15,16,East
PROD-0020,2024-01-15,18,North
PROD-0063,2024-01-15,16,West
PROD-0072,2024-01-15,21,Central
PROD-0073,2024-01-15,11,South
PROD-0030,2024-01-15,14,North
PROD-0071,2024-01-15,29,North
PROD-0048,2024-01-15,4,West
PROD-0029,2024-01-15,17,West
PROD-0052,2024-01-15,25,West
PROD-0016,2024-01-15,2,North
PROD-0070,2024-01-15,31,South
PROD-0088,2024-01-15,4,West
PROD-0010,2024-01-15,19,East
PROD-0011,2024-01-15,25,North
PROD-0031,2024-01-15,23,North
PROD-0047,2024-01-15,10,South
PROD-0023,2024-01-15,31,Central
PROD-0045,2024-01-15,21,East
PROD-0094,2024-01-15,2,North
PROD-0056,2024-01-15,30,East
PROD-0089,2024-01-15,24,Central
PROD-0086,2024-01-15,30,North
PROD-0001,2024-01-15,8,East
PROD-0005,2024-01-15,1,South
PROD-0076,2024-01-15,26,South
PROD-0035,2024-01-15,34,West
PROD-0097,2024-01-15,3,East
PROD-0028,2024-01-15,7,Central
PROD-0017,2024-01-15,11,Central
PROD-0077,2024-01-15,17,Central
PROD-0099,2024-01-15,15,West
PROD-0060,2024-01-15,34,South
PROD-0097,2024-01-16,31,North
PROD-0096,2024-01-16,23,East
PROD-0035,2024-01-16,2,North
PROD-0059,2024-01-16,19,South
PROD-0073,2024-01-16,3,East
PROD-0075,2024-01-16,27,Central
PROD-0032,2024-01-16,27,West
PROD-0085,2024-01-16,35,East
PROD-0070,2024-01-16,1,East
PROD-0062,2024-01-16,20,West
PROD-0010,2024-01-16,10,East
PROD-0036,2024-01-16,25,West
PROD-0020,2024-01-16,19,South
PROD-0003,2024-01-16,30,Central
PROD-0063,2024-01-16,30,West
PROD-0072,2024-01-16,4,Central
PROD-0091,2024-01-16,13,South
PROD-0049,2024-01-16,32,North
PROD-0098,2024-01-16,4,East
PROD-0012,2024-01-16,7,West
PROD-0027,2024-01-16,32,South
PROD-0015,2024-01-16,33,West
PROD-0021,2024-01-16,14,East
PROD-0007,2024-01-16,4,North
PROD-0022,2024-01-16,0,East
PROD-0024,2024-01-16,20,East
PROD-0066,2024-01-16,34,East
PROD-0042,2024-01-16,4,South
PROD-0051,2024-01-16,4,South
PROD-0037,2024-01-16,19,West
PROD-0088,2024-01-16,25,Central
PROD-0068,2024-01-16,23,West
PROD-0087,2024-01-16,4,North
PROD-0018,2024-01-16,4,East
PROD-0040,2024-01-16,25,North
PROD-0061,2024-01-16,27,Central
PROD-0076,2024-01-16,14,West
PROD-0074,2024-01-16,0,East
PROD-0090,2024-01-16,18,West
PROD-0077,2024-01-16,35,North
PROD-0004,2024-01-16,32,Central
PROD-0011,2024-01-16,11,Central
PROD-0054,2024-01-16,23,South
PROD-0064,2024-01-16,30,West
PROD-0069,2024-01-16,7,South
PROD-0086,2024-01-16,12,East
PROD-0013,2024-01-16,12,West
PROD-0060,2024-01-16,7,North
PROD-0025,2024-01-16,7,West
PROD-0058,2024-01-16,12,West
PROD-0067,2024-01-16,14,West
PROD-0009,2024-01-16,3,East
PROD-0006,2024-01-16,11,South
PROD-0089,2024-01-16,32,West
PROD-0002,2024-01-16,27,Central
PROD-0028,2024-01-16,9,West
PROD-0071,2024-01-16,4,South
PROD-0041,2024-01-16,14,North
PROD-0079,2024-01-16,18,East
PROD-0048,2024-01-16,28,West
PROD-0053,2024-01-16,15,West
PROD-0014,2024-01-16,15,West
PROD-0016,2024-01-16,29,Central
PROD-0031,2024-01-16,6,East
PROD-0019,2024-01-16,14,Central
PROD-0082,2024-01-16,31,South
PROD-0033,2024-01-16,21,East
PROD-0046,2024-01-16,8,West
PROD-0078,2024-01-16,14,East
PROD-0081,2024-01-16,33,West
PROD-0026,2024-01-16,25,South
PROD-0017,2024-01-16,14,West
PROD-0030,2024-01-16,12,West
PROD-0094,2024-01-16,16,North
PROD-0055,2024-01-16,25,South
PROD-0032,2024-01-17,24,South
PROD-0014,2024-01-17,30,Central
PROD-0087,2024-01-17,1,West
PROD-0096,2024-01-17,32,South
PROD-0006,2024-01-17,20,East
PROD-0082,2024-01-17,31,North
PROD-0003,2024-01-17,18,West
PROD-0067,2024-01-17,6,East
PROD-0065,2024-01-17,11,East
PROD-0059,2024-01-17,30,South
PROD-0089,2024-01-17,32,West
PROD-0045,2024-01-17,17,North
PROD-0017,2024-01-17,20,Central
PROD-0033,2024-01-17,21,Central
PROD-0057,2024-01-17,18,Central
PROD-0058,2024-01-17,23,West
PROD-0053,2024-01-17,24,North
PROD-0062,2024-01-17,16,Central
PROD-0060,2024-01-17,27,North
PROD-0061,2024-01-17,4,South
PROD-0009,2024-01-17,30,East
PROD-0069,2024-01-17,7,Central
PROD-0041,2024-01-17,2,Central
PROD-0022,2024-01-17,29,West
PROD-0077,2024-01-17,34,East
PROD-0064,2024-01-17,19,North
PROD-0063,2024-01-17,0,North
PROD-0071,2024-01-17,11,South
PROD-0056,2024-01-17,23,Central
PROD-0040,2024-01-17,25,Central
PROD-0024,2024-01-17,31,Central
PROD-0090,2024-01-17,10,West
PROD-0001,2024-01-17,16,West
PROD-0038,2024-01-17,21,Central
PROD-0098,2024-01-17,31,Central
PROD-0020,2024-01-17,7,East
PROD-0055,2024-01-17,1,West
PROD-0100,2024-01-17,4,East
PROD-0086,2024-01-17,18,North
PROD-0050,2024-01-17,5,South
PROD-0039,2024-01-17,16,East
PROD-0010,2024-01-17,15,West
PROD-0031,2024-01-17,9,Central
PROD-0007,2024-01-17,21,East
PROD-0011,2024-01-17,21,North
PROD-0054,2024-01-17,20,West
PROD-0074,2024-01-17,14,North
PROD-0092,2024-01-17,14,North
PROD-0004,2024-01-17,32,North
PROD-0081,2024-01-17,1,East
PROD-0049,2024-01-17,29,North
PROD-0002,2024-01-17,30,South
PROD-0018,2024-01-17,33,South
PROD-0030,2024-01-17,23,South
PROD-0073,2024-01-17,25,South
PROD-0042,2024-01-17,15,Central
PROD-0016,2024-01-17,19,West
PROD-0008,2024-01-17,10,West
PROD-0035,2024-01-17,28,South
PROD-0094,2024-01-17,8,West
PROD-0076,2024-01-17,18,North
PROD-0029,2024-01-17,33,Central
PROD-0027,2024-01-17,9,West
PROD-0080,2024-01-17,26,West
PROD-0052,2024-01-17,17,North
PROD-0034,2024-01-17,32,South
PROD-0019,2024-01-17,9,East
PROD-0013,2024-01-17,34,North
PROD-0078,2024-01-17,25,North
PROD-0068,2024-01-17,24,South
PROD-0075,2024-01-17,16,East
PROD-0016,2024-01-18,5,East
PROD-0084,2024-01-18,30,West
PROD-0063,2024-01-18,23,East
PROD-0086,2024-01-18,27,West
PROD-0020,2024-01-18,28,West
PROD-0001,2024-01-18,26,North
PROD-0044,2024-01-18,16,East
PROD-0014,2024-01-18,21,Central
PROD-0082,2024-01-18,8,East
PROD-0072,2024-01-18,28,Central
PROD-0088,2024-01-18,4,South
PROD-0043,2024-01-18,14,North
PROD-0059,2024-01-18,11,East
PROD-0090,2024-01-18,5,South
PROD-0066,2024-01-18,16,South
PROD-0050,2024-01-18,23,West
PROD-0034,2024-01-18,18,Central
PROD-0065,2024-01-18,6,Central
PROD-0028,2024-01-18,17,West
PROD-0017,2024-01-18,8,West
PROD-0030,2024-01-18,28,Central
PROD-0076,2024-01-18,31,South
PROD-0031,2024-01-18,25,South
PROD-0023,2024-01-18,22,East
PROD-0053,2024-01-18,6,South
PROD-0056,2024-01-18,14,West
PROD-0052,2024-01-18,28,North
PROD-0096,2024-01-18,16,North
PROD-0061,2024-01-18,22,South
PROD-0029,2024-01-18,9,West
PROD-0012,2024-01-18,25,Central
PROD-0089,2024-01-18,29,West
PROD-0093,2024-01-18,18,West
PROD-0080,2024-01-18,18,West
PROD-0094,2024-01-18,22,South
PROD-0091,2024-01-18,4,Central
PROD-0058,2024-01-18,1,South
PROD-0027,2024-01-18,13,North
PROD-0005,2024-01-18,12,South
PROD-0075,2024-01-18,24,East
PROD-0013,2024-01-18,7,West
PROD-0062,2024-01-18,25,West
PROD-0079,2024-01-18,25,Central
PROD-0070,2024-01-18,5,Central
PROD-0006,2024-01-18,5,East
PROD-0051,2024-01-18,35,Central
PROD-0008,2024-01-18,16,Central
PROD-0009,2024-01-18,34,North
PROD-0003,2024-01-18,34,West
PROD-0054,2024-01-18,24,South
PROD-0092,2024-01-18,19,North
PROD-0087,2024-01-18,33,South
PROD-0040,2024-01-18,14,North
PROD-0098,2024-01-18,20,East
PROD-0097,2024-01-18,16,North
PROD-0045,2024-01-18,20,North
PROD-0068,2024-01-18,35,South
PROD-0083,2024-01-18,9,Central
PROD-0095,2024-01-18,31,East
PROD-0038,2024-01-18,32,Central
PROD-0026,2024-01-18,28,West
PROD-0004,2024-01-18,7,Central
PROD-0099,2024-01-18,6,South
PROD-0041,2024-01-19,2,Central
PROD-0011,2024-01-19,16,Central
PROD-0028,2024-01-19,12,Central
PROD-0029,2024-01-19,24,South
PROD-0053,2024-01-19,14,East
PROD-0008,2024-01-19,13,Central
PROD-0034,2024-01-19,12,Central
PROD-0091,2024-01-19,30,North
PROD-0097,2024-01-19,6,West
PROD-0057,2024-01-19,2,East
PROD-0044,2024-01-19,29,South
PROD-0039,2024-01-19,31,South
PROD-0017,2024-01-19,11,South
PROD-0087,2024-01-19,32,East
PROD-0048,2024-01-19,11,West
PROD-0013,2024-01-19,22,South
PROD-0019,2024-01-19,25,East
PROD-0056,2024-01-19,28,West
PROD-0061,2024-01-19,17,West
PROD-0071,2024-01-19,3,North
PROD-0046,2024-01-19,18,Central
PROD-0004,2024-01-19,33,East
PROD-0001,2024-01-19,31,East
PROD-0088,2024-01-19,21,West
PROD-0086,2024-01-19,14,Central
PROD-0025,2024-01-19,0,North
PROD-0010,2024-01-19,32,West
PROD-0031,2024-01-19,28,East
PROD-0020,2024-01-19,3,Central
PROD-0040,2024-01-19,18,South
PROD-0059,2024-01-19,19,South
PROD-0064,2024-01-19,22,East
PROD-0081,2024-01-19,14,East
PROD-0027,2024-01-19,15,Central
PROD-0078,2024-01-19,25,South
PROD-0050,2024-01-19,25,West
PROD-0093,2024-01-19,15,North
PROD-0063,2024-01-19,2,North
PROD-0009,2024-01-19,28,West
PROD-0051,2024-01-19,1,North
PROD-0007,2024-01-19,7,West
PROD-0085,2024-01-19,21,North
PROD-0003,2024-01-19,19,South
PROD-0074,2024-01-19,31,South
PROD-0089,2024-01-19,29,East
PROD-0069,2024-01-19,7,East
PROD-0054,2024-01-19,4,East
PROD-0024,2024-01-19,11,North
PROD-0094,2024-01-19,16,South
PROD-0079,2024-01-19,2,West
PROD-0045,2024-01-19,28,East
PROD-0018,2024-01-19,32,South
PROD-0083,2024-01-19,19,North
PROD-0058,2024-01-19,32,North
PROD-0049,2024-01-19,0,South
PROD-0047,2024-01-19,21,North
PROD-0012,2024-01-19,6,Central
PROD-0042,2024-01-19,10,Central
PROD-0077,2024-01-19,30,West
PROD-0037,2024-01-19,0,North
PROD-0060,2024-01-19,31,East
PROD-0098,2024-01-19,5,West
PROD-0015,2024-01-19,31,South
PROD-0043,2024-01-19,21,North
PROD-0090,2024-01-19,10,West
PROD-0035,2024-01-19,4,North
PROD-0006,2024-01-19,4,East
PROD-0055,2024-01-19,16,East
PROD-0068,2024-01-19,6,West
PROD-0026,2024-01-19,35,South
PROD-0080,2024-01-19,29,South
PROD-0062,2024-01-19,3,Central
PROD-0052,2024-01-19,25,North
PROD-0067,2024-01-19,28,South
PROD-0075,2024-01-19,20,East
PROD-0095,2024-01-19,32,South
PROD-0098,2024-01-20,4,West
PROD-0087,2024-01-20,16,West
PROD-0085,2024-01-20,5,North
PROD-0086,2024-01-20,2,South
PROD-0019,2024-01-20,20,North
PROD-0072,2024-01-20,15,West
PROD-0008,2024-01-20,9,West
PROD-0024,2024-01-20,8,South
PROD-0041,2024-01-20,6,East
PROD-0046,2024-01-20,17,North
PROD-0051,2024-01-20,6,Central
PROD-0067,2024-01-20,16,Central
PROD-0100,2024-01-20,19,Central
PROD-0025,2024-01-20,7,North
PROD-0079,2024-01-20,17,East
PROD-0044,2024-01-20,5,Central
PROD-0076,2024-01-20,16,Central
PROD-0091,2024-01-20,4,West
PROD-0003,2024-01-20,7,North
PROD-0069,2024-01-20,6,West
PROD-0065,2024-01-20,10,North
PROD-0088,2024-01-20,6,West
PROD-0033,2024-01-20,16,Central
PROD-0048,2024-01-20,2,Central
PROD-0058,2024-01-20,0,East
PROD-0030,2024-01-20,8,South
PROD-0074,2024-01-20,10,Central
PROD-0090,2024-01-20,11,East
PROD-0026,2024-01-20,14,South
PROD-0073,2024-01-20,20,West
PROD-0094,2024-01-20,21,North
PROD-0001,2024-01-20,0,Central
PROD-0042,2024-01-20,2,North
PROD-0082,2024-01-20,7,South
PROD-0095,2024-01-20,0,North
PROD-0054,2024-01-20,10,Central
PROD-0015,2024-01-20,7,Central
PROD-0055,2024-01-20,21,West
PROD-0071,2024-01-20,11,West
PROD-0049,2024-01-20,2,Central
PROD-0077,2024-01-20,14,Central
PROD-0080,2024-01-20,4,East
PROD-0047,2024-01-20,2,East
PROD-0057,2024-01-20,2,Central
PROD-0053,2024-01-20,5,South
PROD-0014,2024-01-20,14,East
PROD-0022,2024-01-20,10,Central
PROD-0070,2024-01-20,16,North
PROD-0027,2024-01-20,8,West
PROD-0068,2024-01-20,19,South
PROD-0035,2024-01-20,1,South
PROD-0061,2024-01-20,2,West
PROD-0075,2024-01-20,2,West
PROD-0083,2024-01-20,16,Central
PROD-0038,2024-01-20,1,East
PROD-0036,2024-01-20,17,South
PROD-0059,2024-01-20,2,North
PROD-0029,2024-01-20,18,South
PROD-0052,2024-01-20,18,North
PROD-0064,2024-01-20,4,West
PROD-0037,2024-01-20,9,Central
PROD-0017,2024-01-20,14,East
PROD-0040,2024-01-20,4,East
PROD-0039,2024-01-20,3,East
PROD-0066,2024-01-20,19,North
PROD-0004,2024-01-20,21,North
PROD-0016,2024-01-20,9,West
PROD-0007,2024-01-20,7,Central
PROD-0062,2024-01-20,2,East
PROD-0028,2024-01-20,18,Central
PROD-0021,2024-01-20,16,North
PROD-0009,2024-01-20,13,West
PROD-0073,2024-01-21,1,West
PROD-0087,2024-01-21,15,South
PROD-0037,2024-01-21,9,South
PROD-0080,2024-01-21,7,North
PROD-0053,2024-01-21,15,North
PROD-0022,2024-01-21,6,Central
PROD-0063,2024-01-21,0,North
PROD-0027,2024-01-21,0,South
PROD-0068,2024-01-21,0,West
PROD-0057,2024-01-21,9,West
PROD-0016,2024-01-21,4,South
PROD-0056,2024-01-21,0,Central
PROD-0071,2024-01-21,18,West
PROD-0095,2024-01-21,6,East
PROD-0006,2024-01-21,6,West
PROD-0061,2024-01-21,19,East
PROD-0079,2024-01-21,7,North
PROD-0012,2024-01-21,15,East
PROD-0033,2024-01-21,2,Central
PROD-0055,2024-01-21,18,North
PROD-0086,2024-01-21,4,South
PROD-0023,2024-01-21,14,North
PROD-0039,2024-01-21,10,North
PROD-0014,2024-01-21,12,East
PROD-0026,2024-01-21,21,East
PROD-0004,2024-01-21,8,North
PROD-0052,2024-01-21,14,West
PROD-0003,2024-01-21,0,East
PROD-0018,2024-01-21,4,East
PROD-0050,2024-01-21,15,East
PROD-0089,2024-01-21,19,Central
PROD-0092,2024-01-21,6,West
PROD-0025,2024-01-21,9,Central
PROD-0091,2024-01-21,13,South
PROD-0054,2024-01-21,19,Central
PROD-0077,2024-01-21,20,South
PROD-0047,2024-01-21,4,North
PROD-0096,2024-01-21,11,North
PROD-0099,2024-01-21,6,Central
PROD-0085,2024-01-21,9,North
PROD-0067,2024-01-21,9,North
PROD-0070,2024-01-21,20,West
PROD-0030,2024-01-21,19,East
PROD-0094,2024-01-21,2,South
PROD-0084,2024-01-21,14,South
PROD-0066,2024-01-21,11,West
PROD-0081,2024-01-21,1,South
PROD-0007,2024-01-21,18,East
PROD-0019,2024-01-21,2,North
PROD-0015,2024-01-21,6,Central
PROD-0011,2024-01-21,11,East
PROD-0036,2024-01-21,12,North
PROD-0046,2024-01-21,15,North
PROD-0031,2024-01-21,13,South
PROD-0040,2024-01-21,16,West
PROD-0082,2024-01-21,2,Central
PROD-0020,2024-01-21,15,North
PROD-0005,2024-01-21,11,South
PROD-0074,2024-01-21,6,East
PROD-0062,2024-01-21,7,East
PROD-0035,2024-01-21,10,East
PROD-0024,2024-01-21,8,West
PROD-0051,2024-01-21,7,South
PROD-0076,2024-01-21,2,South
PROD-0090,2024-01-21,3,Central
PROD-0043,2024-01-21,2,South
PROD-0078,2024-01-21,2,South
PROD-0065,2024-01-21,11,West
PROD-0044,2024-01-21,8,West
PROD-0032,2024-01-21,2,Central
PROD-0028,2024-01-22,35,South
PROD-0057,2024-01-22,20,East
PROD-0041,2024-01-22,21,East
PROD-0015,2024-01-22,5,North
PROD-0086,2024-01-22,7,East
PROD-0026,2024-01-22,32,Central
PROD-0063,2024-01-22,2,South
PROD-0069,2024-01-22,14,South
PROD-0045,2024-01-22,4,South
PROD-0006,2024-01-22,16,West
PROD-0080,2024-01-22,23,North
PROD-0049,2024-01-22,30,East
PROD-0011,2024-01-22,11,South
PROD-0036,2024-01-22,1,West
PROD-0038,2024-01-22,20,Central
PROD-0065,2024-01-22,33,Central
PROD-0031,2024-01-22,11,North
PROD-0058,2024-01-22,21,North
PROD-0014,2024-01-22,6,North
PROD-0017,2024-01-22,0,North
PROD-0088,2024-01-22,35,South
PROD-0024,2024-01-22,6,South
PROD-0059,2024-01-22,18,East
PROD-0066,2024-01-22,30,North
PROD-0040,2024-01-22,26,Central
PROD-0020,2024-01-22,11,North
PROD-0055,2024-01-22,1,North
PROD-0074,2024-01-22,9,West
PROD-0081,2024-01-22,6,North
PROD-0009,2024-01-22,15,North
PROD-0073,2024-01-22,2,West
PROD-0062,2024-01-22,2,South
PROD-0070,2024-01-22,25,West
PROD-0083,2024-01-22,32,West
PROD-0010,2024-01-22,22,North
PROD-0093,2024-01-22,17,West
PROD-0034,2024-01-22,8,East
PROD-0090,2024-01-22,9,South
PROD-0035,2024-01-22,12,East
PROD-0004,2024-01-22,20,South
PROD-0053,2024-01-22,2,Central
PROD-0060,2024-01-22,28,Central
PROD-0005,2024-01-22,11,East
PROD-0001,2024-01-22,22,West
PROD-0048,2024-01-22,25,West
PROD-0016,2024-01-22,2,North
PROD-0042,2024-01-22,12,West
PROD-0082,2024-01-22,6,West
PROD-0071,2024-01-22,9,Central
PROD-0064,2024-01-22,11,Central
PROD-0025,2024-01-22,1,West
PROD-0087,2024-01-22,32,East
PROD-0067,2024-01-22,21,Central
PROD-0100,2024-01-22,22,East
PROD-0098,2024-01-22,25,Central
PROD-0072,2024-01-22,14,West
PROD-0068,2024-01-22,12,South
PROD-0019,2024-01-22,1,East
PROD-0054,2024-01-22,27,South
PROD-0003,2024-01-22,1,East
PROD-0056,2024-01-22,2,West
PROD-0033,2024-01-22,23,East
PROD-0061,2024-01-22,35,Central
PROD-0037,2024-01-22,10,South
PROD-0043,2024-01-22,4,South
PROD-0076,2024-01-22,30,South
PROD-0095,2024-01-22,12,Central
PROD-0075,2024-01-23,33,North
PROD-0039,2024-01-23,34,South
PROD-0029,2024-01-23,25,West
PROD-0007,2024-01-23,16,South
PROD-0070,2024-01-23,8,South
PROD-0008,2024-01-23,26,East
PROD-0002,2024-01-23,33,East
PROD-0065,2024-01-23,26,North
PROD-0001,2024-01-23,32,East
PROD-0041,2024-01-23,25,Central
PROD-0067,2024-01-23,7,Central
PROD-0061,2024-01-23,9,West
PROD-0032,2024-01-23,24,East
PROD-0056,2024-01-23,8,West
PROD-0059,2024-01-23,2,North
PROD-0044,2024-01-23,2,South
PROD-0078,2024-01-23,27,South
PROD-0093,2024-01-23,1,Central
PROD-0023,2024-01-23,21,North
PROD-0096,2024-01-23,15,Central
PROD-0052,2024-01-23,9,South
PROD-0066,2024-01-23,15,South
PROD-0043,2024-01-23,14,North
PROD-0035,2024-01-23,1,South
PROD-0013,2024-01-23,26,South
PROD-0080,2024-01-23,35,North
PROD-0051,2024-01-23,23,East
PROD-0099,2024-01-23,3,East
PROD-0040,2024-01-23,32,West
PROD-0025,2024-01-23,26,North
PROD-0005,2024-01-23,15,East
PROD-0016,2024-01-23,14,South
PROD-0097,2024-01-23,7,West
PROD-0009,2024-01-23,28,West
PROD-0090,2024-01-23,29,East
PROD-0081,2024-01-23,8,Central
PROD-0042,2024-01-23,31,Central
PROD-0015,2024-01-23,16,South
PROD-0027,2024-01-23,30,Central
PROD-0095,2024-01-23,8,West
PROD-0077,2024-01-23,14,East
PROD-0006,2024-01-23,6,South
PROD-0084,2024-01-23,32,North
PROD-0050,2024-01-23,31,Central
PROD-0094,2024-01-23,18,Central
PROD-0011,2024-01-23,2,South
PROD-0047,2024-01-23,27,East
PROD-0028,2024-01-23,28,South
PROD-0018,2024-01-23,28,Central
PROD-0033,2024-01-23,4,West
PROD-0068,2024-01-23,7,East
PROD-0062,2024-01-23,33,North
PROD-0087,2024-01-23,11,East
PROD-0064,2024-01-23,14,South
PROD-0048,2024-01-23,28,North
PROD-0069,2024-01-23,32,East
PROD-0036,2024-01-23,20,North
PROD-0072,2024-01-23,11,South
PROD-0053,2024-01-23,11,North
PROD-0091,2024-01-23,16,East
PROD-0079,2024-01-23,4,North
PROD-0092,2024-01-23,2,West
PROD-0012,2024-01-23,20,West
PROD-0086,2024-01-23,7,West
PROD-0076,2024-01-23,22,West
PROD-0022,2024-01-23,16,Central
PROD-0063,2024-01-23,17,North
PROD-0049,2024-01-23,21,Central
PROD-0073,2024-01-23,29,South
PROD-0083,2024-01-23,7,West
PROD-0088,2024-01-23,3,North
PROD-0031,2024-01-23,13,North
PROD-0019,2024-01-23,14,East
PROD-0030,2024-01-23,4,North
PROD-0034,2024-01-23,15,South
PROD-0098,2024-01-23,17,South
PROD-0074,2024-01-24,25,North
PROD-0043,2024-01-24,15,Central
PROD-0034,2024-01-24,28,West
PROD-0085,2024-01-24,32,North
PROD-0008,2024-01-24,19,South
PROD-0080,2024-01-24,27,West
PROD-0079,2024-01-24,7,North
PROD-0013,2024-01-24,4,East
PROD-0028,2024-01-24,9,South
PROD-0049,2024-01-24,18,Central
PROD-0090,2024-01-24,32,Central
PROD-0094,2024-01-24,11,East
PROD-0072,2024-01-24,14,South
PROD-0076,2024-01-24,4,North
PROD-0075,2024-01-24,18,Central
PROD-0064,2024-01-24,25,West
PROD-0027,2024-01-24,7,North
PROD-0038,2024-01-24,16,North
PROD-0082,2024-01-24,19,North
PROD-0029,2024-01-24,13,Central
PROD-0009,2024-01-24,21,South
PROD-0058,2024-01-24,4,North
PROD-0002,2024-01-24,9,South
PROD-0100,2024-01-24,28,East
PROD-0017,2024-01-24,4,West
PROD-0098,2024-01-24,5,East
PROD-0051,2024-01-24,18,West
PROD-0022,2024-01-24,22,East
PROD-0053,2024-01-24,4,Central
PROD-0040,2024-01-24,17,South
PROD-0077,2024-01-24,16,West
PROD-0088,2024-01-24,16,South
PROD-0004,2024-01-24,20,North
PROD-0066,2024-01-24,11,West
PROD-0012,2024-01-24,21,East
PROD-0092,2024-01-24,10,East
PROD-0025,2024-01-24,25,North
PROD-0019,2024-01-24,7,North
PROD-0059,2024-01-24,4,East
PROD-0047,2024-01-24,24,West
PROD-0067,2024-01-24,34,Central
PROD-0023,2024-01-24,10,Central
PROD-0003,2024-01-24,2,West
PROD-0005,2024-01-24,23,West
PROD-0061,2024-01-24,24,West
PROD-0052,2024-01-24,25,South
PROD-0037,2024-01-24,21,East
PROD-0078,2024-01-24,4,West
PROD-0073,2024-01-24,32,North
PROD-0026,2024-01-24,23,Central
PROD-0042,2024-01-24,23,Central
PROD-0069,2024-01-24,30,Central
PROD-0065,2024-01-24,7,North
PROD-0048,2024-01-24,34,West
PROD-0062,2024-01-24,8,South
PROD-0083,2024-01-24,9,South
PROD-0020,2024-01-24,6,North
PROD-0011,2024-01-24,19,North
PROD-0071,2024-01-24,30,West
PROD-0032,2024-01-24,9,South
PROD-0018,2024-01-24,27,East
PROD-0015,2024-01-24,14,North
PROD-0063,2024-01-24,4,West
PROD-0006,2024-01-24,25,West
PROD-0081,2024-01-24,25,East
PROD-0033,2024-01-24,12,Central
PROD-0050,2024-01-24,21,North
PROD-0068,2024-01-24,31,Central
PROD-0021,2024-01-24,26,Central
PROD-0089,2024-01-24,18,North
PROD-0056,2024-01-24,18,South
PROD-0045,2024-01-24,7,Central
PROD-0044,2024-01-24,26,Central
PROD-0095,2024-01-24,34,North
PROD-0053,2024-01-25,25,North
PROD-0061,2024-01-25,13,Central
PROD-0075,2024-01-25,16,West
PROD-0047,2024-01-25,11,West
PROD-0017,2024-01-25,29,West
PROD-0022,2024-01-25,25,Central
PROD-0056,2024-01-25,21,North
PROD-0067,2024-01-25,8,East
PROD-0013,2024-01-25,18,South
PROD-0073,2024-01-25,28,Central
PROD-0048,2024-01-25,30,West
PROD-0046,2024-01-25,2,West
PROD-0094,2024-01-25,15,South
PROD-0081,2024-01-25,2,West
PROD-0033,2024-01-25,12,East
PROD-0031,2024-01-25,1,East
PROD-0078,2024-01-25,14,East
PROD-0093,2024-01-25,12,West
PROD-0004,2024-01-25,31,North
PROD-0062,2024-01-25,10,South
PROD-0030,2024-01-25,14,West
PROD-0035,2024-01-25,35,East
PROD-0057,2024-01-25,12,West
PROD-0029,2024-01-25,27,North
PROD-0072,2024-01-25,9,West
PROD-0098,2024-01-25,9,West
PROD-0001,2024-01-25,33,West
PROD-0065,2024-01-25,34,Central
PROD-0045,2024-01-25,16,North
PROD-0055,2024-01-25,23,South
PROD-0096,2024-01-25,3,East
PROD-0077,2024-01-25,32,Central
PROD-0034,2024-01-25,18,South
PROD-0069,2024-01-25,35,Central
PROD-0016,2024-01-25,25,North
PROD-0085,2024-01-25,8,South
PROD-0002,2024-01-25,9,North
PROD-0054,2024-01-25,11,North
PROD-0071,2024-01-25,21,North
PROD-0083,2024-01-25,16,South
PROD-0018,2024-01-25,12,East
PROD-0097,2024-01-25,21,Central
PROD-0080,2024-01-25,18,North
PROD-0009,2024-01-25,30,North
PROD-0087,2024-01-25,11,East
PROD-0084,2024-01-25,22,Central
PROD-0037,2024-01-25,20,South
PROD-0036,2024-01-25,21,Central
PROD-0041,2024-01-25,25,East
PROD-0074,2024-01-25,16,South
PROD-0024,2024-01-25,11,North
PROD-0008,2024-01-25,13,North
PROD-0091,2024-01-25,17,North
PROD-0012,2024-01-25,7,Central
PROD-0011,2024-01-25,35,South
PROD-0100,2024-01-25,10,South
PROD-0005,2024-01-25,30,South
PROD-0019,2024-01-25,12,West
PROD-0043,2024-01-25,23,North
PROD-0050,2024-01-25,35,North
PROD-0092,2024-01-25,21,South
PROD-0070,2024-01-25,29,South
PROD-0023,2024-01-25,27,North
PROD-0052,2024-01-25,10,East
PROD-0099,2024-01-25,27,East
PROD-0006,2024-01-25,32,East
PROD-0042,2024-01-25,19,West
PROD-0044,2024-01-25,16,West
PROD-0003,2024-01-25,11,South
PROD-0025,2024-01-25,21,East
PROD-0066,2024-01-25,30,Central
PROD-0089,2024-01-25,28,West
PROD-0082,2024-01-25,26,North
PROD-0028,2024-01-25,0,Central
PROD-0058,2024-01-25,30,East
PROD-0095,2024-01-25,25,Central
PROD-0027,2024-01-25,27,East
PROD-0014,2024-01-25,14,North
PROD-0010,2024-01-26,15,East
PROD-0056,2024-01-26,28,East
PROD-0019,2024-01-26,12,East
PROD-0013,2024-01-26,29,East
PROD-0042,2024-01-26,9,South
PROD-0065,2024-01-26,23,South
PROD-0036,2024-01-26,2,Central
PROD-0054,2024-01-26,18,East
PROD-0029,2024-01-26,30,South
PROD-0037,2024-01-26,32,North
PROD-0055,2024-01-26,29,West
PROD-0045,2024-01-26,13,East
PROD-0064,2024-01-26,18,West
PROD-0032,2024-01-26,17,North
PROD-0067,2024-01-26,26,Central
PROD-0007,2024-01-26,9,East
PROD-0088,2024-01-26,32,South
PROD-0012,2024-01-26,30,Central
PROD-0049,2024-01-26,28,West
PROD-0063,2024-01-26,30,East
PROD-0038,2024-01-26,23,East
PROD-0014,2024-01-26,7,Central
PROD-0024,2024-01-26,8,East
PROD-0080,2024-01-26,4,West
PROD-0031,2024-01-26,6,East
PROD-0046,2024-01-26,32,Central
PROD-0074,2024-01-26,34,South
PROD-0053,2024-01-26,30,East
PROD-0043,2024-01-26,29,North
PROD-0097,2024-01-26,10,East
PROD-0093,2024-01-26,10,East
PROD-0090,2024-01-26,18,East
PROD-0004,2024-01-26,16,East
PROD-0077,2024-01-26,26,East
PROD-0084,2024-01-26,21,North
PROD-0008,2024-01-26,21,North
PROD-0001,2024-01-26,28,Central
PROD-0099,2024-01-26,26,Central
PROD-0087,2024-01-26,3,West
PROD-0085,2024-01-26,9,Central
PROD-0039,2024-01-26,5,West
PROD-0078,2024-01-26,23,East
PROD-0040,2024-01-26,18,North
PROD-0086,2024-01-26,7,South
PROD-0002,2024-01-26,9,East
PROD-0094,2024-01-26,18,Central
PROD-0016,2024-01-26,21,South
PROD-0092,2024-01-26,14,South
PROD-0071,2024-01-26,35,North
PROD-0070,2024-01-26,22,East
PROD-0098,2024-01-26,28,South
PROD-0015,2024-01-26,14,North
PROD-0075,2024-01-26,0,West
PROD-0072,2024-01-26,12,South
PROD-0082,2024-01-26,34,South
PROD-0089,2024-01-26,25,South
PROD-0017,2024-01-26,22,North
PROD-0022,2024-01-26,6,Central
PROD-0048,2024-01-26,19,West
PROD-0023,2024-01-26,18,West
PROD-0057,2024-01-26,21,West
PROD-0081,2024-01-26,0,North
PROD-0058,2024-01-26,24,South
PROD-0018,2024-01-26,32,East
PROD-0079,2024-01-26,0,East
PROD-0051,2024-01-26,34,Central
PROD-0041,2024-01-26,9,North
PROD-0091,2024-01-26,30,North
PROD-0052,2024-01-26,28,South
PROD-0023,2024-01-27,9,East
PROD-0034,2024-01-27,3,North
PROD-0007,2024-01-27,10,Central
PROD-0077,2024-01-27,15,East
PROD-0070,2024-01-27,4,North
PROD-0074,2024-01-27,0,East
PROD-0039,2024-01-27,7,West
PROD-0018,2024-01-27,19,Central
PROD-0043,2024-01-27,16,Central
PROD-0090,2024-01-27,9,West
PROD-0010,2024-01-27,18,South
PROD-0060,2024-01-27,9,West
PROD-0027,2024-01-27,9,South
PROD-0054,2024-01-27,4,West
PROD-0024,2024-01-27,0,South
PROD-0006,2024-01-27,6,South
PROD-0032,2024-01-27,5,North
PROD-0044,2024-01-27,15,Central
PROD-0015,2024-01-27,4,North
PROD-0013,2024-01-27,9,North
PROD-0085,2024-01-27,10,East
PROD-0031,2024-01-27,21,Central
PROD-0099,2024-01-27,16,North
PROD-0017,2024-01-27,16,North
PROD-0075,2024-01-27,17,North
PROD-0050,2024-01-27,17,North
PROD-0049,2024-01-27,1,North
PROD-0064,2024-01-27,11,West
PROD-0081,2024-01-27,10,North
PROD-0067,2024-01-27,14,East
PROD-0001,2024-01-27,12,South
PROD-0066,2024-01-27,5,North
PROD-0082,2024-01-27,8,West
PROD-0020,2024-01-27,17,North
PROD-0005,2024-01-27,17,Central
PROD-0037,2024-01-27,7,Central
PROD-0021,2024-01-27,16,South
PROD-0058,2024-01-27,11,North
PROD-0098,2024-01-27,13,Central
PROD-0012,2024-01-27,2,East
PROD-0057,2024-01-27,2,North
PROD-0029,2024-01-27,13,South
PROD-0016,2024-01-27,16,South
PROD-0046,2024-01-27,21,East
PROD-0086,2024-01-27,14,South
PROD-0068,2024-01-27,9,West
PROD-0002,2024-01-27,7,South
PROD-0008,2024-01-27,0,Central
PROD-0094,2024-01-27,13,South
PROD-0093,2024-01-27,18,West
PROD-0004,2024-01-27,9,South
PROD-0055,2024-01-27,0,North
PROD-0065,2024-01-27,17,North
PROD-0059,2024-01-27,2,Central
PROD-0041,2024-01-27,17,West
PROD-0097,2024-01-27,4,North
PROD-0069,2024-01-27,21,Central
PROD-0011,2024-01-27,2,North
PROD-0076,2024-01-27,7,South
PROD-0092,2024-01-27,12,East
PROD-0052,2024-01-27,7,West
PROD-0056,2024-01-27,1,North
PROD-0033,2024-01-27,4,North
PROD-0009,2024-01-27,7,East
PROD-0069,2024-01-28,8,West
PROD-0077,2024-01-28,19,North
PROD-0058,2024-01-28,2,North
PROD-0003,2024-01-28,0,South
PROD-0096,2024-01-28,17,South
PROD-0036,2024-01-28,9,East
PROD-0010,2024-01-28,11,Central
PROD-0081,2024-01-28,7,North
PROD-0044,2024-01-28,9,East
PROD-0073,2024-01-28,4,North
PROD-0068,2024-01-28,10,West
PROD-0018,2024-01-28,12,East
PROD-0002,2024-01-28,10,West
PROD-0095,2024-01-28,11,South
PROD-0050,2024-01-28,2,South
PROD-0094,2024-01-28,18,North
PROD-0015,2024-01-28,4,North
PROD-0023,2024-01-28,11,Central
PROD-0098,2024-01-28,12,Central
PROD-0030,2024-01-28,18,West
PROD-0005,2024-01-28,4,Central
PROD-0007,2024-01-28,10,East
PROD-0093,2024-01-28,16,North
PROD-0087,2024-01-28,18,South
PROD-0016,2024-01-28,12,West
PROD-0032,2024-01-28,2,West
PROD-0070,2024-01-28,11,North
PROD-0051,2024-01-28,2,East
PROD-0029,2024-01-28,17,East
PROD-0031,2024-01-28,0,Central
PROD-0060,2024-01-28,21,Central
PROD-0078,2024-01-28,19,Central
PROD-0062,2024-01-28,6,East
PROD-0085,2024-01-28,14,Central
PROD-0084,2024-01-28,18,Central
PROD-0064,2024-01-28,2,West
PROD-0019,2024-01-28,17,South
PROD-0011,2024-01-28,12,East
PROD-0089,2024-01-28,17,West
PROD-0097,2024-01-28,4,Central
PROD-0090,2024-01-28,16,North
PROD-0054,2024-01-28,0,South
PROD-0047,2024-01-28,13,West
PROD-0080,2024-01-28,13,South
PROD-0052,2024-01-28,2,West
PROD-0037,2024-01-28,8,South
PROD-0024,2024-01-28,9,East
PROD-0009,2024-01-28,1,Central
PROD-0041,2024-01-28,6,Central
PROD-0059,2024-01-28,17,West
PROD-0042,2024-01-28,10,South
PROD-0074,2024-01-28,2,West
PROD-0053,2024-01-28,11,Central
PROD-0021,2024-01-28,11,North
PROD-0039,2024-01-28,13,West
PROD-0026,2024-01-28,8,North
PROD-0033,2024-01-28,13,North
PROD-0020,2024-01-28,2,West
PROD-0043,2024-01-28,11,North
PROD-0075,2024-01-28,14,Central
PROD-0063,2024-01-28,0,North
PROD-0046,2024-01-28,16,Central
PROD-0091,2024-01-28,16,East
PROD-0083,2024-01-28,13,Central
PROD-0079,2024-01-28,5,West
PROD-0013,2024-01-28,9,East
PROD-0049,2024-01-28,1,South
PROD-0056,2024-01-28,12,East
PROD-0048,2024-01-28,14,Central
PROD-0035,2024-01-28,16,West
PROD-0014,2024-01-28,18,East
PROD-0040,2024-01-28,18,West
PROD-0057,2024-01-28,2,North
PROD-0065,2024-01-28,20,South
PROD-0008,2024-01-28,0,East
PROD-0027,2024-01-28,9,East
PROD-0046,2024-01-29,16,North
PROD-0017,2024-01-29,2,South
PROD-0013,2024-01-29,22,South
PROD-0098,2024-01-29,32,West
PROD-0050,2024-01-29,4,East
PROD-0062,2024-01-29,28,South
PROD-0058,2024-01-29,9,North
PROD-0008,2024-01-29,18,South
PROD-0057,2024-01-29,21,South
PROD-0006,2024-01-29,32,East
PROD-0068,2024-01-29,4,West
PROD-0022,2024-01-29,2,Central
PROD-0099,2024-01-29,5,West
PROD-0072,2024-01-29,21,Central
PROD-0052,2024-01-29,23,South
PROD-0059,2024-01-29,22,North
PROD-0071,2024-01-29,23,North
PROD-0085,2024-01-29,25,West
PROD-0019,2024-01-29,26,West
PROD-0020,2024-01-29,23,South
PROD-0047,2024-01-29,31,Central
PROD-0061,2024-01-29,8,South
PROD-0001,2024-01-29,4,West
PROD-0044,2024-01-29,30,Central
PROD-0091,2024-01-29,27,East
PROD-0004,2024-01-29,23,West
PROD-0048,2024-01-29,18,Central
PROD-0005,2024-01-29,31,South
PROD-0080,2024-01-29,12,West
PROD-0083,2024-01-29,15,East
PROD-0086,2024-01-29,20,South
PROD-0007,2024-01-29,6,West
PROD-0089,2024-01-29,27,Central
PROD-0033,2024-01-29,14,Central
PROD-0042,2024-01-29,14,Central
PROD-0011,2024-01-29,28,South
PROD-0056,2024-01-29,9,South
PROD-0092,2024-01-29,28,East
PROD-0053,2024-01-29,30,East
PROD-0069,2024-01-29,30,South
PROD-0081,2024-01-29,32,South
PROD-0032,2024-01-29,23,Central
PROD-0034,2024-01-29,31,East
PROD-0030,2024-01-29,32,North
PROD-0054,2024-01-29,34,East
PROD-0009,2024-01-29,25,West
PROD-0064,2024-01-29,26,Central
PROD-0067,2024-01-29,30,West
PROD-0036,2024-01-29,30,Central
PROD-0018,2024-01-29,13,West
PROD-0043,2024-01-29,0,Central
PROD-0060,2024-01-29,4,North
PROD-0079,2024-01-29,17,South
PROD-0090,2024-01-29,2,North
PROD-0024,2024-01-29,9,East
PROD-0023,2024-01-29,34,South
PROD-0025,2024-01-29,13,East
PROD-0031,2024-01-29,7,North
PROD-0049,2024-01-29,31,East
PROD-0021,2024-01-29,9,Central
PROD-0037,2024-01-29,2,East
PROD-0026,2024-01-29,20,North
PROD-0096,2024-01-29,28,Central
PROD-0045,2024-01-29,10,Central
PROD-0055,2024-01-29,17,South
PROD-0065,2024-01-29,23,East
PROD-0035,2024-01-29,31,North
PROD-0012,2024-01-29,17,West
PROD-0095,2024-01-29,18,East
PROD-0087,2024-01-29,25,North
PROD-0057,2024-01-30,11,South
PROD-0016,2024-01-30,28,West
PROD-0009,2024-01-30,10,East
PROD-0010,2024-01-30,34,Central
PROD-0020,2024-01-30,24,Central
PROD-0054,2024-01-30,9,South
PROD-0081,2024-01-30,13,West
PROD-0056,2024-01-30,8,North
PROD-0060,2024-01-30,8,South
PROD-0089,2024-01-30,33,Central
PROD-0094,2024-01-30,5,West
PROD-0014,2024-01-30,2,West
PROD-0033,2024-01-30,12,Central
PROD-0076,2024-01-30,11,South
PROD-0012,2024-01-30,7,Central
PROD-0082,2024-01-30,11,North
PROD-0038,2024-01-30,15,West
PROD-0036,2024-01-30,32,South
PROD-0002,2024-01-30,2,South
PROD-0072,2024-01-30,14,Central
PROD-0043,2024-01-30,2,Central
PROD-0031,2024-01-30,30,East
PROD-0052,2024-01-30,22,Central
PROD-0041,2024-01-30,25,East
PROD-0008,2024-01-30,3,East
PROD-0070,2024-01-30,23,South
PROD-0007,2024-01-30,8,Central
PROD-0005,2024-01-30,3,Central
PROD-0019,2024-01-30,7,West
PROD-0090,2024-01-30,24,Central
PROD-0040,2024-01-30,18,North
PROD-0025,2024-01-30,16,South
PROD-0062,2024-01-30,9,East
PROD-0074,2024-01-30,15,East
PROD-0098,2024-01-30,13,South
PROD-0061,2024-01-30,34,Central
PROD-0055,2024-01-30,23,West
PROD-0065,2024-01-30,25,North
PROD-0077,2024-01-30,5,East
PROD-0024,2024-01-30,20,South
PROD-0028,2024-01-30,29,Central
PROD-0001,2024-01-30,28,South
PROD-0091,2024-01-30,2,East
PROD-0039,2024-01-30,17,North
PROD-0011,2024-01-30,17,East
PROD-0048,2024-01-30,24,East
PROD-0085,2024-01-30,1,Central
PROD-0044,2024-01-30,35,East
PROD-0096,2024-01-30,23,Central
PROD-0021,2024-01-30,20,West
PROD-0066,2024-01-30,2,East
PROD-0058,2024-01-30,29,South
PROD-0063,2024-01-30,14,Central
PROD-0032,2024-01-30,4,North
PROD-0087,2024-01-30,7,Central
PROD-0078,2024-01-30,24,North
PROD-0003,2024-01-30,28,North
PROD-0086,2024-01-30,9,South
PROD-0023,2024-01-30,30,West
PROD-0071,2024-01-30,4,South
PROD-0028,2024-01-31,31,West
PROD-0049,2024-01-31,29,North
PROD-0014,2024-01-31,33,South
PROD-0068,2024-01-31,1,West
PROD-0089,2024-01-31,32,East
PROD-0069,2024-01-31,2,North
PROD-0086,2024-01-31,3,North
PROD-0097,2024-01-31,8,East
PROD-0017,2024-01-31,25,North
PROD-0040,2024-01-31,25,South
PROD-0011,2024-01-31,11,West
PROD-0006,2024-01-31,17,West
PROD-0020,2024-01-31,28,West
PROD-0018,2024-01-31,19,East
PROD-0095,2024-01-31,1,West
PROD-0085,2024-01-31,30,North
PROD-0074,2024-01-31,24,North
PROD-0065,2024-01-31,29,Central
PROD-0034,2024-01-31,3,Central
PROD-0058,2024-01-31,2,North
PROD-0056,2024-01-31,16,Central
PROD-0009,2024-01-31,4,East
PROD-0087,2024-01-31,30,East
PROD-0091,2024-01-31,27,North
PROD-0039,2024-01-31,13,West
PROD-0066,2024-01-31,17,West
PROD-0036,2024-01-31,30,North
PROD-0090,2024-01-31,21,South
PROD-0092,2024-01-31,24,South
PROD-0005,2024-01-31,6,West
PROD-0025,2024-01-31,24,East
PROD-0084,2024-01-31,28,South
PROD-0001,2024-01-31,14,East
PROD-0082,2024-01-31,0,Central
PROD-0037,2024-01-31,25,South
PROD-0080,2024-01-31,5,North
PROD-0077,2024-01-31,0,Central
PROD-0099,2024-01-31,27,West
PROD-0008,2024-01-31,24,Central
PROD-0071,2024-01-31,4,East
PROD-0044,2024-01-31,9,East
PROD-0054,2024-01-31,9,West
PROD-0030,2024-01-31,29,Central
PROD-0076,2024-01-31,7,South
PROD-0024,2024-01-31,8,South
PROD-0041,2024-01-31,28,East
PROD-0002,2024-01-31,9,North
PROD-0012,2024-01-31,8,Central
PROD-0060,2024-01-31,2,Central
PROD-0021,2024-01-31,21,Central
PROD-0042,2024-01-31,3,East
PROD-0010,2024-01-31,30,North
PROD-0003,2024-01-31,11,North
PROD-0043,2024-01-31,9,Central
PROD-0057,2024-01-31,22,East
PROD-0029,2024-01-31,16,South
PROD-0022,2024-01-31,30,South
PROD-0032,2024-01-31,4,East
PROD-0050,2024-01-31,28,North
PROD-0016,2024-01-31,9,East
PROD-0094,2024-01-31,22,West
PROD-0031,2024-01-31,15,Central
PROD-0061,2024-01-31,30,East
PROD-0046,2024-01-31,31,Central
PROD-0079,2024-01-31,7,Central
PROD-0013,2024-01-31,25,East
PROD-0059,2024-01-31,14,West
PROD-0067,2024-01-31,7,North
PROD-0038,2024-01-31,14,South
PROD-0063,2024-01-31,10,West
PROD-0007,2024-02-01,16,South
PROD-0077,2024-02-01,30,East
PROD-0072,2024-02-01,21,West
PROD-0048,2024-02-01,20,East
PROD-0044,2024-02-01,35,East
PROD-0002,2024-02-01,22,Central
PROD-0037,2024-02-01,4,South
PROD-0092,2024-02-01,29,Central
PROD-0003,2024-02-01,4,East
PROD-0001,2024-02-01,6,Central
PROD-0029,2024-02-01,9,East
PROD-0033,2024-02-01,32,North
PROD-0093,2024-02-01,32,North
PROD-0043,2024-02-01,1,Central
PROD-0069,2024-02-01,28,North
PROD-0038,2024-02-01,26,Central
PROD-0005,2024-02-01,18,Central
PROD-0042,2024-02-01,9,North
PROD-0068,2024-02-01,25,East
PROD-0041,2024-02-01,24,Central
PROD-0051,2024-02-01,21,South
PROD-0080,2024-02-01,16,West
PROD-0006,2024-02-01,10,Central
PROD-0049,2024-02-01,32,East
PROD-0035,2024-02-01,6,West
PROD-0026,2024-02-01,23,Central
PROD-0045,2024-02-01,4,West
PROD-0084,2024-02-01,16,Central
PROD-0047,2024-02-01,0,South
PROD-0076,2024-02-01,28,South
PROD-0082,2024-02-01,34,Central
PROD-0009,2024-02-01,6,West
PROD-0011,2024-02-01,7,South
PROD-0059,2024-02-01,25,Central
PROD-0096,2024-02-01,30,South
PROD-0086,2024-02-01,33,West
PROD-0088,2024-02-01,16,North
PROD-0090,2024-02-01,10,West
PROD-0012,2024-02-01,10,North
PROD-0018,2024-02-01,11,East
PROD-0058,2024-02-01,10,North
PROD-0064,2024-02-01,30,South
PROD-0073,2024-02-01,23,East
PROD-0004,2024-02-01,17,West
PROD-0075,2024-02-01,21,North
PROD-0022,2024-02-01,2,East
PROD-0015,2024-02-01,4,Central
PROD-0024,2024-02-01,28,East
PROD-0046,2024-02-01,33,East
PROD-0028,2024-02-01,26,Central
PROD-0070,2024-02-01,25,South
PROD-0014,2024-02-01,17,West
PROD-0050,2024-02-01,16,Central
PROD-0063,2024-02-01,29,North
PROD-0020,2024-02-01,23,East
PROD-0052,2024-02-01,17,South
PROD-0054,2024-02-01,23,West
PROD-0099,2024-02-01,16,East
PROD-0036,2024-02-01,22,West
PROD-0100,2024-02-01,27,North
PROD-0010,2024-02-01,23,South
PROD-0062,2024-02-01,20,South
PROD-0032,2024-02-01,10,North
PROD-0023,2024-02-01,23,East
PROD-0081,2024-02-01,9,South
PROD-0052,2024-02-02,16,Central
PROD-0019,2024-02-02,32,North
PROD-0090,2024-02-02,30,South
PROD-0040,2024-02-02,18,East
PROD-0039,2024-02-02,32,North
PROD-0026,2024-02-02,21,West
PROD-0062,2024-02-02,21,South
PROD-0015,2024-02-02,26,South
PROD-0020,2024-02-02,29,West
PROD-0086,2024-02-02,1,South
PROD-0085,2024-02-02,2,South
PROD-0097,2024-02-02,25,Central
PROD-0005,2024-02-02,7,South
PROD-0084,2024-02-02,28,Central
PROD-0063,2024-02-02,2,Central
PROD-0030,2024-02-02,7,North
PROD-0075,2024-02-02,7,East
PROD-0093,2024-02-02,8,Central
PROD-0032,2024-02-02,18,Central
PROD-0043,2024-02-02,25,North
PROD-0027,2024-02-02,32,East
PROD-0004,2024-02-02,4,South
PROD-0001,2024-02-02,20,Central
PROD-0073,2024-02-02,21,West
PROD-0069,2024-02-02,7,South
PROD-0059,2024-02-02,18,Central
PROD-0072,2024-02-02,7,Central
PROD-0088,2024-02-02,35,South
PROD-0071,2024-02-02,28,Central
PROD-0006,2024-02-02,11,South
PROD-0066,2024-02-02,32,East
PROD-0003,2024-02-02,21,Central
PROD-0053,2024-02-02,26,North
PROD-0095,2024-02-02,10,West
PROD-0008,2024-02-02,17,South
PROD-0078,2024-02-02,4,North
PROD-0045,2024-02-02,9,Central
PROD-0034,2024-02-02,23,West
PROD-0082,2024-02-02,7,Central
PROD-0050,2024-02-02,4,South
PROD-0079,2024-02-02,21,Central
PROD-0022,2024-02-02,27,North
PROD-0077,2024-02-02,24,Central
PROD-0038,2024-02-02,34,North
PROD-0046,2024-02-02,4,West
PROD-0009,2024-02-02,30,South
PROD-0016,2024-02-02,27,Central
PROD-0002,2024-02-02,0,West
PROD-0031,2024-02-02,23,West
PROD-0036,2024-02-02,16,North
PROD-0054,2024-02-02,31,Central
PROD-0096,2024-02-02,19,South
PROD-0061,2024-02-02,21,West
PROD-0080,2024-02-02,16,Central
PROD-0057,2024-02-02,33,Central
PROD-0007,2024-02-02,4,West
PROD-0065,2024-02-02,6,East
PROD-0044,2024-02-02,21,South
PROD-0064,2024-02-02,4,East
PROD-0014,2024-02-02,27,Central
PROD-0018,2024-02-02,18,East
PROD-0067,2024-02-02,9,North
PROD-0074,2024-02-02,32,North
PROD-0002,2024-02-03,2,Central
PROD-0074,2024-02-03,0,West
PROD-0001,2024-02-03,17,South
PROD-0069,2024-02-03,18,East
PROD-0019,2024-02-03,11,East
PROD-0031,2024-02-03,2,South
PROD-0095,2024-02-03,11,Central
PROD-0014,2024-02-03,7,East
PROD-0030,2024-02-03,14,West
PROD-0088,2024-02-03,15,East
PROD-0063,2024-02-03,16,East
PROD-0075,2024-02-03,18,West
PROD-0046,2024-02-03,20,South
PROD-0064,2024-02-03,11,Central
PROD-0049,2024-02-03,14,West
PROD-0021,2024-02-03,4,East
PROD-0010,2024-02-03,14,Central
PROD-0078,2024-02-03,12,East
PROD-0066,2024-02-03,8,Central
PROD-0097,2024-02-03,9,West
PROD-0044,2024-02-03,19,South
PROD-0100,2024-02-03,17,North
PROD-0062,2024-02-03,19,South
PROD-0018,2024-02-03,11,South
PROD-0020,2024-02-03,2,South
PROD-0094,2024-02-03,13,West
PROD-0005,2024-02-03,9,Central
PROD-0038,2024-02-03,16,North
PROD-0070,2024-02-03,4,West
PROD-0048,2024-02-03,16,North
PROD-0056,2024-02-03,2,South
PROD-0067,2024-02-03,12,Central
PROD-0026,2024-02-03,11,North
PROD-0050,2024-02-03,2,East
PROD-0015,2024-02-03,6,East
PROD-0090,2024-02-03,2,Central
PROD-0087,2024-02-03,0,West
PROD-0039,2024-02-03,10,Central
PROD-0082,2024-02-03,17,Central
PROD-0079,2024-02-03,7,Central
PROD-0041,2024-02-03,1,South
PROD-0093,2024-02-03,16,West
PROD-0098,2024-02-03,11,North
PROD-0040,2024-02-03,4,Central
PROD-0004,2024-02-03,7,South
PROD-0022,2024-02-03,0,Central
PROD-0045,2024-02-03,13,Central
PROD-0052,2024-02-03,18,South
PROD-0072,2024-02-03,16,South
PROD-0023,2024-02-03,18,North
PROD-0071,2024-02-03,9,South
PROD-0008,2024-02-03,17,North
PROD-0011,2024-02-03,4,North
PROD-0032,2024-02-03,7,West
PROD-0009,2024-02-03,9,West
PROD-0051,2024-02-03,10,Central
PROD-0077,2024-02-03,4,Central
PROD-0061,2024-02-03,0,North
PROD-0068,2024-02-03,2,Central
PROD-0013,2024-02-03,7,Central
PROD-0036,2024-02-03,15,East
PROD-0080,2024-02-03,9,East
PROD-0092,2024-02-03,6,Central
PROD-0089,2024-02-03,4,West
PROD-0086,2024-02-03,10,Central
PROD-0096,2024-02-03,0,East
PROD-0057,2024-02-03,4,West
PROD-0073,2024-02-03,13,North
PROD-0083,2024-02-03,14,North
PROD-0055,2024-02-03,13,East
PROD-0033,2024-02-03,9,North
PROD-0065,2024-02-04,7,Central
PROD-0080,2024-02-04,15,East
PROD-0059,2024-02-04,18,West
PROD-0043,2024-02-04,10,Central
PROD-0014,2024-02-04,12,South
PROD-0070,2024-02-04,20,East
PROD-0082,2024-02-04,21,West
PROD-0051,2024-02-04,18,West
PROD-0036,2024-02-04,15,North
PROD-0066,2024-02-04,12,North
PROD-0072,2024-02-04,7,North
PROD-0073,2024-02-04,10,South
PROD-0094,2024-02-04,18,South
PROD-0032,2024-02-04,8,West
PROD-0079,2024-02-04,9,Central
PROD-0055,2024-02-04,14,North
PROD-0063,2024-02-04,18,East
PROD-0010,2024-02-04,6,East
PROD-0090,2024-02-04,2,West
PROD-0009,2024-02-04,18,East
PROD-0053,2024-02-04,2,Central
PROD-0022,2024-02-04,4,West
PROD-0045,2024-02-04,8,East
PROD-0024,2024-02-04,5,Central
PROD-0020,2024-02-04,7,South
PROD-0039,2024-02-04,19,South
PROD-0007,2024-02-04,13,South
PROD-0098,2024-02-04,6,South
PROD-0001,2024-02-04,7,South
PROD-0081,2024-02-04,6,South
PROD-0042,2024-02-04,6,Central
PROD-0030,2024-02-04,9,South
PROD-0056,2024-02-04,21,North
PROD-0071,2024-02-04,2,North
PROD-0068,2024-02-04,18,West
PROD-0040,2024-02-04,16,North
PROD-0002,2024-02-04,20,Central
PROD-0058,2024-02-04,0,West
PROD-0017,2024-02-04,9,Central
PROD-0034,2024-02-04,8,West
PROD-0029,2024-02-04,15,East
PROD-0095,2024-02-04,13,South
PROD-0096,2024-02-04,20,Central
PROD-0086,2024-02-04,7,West
PROD-0049,2024-02-04,6,Central
PROD-0087,2024-02-04,3,North
PROD-0023,2024-02-04,14,West
PROD-0019,2024-02-04,12,Central
PROD-0018,2024-02-04,0,Central
PROD-0025,2024-02-04,9,West
PROD-0037,2024-02-04,18,South
PROD-0064,2024-02-04,12,North
PROD-0012,2024-02-04,18,Central
PROD-0091,2024-02-04,12,East
PROD-0048,2024-02-04,18,North
PROD-0035,2024-02-04,0,South
PROD-0004,2024-02-04,10,Central
PROD-0016,2024-02-04,2,East
PROD-0041,2024-02-04,9,Central
PROD-0077,2024-02-04,7,South
PROD-0067,2024-02-04,14,East
PROD-0028,2024-02-04,6,East
PROD-0093,2024-02-04,12,Central
PROD-0011,2024-02-04,9,East
PROD-0089,2024-02-04,4,West
PROD-0085,2024-02-04,11,South
PROD-0044,2024-02-04,11,East
PROD-0008,2024-02-04,9,West
PROD-0076,2024-02-04,7,West
PROD-0003,2024-02-04,4,Central
PROD-0013,2024-02-04,3,Central
PROD-0078,2024-02-04,18,South
PROD-0074,2024-02-04,2,East
PROD-0062,2024-02-04,6,Central
PROD-0083,2024-02-04,11,West
PROD-0006,2024-02-04,4,South
PROD-0046,2024-02-05,33,South
PROD-0064,2024-02-05,21,North
PROD-0088,2024-02-05,8,West
PROD-0093,2024-02-05,22,South
PROD-0025,2024-02-05,28,Central
PROD-0069,2024-02-05,24,East
PROD-0080,2024-02-05,22,East
PROD-0049,2024-02-05,11,Central
PROD-0048,2024-02-05,25,North
PROD-0082,2024-02-05,18,North
PROD-0091,2024-02-05,31,South
PROD-0006,2024-02-05,2,South
PROD-0060,2024-02-05,11,West
PROD-0016,2024-02-05,28,North
PROD-0076,2024-02-05,20,East
PROD-0044,2024-02-05,11,East
PROD-0096,2024-02-05,16,Central
PROD-0050,2024-02-05,25,East
PROD-0099,2024-02-05,16,North
PROD-0079,2024-02-05,18,North
PROD-0030,2024-02-05,16,Central
PROD-0033,2024-02-05,9,Central
PROD-0038,2024-02-05,25,Central
PROD-0073,2024-02-05,8,East
PROD-0052,2024-02-05,16,East
PROD-0031,2024-02-05,30,Central
PROD-0002,2024-02-05,22,West
PROD-0036,2024-02-05,4,West
PROD-0066,2024-02-05,28,East
PROD-0037,2024-02-05,21,South
PROD-0024,2024-02-05,7,East
PROD-0061,2024-02-05,18,Central
PROD-0003,2024-02-05,25,West
PROD-0077,2024-02-05,3,North
PROD-0043,2024-02-05,7,East
PROD-0095,2024-02-05,10,East
PROD-0094,2024-02-05,14,East
PROD-0028,2024-02-05,32,East
PROD-0039,2024-02-05,27,West
PROD-0057,2024-02-05,12,West
PROD-0008,2024-02-05,35,East
PROD-0029,2024-02-05,33,Central
PROD-0015,2024-02-05,23,West
PROD-0074,2024-02-05,18,South
PROD-0042,2024-02-05,8,North
PROD-0023,2024-02-05,6,South
PROD-0004,2024-02-05,30,East
PROD-0014,2024-02-05,33,North
PROD-0062,2024-02-05,9,South
PROD-0070,2024-02-05,18,North
PROD-0040,2024-02-05,4,North
PROD-0072,2024-02-05,21,Central
PROD-0055,2024-02-05,2,North
PROD-0047,2024-02-05,35,West
PROD-0007,2024-02-05,23,North
PROD-0081,2024-02-05,4,East
PROD-0019,2024-02-05,28,South
PROD-0063,2024-02-05,4,West
PROD-0075,2024-02-05,14,South
PROD-0012,2024-02-05,11,East
PROD-0085,2024-02-05,20,South
PROD-0021,2024-02-05,6,Central
PROD-0051,2024-02-05,7,North
PROD-0056,2024-02-05,2,East
PROD-0011,2024-02-05,14,West
PROD-0090,2024-02-05,21,Central
PROD-0022,2024-02-05,12,Central
PROD-0083,2024-02-05,20,South
PROD-0087,2024-02-05,31,Central
PROD-0005,2024-02-05,8,Central
PROD-0041,2024-02-05,27,West
PROD-0059,2024-02-05,28,Central
PROD-0097,2024-02-05,19,Central
PROD-0086,2024-02-05,28,Central
PROD-0026,2024-02-05,14,East
PROD-0058,2024-02-05,21,Central
PROD-0008,2024-02-06,4,West
PROD-0005,2024-02-06,14,East
PROD-0081,2024-02-06,18,East
PROD-0007,2024-02-06,7,East
PROD-0063,2024-02-06,0,North
PROD-0060,2024-02-06,23,South
PROD-0033,2024-02-06,16,East
PROD-0083,2024-02-06,21,Central
PROD-0019,2024-02-06,0,West
PROD-0026,2024-02-06,34,West
PROD-0018,2024-02-06,14,North
PROD-0091,2024-02-06,35,West
PROD-0014,2024-02-06,13,Central
PROD-0067,2024-02-06,10,North
PROD-0061,2024-02-06,25,East
PROD-0075,2024-02-06,9,West
PROD-0046,2024-02-06,25,West
PROD-0082,2024-02-06,18,South
PROD-0070,2024-02-06,7,West
PROD-0044,2024-02-06,17,South
PROD-0073,2024-02-06,11,North
PROD-0012,2024-02-06,19,South
PROD-0043,2024-02-06,23,Central
PROD-0035,2024-02-06,31,East
PROD-0003,2024-02-06,13,Central
PROD-0055,2024-02-06,12,West
PROD-0028,2024-02-06,9,North
PROD-0020,2024-02-06,8,South
PROD-0099,2024-02-06,13,North
PROD-0089,2024-02-06,28,West
PROD-0090,2024-02-06,28,West
PROD-0065,2024-02-06,12,Central
PROD-0029,2024-02-06,22,South
PROD-0066,2024-02-06,14,North
PROD-0045,2024-02-06,7,North
PROD-0023,2024-02-06,24,North
PROD-0056,2024-02-06,8,North
PROD-0006,2024-02-06,13,East
PROD-0085,2024-02-06,6,West
PROD-0015,2024-02-06,32,North
PROD-0040,2024-02-06,10,North
PROD-0002,2024-02-06,7,North
PROD-0024,2024-02-06,22,South
PROD-0096,2024-02-06,15,West
PROD-0088,2024-02-06,14,West
PROD-0093,2024-02-06,16,West
PROD-0053,2024-02-06,31,North
PROD-0001,2024-02-06,15,North
PROD-0049,2024-02-06,34,South
PROD-0094,2024-02-06,2,East
PROD-0037,2024-02-06,35,West
PROD-0074,2024-02-06,3,Central
PROD-0084,2024-02-06,21,South
PROD-0079,2024-02-06,9,East
PROD-0052,2024-02-06,17,North
PROD-0048,2024-02-06,5,South
PROD-0004,2024-02-06,17,West
PROD-0064,2024-02-06,11,North
PROD-0080,2024-02-06,9,West
PROD-0095,2024-02-06,33,North
PROD-0010,2024-02-06,23,South
PROD-0097,2024-02-06,21,West
PROD-0011,2024-02-06,30,East
PROD-0017,2024-02-06,14,South
PROD-0036,2024-02-07,2,Central
PROD-0090,2024-02-07,23,North
PROD-0052,2024-02-07,11,West
PROD-0038,2024-02-07,28,East
PROD-0031,2024-02-07,9,East
PROD-0077,2024-02-07,2,South
PROD-0045,2024-02-07,5,South
PROD-0003,2024-02-07,28,West
PROD-0082,2024-02-07,14,North
PROD-0061,2024-02-07,7,East
PROD-0085,2024-02-07,26,North
PROD-0001,2024-02-07,18,South
PROD-0070,2024-02-07,0,North
PROD-0081,2024-02-07,26,West
PROD-0035,2024-02-07,31,Central
PROD-0021,2024-02-07,7,East
PROD-0034,2024-02-07,35,North
PROD-0026,2024-02-07,11,South
PROD-0047,2024-02-07,22,North
PROD-0098,2024-02-07,30,Central
PROD-0046,2024-02-07,15,North
PROD-0060,2024-02-07,2,East
PROD-0084,2024-02-07,29,South
PROD-0008,2024-02-07,31,Central
PROD-0025,2024-02-07,4,South
PROD-0009,2024-02-07,22,South
PROD-0010,2024-02-07,14,Central
PROD-0018,2024-02-07,29,East
PROD-0032,2024-02-07,20,South
PROD-0042,2024-02-07,1,West
PROD-0093,2024-02-07,16,South
PROD-0024,2024-02-07,11,North
PROD-0097,2024-02-07,22,West
PROD-0094,2024-02-07,25,East
PROD-0037,2024-02-07,24,West
PROD-0055,2024-02-07,9,Central
PROD-0075,2024-02-07,8,Central
PROD-0015,2024-02-07,16,East
PROD-0071,2024-02-07,32,West
PROD-0078,2024-02-07,12,Central
PROD-0086,2024-02-07,25,South
PROD-0091,2024-02-07,3,Central
PROD-0100,2024-02-07,7,West
PROD-0039,2024-02-07,13,East
PROD-0030,2024-02-07,24,East
PROD-0079,2024-02-07,21,North
PROD-0054,2024-02-07,35,Central
PROD-0073,2024-02-07,17,South
PROD-0092,2024-02-07,1,Central
PROD-0041,2024-02-07,16,Central
PROD-0048,2024-02-07,11,East
PROD-0050,2024-02-07,32,North
PROD-0058,2024-02-07,30,Central
PROD-0072,2024-02-07,17,South
PROD-0014,2024-02-07,23,West
PROD-0028,2024-02-07,35,Central
PROD-0063,2024-02-07,7,Central
PROD-0033,2024-02-07,13,East
PROD-0087,2024-02-07,18,East
PROD-0017,2024-02-07,5,North
PROD-0066,2024-02-07,23,North
PROD-0089,2024-02-07,2,South
PROD-0005,2024-02-07,8,North
PROD-0011,2024-02-07,9,North
PROD-0053,2024-02-07,22,South
PROD-0012,2024-02-07,4,North
PROD-0051,2024-02-07,25,West
PROD-0016,2024-02-07,30,West
PROD-0067,2024-02-07,23,Central
PROD-0056,2024-02-07,31,Central
PROD-0007,2024-02-07,11,North
PROD-0057,2024-02-07,16,South
PROD-0014,2024-02-08,3,North
PROD-0064,2024-02-08,9,West
PROD-0068,2024-02-08,4,West
PROD-0016,2024-02-08,28,North
PROD-0040,2024-02-08,16,Central
PROD-0050,2024-02-08,33,West
PROD-0099,2024-02-08,16,North
PROD-0031,2024-02-08,28,East
PROD-0012,2024-02-08,23,North
PROD-0005,2024-02-08,32,North
PROD-0042,2024-02-08,14,North
PROD-0046,2024-02-08,9,Central
PROD-0008,2024-02-08,4,North
PROD-0013,2024-02-08,32,South
PROD-0023,2024-02-08,24,West
PROD-0069,2024-02-08,9,South
PROD-0087,2024-02-08,23,South
PROD-0037,2024-02-08,25,South
PROD-0011,2024-02-08,25,Central
PROD-0035,2024-02-08,18,North
PROD-0094,2024-02-08,35,Central
PROD-0092,2024-02-08,16,West
PROD-0047,2024-02-08,31,West
PROD-0083,2024-02-08,4,South
PROD-0063,2024-02-08,8,Central
PROD-0052,2024-02-08,18,Central
PROD-0058,2024-02-08,15,South
PROD-0033,2024-02-08,24,Central
PROD-0086,2024-02-08,20,East
PROD-0003,2024-02-08,14,Central
PROD-0018,2024-02-08,14,East
PROD-0057,2024-02-08,18,West
PROD-0076,2024-02-08,32,East
PROD-0088,2024-02-08,27,South
PROD-0017,2024-02-08,25,Central
PROD-0077,2024-02-08,9,West
PROD-0097,2024-02-08,35,Central
PROD-0032,2024-02-08,33,East
PROD-0062,2024-02-08,16,West
PROD-0044,2024-02-08,20,West
PROD-0078,2024-02-08,0,North
PROD-0049,2024-02-08,13,Central
PROD-0085,2024-02-08,1,Central
PROD-0093,2024-02-08,6,East
PROD-0009,2024-02-08,0,East
PROD-0007,2024-02-08,10,South
PROD-0004,2024-02-08,14,North
PROD-0060,2024-02-08,35,East
PROD-0001,2024-02-08,25,Central
PROD-0028,2024-02-08,25,Central
PROD-0045,2024-02-08,25,South
PROD-0025,2024-02-08,4,North
PROD-0082,2024-02-08,21,East
PROD-0080,2024-02-08,7,South
PROD-0036,2024-02-08,11,East
PROD-0061,2024-02-08,26,South
PROD-0056,2024-02-08,10,East
PROD-0021,2024-02-08,14,North
PROD-0098,2024-02-08,25,West
PROD-0051,2024-02-08,25,South
PROD-0079,2024-02-08,32,North
PROD-0072,2024-02-08,32,East
PROD-0015,2024-02-08,21,South
PROD-0081,2024-02-08,22,Central
PROD-0075,2024-02-08,4,Central
PROD-0095,2024-02-08,29,East
PROD-0065,2024-02-08,2,Central
PROD-0090,2024-02-08,17,North
PROD-0100,2024-02-08,35,North
PROD-0071,2024-02-08,35,East
PROD-0059,2024-02-08,16,West
PROD-0070,2024-02-08,18,North
PROD-0072,2024-02-09,10,Central
PROD-0044,2024-02-09,0,West
PROD-0031,2024-02-09,2,East
PROD-0042,2024-02-09,23,North
PROD-0089,2024-02-09,14,Central
PROD-0093,2024-02-09,25,South
PROD-0090,2024-02-09,14,Central
PROD-0027,2024-02-09,31,South
PROD-0066,2024-02-09,7,North
PROD-0026,2024-02-09,30,West
PROD-0030,2024-02-09,20,Central
PROD-0076,2024-02-09,25,Central
PROD-0047,2024-02-09,4,South
PROD-0023,2024-02-09,19,East
PROD-0012,2024-02-09,18,South
PROD-0091,2024-02-09,6,East
PROD-0035,2024-02-09,4,West
PROD-0032,2024-02-09,25,North
PROD-0041,2024-02-09,25,West
PROD-0025,2024-02-09,11,North
PROD-0083,2024-02-09,18,Central
PROD-0020,2024-02-09,19,South
PROD-0071,2024-02-09,34,South
PROD-0078,2024-02-09,21,Central
PROD-0053,2024-02-09,9,West
PROD-0068,2024-02-09,18,Central
PROD-0055,2024-02-09,9,Central
PROD-0049,2024-02-09,28,Central
PROD-0057,2024-02-09,11,South
PROD-0086,2024-02-09,3,East
PROD-0017,2024-02-09,35,West
PROD-0005,2024-02-09,14,Central
PROD-0029,2024-02-09,4,North
PROD-0080,2024-02-09,30,West
PROD-0070,2024-02-09,19,East
PROD-0014,2024-02-09,16,South
PROD-0079,2024-02-09,14,East
PROD-0001,2024-02-09,27,North
PROD-0052,2024-02-09,35,East
PROD-0073,2024-02-09,7,East
PROD-0045,2024-02-09,28,West
PROD-0024,2024-02-09,28,South
PROD-0007,2024-02-09,20,North
PROD-0087,2024-02-09,10,South
PROD-0004,2024-02-09,30,East
PROD-0013,2024-02-09,7,North
PROD-0011,2024-02-09,5,North
PROD-0022,2024-02-09,11,Central
PROD-0099,2024-02-09,7,East
PROD-0018,2024-02-09,0,East
PROD-0069,2024-02-09,31,North
PROD-0015,2024-02-09,14,West
PROD-0094,2024-02-09,21,North
PROD-0064,2024-02-09,15,South
PROD-0095,2024-02-09,33,Central
PROD-0085,2024-02-09,9,South
PROD-0098,2024-02-09,24,Central
PROD-0084,2024-02-09,34,East
PROD-0043,2024-02-09,25,West
PROD-0092,2024-02-09,28,South
PROD-0096,2024-02-09,31,North
PROD-0002,2024-02-09,17,Central
PROD-0021,2024-02-09,30,Central
PROD-0081,2024-02-09,2,East
PROD-0056,2024-02-09,7,North
PROD-0009,2024-02-09,13,South
PROD-0037,2024-02-09,31,Central
PROD-0054,2024-02-09,12,North
PROD-0028,2024-02-09,21,North
PROD-0060,2024-02-09,3,West
PROD-0039,2024-02-09,30,East
PROD-0006,2024-02-09,30,East
PROD-0051,2024-02-09,4,North
PROD-0008,2024-02-09,13,West
PROD-0065,2024-02-09,10,West
PROD-0074,2024-02-09,23,North
PROD-0003,2024-02-09,14,West
PROD-0065,2024-02-10,14,North
PROD-0004,2024-02-10,4,South
PROD-0097,2024-02-10,13,West
PROD-0093,2024-02-10,14,North
PROD-0020,2024-02-10,0,South
PROD-0064,2024-02-10,14,East
PROD-0056,2024-02-10,9,West
PROD-0012,2024-02-10,10,South
PROD-0026,2024-02-10,0,East
PROD-0070,2024-02-10,18,East
PROD-0092,2024-02-10,9,East
PROD-0007,2024-02-10,6,Central
PROD-0079,2024-02-10,7,North
PROD-0081,2024-02-10,16,East
PROD-0021,2024-02-10,10,North
PROD-0038,2024-02-10,14,East
PROD-0069,2024-02-10,6,South
PROD-0074,2024-02-10,9,West
PROD-0016,2024-02-10,17,South
PROD-0025,2024-02-10,2,West
PROD-0027,2024-02-10,14,Central
PROD-0088,2024-02-10,16,South
PROD-0072,2024-02-10,11,South
PROD-0048,2024-02-10,15,South
PROD-0002,2024-02-10,11,East
PROD-0063,2024-02-10,16,East
PROD-0001,2024-02-10,11,Central
PROD-0031,2024-02-10,3,South
PROD-0040,2024-02-10,17,South
PROD-0075,2024-02-10,15,Central
PROD-0053,2024-02-10,18,South
PROD-0003,2024-02-10,3,East
PROD-0082,2024-02-10,18,Central
PROD-0089,2024-02-10,3,West
PROD-0059,2024-02-10,21,South
PROD-0050,2024-02-10,17,Central
PROD-0008,2024-02-10,4,East
PROD-0024,2024-02-10,2,Central
PROD-0068,2024-02-10,14,North
PROD-0015,2024-02-10,4,East
PROD-0019,2024-02-10,4,North
PROD-0084,2024-02-10,20,East
PROD-0052,2024-02-10,11,West
PROD-0011,2024-02-10,8,West
PROD-0028,2024-02-10,19,East
PROD-0060,2024-02-10,4,South
PROD-0087,2024-02-10,2,South
PROD-0034,2024-02-10,4,North
PROD-0094,2024-02-10,20,Central
PROD-0047,2024-02-10,16,East
PROD-0010,2024-02-10,16,Central
PROD-0014,2024-02-10,16,South
PROD-0051,2024-02-10,16,South
PROD-0090,2024-02-10,6,North
PROD-0071,2024-02-10,9,North
PROD-0043,2024-02-10,18,West
PROD-0078,2024-02-10,3,Central
PROD-0062,2024-02-10,16,West
PROD-0033,2024-02-10,18,East
PROD-0054,2024-02-10,4,West
PROD-0083,2024-02-10,13,West
PROD-0077,2024-02-10,3,South
PROD-0018,2024-02-10,4,South
PROD-0044,2024-02-10,0,West
PROD-0086,2024-02-10,20,North
PROD-0066,2024-02-10,7,West
PROD-0017,2024-02-10,6,South
PROD-0045,2024-02-10,20,South
PROD-0023,2024-02-10,2,South
PROD-0099,2024-02-10,11,Central
PROD-0098,2024-02-10,13,East
PROD-0013,2024-02-10,12,South
PROD-0037,2024-02-10,11,West
PROD-0029,2024-02-10,21,North
PROD-0073,2024-02-10,16,West
PROD-0057,2024-02-10,19,East
PROD-0030,2024-02-10,10,Central
PROD-0088,2024-02-11,15,Central
PROD-0086,2024-02-11,14,Central
PROD-0055,2024-02-11,17,North
PROD-0082,2024-02-11,14,North
PROD-0094,2024-02-11,11,West
PROD-0085,2024-02-11,0,South
PROD-0050,2024-02-11,14,Central
PROD-0021,2024-02-11,10,North
PROD-0034,2024-02-11,14,West
PROD-0039,2024-02-11,14,North
PROD-0038,2024-02-11,4,East
PROD-0001,2024-02-11,11,West
PROD-0081,2024-02-11,8,East
PROD-0010,2024-02-11,12,South
PROD-0007,2024-02-11,11,East
PROD-0037,2024-02-11,16,North
PROD-0061,2024-02-11,18,Central
PROD-0023,2024-02-11,4,West
PROD-0005,2024-02-11,17,West
PROD-0033,2024-02-11,2,Central
PROD-0100,2024-02-11,2,South
PROD-0052,2024-02-11,21,Central
PROD-0087,2024-02-11,18,Central
PROD-0044,2024-02-11,3,West
PROD-0024,2024-02-11,11,East
PROD-0083,2024-02-11,11,North
PROD-0009,2024-02-11,4,West
PROD-0095,2024-02-11,15,South
PROD-0067,2024-02-11,12,North
PROD-0035,2024-02-11,7,East
PROD-0074,2024-02-11,18,South
PROD-0027,2024-02-11,18,North
PROD-0059,2024-02-11,2,North
PROD-0031,2024-02-11,18,West
PROD-0069,2024-02-11,16,East
PROD-0004,2024-02-11,2,Central
PROD-0014,2024-02-11,18,West
PROD-0068,2024-02-11,19,Central
PROD-0075,2024-02-11,16,South
PROD-0070,2024-02-11,10,Central
PROD-0042,2024-02-11,10,North
PROD-0076,2024-02-11,21,South
PROD-0020,2024-02-11,9,Central
PROD-0096,2024-02-11,17,South
PROD-0013,2024-02-11,4,South
PROD-0060,2024-02-11,4,North
PROD-0063,2024-02-11,11,East
PROD-0072,2024-02-11,8,West
PROD-0099,2024-02-11,7,South
PROD-0084,2024-02-11,2,South
PROD-0077,2024-02-11,4,North
PROD-0036,2024-02-11,16,East
PROD-0064,2024-02-11,0,West
PROD-0047,2024-02-11,13,West
PROD-0012,2024-02-11,14,North
PROD-0006,2024-02-11,16,West
PROD-0022,2024-02-11,6,South
PROD-0008,2024-02-11,15,West
PROD-0089,2024-02-11,12,West
PROD-0002,2024-02-11,11,North
PROD-0048,2024-02-11,16,Central
PROD-0078,2024-02-11,0,South
PROD-0018,2024-02-11,14,East
PROD-0040,2024-02-11,16,Central
PROD-0057,2024-02-11,5,North
PROD-0030,2024-02-11,4,South
PROD-0046,2024-02-11,1,East
PROD-0098,2024-02-11,0,South
PROD-0011,2024-02-11,0,Central
PROD-0092,2024-02-11,16,East
PROD-0015,2024-02-11,9,North
PROD-0045,2024-02-11,1,North
PROD-0091,2024-02-11,11,South
PROD-0066,2024-02-11,4,East
PROD-0019,2024-02-11,16,Central
PROD-0090,2024-02-11,15,Central
PROD-0071,2024-02-11,4,West
PROD-0051,2024-02-11,19,Central
PROD-0053,2024-02-12,2,North
PROD-0037,2024-02-12,35,East
PROD-0034,2024-02-12,14,East
PROD-0060,2024-02-12,17,North
PROD-0084,2024-02-12,34,West
PROD-0069,2024-02-12,25,North
PROD-0096,2024-02-12,13,West
PROD-0019,2024-02-12,6,North
PROD-0074,2024-02-12,31,East
PROD-0071,2024-02-12,15,Central
PROD-0098,2024-02-12,18,Central
PROD-0065,2024-02-12,9,South
PROD-0070,2024-02-12,28,North
PROD-0048,2024-02-12,4,Central
PROD-0009,2024-02-12,32,Central
PROD-0052,2024-02-12,4,West
PROD-0079,2024-02-12,32,Central
PROD-0014,2024-02-12,32,East
PROD-0025,2024-02-12,19,Central
PROD-0041,2024-02-12,14,East
PROD-0056,2024-02-12,23,Central
PROD-0091,2024-02-12,28,East
PROD-0035,2024-02-12,6,Central
PROD-0043,2024-02-12,25,West
PROD-0031,2024-02-12,23,West
PROD-0068,2024-02-12,22,South
PROD-0078,2024-02-12,28,South
PROD-0080,2024-02-12,32,East
PROD-0067,2024-02-12,9,North
PROD-0033,2024-02-12,5,North
PROD-0005,2024-02-12,21,North
PROD-0026,2024-02-12,33,South
PROD-0020,2024-02-12,28,West
PROD-0024,2024-02-12,18,North
PROD-0099,2024-02-12,15,East
PROD-0066,2024-02-12,25,South
PROD-0051,2024-02-12,0,South
PROD-0004,2024-02-12,31,East
PROD-0075,2024-02-12,11,North
PROD-0015,2024-02-12,14,East
PROD-0039,2024-02-12,23,Central
PROD-0072,2024-02-12,14,North
PROD-0022,2024-02-12,5,East
PROD-0007,2024-02-12,15,West
PROD-0089,2024-02-12,32,Central
PROD-0027,2024-02-12,28,North
PROD-0082,2024-02-12,8,South
PROD-0046,2024-02-12,15,East
PROD-0100,2024-02-12,30,West
PROD-0028,2024-02-12,21,North
PROD-0063,2024-02-12,29,South
PROD-0045,2024-02-12,21,South
PROD-0055,2024-02-12,28,West
PROD-0001,2024-02-12,24,East
PROD-0030,2024-02-12,21,West
PROD-0097,2024-02-12,33,North
PROD-0083,2024-02-12,23,East
PROD-0093,2024-02-12,25,East
PROD-0047,2024-02-12,25,Central
PROD-0085,2024-02-12,1,South
PROD-0038,2024-02-12,25,East
PROD-0049,2024-02-12,16,North
PROD-0032,2024-02-12,7,East
PROD-0094,2024-02-12,1,East
PROD-0018,2024-02-12,17,Central
PROD-0023,2024-02-12,7,Central
PROD-0012,2024-02-12,27,West
PROD-0026,2024-02-13,5,East
PROD-0088,2024-02-13,32,East
PROD-0040,2024-02-13,32,North
PROD-0085,2024-02-13,12,West
PROD-0041,2024-02-13,4,West
PROD-0017,2024-02-13,11,East
PROD-0033,2024-02-13,20,East
PROD-0062,2024-02-13,9,Central
PROD-0086,2024-02-13,14,South
PROD-0081,2024-02-13,5,East
PROD-0084,2024-02-13,2,South
PROD-0006,2024-02-13,4,West
PROD-0039,2024-02-13,23,North
PROD-0008,2024-02-13,21,Central
PROD-0077,2024-02-13,7,South
PROD-0042,2024-02-13,15,West
PROD-0007,2024-02-13,32,Central
PROD-0001,2024-02-13,14,East
PROD-0053,2024-02-13,7,North
PROD-0068,2024-02-13,23,South
PROD-0073,2024-02-13,9,North
PROD-0009,2024-02-13,21,West
PROD-0047,2024-02-13,32,Central
PROD-0045,2024-02-13,5,North
PROD-0057,2024-02-13,14,North
PROD-0044,2024-02-13,30,Central
PROD-0078,2024-02-13,4,East
PROD-0036,2024-02-13,21,North
PROD-0051,2024-02-13,4,Central
PROD-0079,2024-02-13,35,East
PROD-0022,2024-02-13,1,Central
PROD-0052,2024-02-13,34,East
PROD-0097,2024-02-13,28,South
PROD-0018,2024-02-13,14,South
PROD-0037,2024-02-13,9,East
PROD-0070,2024-02-13,12,Central
PROD-0050,2024-02-13,14,West
PROD-0014,2024-02-13,30,North
PROD-0056,2024-02-13,12,South
PROD-0089,2024-02-13,7,East
PROD-0069,2024-02-13,5,North
PROD-0064,2024-02-13,28,Central
PROD-0095,2024-02-13,23,North
PROD-0080,2024-02-13,9,Central
PROD-0071,2024-02-13,16,Central
PROD-0005,2024-02-13,14,East
PROD-0028,2024-02-13,7,East
PROD-0034,2024-02-13,25,South
PROD-0046,2024-02-13,7,North
PROD-0011,2024-02-13,14,Central
PROD-0072,2024-02-13,15,Central
PROD-0023,2024-02-13,20,North
PROD-0063,2024-02-13,6,North
PROD-0076,2024-02-13,21,North
PROD-0096,2024-02-13,4,West
PROD-0065,2024-02-13,2,North
PROD-0060,2024-02-13,19,West
PROD-0066,2024-02-13,8,Central
PROD-0002,2024-02-13,26,West
PROD-0094,2024-02-13,28,East
PROD-0019,2024-02-13,14,East
PROD-0029,2024-02-13,9,Central
PROD-0090,2024-02-13,4,West
PROD-0065,2024-02-14,4,West
PROD-0082,2024-02-14,4,West
PROD-0002,2024-02-14,14,West
PROD-0067,2024-02-14,21,South
PROD-0069,2024-02-14,10,South
PROD-0097,2024-02-14,28,East
PROD-0058,2024-02-14,16,West
PROD-0004,2024-02-14,8,East
PROD-0001,2024-02-14,14,West
PROD-0070,2024-02-14,22,North
PROD-0093,2024-02-14,3,West
PROD-0052,2024-02-14,5,East
PROD-0060,2024-02-14,21,West
PROD-0089,2024-02-14,7,East
PROD-0032,2024-02-14,35,East
PROD-0014,2024-02-14,27,Central
PROD-0083,2024-02-14,6,Central
PROD-0025,2024-02-14,4,West
PROD-0041,2024-02-14,32,North
PROD-0021,2024-02-14,14,Central
PROD-0076,2024-02-14,29,North
PROD-0085,2024-02-14,14,Central
PROD-0081,2024-02-14,21,West
PROD-0092,2024-02-14,26,West
PROD-0091,2024-02-14,11,Central
PROD-0005,2024-02-14,11,Central
PROD-0068,2024-02-14,7,West
PROD-0100,2024-02-14,17,North
PROD-0010,2024-02-14,15,South
PROD-0057,2024-02-14,31,Central
PROD-0006,2024-02-14,19,West
PROD-0018,2024-02-14,25,East
PROD-0088,2024-02-14,24,South
PROD-0084,2024-02-14,8,North
PROD-0034,2024-02-14,33,Central
PROD-0011,2024-02-14,22,North
PROD-0019,2024-02-14,26,Central
PROD-0073,2024-02-14,21,East
PROD-0044,2024-02-14,25,North
PROD-0050,2024-02-14,20,South
PROD-0096,2024-02-14,14,West
PROD-0039,2024-02-14,3,Central
PROD-0064,2024-02-14,4,Central
PROD-0071,2024-02-14,35,West
PROD-0061,2024-02-14,14,West
PROD-0015,2024-02-14,29,North
PROD-0074,2024-02-14,4,South
PROD-0031,2024-02-14,6,Central
PROD-0063,2024-02-14,34,North
PROD-0017,2024-02-14,34,South
PROD-0042,2024-02-14,30,South
PROD-0086,2024-02-14,20,Central
PROD-0080,2024-02-14,13,West
PROD-0051,2024-02-14,28,Central
PROD-0035,2024-02-14,20,South
PROD-0009,2024-02-14,9,East
PROD-0024,2024-02-14,14,Central
PROD-0023,2024-02-14,30,East
PROD-0053,2024-02-14,19,East
PROD-0027,2024-02-14,4,Central
PROD-0048,2024-02-14,0,Central
PROD-0090,2024-02-14,23,West
PROD-0047,2024-02-14,6,East
PROD-0099,2024-02-14,2,East
PROD-0045,2024-02-14,25,North
PROD-0007,2024-02-14,0,Central
PROD-0062,2024-02-14,16,North
PROD-0046,2024-02-14,13,North
PROD-0016,2024-02-14,11,West
PROD-0055,2024-02-14,31,Central
PROD-0030,2024-02-14,18,East
PROD-0085,2024-02-15,18,West
PROD-0030,2024-02-15,19,Central
PROD-0005,2024-02-15,9,South
PROD-0086,2024-02-15,21,South
PROD-0041,2024-02-15,9,Central
PROD-0070,2024-02-15,17,East
PROD-0001,2024-02-15,18,South
PROD-0047,2024-02-15,13,South
PROD-0090,2024-02-15,6,North
PROD-0083,2024-02-15,3,North
PROD-0023,2024-02-15,7,West
PROD-0075,2024-02-15,30,West
PROD-0034,2024-02-15,6,North
PROD-0074,2024-02-15,6,West
PROD-0092,2024-02-15,21,Central
PROD-0080,2024-02-15,19,Central
PROD-0029,2024-02-15,8,West
PROD-0036,2024-02-15,23,West
PROD-0003,2024-02-15,25,West
PROD-0052,2024-02-15,17,East
PROD-0033,2024-02-15,10,South
PROD-0091,2024-02-15,19,Central
PROD-0008,2024-02-15,0,Central
PROD-0043,2024-02-15,22,South
PROD-0045,2024-02-15,32,Central
PROD-0072,2024-02-15,12,West
PROD-0014,2024-02-15,24,Central
PROD-0054,2024-02-15,16,North
PROD-0028,2024-02-15,2,Central
PROD-0037,2024-02-15,21,East
PROD-0042,2024-02-15,5,Central
PROD-0089,2024-02-15,21,North
PROD-0006,2024-02-15,7,Central
PROD-0059,2024-02-15,34,East
PROD-0050,2024-02-15,21,Central
PROD-0058,2024-02-15,4,Central
PROD-0025,2024-02-15,28,North
PROD-0100,2024-02-15,11,West
PROD-0061,2024-02-15,28,North
PROD-0049,2024-02-15,30,Central
PROD-0051,2024-02-15,26,East
PROD-0035,2024-02-15,28,North
PROD-0007,2024-02-15,15,Central
PROD-0019,2024-02-15,35,North
PROD-0096,2024-02-15,21,West
PROD-0098,2024-02-15,23,West
PROD-0012,2024-02-15,25,East
PROD-0077,2024-02-15,18,East
PROD-0016,2024-02-15,13,East
PROD-0081,2024-02-15,7,North
PROD-0094,2024-02-15,31,Central
PROD-0021,2024-02-15,33,East
PROD-0027,2024-02-15,32,Central
PROD-0026,2024-02-15,11,North
PROD-0020,2024-02-15,28,West
PROD-0068,2024-02-15,26,South
PROD-0073,2024-02-15,25,North
PROD-0032,2024-02-15,30,East
PROD-0067,2024-02-15,33,Central
PROD-0071,2024-02-15,1,East
PROD-0039,2024-02-15,22,North
PROD-0076,2024-02-15,6,Central
PROD-0063,2024-02-15,3,East
PROD-0078,2024-02-15,11,South
PROD-0066,2024-02-15,28,East
PROD-0015,2024-02-15,12,East
PROD-0079,2024-02-15,0,North
PROD-0084,2024-02-15,27,South
PROD-0018,2024-02-15,26,South
PROD-0048,2024-02-15,30,West
PROD-0013,2024-02-15,16,South
PROD-0093,2024-02-15,11,South
PROD-0009,2024-02-15,22,South
PROD-0056,2024-02-15,23,North
PROD-0090,2024-02-16,4,South
PROD-0079,2024-02-16,27,South
PROD-0088,2024-02-16,22,West
PROD-0005,2024-02-16,35,West
PROD-0007,2024-02-16,11,West
PROD-0073,2024-02-16,32,South
PROD-0006,2024-02-16,9,Central
PROD-0095,2024-02-16,32,East
PROD-0034,2024-02-16,2,East
PROD-0040,2024-02-16,34,North
PROD-0048,2024-02-16,2,South
PROD-0094,2024-02-16,21,West
PROD-0053,2024-02-16,21,East
PROD-0033,2024-02-16,21,Central
PROD-0014,2024-02-16,10,West
PROD-0083,2024-02-16,30,West
PROD-0026,2024-02-16,21,East
PROD-0035,2024-02-16,7,Central
PROD-0027,2024-02-16,19,North
PROD-0063,2024-02-16,13,West
PROD-0060,2024-02-16,17,East
PROD-0072,2024-02-16,23,North
PROD-0011,2024-02-16,4,Central
PROD-0003,2024-02-16,28,East
PROD-0012,2024-02-16,19,Central
PROD-0051,2024-02-16,29,East
PROD-0038,2024-02-16,15,East
PROD-0086,2024-02-16,12,North
PROD-0064,2024-02-16,11,Central
PROD-0080,2024-02-16,18,West
PROD-0061,2024-02-16,35,South
PROD-0099,2024-02-16,32,Central
PROD-0082,2024-02-16,35,South
PROD-0071,2024-02-16,23,East
PROD-0091,2024-02-16,30,South
PROD-0010,2024-02-16,14,Central
PROD-0009,2024-02-16,0,North
PROD-0075,2024-02-16,3,North
PROD-0019,2024-02-16,18,North
PROD-0067,2024-02-16,23,North
PROD-0044,2024-02-16,30,West
PROD-0047,2024-02-16,16,South
PROD-0021,2024-02-16,32,East
PROD-0043,2024-02-16,11,South
PROD-0092,2024-02-16,2,North
PROD-0056,2024-02-16,28,North
PROD-0057,2024-02-16,2,Central
PROD-0070,2024-02-16,30,South
PROD-0029,2024-02-16,27,North
PROD-0050,2024-02-16,32,North
PROD-0032,2024-02-16,4,Central
PROD-0066,2024-02-16,6,West
PROD-0065,2024-02-16,30,Central
PROD-0030,2024-02-16,8,North
PROD-0074,2024-02-16,31,South
PROD-0018,2024-02-16,11,East
PROD-0078,2024-02-16,21,North
PROD-0002,2024-02-16,28,West
PROD-0055,2024-02-16,12,West
PROD-0016,2024-02-16,31,East
PROD-0025,2024-02-16,11,South
PROD-0028,2024-02-16,35,North
PROD-0081,2024-02-16,12,North
PROD-0037,2024-02-16,17,West
PROD-0039,2024-02-16,15,North
PROD-0087,2024-02-16,11,East
PROD-0053,2024-02-17,2,West
PROD-0076,2024-02-17,4,Central
PROD-0061,2024-02-17,10,South
PROD-0070,2024-02-17,17,West
PROD-0059,2024-02-17,2,South
PROD-0015,2024-02-17,14,West
PROD-0051,2024-02-17,5,Central
PROD-0007,2024-02-17,17,North
PROD-0030,2024-02-17,11,East
PROD-0048,2024-02-17,2,North
PROD-0039,2024-02-17,2,North
PROD-0062,2024-02-17,15,East
PROD-0060,2024-02-17,21,West
PROD-0089,2024-02-17,0,West
PROD-0083,2024-02-17,4,North
PROD-0081,2024-02-17,0,West
PROD-0099,2024-02-17,7,South
PROD-0005,2024-02-17,18,East
PROD-0029,2024-02-17,10,Central
PROD-0057,2024-02-17,0,Central
PROD-0090,2024-02-17,18,West
PROD-0044,2024-02-17,12,West
PROD-0020,2024-02-17,10,North
PROD-0047,2024-02-17,14,South
PROD-0010,2024-02-17,0,West
PROD-0022,2024-02-17,18,West
PROD-0034,2024-02-17,2,Central
PROD-0026,2024-02-17,14,East
PROD-0003,2024-02-17,9,East
PROD-0002,2024-02-17,10,North
PROD-0025,2024-02-17,16,North
PROD-0087,2024-02-17,9,Central
PROD-0014,2024-02-17,9,North
PROD-0067,2024-02-17,12,East
PROD-0031,2024-02-17,17,South
PROD-0045,2024-02-17,4,Central
PROD-0069,2024-02-17,0,West
PROD-0009,2024-02-17,17,South
PROD-0027,2024-02-17,8,West
PROD-0071,2024-02-17,2,East
PROD-0004,2024-02-17,13,North
PROD-0016,2024-02-17,16,West
PROD-0024,2024-02-17,19,South
PROD-0008,2024-02-17,3,North
PROD-0012,2024-02-17,4,North
PROD-0033,2024-02-17,19,Central
PROD-0079,2024-02-17,6,West
PROD-0018,2024-02-17,10,North
PROD-0042,2024-02-17,14,East
PROD-0001,2024-02-17,13,Central
PROD-0073,2024-02-17,11,North
PROD-0094,2024-02-17,0,East
PROD-0074,2024-02-17,1,East
PROD-0035,2024-02-17,19,North
PROD-0075,2024-02-17,10,North
PROD-0046,2024-02-17,5,Central
PROD-0055,2024-02-17,12,Central
PROD-0095,2024-02-17,4,Central
PROD-0041,2024-02-17,6,North
PROD-0077,2024-02-17,0,South
PROD-0098,2024-02-17,13,North
PROD-0065,2024-02-17,12,Central
PROD-0052,2024-02-17,0,South
PROD-0007,2024-02-18,3,North
PROD-0004,2024-02-18,4,North
PROD-0016,2024-02-18,8,North
PROD-0051,2024-02-18,12,Central
PROD-0033,2024-02-18,4,Central
PROD-0014,2024-02-18,2,North
PROD-0059,2024-02-18,2,West
PROD-0076,2024-02-18,16,Central
PROD-0063,2024-02-18,6,North
PROD-0032,2024-02-18,4,West
PROD-0074,2024-02-18,9,West
PROD-0019,2024-02-18,8,North
PROD-0027,2024-02-18,18,Central
PROD-0042,2024-02-18,14,South
PROD-0041,2024-02-18,8,South
PROD-0093,2024-02-18,20,North
PROD-0006,2024-02-18,15,South
PROD-0017,2024-02-18,9,North
PROD-0024,2024-02-18,2,East
PROD-0035,2024-02-18,4,West
PROD-0075,2024-02-18,4,East
PROD-0043,2024-02-18,14,South
PROD-0060,2024-02-18,11,South
PROD-0090,2024-02-18,15,North
PROD-0054,2024-02-18,3,North
PROD-0091,2024-02-18,16,Central
PROD-0022,2024-02-18,10,South
PROD-0072,2024-02-18,0,West
PROD-0050,2024-02-18,2,North
PROD-0057,2024-02-18,0,South
PROD-0080,2024-02-18,2,Central
PROD-0020,2024-02-18,7,West
PROD-0036,2024-02-18,18,West
PROD-0034,2024-02-18,18,South
PROD-0073,2024-02-18,5,South
PROD-0031,2024-02-18,16,East
PROD-0095,2024-02-18,14,West
PROD-0077,2024-02-18,11,South
PROD-0081,2024-02-18,4,Central
PROD-0008,2024-02-18,18,North
PROD-0013,2024-02-18,16,South
PROD-0026,2024-02-18,18,West
PROD-0039,2024-02-18,16,North
PROD-0012,2024-02-18,16,East
PROD-0044,2024-02-18,9,West
PROD-0028,2024-02-18,0,Central
PROD-0011,2024-02-18,6,South
PROD-0094,2024-02-18,2,Central
PROD-0069,2024-02-18,2,Central
PROD-0097,2024-02-18,9,Central
PROD-0002,2024-02-18,13,South
PROD-0099,2024-02-18,12,South
PROD-0009,2024-02-18,7,North
PROD-0065,2024-02-18,4,North
PROD-0029,2024-02-18,4,West
PROD-0100,2024-02-18,13,South
PROD-0088,2024-02-18,4,North
PROD-0056,2024-02-18,1,East
PROD-0037,2024-02-18,7,South
PROD-0098,2024-02-18,11,East
PROD-0053,2024-02-18,9,Central
PROD-0045,2024-02-18,20,West
PROD-0058,2024-02-18,0,North
PROD-0078,2024-02-18,19,North
PROD-0071,2024-02-18,14,South
PROD-0061,2024-02-18,4,North
PROD-0083,2024-02-18,13,Central
PROD-0010,2024-02-18,2,North
PROD-0040,2024-02-18,6,West
PROD-0067,2024-02-18,15,Central
PROD-0064,2024-02-18,8,West
PROD-0023,2024-02-18,4,East
PROD-0082,2024-02-18,6,North
PROD-0018,2024-02-18,8,South
PROD-0088,2024-02-19,33,West
PROD-0025,2024-02-19,9,West
PROD-0057,2024-02-19,10,North
PROD-0051,2024-02-19,21,Central
PROD-0046,2024-02-19,22,North
PROD-0053,2024-02-19,19,South
PROD-0098,2024-02-19,9,Central
PROD-0081,2024-02-19,21,South
PROD-0075,2024-02-19,17,East
PROD-0021,2024-02-19,6,West
PROD-0056,2024-02-19,32,South
PROD-0042,2024-02-19,28,East
PROD-0030,2024-02-19,12,South
PROD-0095,2024-02-19,15,South
PROD-0029,2024-02-19,2,Central
PROD-0010,2024-02-19,2,East
PROD-0062,2024-02-19,6,North
PROD-0012,2024-02-19,21,West
PROD-0085,2024-02-19,18,South
PROD-0084,2024-02-19,34,East
PROD-0093,2024-02-19,10,East
PROD-0033,2024-02-19,27,South
PROD-0052,2024-02-19,28,Central
PROD-0009,2024-02-19,7,Central
PROD-0011,2024-02-19,25,South
PROD-0041,2024-02-19,4,West
PROD-0096,2024-02-19,23,West
PROD-0008,2024-02-19,9,Central
PROD-0022,2024-02-19,21,West
PROD-0003,2024-02-19,12,North
PROD-0002,2024-02-19,32,West
PROD-0045,2024-02-19,33,South
PROD-0082,2024-02-19,11,East
PROD-0038,2024-02-19,19,Central
PROD-0083,2024-02-19,10,Central
PROD-0055,2024-02-19,7,Central
PROD-0039,2024-02-19,0,West
PROD-0028,2024-02-19,2,North
PROD-0016,2024-02-19,21,Central
PROD-0074,2024-02-19,2,West
PROD-0068,2024-02-19,23,West
PROD-0037,2024-02-19,21,North
PROD-0099,2024-02-19,20,West
PROD-0079,2024-02-19,11,North
PROD-0071,2024-02-19,25,North
PROD-0091,2024-02-19,31,West
PROD-0087,2024-02-19,9,South
PROD-0077,2024-02-19,16,East
PROD-0001,2024-02-19,11,North
PROD-0050,2024-02-19,1,West
PROD-0043,2024-02-19,30,East
PROD-0078,2024-02-19,7,West
PROD-0076,2024-02-19,25,Central
PROD-0024,2024-02-19,1,West
PROD-0040,2024-02-19,21,South
PROD-0089,2024-02-19,32,West
PROD-0048,2024-02-19,8,East
PROD-0032,2024-02-19,28,West
PROD-0066,2024-02-19,32,North
PROD-0036,2024-02-19,28,North
PROD-0080,2024-02-19,17,East
PROD-0020,2024-02-20,13,West
PROD-0001,2024-02-20,34,East
PROD-0024,2024-02-20,31,Central
PROD-0052,2024-02-20,24,Central
PROD-0008,2024-02-20,9,North
PROD-0039,2024-02-20,28,East
PROD-0029,2024-02-20,33,North
PROD-0100,2024-02-20,23,East
PROD-0077,2024-02-20,2,North
PROD-0038,2024-02-20,17,East
PROD-0088,2024-02-20,21,Central
PROD-0055,2024-02-20,2,East
PROD-0083,2024-02-20,16,South
PROD-0027,2024-02-20,29,Central
PROD-0031,2024-02-20,32,North
PROD-0050,2024-02-20,25,South
PROD-0075,2024-02-20,6,East
PROD-0087,2024-02-20,11,Central
PROD-0026,2024-02-20,5,West
PROD-0016,2024-02-20,33,Central
PROD-0059,2024-02-20,31,South
PROD-0058,2024-02-20,34,South
PROD-0037,2024-02-20,14,East
PROD-0062,2024-02-20,12,Central
PROD-0002,2024-02-20,30,West
PROD-0078,2024-02-20,12,North
PROD-0048,2024-02-20,3,East
PROD-0007,2024-02-20,16,West
PROD-0013,2024-02-20,22,Central
PROD-0081,2024-02-20,23,North
PROD-0072,2024-02-20,21,Central
PROD-0021,2024-02-20,30,Central
PROD-0036,2024-02-20,13,West
PROD-0066,2024-02-20,28,East
PROD-0042,2024-02-20,30,North
PROD-0044,2024-02-20,9,West
PROD-0071,2024-02-20,4,North
PROD-0095,2024-02-20,18,South
PROD-0079,2024-02-20,13,North
PROD-0057,2024-02-20,4,South
PROD-0076,2024-02-20,12,North
PROD-0053,2024-02-20,31,South
PROD-0046,2024-02-20,22,South
PROD-0034,2024-02-20,9,Central
PROD-0028,2024-02-20,28,North
PROD-0025,2024-02-20,13,West
PROD-0030,2024-02-20,30,Central
PROD-0054,2024-02-20,6,West
PROD-0051,2024-02-20,16,West
PROD-0086,2024-02-20,20,North
PROD-0047,2024-02-20,13,South
PROD-0019,2024-02-20,3,North
PROD-0010,2024-02-20,10,Central
PROD-0061,2024-02-20,29,East
PROD-0064,2024-02-20,18,Central
PROD-0085,2024-02-20,15,East
PROD-0049,2024-02-20,22,Central
PROD-0089,2024-02-20,30,Central
PROD-0033,2024-02-20,25,West
PROD-0014,2024-02-20,21,East
PROD-0092,2024-02-20,25,South
PROD-0012,2024-02-20,14,South
PROD-0060,2024-02-20,11,South
PROD-0009,2024-02-20,21,East
PROD-0003,2024-02-20,13,North
PROD-0080,2024-02-20,7,East
PROD-0098,2024-02-20,13,West
PROD-0065,2024-02-20,7,Central
PROD-0022,2024-02-20,7,Central
PROD-0035,2024-02-20,13,South
PROD-0090,2024-02-21,32,South
PROD-0001,2024-02-21,7,South
PROD-0035,2024-02-21,5,North
PROD-0060,2024-02-21,14,Central
PROD-0084,2024-02-21,6,West
PROD-0024,2024-02-21,11,East
PROD-0086,2024-02-21,8,South
PROD-0038,2024-02-21,25,North
PROD-0049,2024-02-21,30,East
PROD-0050,2024-02-21,16,South
PROD-0033,2024-02-21,16,West
PROD-0003,2024-02-21,24,South
PROD-0062,2024-02-21,24,East
PROD-0098,2024-02-21,5,North
PROD-0091,2024-02-21,18,West
PROD-0045,2024-02-21,35,South
PROD-0010,2024-02-21,21,East
PROD-0041,2024-02-21,7,North
PROD-0058,2024-02-21,33,Central
PROD-0094,2024-02-21,23,East
PROD-0040,2024-02-21,29,East
PROD-0026,2024-02-21,21,East
PROD-0011,2024-02-21,34,Central
PROD-0092,2024-02-21,30,South
PROD-0031,2024-02-21,25,West
PROD-0068,2024-02-21,15,North
PROD-0082,2024-02-21,32,West
PROD-0048,2024-02-21,2,South
PROD-0004,2024-02-21,30,Central
PROD-0061,2024-02-21,5,East
PROD-0056,2024-02-21,1,West
PROD-0059,2024-02-21,28,South
PROD-0087,2024-02-21,20,East
PROD-0054,2024-02-21,4,East
PROD-0044,2024-02-21,2,Central
PROD-0009,2024-02-21,29,South
PROD-0039,2024-02-21,26,Central
PROD-0051,2024-02-21,10,East
PROD-0070,2024-02-21,9,North
PROD-0057,2024-02-21,4,Central
PROD-0064,2024-02-21,20,North
PROD-0034,2024-02-21,23,West
PROD-0078,2024-02-21,9,West
PROD-0065,2024-02-21,14,Central
PROD-0100,2024-02-21,27,Central
PROD-0053,2024-02-21,2,East
PROD-0005,2024-02-21,18,South
PROD-0018,2024-02-21,32,West
PROD-0077,2024-02-21,16,West
PROD-0032,2024-02-21,16,North
PROD-0022,2024-02-21,13,East
PROD-0002,2024-02-21,16,East
PROD-0083,2024-02-21,20,Central
PROD-0006,2024-02-21,4,South
PROD-0025,2024-02-21,32,West
PROD-0020,2024-02-21,33,West
PROD-0075,2024-02-21,20,East
PROD-0066,2024-02-21,7,West
PROD-0055,2024-02-21,32,West
PROD-0027,2024-02-21,6,Central
PROD-0099,2024-02-21,27,North
PROD-0021,2024-02-21,7,South
PROD-0042,2024-02-21,14,West
PROD-0093,2024-02-21,23,East
PROD-0019,2024-02-21,3,Central
PROD-0073,2024-02-21,34,West
PROD-0096,2024-02-21,4,North
PROD-0089,2024-02-21,18,East
PROD-0015,2024-02-21,18,South
PROD-0067,2024-02-21,25,West
PROD-0029,2024-02-21,32,Central
PROD-0037,2024-02-21,34,South
PROD-0052,2024-02-21,9,South
PROD-0071,2024-02-21,17,East
PROD-0074,2024-02-21,25,West
PROD-0014,2024-02-21,2,East
PROD-0016,2024-02-21,26,East
PROD-0023,2024-02-21,22,Central
PROD-0030,2024-02-21,33,West
PROD-0023,2024-02-22,0,South
PROD-0003,2024-02-22,11,East
PROD-0061,2024-02-22,28,West
PROD-0006,2024-02-22,5,East
PROD-0074,2024-02-22,18,South
PROD-0078,2024-02-22,22,South
PROD-0087,2024-02-22,1,North
PROD-0044,2024-02-22,34,East
PROD-0045,2024-02-22,22,North
PROD-0018,2024-02-22,27,East
PROD-0005,2024-02-22,26,West
PROD-0057,2024-02-22,25,West
PROD-0095,2024-02-22,11,West
PROD-0014,2024-02-22,31,North
PROD-0058,2024-02-22,16,Central
PROD-0015,2024-02-22,32,Central
PROD-0021,2024-02-22,1,East
PROD-0073,2024-02-22,7,Central
PROD-0072,2024-02-22,2,South
PROD-0089,2024-02-22,14,West
PROD-0029,2024-02-22,31,South
PROD-0007,2024-02-22,16,South
PROD-0092,2024-02-22,2,East
PROD-0091,2024-02-22,16,West
PROD-0055,2024-02-22,28,East
PROD-0035,2024-02-22,2,East
PROD-0051,2024-02-22,13,Central
PROD-0090,2024-02-22,28,North
PROD-0036,2024-02-22,23,South
PROD-0048,2024-02-22,35,South
PROD-0009,2024-02-22,34,North
PROD-0008,2024-02-22,27,South
PROD-0098,2024-02-22,24,East
PROD-0059,2024-02-22,14,East
PROD-0077,2024-02-22,12,East
PROD-0076,2024-02-22,4,Central
PROD-0052,2024-02-22,26,East
PROD-0034,2024-02-22,7,North
PROD-0068,2024-02-22,6,Central
PROD-0079,2024-02-22,13,East
PROD-0056,2024-02-22,35,West
PROD-0022,2024-02-22,18,East
PROD-0097,2024-02-22,7,North
PROD-0037,2024-02-22,9,South
PROD-0069,2024-02-22,23,South
PROD-0041,2024-02-22,9,Central
PROD-0013,2024-02-22,28,Central
PROD-0033,2024-02-22,24,Central
PROD-0070,2024-02-22,31,North
PROD-0042,2024-02-22,18,West
PROD-0100,2024-02-22,3,North
PROD-0032,2024-02-22,6,North
PROD-0025,2024-02-22,21,East
PROD-0028,2024-02-22,14,East
PROD-0038,2024-02-22,6,West
PROD-0020,2024-02-22,27,Central
PROD-0030,2024-02-22,34,East
PROD-0063,2024-02-22,8,East
PROD-0062,2024-02-22,1,North
PROD-0093,2024-02-22,10,South
PROD-0064,2024-02-22,31,South
PROD-0080,2024-02-22,31,South
PROD-0054,2024-02-22,14,South
PROD-0049,2024-02-22,9,South
PROD-0071,2024-02-23,19,North
PROD-0086,2024-02-23,3,North
PROD-0026,2024-02-23,35,West
PROD-0037,2024-02-23,34,West
PROD-0075,2024-02-23,2,South
PROD-0084,2024-02-23,4,North
PROD-0062,2024-02-23,30,Central
PROD-0083,2024-02-23,26,North
PROD-0051,2024-02-23,21,North
PROD-0030,2024-02-23,11,North
PROD-0010,2024-02-23,3,East
PROD-0024,2024-02-23,30,North
PROD-0048,2024-02-23,34,North
PROD-0064,2024-02-23,5,Central
PROD-0004,2024-02-23,9,Central
PROD-0003,2024-02-23,9,South
PROD-0073,2024-02-23,30,East
PROD-0099,2024-02-23,1,North
PROD-0053,2024-02-23,7,East
PROD-0007,2024-02-23,26,East
PROD-0011,2024-02-23,16,South
PROD-0074,2024-02-23,23,Central
PROD-0065,2024-02-23,11,Central
PROD-0001,2024-02-23,25,North
PROD-0079,2024-02-23,4,Central
PROD-0008,2024-02-23,34,North
PROD-0057,2024-02-23,23,South
PROD-0100,2024-02-23,32,South
PROD-0063,2024-02-23,13,South
PROD-0039,2024-02-23,34,Central
PROD-0042,2024-02-23,0,North
PROD-0002,2024-02-23,9,Central
PROD-0093,2024-02-23,32,West
PROD-0050,2024-02-23,16,Central
PROD-0025,2024-02-23,8,West
PROD-0006,2024-02-23,30,North
PROD-0029,2024-02-23,8,East
PROD-0009,2024-02-23,17,West
PROD-0060,2024-02-23,9,Central
PROD-0049,2024-02-23,10,West
PROD-0085,2024-02-23,5,East
PROD-0013,2024-02-23,5,West
PROD-0055,2024-02-23,5,Central
PROD-0092,2024-02-23,6,West
PROD-0089,2024-02-23,34,East
PROD-0019,2024-02-23,32,East
PROD-0028,2024-02-23,25,North
PROD-0066,2024-02-23,4,East
PROD-0035,2024-02-23,22,North
PROD-0031,2024-02-23,17,East
PROD-0088,2024-02-23,21,Central
PROD-0043,2024-02-23,33,East
PROD-0077,2024-02-23,30,West
PROD-0072,2024-02-23,10,Central
PROD-0040,2024-02-23,18,East
PROD-0081,2024-02-23,19,South
PROD-0052,2024-02-23,3,West
PROD-0027,2024-02-23,30,East
PROD-0087,2024-02-23,8,North
PROD-0005,2024-02-23,30,West
PROD-0034,2024-02-23,30,North
PROD-0082,2024-02-23,18,West
PROD-0047,2024-02-23,23,North
PROD-0054,2024-02-23,5,South
PROD-0041,2024-02-23,18,West
PROD-0017,2024-02-23,31,Central
PROD-0044,2024-02-23,4,South
PROD-0015,2024-02-23,3,East
PROD-0032,2024-02-23,9,East
PROD-0046,2024-02-23,9,Central
PROD-0090,2024-02-23,18,North
PROD-0014,2024-02-23,10,West
PROD-0091,2024-02-23,32,West
PROD-0012,2024-02-23,12,Central
PROD-0097,2024-02-23,26,East
PROD-0021,2024-02-23,34,West
PROD-0068,2024-02-23,16,West
PROD-0069,2024-02-23,30,Central
PROD-0059,2024-02-23,18,West
PROD-0080,2024-02-24,4,West
PROD-0079,2024-02-24,2,North
PROD-0064,2024-02-24,7,West
PROD-0090,2024-02-24,13,South
PROD-0050,2024-02-24,16,South
PROD-0098,2024-02-24,0,North
PROD-0005,2024-02-24,19,North
PROD-0066,2024-02-24,2,West
PROD-0010,2024-02-24,18,North
PROD-0021,2024-02-24,4,West
PROD-0018,2024-02-24,16,East
PROD-0086,2024-02-24,4,East
PROD-0002,2024-02-24,16,Central
PROD-0099,2024-02-24,2,North
PROD-0063,2024-02-24,17,Central
PROD-0036,2024-02-24,21,West
PROD-0070,2024-02-24,12,South
PROD-0054,2024-02-24,7,West
PROD-0061,2024-02-24,13,Central
PROD-0048,2024-02-24,7,Central
PROD-0017,2024-02-24,9,Central
PROD-0041,2024-02-24,14,North
PROD-0044,2024-02-24,20,North
PROD-0081,2024-02-24,11,North
PROD-0095,2024-02-24,10,West
PROD-0030,2024-02-24,8,West
PROD-0047,2024-02-24,11,West
PROD-0022,2024-02-24,0,North
PROD-0029,2024-02-24,4,Central
PROD-0032,2024-02-24,17,East
PROD-0083,2024-02-24,18,South
PROD-0049,2024-02-24,13,West
PROD-0016,2024-02-24,3,East
PROD-0024,2024-02-24,18,West
PROD-0037,2024-02-24,13,North
PROD-0059,2024-02-24,15,West
PROD-0065,2024-02-24,17,Central
PROD-0025,2024-02-24,18,Central
PROD-0088,2024-02-24,15,West
PROD-0067,2024-02-24,12,Central
PROD-0068,2024-02-24,4,Central
PROD-0007,2024-02-24,1,West
PROD-0008,2024-02-24,7,West
PROD-0040,2024-02-24,15,West
PROD-0096,2024-02-24,16,East
PROD-0001,2024-02-24,21,East
PROD-0071,2024-02-24,8,North
PROD-0058,2024-02-24,0,Central
PROD-0062,2024-02-24,0,South
PROD-0046,2024-02-24,9,East
PROD-0006,2024-02-24,19,Central
PROD-0087,2024-02-24,0,East
PROD-0093,2024-02-24,10,North
PROD-0034,2024-02-24,11,East
PROD-0038,2024-02-24,9,West
PROD-0082,2024-02-24,9,North
PROD-0027,2024-02-24,17,South
PROD-0075,2024-02-24,6,South
PROD-0074,2024-02-24,17,East
PROD-0011,2024-02-24,15,North
PROD-0014,2024-02-24,18,North
PROD-0055,2024-02-24,8,North
PROD-0031,2024-02-24,9,South
PROD-0015,2024-02-24,0,Central
PROD-0012,2024-02-24,8,North
PROD-0100,2024-02-24,12,West
PROD-0089,2024-02-24,15,Central
PROD-0056,2024-02-24,11,East
PROD-0094,2024-02-24,0,West
PROD-0009,2024-02-24,15,North
PROD-0049,2024-02-25,10,Central
PROD-0090,2024-02-25,10,East
PROD-0048,2024-02-25,15,North
PROD-0071,2024-02-25,13,North
PROD-0003,2024-02-25,18,South
PROD-0084,2024-02-25,9,West
PROD-0020,2024-02-25,13,East
PROD-0098,2024-02-25,4,Central
PROD-0073,2024-02-25,8,East
PROD-0023,2024-02-25,11,South
PROD-0078,2024-02-25,13,North
PROD-0077,2024-02-25,14,South
PROD-0085,2024-02-25,7,East
PROD-0088,2024-02-25,1,East
PROD-0015,2024-02-25,15,West
PROD-0095,2024-02-25,6,Central
PROD-0005,2024-02-25,19,North
PROD-0055,2024-02-25,18,Central
PROD-0044,2024-02-25,2,Central
PROD-0025,2024-02-25,9,East
PROD-0006,2024-02-25,2,Central
PROD-0013,2024-02-25,14,West
PROD-0061,2024-02-25,11,South
PROD-0070,2024-02-25,9,North
PROD-0021,2024-02-25,17,East
PROD-0039,2024-02-25,13,East
PROD-0046,2024-02-25,11,Central
PROD-0091,2024-02-25,8,South
PROD-0069,2024-02-25,11,West
PROD-0012,2024-02-25,7,Central
PROD-0002,2024-02-25,13,West
PROD-0011,2024-02-25,17,Central
PROD-0082,2024-02-25,4,North
PROD-0042,2024-02-25,16,Central
PROD-0059,2024-02-25,4,Central
PROD-0040,2024-02-25,13,South
PROD-0063,2024-02-25,17,West
PROD-0096,2024-02-25,7,Central
PROD-0037,2024-02-25,16,West
PROD-0062,2024-02-25,15,North
PROD-0031,2024-02-25,14,South
PROD-0056,2024-02-25,9,West
PROD-0016,2024-02-25,4,South
PROD-0029,2024-02-25,4,East
PROD-0028,2024-02-25,11,West
PROD-0018,2024-02-25,8,North
PROD-0014,2024-02-25,16,South
PROD-0032,2024-02-25,11,East
PROD-0027,2024-02-25,7,South
PROD-0065,2024-02-25,7,Central
PROD-0058,2024-02-25,6,West
PROD-0036,2024-02-25,6,North
PROD-0019,2024-02-25,4,South
PROD-0024,2024-02-25,0,South
PROD-0008,2024-02-25,8,West
PROD-0100,2024-02-25,13,Central
PROD-0009,2024-02-25,11,West
PROD-0075,2024-02-25,17,North
PROD-0094,2024-02-25,4,South
PROD-0076,2024-02-25,7,South
PROD-0072,2024-02-25,0,East
PROD-0066,2024-02-25,7,Central
PROD-0026,2024-02-25,4,North
PROD-0054,2024-02-25,19,West
PROD-0043,2024-02-25,0,North
PROD-0068,2024-02-25,2,East
PROD-0097,2024-02-25,16,East
PROD-0004,2024-02-25,2,West
PROD-0034,2024-02-25,9,North
PROD-0060,2024-02-25,10,South
PROD-0087,2024-02-25,6,North
PROD-0001,2024-02-25,15,Central
PROD-0033,2024-02-25,2,Central
PROD-0052,2024-02-25,17,Central
PROD-0050,2024-02-25,21,Central
PROD-0083,2024-02-25,7,West
PROD-0057,2024-02-25,2,South
PROD-0010,2024-02-25,16,North
PROD-0074,2024-02-25,21,East
PROD-0030,2024-02-26,26,West
PROD-0081,2024-02-26,33,South
PROD-0027,2024-02-26,19,South
PROD-0087,2024-02-26,7,North
PROD-0075,2024-02-26,8,South
PROD-0090,2024-02-26,12,West
PROD-0001,2024-02-26,18,East
PROD-0094,2024-02-26,26,North
PROD-0050,2024-02-26,22,Central
PROD-0080,2024-02-26,16,North
PROD-0048,2024-02-26,14,Central
PROD-0017,2024-02-26,19,West
PROD-0064,2024-02-26,30,South
PROD-0036,2024-02-26,12,South
PROD-0078,2024-02-26,16,West
PROD-0085,2024-02-26,32,East
PROD-0096,2024-02-26,14,North
PROD-0072,2024-02-26,29,Central
PROD-0024,2024-02-26,2,North
PROD-0031,2024-02-26,31,South
PROD-0069,2024-02-26,11,Central
PROD-0093,2024-02-26,17,East
PROD-0084,2024-02-26,28,East
PROD-0034,2024-02-26,30,North
PROD-0100,2024-02-26,24,South
PROD-0040,2024-02-26,20,West
PROD-0004,2024-02-26,0,West
PROD-0041,2024-02-26,11,East
PROD-0020,2024-02-26,4,South
PROD-0026,2024-02-26,14,South
PROD-0056,2024-02-26,7,West
PROD-0086,2024-02-26,28,East
PROD-0008,2024-02-26,35,West
PROD-0046,2024-02-26,2,East
PROD-0060,2024-02-26,4,West
PROD-0091,2024-02-26,21,West
PROD-0013,2024-02-26,15,West
PROD-0012,2024-02-26,4,South
PROD-0074,2024-02-26,31,East
PROD-0035,2024-02-26,23,North
PROD-0063,2024-02-26,16,West
PROD-0047,2024-02-26,27,Central
PROD-0099,2024-02-26,33,East
PROD-0065,2024-02-26,21,North
PROD-0019,2024-02-26,34,North
PROD-0089,2024-02-26,29,South
PROD-0098,2024-02-26,28,West
PROD-0088,2024-02-26,29,South
PROD-0095,2024-02-26,0,West
PROD-0067,2024-02-26,9,East
PROD-0010,2024-02-26,14,Central
PROD-0061,2024-02-26,4,North
PROD-0053,2024-02-26,7,South
PROD-0073,2024-02-26,23,South
PROD-0071,2024-02-26,27,West
PROD-0023,2024-02-26,14,West
PROD-0005,2024-02-26,21,South
PROD-0032,2024-02-26,11,South
PROD-0077,2024-02-26,30,Central
PROD-0045,2024-02-26,14,East
PROD-0083,2024-02-26,9,North
PROD-0009,2024-02-26,18,East
PROD-0049,2024-02-26,8,West
PROD-0070,2024-02-26,17,Central
PROD-0051,2024-02-26,10,North
PROD-0028,2024-02-26,1,Central
PROD-0040,2024-02-27,28,South
PROD-0038,2024-02-27,4,West
PROD-0015,2024-02-27,9,East
PROD-0067,2024-02-27,31,South
PROD-0033,2024-02-27,2,West
PROD-0074,2024-02-27,28,West
PROD-0088,2024-02-27,27,East
PROD-0004,2024-02-27,7,North
PROD-0054,2024-02-27,16,South
PROD-0044,2024-02-27,25,North
PROD-0031,2024-02-27,0,Central
PROD-0068,2024-02-27,19,West
PROD-0007,2024-02-27,30,West
PROD-0094,2024-02-27,5,South
PROD-0071,2024-02-27,32,South
PROD-0073,2024-02-27,9,East
PROD-0100,2024-02-27,13,West
PROD-0064,2024-02-27,17,South
PROD-0021,2024-02-27,19,South
PROD-0049,2024-02-27,27,South
PROD-0003,2024-02-27,13,South
PROD-0055,2024-02-27,18,South
PROD-0017,2024-02-27,18,South
PROD-0053,2024-02-27,1,East
PROD-0034,2024-02-27,11,South
PROD-0037,2024-02-27,28,West
PROD-0084,2024-02-27,11,East
PROD-0029,2024-02-27,26,West
PROD-0058,2024-02-27,4,North
PROD-0077,2024-02-27,21,South
PROD-0042,2024-02-27,14,West
PROD-0066,2024-02-27,30,South
PROD-0096,2024-02-27,32,West
PROD-0090,2024-02-27,32,West
PROD-0087,2024-02-27,33,Central
PROD-0022,2024-02-27,11,North
PROD-0001,2024-02-27,4,Central
PROD-0061,2024-02-27,2,North
PROD-0014,2024-02-27,15,South
PROD-0065,2024-02-27,21,East
PROD-0075,2024-02-27,27,Central
PROD-0035,2024-02-27,32,North
PROD-0019,2024-02-27,0,East
PROD-0011,2024-02-27,23,Central
PROD-0070,2024-02-27,17,East
PROD-0095,2024-02-27,18,East
PROD-0099,2024-02-27,6,Central
PROD-0010,2024-02-27,2,Central
PROD-0002,2024-02-27,8,East
PROD-0052,2024-02-27,7,Central
PROD-0047,2024-02-27,22,East
PROD-0076,2024-02-27,21,South
PROD-0020,2024-02-27,4,East
PROD-0082,2024-02-27,32,Central
PROD-0005,2024-02-27,19,South
PROD-0079,2024-02-27,11,North
PROD-0045,2024-02-27,14,North
PROD-0030,2024-02-27,6,West
PROD-0039,2024-02-27,12,East
PROD-0048,2024-02-27,19,East
PROD-0024,2024-02-27,11,Central
PROD-0016,2024-02-27,34,East
PROD-0085,2024-02-27,23,East
PROD-0008,2024-02-27,19,South
PROD-0091,2024-02-27,14,West
PROD-0046,2024-02-27,34,South
PROD-0009,2024-02-27,25,West
PROD-0032,2024-02-27,2,South
PROD-0027,2024-02-27,7,North
PROD-0098,2024-02-27,10,South
PROD-0051,2024-02-27,2,West
PROD-0057,2024-02-27,11,South
PROD-0013,2024-02-28,19,North
PROD-0080,2024-02-28,22,North
PROD-0081,2024-02-28,20,East
PROD-0004,2024-02-28,32,Central
PROD-0039,2024-02-28,22,West
PROD-0096,2024-02-28,22,North
PROD-0074,2024-02-28,32,South
PROD-0005,2024-02-28,5,East
PROD-0055,2024-02-28,4,South
PROD-0078,2024-02-28,13,South
PROD-0015,2024-02-28,7,Central
PROD-0060,2024-02-28,12,Central
PROD-0076,2024-02-28,30,Central
PROD-0008,2024-02-28,9,Central
PROD-0012,2024-02-28,0,Central
PROD-0099,2024-02-28,35,Central
PROD-0070,2024-02-28,8,West
PROD-0069,2024-02-28,3,South
PROD-0059,2024-02-28,35,West
PROD-0010,2024-02-28,30,North
PROD-0036,2024-02-28,15,North
PROD-0072,2024-02-28,13,North
PROD-0027,2024-02-28,18,East
PROD-0022,2024-02-28,26,North
PROD-0032,2024-02-28,14,South
PROD-0088,2024-02-28,1,North
PROD-0089,2024-02-28,21,West
PROD-0083,2024-02-28,21,East
PROD-0066,2024-02-28,27,North
PROD-0029,2024-02-28,15,North
PROD-0046,2024-02-28,29,Central
PROD-0016,2024-02-28,20,East
PROD-0093,2024-02-28,32,Central
PROD-0034,2024-02-28,6,South
PROD-0056,2024-02-28,2,East
PROD-0001,2024-02-28,14,North
PROD-0091,2024-02-28,33,North
PROD-0063,2024-02-28,25,Central
PROD-0092,2024-02-28,17,North
PROD-0019,2024-02-28,18,East
PROD-0024,2024-02-28,8,South
PROD-0033,2024-02-28,35,West
PROD-0035,2024-02-28,4,North
PROD-0003,2024-02-28,9,South
PROD-0068,2024-02-28,17,West
PROD-0071,2024-02-28,13,South
PROD-0014,2024-02-28,5,East
PROD-0052,2024-02-28,22,West
PROD-0067,2024-02-28,33,East
PROD-0062,2024-02-28,30,Central
PROD-0038,2024-02-28,6,East
PROD-0011,2024-02-28,30,North
PROD-0073,2024-02-28,16,Central
PROD-0058,2024-02-28,9,West
PROD-0075,2024-02-28,20,West
PROD-0097,2024-02-28,21,East
PROD-0002,2024-02-28,25,Central
PROD-0041,2024-02-28,19,North
PROD-0061,2024-02-28,34,West
PROD-0017,2024-02-28,16,Central
PROD-0028,2024-02-28,8,West
PROD-0053,2024-02-28,28,West
PROD-0054,2024-02-28,4,North
PROD-0037,2024-02-28,23,East
PROD-0020,2024-02-28,21,South
PROD-0049,2024-02-28,29,South
PROD-0082,2024-02-28,22,Central
PROD-0086,2024-02-28,28,Central
PROD-0098,2024-02-28,4,East
PROD-0031,2024-02-28,21,West
PROD-0084,2024-02-28,4,West
PROD-0009,2024-02-28,14,South
PROD-0095,2024-02-28,6,East
PROD-0048,2024-02-28,11,Central
PROD-0032,2024-02-29,25,North
PROD-0038,2024-02-29,25,North
PROD-0027,2024-02-29,2,Central
PROD-0096,2024-02-29,4,Central
PROD-0072,2024-02-29,19,West
PROD-0065,2024-02-29,4,West
PROD-0050,2024-02-29,30,Central
PROD-0047,2024-02-29,11,East
PROD-0046,2024-02-29,11,Central
PROD-0048,2024-02-29,4,Central
PROD-0034,2024-02-29,1,North
PROD-0098,2024-02-29,33,West
PROD-0001,2024-02-29,8,South
PROD-0049,2024-02-29,18,North
PROD-0041,2024-02-29,4,West
PROD-0059,2024-02-29,32,East
PROD-0062,2024-02-29,14,Central
PROD-0024,2024-02-29,32,West
PROD-0075,2024-02-29,34,West
PROD-0058,2024-02-29,28,East
PROD-0084,2024-02-29,15,South
PROD-0083,2024-02-29,9,South
PROD-0094,2024-02-29,4,Central
PROD-0035,2024-02-29,11,North
PROD-0019,2024-02-29,19,Central
PROD-0044,2024-02-29,1,North
PROD-0051,2024-02-29,18,North
PROD-0022,2024-02-29,0,South
PROD-0068,2024-02-29,29,West
PROD-0078,2024-02-29,21,West
PROD-0033,2024-02-29,30,Central
PROD-0045,2024-02-29,32,West
PROD-0003,2024-02-29,14,Central
PROD-0006,2024-02-29,28,East
PROD-0028,2024-02-29,31,West
PROD-0070,2024-02-29,14,North
PROD-0071,2024-02-29,6,South
PROD-0055,2024-02-29,0,South
PROD-0017,2024-02-29,5,North
PROD-0079,2024-02-29,31,South
PROD-0043,2024-02-29,1,South
PROD-0025,2024-02-29,21,South
PROD-0100,2024-02-29,29,South
PROD-0080,2024-02-29,19,Central
PROD-0087,2024-02-29,9,North
PROD-0014,2024-02-29,14,West
PROD-0029,2024-02-29,7,West
PROD-0053,2024-02-29,19,North
PROD-0021,2024-02-29,5,South
PROD-0057,2024-02-29,7,West
PROD-0090,2024-02-29,22,West
PROD-0039,2024-02-29,1,West
PROD-0023,2024-02-29,26,South
PROD-0054,2024-02-29,9,East
PROD-0077,2024-02-29,25,West
PROD-0007,2024-02-29,2,East
PROD-0082,2024-02-29,0,North
PROD-0085,2024-02-29,28,West
PROD-0064,2024-02-29,18,West
PROD-0099,2024-02-29,33,Central
PROD-0037,2024-02-29,27,Central
PROD-0012,2024-02-29,13,North
PROD-0066,2024-02-29,22,West
PROD-0056,2024-02-29,22,Central
PROD-0036,2024-02-29,26,Central
PROD-0076,2024-02-29,30,West
PROD-0074,2024-02-29,10,North
PROD-0011,2024-02-29,23,North
PROD-0075,2024-03-01,21,Central
PROD-0087,2024-03-01,5,East
PROD-0012,2024-03-01,42,West
PROD-0094,2024-03-01,31,North
PROD-0013,2024-03-01,32,Central
PROD-0078,2024-03-01,42,East
PROD-0058,2024-03-01,29,West
PROD-0037,2024-03-01,2,South
PROD-0066,2024-03-01,19,South
PROD-0073,2024-03-01,31,East
PROD-0050,2024-03-01,29,South
PROD-0064,2024-03-01,33,South
PROD-0049,2024-03-01,38,East
PROD-0002,2024-03-01,39,West
PROD-0085,2024-03-01,9,East
PROD-0096,2024-03-01,47,West
PROD-0019,2024-03-01,27,East
PROD-0060,2024-03-01,31,South
PROD-0067,2024-03-01,40,South
PROD-0074,2024-03-01,19,North
PROD-0065,2024-03-01,43,West
PROD-0081,2024-03-01,9,South
PROD-0041,2024-03-01,13,South
PROD-0086,2024-03-01,39,West
PROD-0057,2024-03-01,7,West
PROD-0014,2024-03-01,32,East
PROD-0097,2024-03-01,16,South
PROD-0031,2024-03-01,36,North
PROD-0015,2024-03-01,2,East
PROD-0062,2024-03-01,17,East
PROD-0047,2024-03-01,44,South
PROD-0076,2024-03-01,12,Central
PROD-0005,2024-03-01,3,North
PROD-0093,2024-03-01,22,West
PROD-0033,2024-03-01,8,Central
PROD-0011,2024-03-01,15,North
PROD-0023,2024-03-01,36,South
PROD-0044,2024-03-01,32,East
PROD-0071,2024-03-01,22,East
PROD-0016,2024-03-01,50,North
PROD-0043,2024-03-01,50,Central
PROD-0052,2024-03-01,18,South
PROD-0088,2024-03-01,45,Central
PROD-0090,2024-03-01,39,North
PROD-0040,2024-03-01,46,North
PROD-0053,2024-03-01,29,West
PROD-0099,2024-03-01,49,North
PROD-0035,2024-03-01,7,Central
PROD-0004,2024-03-01,40,North
PROD-0070,2024-03-01,36,North
PROD-0079,2024-03-01,33,North
PROD-0001,2024-03-01,11,North
PROD-0091,2024-03-01,14,East
PROD-0009,2024-03-01,11,East
PROD-0089,2024-03-01,46,West
PROD-0022,2024-03-01,49,Central
PROD-0032,2024-03-01,32,North
PROD-0068,2024-03-01,10,East
PROD-0020,2024-03-01,22,South
PROD-0069,2024-03-01,8,South
PROD-0008,2024-03-01,29,West
PROD-0059,2024-03-01,50,North
PROD-0030,2024-03-01,16,West
PROD-0039,2024-03-01,22,East
PROD-0056,2024-03-01,33,South
PROD-0054,2024-03-01,6,East
PROD-0021,2024-03-01,24,West
PROD-0048,2024-03-01,24,South
PROD-0015,2024-03-02,29,Central
PROD-0092,2024-03-02,16,South
PROD-0049,2024-03-02,5,West
PROD-0026,2024-03-02,16,West
PROD-0012,2024-03-02,18,Central
PROD-0087,2024-03-02,26,East
PROD-0003,2024-03-02,1,West
PROD-0086,2024-03-02,6,North
PROD-0088,2024-03-02,27,Central
PROD-0090,2024-03-02,3,North
PROD-0067,2024-03-02,13,East
PROD-0065,2024-03-02,15,South
PROD-0019,2024-03-02,16,North
PROD-0044,2024-03-02,15,North
PROD-0011,2024-03-02,25,South
PROD-0060,2024-03-02,22,North
PROD-0021,2024-03-02,24,Central
PROD-0068,2024-03-02,11,West
PROD-0099,2024-03-02,15,Central
PROD-0013,2024-03-02,12,East
PROD-0075,2024-03-02,13,North
PROD-0098,2024-03-02,10,Central
PROD-0063,2024-03-02,24,South
PROD-0030,2024-03-02,27,West
PROD-0074,2024-03-02,17,South
PROD-0066,2024-03-02,21,Central
PROD-0070,2024-03-02,24,West
PROD-0077,2024-03-02,27,East
PROD-0048,2024-03-02,25,West
PROD-0023,2024-03-02,30,South
PROD-0095,2024-03-02,12,North
PROD-0010,2024-03-02,1,Central
PROD-0028,2024-03-02,13,West
PROD-0059,2024-03-02,28,South
PROD-0032,2024-03-02,20,Central
PROD-0027,2024-03-02,11,South
PROD-0045,2024-03-02,3,Central
PROD-0094,2024-03-02,21,East
PROD-0072,2024-03-02,20,East
PROD-0024,2024-03-02,29,South
PROD-0055,2024-03-02,1,North
PROD-0047,2024-03-02,21,Central
PROD-0001,2024-03-02,10,South
PROD-0007,2024-03-02,30,East
PROD-0018,2024-03-02,28,West
PROD-0033,2024-03-02,19,North
PROD-0046,2024-03-02,28,North
PROD-0089,2024-03-02,14,East
PROD-0029,2024-03-02,24,Central
PROD-0100,2024-03-02,13,North
PROD-0052,2024-03-02,2,North
PROD-0053,2024-03-02,17,East
PROD-0080,2024-03-02,22,North
PROD-0036,2024-03-02,18,East
PROD-0076,2024-03-02,9,Central
PROD-0084,2024-03-02,22,Central
PROD-0073,2024-03-02,23,South
PROD-0057,2024-03-02,13,East
PROD-0042,2024-03-02,11,Central
PROD-0005,2024-03-02,26,South
PROD-0009,2024-03-02,27,West
PROD-0040,2024-03-02,20,South
PROD-0037,2024-03-02,4,East
PROD-0046,2024-03-03,7,East
PROD-0028,2024-03-03,18,North
PROD-0073,2024-03-03,6,West
PROD-0036,2024-03-03,16,North
PROD-0075,2024-03-03,3,North
PROD-0005,2024-03-03,16,South
PROD-0026,2024-03-03,18,South
PROD-0094,2024-03-03,17,North
PROD-0090,2024-03-03,14,Central
PROD-0043,2024-03-03,15,Central
PROD-0061,2024-03-03,21,Central
PROD-0099,2024-03-03,30,West
PROD-0013,2024-03-03,10,Central
PROD-0002,2024-03-03,19,West
PROD-0045,2024-03-03,17,West
PROD-0059,2024-03-03,28,West
PROD-0069,2024-03-03,6,South
PROD-0037,2024-03-03,19,South
PROD-0097,2024-03-03,19,West
PROD-0050,2024-03-03,5,Central
PROD-0066,2024-03-03,20,North
PROD-0010,2024-03-03,27,South
PROD-0004,2024-03-03,18,West
PROD-0058,2024-03-03,1,South
PROD-0053,2024-03-03,21,East
PROD-0008,2024-03-03,4,Central
PROD-0044,2024-03-03,16,North
PROD-0033,2024-03-03,4,East
PROD-0012,2024-03-03,22,East
PROD-0016,2024-03-03,1,Central
PROD-0032,2024-03-03,6,North
PROD-0091,2024-03-03,14,East
PROD-0077,2024-03-03,14,East
PROD-0096,2024-03-03,11,West
PROD-0039,2024-03-03,1,South
PROD-0006,2024-03-03,6,Central
PROD-0100,2024-03-03,16,North
PROD-0088,2024-03-03,12,East
PROD-0092,2024-03-03,8,South
PROD-0035,2024-03-03,28,West
PROD-0081,2024-03-03,0,North
PROD-0019,2024-03-03,21,East
PROD-0003,2024-03-03,3,North
PROD-0079,2024-03-03,16,West
PROD-0015,2024-03-03,22,East
PROD-0025,2024-03-03,22,West
PROD-0023,2024-03-03,13,West
PROD-0014,2024-03-03,18,Central
PROD-0084,2024-03-03,5,South
PROD-0017,2024-03-03,19,West
PROD-0098,2024-03-03,29,West
PROD-0048,2024-03-03,25,West
PROD-0074,2024-03-03,6,East
PROD-0031,2024-03-03,3,Central
PROD-0001,2024-03-03,25,Central
PROD-0034,2024-03-03,16,West
PROD-0083,2024-03-03,9,West
PROD-0041,2024-03-03,13,Central
PROD-0080,2024-03-03,1,West
PROD-0064,2024-03-03,28,East
PROD-0087,2024-03-03,25,North
PROD-0011,2024-03-03,6,North
PROD-0022,2024-03-03,22,East
PROD-0089,2024-03-03,21,North
PROD-0030,2024-03-03,25,Central
PROD-0062,2024-03-03,3,South
PROD-0060,2024-03-03,24,Central
PROD-0055,2024-03-03,22,North
PROD-0057,2024-03-03,22,Central
PROD-0063,2024-03-03,7,West
PROD-0075,2024-03-04,2,North
PROD-0024,2024-03-04,43,Central
PROD-0060,2024-03-04,12,North
PROD-0040,2024-03-04,18,South
PROD-0099,2024-03-04,16,Central
PROD-0019,2024-03-04,29,North
PROD-0022,2024-03-04,35,Central
PROD-0063,2024-03-04,21,West
PROD-0042,2024-03-04,38,North
PROD-0056,2024-03-04,32,North
PROD-0072,2024-03-04,22,West
PROD-0008,2024-03-04,12,West
PROD-0009,2024-03-04,2,Central
PROD-0050,2024-03-04,21,West
PROD-0025,2024-03-04,17,North
PROD-0020,2024-03-04,8,North
PROD-0037,2024-03-04,35,South
PROD-0005,2024-03-04,19,South
PROD-0049,2024-03-04,12,East
PROD-0011,2024-03-04,50,North
PROD-0053,2024-03-04,10,East
PROD-0076,2024-03-04,27,South
PROD-0013,2024-03-04,4,Central
PROD-0047,2024-03-04,21,South
PROD-0068,2024-03-04,2,North
PROD-0004,2024-03-04,20,West
PROD-0074,2024-03-04,7,East
PROD-0046,2024-03-04,10,West
PROD-0087,2024-03-04,21,East
PROD-0091,2024-03-04,25,North
PROD-0052,2024-03-04,4,South
PROD-0097,2024-03-04,16,Central
PROD-0028,2024-03-04,38,South
PROD-0094,2024-03-04,32,Central
PROD-0015,2024-03-04,49,Central
PROD-0051,2024-03-04,25,North
PROD-0016,2024-03-04,18,North
PROD-0012,2024-03-04,21,West
PROD-0048,2024-03-04,36,West
PROD-0033,2024-03-04,5,West
PROD-0017,2024-03-04,2,West
PROD-0021,2024-03-04,41,South
PROD-0080,2024-03-04,2,East
PROD-0030,2024-03-04,36,Central
PROD-0066,2024-03-04,44,North
PROD-0095,2024-03-04,16,Central
PROD-0073,2024-03-04,42,South
PROD-0010,2024-03-04,20,Central
PROD-0039,2024-03-04,27,West
PROD-0092,2024-03-04,6,Central
PROD-0059,2024-03-04,14,South
PROD-0014,2024-03-04,24,Central
PROD-0098,2024-03-04,11,South
PROD-0078,2024-03-04,35,West
PROD-0062,2024-03-04,36,West
PROD-0043,2024-03-04,3,North
PROD-0093,2024-03-04,30,Central
PROD-0031,2024-03-04,19,South
PROD-0100,2024-03-04,1,North
PROD-0096,2024-03-04,31,East
PROD-0003,2024-03-04,39,East
PROD-0086,2024-03-04,44,West
PROD-0089,2024-03-04,23,South
PROD-0065,2024-03-04,38,Central
PROD-0041,2024-03-04,19,North
PROD-0034,2024-03-04,11,Central
PROD-0071,2024-03-04,37,North
PROD-0067,2024-03-04,20,North
PROD-0035,2024-03-04,26,North
PROD-0082,2024-03-04,9,Central
PROD-0067,2024-03-05,28,South
PROD-0039,2024-03-05,40,Central
PROD-0094,2024-03-05,21,East
PROD-0069,2024-03-05,41,East
PROD-0061,2024-03-05,49,West
PROD-0070,2024-03-05,18,South
PROD-0059,2024-03-05,43,East
PROD-0005,2024-03-05,22,South
PROD-0089,2024-03-05,30,Central
PROD-0092,2024-03-05,22,North
PROD-0056,2024-03-05,45,South
PROD-0022,2024-03-05,42,North
PROD-0041,2024-03-05,39,West
PROD-0060,2024-03-05,1,North
PROD-0063,2024-03-05,44,South
PROD-0084,2024-03-05,27,Central
PROD-0048,2024-03-05,45,West
PROD-0013,2024-03-05,49,West
PROD-0038,2024-03-05,35,North
PROD-0037,2024-03-05,42,North
PROD-0023,2024-03-05,35,North
PROD-0011,2024-03-05,43,West
PROD-0077,2024-03-05,44,North
PROD-0071,2024-03-05,23,West
PROD-0031,2024-03-05,39,East
PROD-0030,2024-03-05,25,South
PROD-0078,2024-03-05,50,North
PROD-0034,2024-03-05,8,West
PROD-0006,2024-03-05,24,South
PROD-0100,2024-03-05,29,North
PROD-0054,2024-03-05,15,North
PROD-0091,2024-03-05,49,East
PROD-0051,2024-03-05,44,East
PROD-0080,2024-03-05,13,North
PROD-0093,2024-03-05,40,East
PROD-0010,2024-03-05,46,South
PROD-0025,2024-03-05,15,West
PROD-0001,2024-03-05,24,North
PROD-0090,2024-03-05,18,West
PROD-0016,2024-03-05,46,Central
PROD-0072,2024-03-05,14,North
PROD-0007,2024-03-05,13,West
PROD-0036,2024-03-05,8,East
PROD-0008,2024-03-05,37,Central
PROD-0035,2024-03-05,32,South
PROD-0064,2024-03-05,36,South
PROD-0043,2024-03-05,43,Central
PROD-0057,2024-03-05,44,Central
PROD-0012,2024-03-05,37,South
PROD-0087,2024-03-05,5,Central
PROD-0044,2024-03-05,9,North
PROD-0079,2024-03-05,9,East
PROD-0097,2024-03-05,37,South
PROD-0096,2024-03-05,34,East
PROD-0033,2024-03-05,13,North
PROD-0002,2024-03-05,45,Central
PROD-0003,2024-03-05,40,East
PROD-0053,2024-03-05,44,Central
PROD-0032,2024-03-05,30,North
PROD-0082,2024-03-05,28,North
PROD-0076,2024-03-05,21,West
PROD-0028,2024-03-05,27,East
PROD-0046,2024-03-05,8,Central
PROD-0065,2024-03-05,30,West
PROD-0066,2024-03-05,24,Central
PROD-0026,2024-03-05,49,North
PROD-0052,2024-03-05,47,South
PROD-0019,2024-03-05,4,East
PROD-0015,2024-03-05,27,Central
PROD-0027,2024-03-05,29,East
PROD-0098,2024-03-05,1,West
PROD-0047,2024-03-05,13,East
PROD-0020,2024-03-05,6,Central
PROD-0004,2024-03-05,2,South
PROD-0086,2024-03-05,45,West
PROD-0049,2024-03-05,5,South
PROD-0014,2024-03-05,13,South
PROD-0073,2024-03-05,22,East
PROD-0083,2024-03-05,5,North
PROD-0039,2024-03-06,28,North
PROD-0096,2024-03-06,38,East
PROD-0095,2024-03-06,17,South
PROD-0042,2024-03-06,7,West
PROD-0061,2024-03-06,16,East
PROD-0041,2024-03-06,4,East
PROD-0030,2024-03-06,34,South
PROD-0094,2024-03-06,5,Central
PROD-0050,2024-03-06,40,West
PROD-0072,2024-03-06,49,North
PROD-0065,2024-03-06,41,West
PROD-0032,2024-03-06,38,North
PROD-0054,2024-03-06,6,North
PROD-0091,2024-03-06,3,West
PROD-0100,2024-03-06,21,North
PROD-0013,2024-03-06,9,North
PROD-0045,2024-03-06,29,North
PROD-0004,2024-03-06,20,Central
PROD-0060,2024-03-06,41,West
PROD-0031,2024-03-06,5,North
PROD-0001,2024-03-06,44,North
PROD-0067,2024-03-06,36,North
PROD-0049,2024-03-06,19,West
PROD-0025,2024-03-06,26,North
PROD-0085,2024-03-06,40,West
PROD-0093,2024-03-06,15,Central
PROD-0069,2024-03-06,43,Central
PROD-0089,2024-03-06,1,West
PROD-0070,2024-03-06,25,West
PROD-0074,2024-03-06,28,Central
PROD-0033,2024-03-06,40,North
PROD-0047,2024-03-06,22,North
PROD-0071,2024-03-06,30,Central
PROD-0010,2024-03-06,22,Central
PROD-0036,2024-03-06,13,North
PROD-0014,2024-03-06,7,North
PROD-0035,2024-03-06,39,North
PROD-0024,2024-03-06,38,South
PROD-0063,2024-03-06,37,South
PROD-0038,2024-03-06,41,Central
PROD-0057,2024-03-06,17,East
PROD-0076,2024-03-06,27,West
PROD-0008,2024-03-06,47,Central
PROD-0021,2024-03-06,29,South
PROD-0026,2024-03-06,16,South
PROD-0017,2024-03-06,3,North
PROD-0080,2024-03-06,9,East
PROD-0029,2024-03-06,38,West
PROD-0083,2024-03-06,33,East
PROD-0056,2024-03-06,20,Central
PROD-0009,2024-03-06,35,South
PROD-0062,2024-03-06,10,West
PROD-0092,2024-03-06,20,Central
PROD-0058,2024-03-06,22,East
PROD-0088,2024-03-06,24,North
PROD-0015,2024-03-06,34,Central
PROD-0011,2024-03-06,43,South
PROD-0005,2024-03-06,4,South
PROD-0086,2024-03-06,33,Central
PROD-0007,2024-03-06,4,West
PROD-0016,2024-03-07,13,South
PROD-0065,2024-03-07,5,East
PROD-0075,2024-03-07,13,West
PROD-0045,2024-03-07,45,West
PROD-0055,2024-03-07,39,East
PROD-0089,2024-03-07,38,Central
PROD-0052,2024-03-07,22,Central
PROD-0022,2024-03-07,20,West
PROD-0041,2024-03-07,22,South
PROD-0004,2024-03-07,7,West
PROD-0060,2024-03-07,3,West
PROD-0068,2024-03-07,15,North
PROD-0040,2024-03-07,41,South
PROD-0047,2024-03-07,45,South
PROD-0030,2024-03-07,30,Central
PROD-0013,2024-03-07,14,South
PROD-0043,2024-03-07,31,East
PROD-0082,2024-03-07,48,West
PROD-0086,2024-03-07,14,West
PROD-0049,2024-03-07,12,North
PROD-0019,2024-03-07,24,North
PROD-0003,2024-03-07,5,East
PROD-0077,2024-03-07,2,Central
PROD-0035,2024-03-07,8,South
PROD-0005,2024-03-07,19,West
PROD-0037,2024-03-07,13,Central
PROD-0015,2024-03-07,49,East
PROD-0096,2024-03-07,3,North
PROD-0092,2024-03-07,13,South
PROD-0081,2024-03-07,19,South
PROD-0074,2024-03-07,15,East
PROD-0095,2024-03-07,47,South
PROD-0083,2024-03-07,22,Central
PROD-0031,2024-03-07,16,South
PROD-0029,2024-03-07,13,North
PROD-0067,2024-03-07,12,East
PROD-0034,2024-03-07,7,North
PROD-0023,2024-03-07,44,South
PROD-0090,2024-03-07,25,North
PROD-0025,2024-03-07,22,South
PROD-0093,2024-03-07,20,West
PROD-0048,2024-03-07,16,East
PROD-0046,2024-03-07,24,South
PROD-0059,2024-03-07,34,Central
PROD-0027,2024-03-07,28,North
PROD-0042,2024-03-07,8,South
PROD-0094,2024-03-07,9,South
PROD-0032,2024-03-07,13,Central
PROD-0028,2024-03-07,25,East
PROD-0018,2024-03-07,21,Central
PROD-0033,2024-03-07,28,South
PROD-0070,2024-03-07,3,Central
PROD-0078,2024-03-07,38,South
PROD-0058,2024-03-07,35,East
PROD-0066,2024-03-07,10,East
PROD-0080,2024-03-07,16,North
PROD-0087,2024-03-07,41,East
PROD-0056,2024-03-07,9,Central
PROD-0088,2024-03-07,38,West
PROD-0064,2024-03-07,14,North
PROD-0024,2024-03-07,31,Central
PROD-0071,2024-03-07,5,South
PROD-0079,2024-03-07,33,West
PROD-0098,2024-03-07,49,Central
PROD-0017,2024-03-07,24,West
PROD-0100,2024-03-07,34,West
PROD-0043,2024-03-08,46,East
PROD-0048,2024-03-08,34,West
PROD-0070,2024-03-08,46,West
PROD-0086,2024-03-08,31,East
PROD-0074,2024-03-08,38,West
PROD-0020,2024-03-08,41,Central
PROD-0077,2024-03-08,42,North
PROD-0044,2024-03-08,14,South
PROD-0039,2024-03-08,13,West
PROD-0014,2024-03-08,16,West
PROD-0064,2024-03-08,14,East
PROD-0093,2024-03-08,28,West
PROD-0038,2024-03-08,37,South
PROD-0081,2024-03-08,24,East
PROD-0094,2024-03-08,36,North
PROD-0045,2024-03-08,9,North
PROD-0087,2024-03-08,19,West
PROD-0055,2024-03-08,34,East
PROD-0022,2024-03-08,15,Central
PROD-0025,2024-03-08,3,West
PROD-0059,2024-03-08,33,Central
PROD-0031,2024-03-08,22,West
PROD-0085,2024-03-08,29,West
PROD-0033,2024-03-08,28,West
PROD-0083,2024-03-08,24,West
PROD-0047,2024-03-08,21,East
PROD-0027,2024-03-08,25,North
PROD-0017,2024-03-08,12,West
PROD-0078,2024-03-08,15,East
PROD-0084,2024-03-08,42,North
PROD-0067,2024-03-08,23,North
PROD-0051,2024-03-08,19,Central
PROD-0075,2024-03-08,33,Central
PROD-0066,2024-03-08,42,North
PROD-0097,2024-03-08,18,South
PROD-0056,2024-03-08,7,North
PROD-0004,2024-03-08,5,East
PROD-0001,2024-03-08,3,Central
PROD-0006,2024-03-08,13,East
PROD-0021,2024-03-08,13,East
PROD-0036,2024-03-08,17,East
PROD-0049,2024-03-08,48,East
PROD-0035,2024-03-08,13,Central
PROD-0061,2024-03-08,9,Central
PROD-0071,2024-03-08,17,North
PROD-0088,2024-03-08,50,East
PROD-0069,2024-03-08,19,East
PROD-0096,2024-03-08,26,West
PROD-0063,2024-03-08,38,North
PROD-0050,2024-03-08,31,Central
PROD-0046,2024-03-08,49,South
PROD-0041,2024-03-08,26,South
PROD-0073,2024-03-08,15,South
PROD-0052,2024-03-08,31,South
PROD-0010,2024-03-08,34,Central
PROD-0011,2024-03-08,36,West
PROD-0098,2024-03-08,47,West
PROD-0076,2024-03-08,22,North
PROD-0037,2024-03-08,21,South
PROD-0015,2024-03-08,28,West
PROD-0032,2024-03-08,14,West
PROD-0009,2024-03-08,29,Central
PROD-0060,2024-03-08,2,East
PROD-0021,2024-03-09,5,East
PROD-0090,2024-03-09,28,North
PROD-0047,2024-03-09,19,East
PROD-0019,2024-03-09,13,South
PROD-0073,2024-03-09,16,West
PROD-0100,2024-03-09,26,West
PROD-0006,2024-03-09,29,Central
PROD-0003,2024-03-09,12,East
PROD-0013,2024-03-09,22,North
PROD-0089,2024-03-09,22,North
PROD-0030,2024-03-09,5,South
PROD-0097,2024-03-09,13,Central
PROD-0048,2024-03-09,24,Central
PROD-0044,2024-03-09,23,Central
PROD-0020,2024-03-09,15,West
PROD-0079,2024-03-09,8,West
PROD-0088,2024-03-09,3,Central
PROD-0011,2024-03-09,15,South
PROD-0049,2024-03-09,18,North
PROD-0031,2024-03-09,13,Central
PROD-0046,2024-03-09,17,East
PROD-0052,2024-03-09,3,South
PROD-0008,2024-03-09,4,Central
PROD-0083,2024-03-09,7,North
PROD-0080,2024-03-09,27,Central
PROD-0002,2024-03-09,19,North
PROD-0037,2024-03-09,7,South
PROD-0007,2024-03-09,3,West
PROD-0091,2024-03-09,11,South
PROD-0070,2024-03-09,9,East
PROD-0066,2024-03-09,25,Central
PROD-0040,2024-03-09,3,West
PROD-0064,2024-03-09,2,East
PROD-0022,2024-03-09,20,North
PROD-0023,2024-03-09,6,East
PROD-0069,2024-03-09,16,West
PROD-0065,2024-03-09,6,North
PROD-0024,2024-03-09,5,Central
PROD-0027,2024-03-09,16,West
PROD-0017,2024-03-09,28,North
PROD-0026,2024-03-09,15,South
PROD-0032,2024-03-09,5,South
PROD-0039,2024-03-09,12,West
PROD-0001,2024-03-09,27,West
PROD-0093,2024-03-09,6,Central
PROD-0060,2024-03-09,22,East
PROD-0081,2024-03-09,22,South
PROD-0099,2024-03-09,19,West
PROD-0016,2024-03-09,10,South
PROD-0095,2024-03-09,0,South
PROD-0028,2024-03-09,17,North
PROD-0082,2024-03-09,15,Central
PROD-0050,2024-03-09,9,Central
PROD-0045,2024-03-09,13,Central
PROD-0059,2024-03-09,19,West
PROD-0029,2024-03-09,18,Central
PROD-0076,2024-03-09,1,North
PROD-0014,2024-03-09,11,West
PROD-0041,2024-03-09,13,East
PROD-0034,2024-03-09,15,Central
PROD-0055,2024-03-09,7,West
PROD-0057,2024-03-09,9,South
PROD-0100,2024-03-10,28,West
PROD-0035,2024-03-10,18,West
PROD-0054,2024-03-10,25,South
PROD-0022,2024-03-10,27,Central
PROD-0020,2024-03-10,4,West
PROD-0048,2024-03-10,27,North
PROD-0063,2024-03-10,9,South
PROD-0015,2024-03-10,10,Central
PROD-0025,2024-03-10,11,North
PROD-0091,2024-03-10,27,South
PROD-0003,2024-03-10,19,West
PROD-0043,2024-03-10,29,Central
PROD-0075,2024-03-10,4,East
PROD-0002,2024-03-10,3,North
PROD-0040,2024-03-10,19,East
PROD-0090,2024-03-10,16,West
PROD-0061,2024-03-10,6,East
PROD-0024,2024-03-10,8,Central
PROD-0067,2024-03-10,1,West
PROD-0097,2024-03-10,1,North
PROD-0095,2024-03-10,24,West
PROD-0069,2024-03-10,15,East
PROD-0050,2024-03-10,28,West
PROD-0006,2024-03-10,7,West
PROD-0096,2024-03-10,1,North
PROD-0012,2024-03-10,10,North
PROD-0026,2024-03-10,27,South
PROD-0004,2024-03-10,12,West
PROD-0074,2024-03-10,19,West
PROD-0011,2024-03-10,3,North
PROD-0029,2024-03-10,21,South
PROD-0099,2024-03-10,27,West
PROD-0080,2024-03-10,5,West
PROD-0047,2024-03-10,10,South
PROD-0060,2024-03-10,6,North
PROD-0033,2024-03-10,23,North
PROD-0073,2024-03-10,7,East
PROD-0071,2024-03-10,4,Central
PROD-0065,2024-03-10,28,West
PROD-0093,2024-03-10,6,North
PROD-0092,2024-03-10,25,North
PROD-0081,2024-03-10,26,East
PROD-0009,2024-03-10,6,West
PROD-0046,2024-03-10,13,South
PROD-0082,2024-03-10,8,North
PROD-0072,2024-03-10,26,Central
PROD-0014,2024-03-10,8,West
PROD-0059,2024-03-10,27,North
PROD-0086,2024-03-10,24,Central
PROD-0001,2024-03-10,25,North
PROD-0008,2024-03-10,15,East
PROD-0083,2024-03-10,17,North
PROD-0051,2024-03-10,23,North
PROD-0027,2024-03-10,2,West
PROD-0038,2024-03-10,30,South
PROD-0057,2024-03-10,9,East
PROD-0064,2024-03-10,9,South
PROD-0005,2024-03-10,3,North
PROD-0039,2024-03-10,16,North
PROD-0013,2024-03-10,0,East
PROD-0041,2024-03-10,7,North
PROD-0042,2024-03-10,9,North
PROD-0032,2024-03-10,25,South
PROD-0010,2024-03-10,28,South
PROD-0098,2024-03-10,1,West
PROD-0066,2024-03-10,19,North
PROD-0034,2024-03-10,12,East
PROD-0070,2024-03-10,21,South
PROD-0007,2024-03-10,24,South
PROD-0094,2024-03-10,21,West
PROD-0078,2024-03-10,16,North
PROD-0052,2024-03-10,9,South
PROD-0036,2024-03-10,4,East
PROD-0062,2024-03-10,12,South
PROD-0018,2024-03-10,0,West
PROD-0045,2024-03-10,25,East
PROD-0030,2024-03-10,0,West
PROD-0008,2024-03-11,15,North
PROD-0049,2024-03-11,43,East
PROD-0096,2024-03-11,42,Central
PROD-0031,2024-03-11,24,North
PROD-0048,2024-03-11,5,South
PROD-0043,2024-03-11,27,East
PROD-0060,2024-03-11,50,Central
PROD-0074,2024-03-11,32,North
PROD-0026,2024-03-11,46,Central
PROD-0072,2024-03-11,37,South
PROD-0006,2024-03-11,17,North
PROD-0037,2024-03-11,39,East
PROD-0082,2024-03-11,41,West
PROD-0016,2024-03-11,44,South
PROD-0094,2024-03-11,22,South
PROD-0041,2024-03-11,41,East
PROD-0010,2024-03-11,43,West
PROD-0021,2024-03-11,5,East
PROD-0054,2024-03-11,2,Central
PROD-0065,2024-03-11,38,West
PROD-0061,2024-03-11,25,Central
PROD-0089,2024-03-11,41,South
PROD-0095,2024-03-11,33,Central
PROD-0013,2024-03-11,46,North
PROD-0071,2024-03-11,15,North
PROD-0022,2024-03-11,40,North
PROD-0003,2024-03-11,20,South
PROD-0064,2024-03-11,48,West
PROD-0033,2024-03-11,49,South
PROD-0034,2024-03-11,40,North
PROD-0053,2024-03-11,4,South
PROD-0028,2024-03-11,24,West
PROD-0032,2024-03-11,19,South
PROD-0015,2024-03-11,10,West
PROD-0001,2024-03-11,14,North
PROD-0046,2024-03-11,16,Central
PROD-0023,2024-03-11,29,East
PROD-0035,2024-03-11,9,East
PROD-0011,2024-03-11,21,North
PROD-0050,2024-03-11,34,West
PROD-0058,2024-03-11,42,East
PROD-0068,2024-03-11,49,North
PROD-0076,2024-03-11,15,East
PROD-0057,2024-03-11,22,South
PROD-0069,2024-03-11,14,Central
PROD-0079,2024-03-11,4,South
PROD-0018,2024-03-11,44,South
PROD-0078,2024-03-11,39,West
PROD-0014,2024-03-11,34,East
PROD-0092,2024-03-11,12,West
PROD-0051,2024-03-11,41,North
PROD-0093,2024-03-11,5,West
PROD-0009,2024-03-11,5,South
PROD-0029,2024-03-11,4,South
PROD-0024,2024-03-11,14,South
PROD-0090,2024-03-11,6,South
PROD-0012,2024-03-11,38,Central
PROD-0030,2024-03-11,14,South
PROD-0005,2024-03-11,33,North
PROD-0099,2024-03-11,28,West
PROD-0038,2024-03-11,20,South
PROD-0004,2024-03-11,47,South
PROD-0045,2024-03-11,16,West
PROD-0040,2024-03-11,12,Central
PROD-0075,2024-03-12,19,Central
PROD-0024,2024-03-12,29,South
PROD-0069,2024-03-12,18,West
PROD-0074,2024-03-12,6,East
PROD-0040,2024-03-12,26,West
PROD-0093,2024-03-12,11,West
PROD-0081,2024-03-12,29,West
PROD-0033,2024-03-12,33,Central
PROD-0067,2024-03-12,48,West
PROD-0008,2024-03-12,49,South
PROD-0047,2024-03-12,31,North
PROD-0053,2024-03-12,49,West
PROD-0011,2024-03-12,28,North
PROD-0094,2024-03-12,49,East
PROD-0021,2024-03-12,39,Central
PROD-0027,2024-03-12,10,Central
PROD-0065,2024-03-12,47,South
PROD-0046,2024-03-12,17,West
PROD-0026,2024-03-12,30,East
PROD-0089,2024-03-12,30,East
PROD-0043,2024-03-12,25,Central
PROD-0063,2024-03-12,39,West
PROD-0056,2024-03-12,5,East
PROD-0013,2024-03-12,9,West
PROD-0049,2024-03-12,13,South
PROD-0091,2024-03-12,13,North
PROD-0016,2024-03-12,1,Central
PROD-0095,2024-03-12,47,East
PROD-0029,2024-03-12,32,West
PROD-0090,2024-03-12,27,West
PROD-0019,2024-03-12,48,East
PROD-0099,2024-03-12,25,West
PROD-0062,2024-03-12,20,Central
PROD-0077,2024-03-12,5,West
PROD-0098,2024-03-12,3,North
PROD-0003,2024-03-12,25,Central
PROD-0032,2024-03-12,11,South
PROD-0037,2024-03-12,49,West
PROD-0052,2024-03-12,17,East
PROD-0087,2024-03-12,33,West
PROD-0054,2024-03-12,41,East
PROD-0045,2024-03-12,45,North
PROD-0061,2024-03-12,42,West
PROD-0006,2024-03-12,28,South
PROD-0100,2024-03-12,16,West
PROD-0058,2024-03-12,3,East
PROD-0080,2024-03-12,41,North
PROD-0041,2024-03-12,45,South
PROD-0070,2024-03-12,17,Central
PROD-0085,2024-03-12,30,South
PROD-0017,2024-03-12,17,South
PROD-0083,2024-03-12,39,Central
PROD-0086,2024-03-12,43,South
PROD-0015,2024-03-12,1,North
PROD-0010,2024-03-12,50,North
PROD-0002,2024-03-12,42,West
PROD-0097,2024-03-12,26,Central
PROD-0084,2024-03-12,6,Central
PROD-0079,2024-03-12,13,West
PROD-0060,2024-03-12,11,West
PROD-0092,2024-03-12,17,East
PROD-0042,2024-03-12,33,Central
PROD-0050,2024-03-12,43,West
PROD-0044,2024-03-12,38,East
PROD-0044,2024-03-13,49,North
PROD-0024,2024-03-13,7,Central
PROD-0018,2024-03-13,50,East
PROD-0028,2024-03-13,10,East
PROD-0047,2024-03-13,48,South
PROD-0009,2024-03-13,48,West
PROD-0037,2024-03-13,45,East
PROD-0087,2024-03-13,1,South
PROD-0030,2024-03-13,32,North
PROD-0065,2024-03-13,7,North
PROD-0021,2024-03-13,50,West
PROD-0076,2024-03-13,34,West
PROD-0019,2024-03-13,42,East
PROD-0004,2024-03-13,47,West
PROD-0001,2024-03-13,11,South
PROD-0051,2024-03-13,24,South
PROD-0083,2024-03-13,46,South
PROD-0029,2024-03-13,13,West
PROD-0015,2024-03-13,12,Central
PROD-0084,2024-03-13,8,West
PROD-0070,2024-03-13,37,South
PROD-0059,2024-03-13,12,South
PROD-0050,2024-03-13,4,South
PROD-0014,2024-03-13,49,South
PROD-0023,2024-03-13,17,West
PROD-0038,2024-03-13,29,Central
PROD-0074,2024-03-13,7,South
PROD-0062,2024-03-13,6,East
PROD-0085,2024-03-13,6,West
PROD-0090,2024-03-13,8,East
PROD-0072,2024-03-13,5,East
PROD-0063,2024-03-13,2,Central
PROD-0025,2024-03-13,16,West
PROD-0075,2024-03-13,32,North
PROD-0061,2024-03-13,1,North
PROD-0020,2024-03-13,18,North
PROD-0032,2024-03-13,43,Central
PROD-0086,2024-03-13,3,North
PROD-0082,2024-03-13,14,Central
PROD-0099,2024-03-13,1,West
PROD-0049,2024-03-13,39,Central
PROD-0031,2024-03-13,49,East
PROD-0008,2024-03-13,32,West
PROD-0094,2024-03-13,49,East
PROD-0034,2024-03-13,39,West
PROD-0042,2024-03-13,22,East
PROD-0073,2024-03-13,44,East
PROD-0007,2024-03-13,21,South
PROD-0011,2024-03-13,24,West
PROD-0026,2024-03-13,25,Central
PROD-0005,2024-03-13,4,East
PROD-0003,2024-03-13,22,North
PROD-0097,2024-03-13,1,West
PROD-0064,2024-03-13,45,West
PROD-0016,2024-03-13,47,South
PROD-0098,2024-03-13,2,Central
PROD-0093,2024-03-13,8,Central
PROD-0079,2024-03-13,18,South
PROD-0033,2024-03-13,24,West
PROD-0010,2024-03-13,40,West
PROD-0096,2024-03-13,33,West
PROD-0091,2024-03-13,43,South
PROD-0071,2024-03-13,1,East
PROD-0045,2024-03-13,2,East
PROD-0053,2024-03-13,3,East
PROD-0057,2024-03-13,44,West
PROD-0041,2024-03-13,15,Central
PROD-0088,2024-03-13,32,West
PROD-0039,2024-03-13,48,Central
PROD-0069,2024-03-13,6,East
PROD-0012,2024-03-13,28,West
PROD-0058,2024-03-13,43,North
PROD-0060,2024-03-13,47,West
PROD-0067,2024-03-13,19,Central
PROD-0067,2024-03-14,10,Central
PROD-0030,2024-03-14,37,Central
PROD-0091,2024-03-14,3,South
PROD-0065,2024-03-14,32,North
PROD-0008,2024-03-14,20,Central
PROD-0014,2024-03-14,30,South
PROD-0032,2024-03-14,29,North
PROD-0034,2024-03-14,31,Central
PROD-0040,2024-03-14,16,South
PROD-0066,2024-03-14,14,South
PROD-0055,2024-03-14,49,North
PROD-0017,2024-03-14,7,West
PROD-0084,2024-03-14,46,North
PROD-0086,2024-03-14,11,East
PROD-0046,2024-03-14,25,East
PROD-0022,2024-03-14,15,East
PROD-0023,2024-03-14,43,West
PROD-0078,2024-03-14,43,North
PROD-0077,2024-03-14,43,South
PROD-0005,2024-03-14,35,West
PROD-0098,2024-03-14,6,East
PROD-0012,2024-03-14,15,Central
PROD-0037,2024-03-14,50,Central
PROD-0085,2024-03-14,5,East
PROD-0062,2024-03-14,25,West
PROD-0093,2024-03-14,42,Central
PROD-0097,2024-03-14,28,South
PROD-0006,2024-03-14,15,East
PROD-0072,2024-03-14,8,East
PROD-0025,2024-03-14,6,North
PROD-0094,2024-03-14,6,East
PROD-0073,2024-03-14,48,Central
PROD-0088,2024-03-14,13,North
PROD-0043,2024-03-14,37,East
PROD-0089,2024-03-14,9,East
PROD-0001,2024-03-14,25,Central
PROD-0018,2024-03-14,48,North
PROD-0099,2024-03-14,20,North
PROD-0036,2024-03-14,38,Central
PROD-0071,2024-03-14,13,West
PROD-0092,2024-03-14,28,East
PROD-0049,2024-03-14,50,East
PROD-0063,2024-03-14,44,South
PROD-0056,2024-03-14,34,Central
PROD-0021,2024-03-14,38,South
PROD-0050,2024-03-14,7,West
PROD-0075,2024-03-14,1,Central
PROD-0057,2024-03-14,30,East
PROD-0068,2024-03-14,10,East
PROD-0033,2024-03-14,15,West
PROD-0011,2024-03-14,44,West
PROD-0052,2024-03-14,10,Central
PROD-0060,2024-03-14,19,South
PROD-0003,2024-03-14,48,North
PROD-0004,2024-03-14,39,East
PROD-0039,2024-03-14,20,Central
PROD-0051,2024-03-14,45,North
PROD-0076,2024-03-14,18,Central
PROD-0090,2024-03-14,31,South
PROD-0029,2024-03-14,32,East
PROD-0009,2024-03-14,46,West
PROD-0019,2024-03-14,4,East
PROD-0031,2024-03-14,10,South
PROD-0049,2024-03-15,15,North
PROD-0035,2024-03-15,50,South
PROD-0025,2024-03-15,32,West
PROD-0042,2024-03-15,20,South
PROD-0088,2024-03-15,2,Central
PROD-0086,2024-03-15,26,East
PROD-0006,2024-03-15,28,West
PROD-0012,2024-03-15,23,West
PROD-0039,2024-03-15,26,North
PROD-0069,2024-03-15,34,East
PROD-0091,2024-03-15,19,South
PROD-0083,2024-03-15,45,Central
PROD-0032,2024-03-15,26,North
PROD-0056,2024-03-15,9,East
PROD-0018,2024-03-15,49,Central
PROD-0002,2024-03-15,4,East
PROD-0099,2024-03-15,30,South
PROD-0034,2024-03-15,37,South
PROD-0004,2024-03-15,29,West
PROD-0068,2024-03-15,19,South
PROD-0067,2024-03-15,14,South
PROD-0053,2024-03-15,48,South
PROD-0094,2024-03-15,48,North
PROD-0044,2024-03-15,24,Central
PROD-0065,2024-03-15,7,South
PROD-0074,2024-03-15,25,West
PROD-0017,2024-03-15,44,South
PROD-0019,2024-03-15,4,North
PROD-0043,2024-03-15,23,West
PROD-0084,2024-03-15,12,North
PROD-0098,2024-03-15,8,Central
PROD-0024,2024-03-15,42,East
PROD-0079,2024-03-15,38,West
PROD-0060,2024-03-15,10,West
PROD-0033,2024-03-15,16,North
PROD-0014,2024-03-15,8,South
PROD-0076,2024-03-15,26,West
PROD-0028,2024-03-15,20,Central
PROD-0078,2024-03-15,12,West
PROD-0051,2024-03-15,50,North
PROD-0087,2024-03-15,50,West
PROD-0040,2024-03-15,42,West
PROD-0041,2024-03-15,18,West
PROD-0023,2024-03-15,24,North
PROD-0007,2024-03-15,8,North
PROD-0022,2024-03-15,6,North
PROD-0089,2024-03-15,32,Central
PROD-0045,2024-03-15,15,North
PROD-0081,2024-03-15,38,Central
PROD-0036,2024-03-15,37,West
PROD-0097,2024-03-15,18,North
PROD-0059,2024-03-15,38,South
PROD-0010,2024-03-15,25,West
PROD-0096,2024-03-15,42,West
PROD-0030,2024-03-15,20,Central
PROD-0093,2024-03-15,9,North
PROD-0009,2024-03-15,21,North
PROD-0048,2024-03-15,46,Central
PROD-0029,2024-03-15,12,West
PROD-0057,2024-03-15,45,North
PROD-0050,2024-03-15,26,Central
PROD-0031,2024-03-15,35,Central
PROD-0075,2024-03-15,32,North
PROD-0077,2024-03-15,34,Central
PROD-0073,2024-03-15,35,North
PROD-0020,2024-03-15,49,South
PROD-0070,2024-03-15,43,North
PROD-0063,2024-03-15,12,Central
PROD-0082,2024-03-15,45,South
PROD-0064,2024-03-15,1,Central
PROD-0071,2024-03-15,29,East
PROD-0008,2024-03-15,8,North
PROD-0095,2024-03-15,9,Central
PROD-0011,2024-03-15,14,South
PROD-0046,2024-03-15,6,Central
PROD-0062,2024-03-15,17,North
PROD-0008,2024-03-16,4,Central
PROD-0027,2024-03-16,12,East
PROD-0009,2024-03-16,21,South
PROD-0006,2024-03-16,16,North
PROD-0052,2024-03-16,9,East
PROD-0040,2024-03-16,1,Central
PROD-0038,2024-03-16,11,Central
PROD-0014,2024-03-16,17,South
PROD-0085,2024-03-16,22,West
PROD-0099,2024-03-16,27,East
PROD-0044,2024-03-16,20,East
PROD-0017,2024-03-16,23,Central
PROD-0025,2024-03-16,19,South
PROD-0096,2024-03-16,27,North
PROD-0021,2024-03-16,25,North
PROD-0029,2024-03-16,9,North
PROD-0031,2024-03-16,7,South
PROD-0068,2024-03-16,12,South
PROD-0097,2024-03-16,5,Central
PROD-0030,2024-03-16,21,South
PROD-0019,2024-03-16,22,East
PROD-0049,2024-03-16,10,South
PROD-0048,2024-03-16,28,Central
PROD-0057,2024-03-16,16,North
PROD-0092,2024-03-16,21,East
PROD-0067,2024-03-16,10,West
PROD-0078,2024-03-16,25,South
PROD-0072,2024-03-16,15,West
PROD-0050,2024-03-16,3,East
PROD-0079,2024-03-16,26,West
PROD-0056,2024-03-16,27,South
PROD-0071,2024-03-16,21,South
PROD-0036,2024-03-16,3,East
PROD-0090,2024-03-16,24,South
PROD-0060,2024-03-16,27,East
PROD-0032,2024-03-16,22,Central
PROD-0069,2024-03-16,23,South
PROD-0094,2024-03-16,16,South
PROD-0063,2024-03-16,12,West
PROD-0091,2024-03-16,15,North
PROD-0033,2024-03-16,23,South
PROD-0062,2024-03-16,3,East
PROD-0047,2024-03-16,4,Central
PROD-0012,2024-03-16,4,Central
PROD-0083,2024-03-16,16,North
PROD-0061,2024-03-16,13,North
PROD-0007,2024-03-16,14,East
PROD-0023,2024-03-16,30,East
PROD-0042,2024-03-16,6,South
PROD-0041,2024-03-16,10,North
PROD-0039,2024-03-16,4,West
PROD-0034,2024-03-16,9,West
PROD-0018,2024-03-16,4,North
PROD-0093,2024-03-16,7,Central
PROD-0010,2024-03-16,28,East
PROD-0013,2024-03-16,22,West
PROD-0073,2024-03-16,4,Central
PROD-0005,2024-03-16,13,Central
PROD-0043,2024-03-16,11,Central
PROD-0004,2024-03-16,10,Central
PROD-0051,2024-03-16,4,North
PROD-0034,2024-03-17,29,West
PROD-0023,2024-03-17,7,East
PROD-0066,2024-03-17,28,Central
PROD-0072,2024-03-17,21,Central
PROD-0067,2024-03-17,15,West
PROD-0052,2024-03-17,22,South
PROD-0089,2024-03-17,10,North
PROD-0064,2024-03-17,26,Central
PROD-0079,2024-03-17,27,South
PROD-0030,2024-03-17,25,South
PROD-0019,2024-03-17,6,West
PROD-0092,2024-03-17,22,East
PROD-0100,2024-03-17,2,East
PROD-0061,2024-03-17,27,South
PROD-0026,2024-03-17,26,Central
PROD-0063,2024-03-17,16,West
PROD-0040,2024-03-17,7,West
PROD-0068,2024-03-17,13,West
PROD-0010,2024-03-17,19,East
PROD-0082,2024-03-17,10,West
PROD-0035,2024-03-17,20,South
PROD-0024,2024-03-17,12,North
PROD-0022,2024-03-17,12,West
PROD-0084,2024-03-17,30,East
PROD-0027,2024-03-17,3,North
PROD-0087,2024-03-17,3,South
PROD-0070,2024-03-17,3,South
PROD-0008,2024-03-17,22,North
PROD-0069,2024-03-17,3,East
PROD-0037,2024-03-17,21,West
PROD-0028,2024-03-17,0,West
PROD-0001,2024-03-17,26,Central
PROD-0077,2024-03-17,28,South
PROD-0098,2024-03-17,18,West
PROD-0013,2024-03-17,19,Central
PROD-0095,2024-03-17,27,North
PROD-0020,2024-03-17,15,North
PROD-0046,2024-03-17,24,South
PROD-0038,2024-03-17,28,North
PROD-0003,2024-03-17,27,West
PROD-0055,2024-03-17,27,Central
PROD-0011,2024-03-17,28,East
PROD-0076,2024-03-17,9,Central
PROD-0097,2024-03-17,26,Central
PROD-0099,2024-03-17,1,Central
PROD-0094,2024-03-17,17,South
PROD-0075,2024-03-17,26,Central
PROD-0056,2024-03-17,9,South
PROD-0053,2024-03-17,3,East
PROD-0091,2024-03-17,5,Central
PROD-0042,2024-03-17,13,North
PROD-0006,2024-03-17,16,West
PROD-0015,2024-03-17,15,South
PROD-0025,2024-03-17,14,North
PROD-0071,2024-03-17,13,South
PROD-0050,2024-03-17,21,North
PROD-0088,2024-03-17,11,East
PROD-0057,2024-03-17,18,East
PROD-0065,2024-03-17,10,South
PROD-0018,2024-03-17,0,Central
PROD-0062,2024-03-17,15,South
PROD-0036,2024-03-17,12,Central
PROD-0033,2024-03-17,1,West
PROD-0004,2024-03-18,32,North
PROD-0014,2024-03-18,23,North
PROD-0076,2024-03-18,40,West
PROD-0006,2024-03-18,22,East
PROD-0051,2024-03-18,23,North
PROD-0090,2024-03-18,1,East
PROD-0029,2024-03-18,47,South
PROD-0032,2024-03-18,26,East
PROD-0072,2024-03-18,1,North
PROD-0050,2024-03-18,28,West
PROD-0048,2024-03-18,13,North
PROD-0093,2024-03-18,34,Central
PROD-0080,2024-03-18,10,West
PROD-0017,2024-03-18,8,West
PROD-0068,2024-03-18,1,South
PROD-0016,2024-03-18,50,East
PROD-0098,2024-03-18,15,West
PROD-0088,2024-03-18,26,East
PROD-0052,2024-03-18,20,East
PROD-0037,2024-03-18,28,South
PROD-0028,2024-03-18,35,East
PROD-0001,2024-03-18,7,West
PROD-0092,2024-03-18,43,West
PROD-0007,2024-03-18,11,South
PROD-0010,2024-03-18,23,West
PROD-0073,2024-03-18,1,East
PROD-0033,2024-03-18,46,South
PROD-0089,2024-03-18,8,South
PROD-0054,2024-03-18,19,North
PROD-0062,2024-03-18,9,West
PROD-0027,2024-03-18,27,East
PROD-0023,2024-03-18,3,South
PROD-0038,2024-03-18,43,South
PROD-0045,2024-03-18,31,East
PROD-0015,2024-03-18,8,West
PROD-0084,2024-03-18,32,Central
PROD-0005,2024-03-18,32,South
PROD-0019,2024-03-18,21,West
PROD-0025,2024-03-18,33,West
PROD-0020,2024-03-18,9,North
PROD-0095,2024-03-18,7,North
PROD-0081,2024-03-18,9,South
PROD-0008,2024-03-18,23,Central
PROD-0065,2024-03-18,1,South
PROD-0066,2024-03-18,4,East
PROD-0085,2024-03-18,28,Central
PROD-0022,2024-03-18,48,North
PROD-0086,2024-03-18,28,West
PROD-0046,2024-03-18,19,East
PROD-0040,2024-03-18,32,North
PROD-0059,2024-03-18,49,West
PROD-0021,2024-03-18,16,Central
PROD-0018,2024-03-18,10,Central
PROD-0075,2024-03-18,12,South
PROD-0078,2024-03-18,18,North
PROD-0039,2024-03-18,17,South
PROD-0011,2024-03-18,43,West
PROD-0096,2024-03-18,13,West
PROD-0036,2024-03-18,46,North
PROD-0063,2024-03-18,45,Central
PROD-0012,2024-03-18,40,South
PROD-0042,2024-03-18,13,Central
PROD-0049,2024-03-18,41,South
PROD-0083,2024-03-18,15,North
PROD-0060,2024-03-18,9,West
PROD-0079,2024-03-18,3,East
PROD-0053,2024-03-18,13,South
PROD-0024,2024-03-18,28,North
PROD-0057,2024-03-18,40,South
PROD-0026,2024-03-18,6,North
PROD-0003,2024-03-18,25,West
PROD-0100,2024-03-18,34,East
PROD-0067,2024-03-18,45,South
PROD-0097,2024-03-18,15,East
PROD-0070,2024-03-18,28,West
PROD-0071,2024-03-18,4,Central
PROD-0030,2024-03-18,28,North
PROD-0032,2024-03-19,18,East
PROD-0063,2024-03-19,18,East
PROD-0055,2024-03-19,46,West
PROD-0020,2024-03-19,16,East
PROD-0008,2024-03-19,4,South
PROD-0100,2024-03-19,3,North
PROD-0064,2024-03-19,4,East
PROD-0087,2024-03-19,14,East
PROD-0076,2024-03-19,31,East
PROD-0068,2024-03-19,39,North
PROD-0075,2024-03-19,28,South
PROD-0053,2024-03-19,17,West
PROD-0060,2024-03-19,24,East
PROD-0090,2024-03-19,20,North
PROD-0031,2024-03-19,7,North
PROD-0054,2024-03-19,44,Central
PROD-0083,2024-03-19,50,South
PROD-0059,2024-03-19,22,East
PROD-0093,2024-03-19,48,East
PROD-0024,2024-03-19,48,Central
PROD-0073,2024-03-19,34,Central
PROD-0092,2024-03-19,24,South
PROD-0037,2024-03-19,42,East
PROD-0061,2024-03-19,14,Central
PROD-0036,2024-03-19,25,North
PROD-0044,2024-03-19,7,South
PROD-0079,2024-03-19,41,Central
PROD-0001,2024-03-19,8,North
PROD-0045,2024-03-19,38,South
PROD-0004,2024-03-19,13,West
PROD-0095,2024-03-19,7,North
PROD-0049,2024-03-19,35,Central
PROD-0011,2024-03-19,22,East
PROD-0067,2024-03-19,47,West
PROD-0005,2024-03-19,49,South
PROD-0066,2024-03-19,35,South
PROD-0052,2024-03-19,3,South
PROD-0080,2024-03-19,13,West
PROD-0043,2024-03-19,36,East
PROD-0019,2024-03-19,49,Central
PROD-0069,2024-03-19,23,East
PROD-0042,2024-03-19,29,North
PROD-0003,2024-03-19,28,North
PROD-0081,2024-03-19,31,West
PROD-0035,2024-03-19,34,Central
PROD-0047,2024-03-19,2,South
PROD-0034,2024-03-19,39,East
PROD-0056,2024-03-19,45,South
PROD-0057,2024-03-19,19,North
PROD-0085,2024-03-19,37,North
PROD-0015,2024-03-19,45,South
PROD-0009,2024-03-19,48,West
PROD-0010,2024-03-19,32,Central
PROD-0078,2024-03-19,33,North
PROD-0021,2024-03-19,11,West
PROD-0013,2024-03-19,49,Central
PROD-0025,2024-03-19,25,Central
PROD-0082,2024-03-19,50,West
PROD-0040,2024-03-19,26,Central
PROD-0007,2024-03-19,18,South
PROD-0088,2024-03-19,12,North
PROD-0098,2024-03-19,11,Central
PROD-0051,2024-03-19,14,Central
PROD-0071,2024-03-19,45,North
PROD-0014,2024-03-19,33,West
PROD-0012,2024-03-19,33,Central
PROD-0024,2024-03-20,15,East
PROD-0095,2024-03-20,46,East
PROD-0071,2024-03-20,36,North
PROD-0058,2024-03-20,11,South
PROD-0014,2024-03-20,3,Central
PROD-0054,2024-03-20,16,East
PROD-0034,2024-03-20,3,South
PROD-0091,2024-03-20,18,South
PROD-0010,2024-03-20,18,North
PROD-0008,2024-03-20,42,South
PROD-0089,2024-03-20,14,Central
PROD-0004,2024-03-20,8,North
PROD-0063,2024-03-20,42,East
PROD-0022,2024-03-20,41,Central
PROD-0057,2024-03-20,24,East
PROD-0036,2024-03-20,6,Central
PROD-0015,2024-03-20,17,South
PROD-0064,2024-03-20,27,Central
PROD-0007,2024-03-20,19,East
PROD-0050,2024-03-20,4,North
PROD-0059,2024-03-20,23,South
PROD-0060,2024-03-20,47,East
PROD-0052,2024-03-20,12,East
PROD-0081,2024-03-20,2,Central
PROD-0049,2024-03-20,43,Central
PROD-0055,2024-03-20,7,West
PROD-0016,2024-03-20,42,East
PROD-0012,2024-03-20,41,Central
PROD-0042,2024-03-20,36,South
PROD-0013,2024-03-20,29,South
PROD-0047,2024-03-20,21,East
PROD-0019,2024-03-20,14,Central
PROD-0001,2024-03-20,41,West
PROD-0068,2024-03-20,10,West
PROD-0076,2024-03-20,15,West
PROD-0006,2024-03-20,24,South
PROD-0098,2024-03-20,31,North
PROD-0032,2024-03-20,32,South
PROD-0061,2024-03-20,30,South
PROD-0094,2024-03-20,12,South
PROD-0043,2024-03-20,37,West
PROD-0087,2024-03-20,47,South
PROD-0020,2024-03-20,42,East
PROD-0097,2024-03-20,2,East
PROD-0093,2024-03-20,11,South
PROD-0079,2024-03-20,26,Central
PROD-0005,2024-03-20,13,North
PROD-0084,2024-03-20,10,North
PROD-0062,2024-03-20,28,South
PROD-0085,2024-03-20,30,West
PROD-0056,2024-03-20,7,Central
PROD-0035,2024-03-20,9,North
PROD-0083,2024-03-20,39,North
PROD-0041,2024-03-20,25,West
PROD-0077,2024-03-20,2,North
PROD-0002,2024-03-20,1,North
PROD-0023,2024-03-20,9,South
PROD-0082,2024-03-20,50,North
PROD-0090,2024-03-20,18,South
PROD-0080,2024-03-20,41,Central
PROD-0051,2024-03-20,1,North
PROD-0037,2024-03-20,7,Central
PROD-0074,2024-03-20,48,East
PROD-0073,2024-03-20,46,North
PROD-0039,2024-03-20,13,South
PROD-0068,2024-03-21,37,West
PROD-0073,2024-03-21,11,East
PROD-0091,2024-03-21,22,West
PROD-0059,2024-03-21,10,South
PROD-0051,2024-03-21,4,Central
PROD-0093,2024-03-21,45,East
PROD-0042,2024-03-21,41,Central
PROD-0048,2024-03-21,8,North
PROD-0037,2024-03-21,3,North
PROD-0061,2024-03-21,35,East
PROD-0086,2024-03-21,7,Central
PROD-0082,2024-03-21,27,South
PROD-0038,2024-03-21,1,South
PROD-0002,2024-03-21,2,South
PROD-0005,2024-03-21,28,West
PROD-0001,2024-03-21,10,East
PROD-0028,2024-03-21,42,East
PROD-0012,2024-03-21,15,West
PROD-0008,2024-03-21,44,North
PROD-0022,2024-03-21,32,South
PROD-0003,2024-03-21,8,South
PROD-0062,2024-03-21,7,East
PROD-0097,2024-03-21,23,North
PROD-0026,2024-03-21,40,East
PROD-0045,2024-03-21,8,East
PROD-0072,2024-03-21,6,North
PROD-0011,2024-03-21,39,South
PROD-0065,2024-03-21,12,West
PROD-0083,2024-03-21,34,East
PROD-0031,2024-03-21,39,South
PROD-0010,2024-03-21,44,West
PROD-0100,2024-03-21,10,East
PROD-0066,2024-03-21,40,East
PROD-0056,2024-03-21,23,North
PROD-0034,2024-03-21,18,West
PROD-0035,2024-03-21,43,East
PROD-0006,2024-03-21,17,North
PROD-0027,2024-03-21,1,South
PROD-0054,2024-03-21,50,South
PROD-0081,2024-03-21,21,South
PROD-0032,2024-03-21,25,West
PROD-0094,2024-03-21,47,West
PROD-0092,2024-03-21,5,North
PROD-0090,2024-03-21,37,West
PROD-0040,2024-03-21,47,East
PROD-0052,2024-03-21,10,North
PROD-0067,2024-03-21,21,South
PROD-0096,2024-03-21,12,West
PROD-0085,2024-03-21,23,East
PROD-0078,2024-03-21,32,West
PROD-0013,2024-03-21,31,West
PROD-0098,2024-03-21,39,East
PROD-0053,2024-03-21,9,South
PROD-0019,2024-03-21,25,West
PROD-0030,2024-03-21,36,West
PROD-0020,2024-03-21,35,Central
PROD-0071,2024-03-21,32,Central
PROD-0075,2024-03-21,35,South
PROD-0058,2024-03-21,25,North
PROD-0064,2024-03-21,38,West
PROD-0043,2024-03-21,34,Central
PROD-0057,2024-03-21,50,South
PROD-0070,2024-03-21,45,North
PROD-0017,2024-03-21,16,East
PROD-0021,2024-03-21,1,South
PROD-0025,2024-03-21,2,East
PROD-0033,2024-03-21,36,West
PROD-0079,2024-03-21,9,North
PROD-0014,2024-03-21,4,East
PROD-0080,2024-03-22,50,South
PROD-0006,2024-03-22,19,West
PROD-0050,2024-03-22,10,Central
PROD-0091,2024-03-22,27,South
PROD-0051,2024-03-22,14,South
PROD-0093,2024-03-22,4,South
PROD-0013,2024-03-22,8,South
PROD-0077,2024-03-22,25,North
PROD-0074,2024-03-22,45,West
PROD-0007,2024-03-22,24,North
PROD-0033,2024-03-22,45,North
PROD-0016,2024-03-22,43,Central
PROD-0067,2024-03-22,5,West
PROD-0090,2024-03-22,39,South
PROD-0072,2024-03-22,2,South
PROD-0021,2024-03-22,24,South
PROD-0068,2024-03-22,6,South
PROD-0097,2024-03-22,5,North
PROD-0010,2024-03-22,37,West
PROD-0089,2024-03-22,10,South
PROD-0034,2024-03-22,31,South
PROD-0085,2024-03-22,48,Central
PROD-0005,2024-03-22,45,East
PROD-0040,2024-03-22,31,West
PROD-0008,2024-03-22,47,East
PROD-0098,2024-03-22,29,North
PROD-0076,2024-03-22,19,North
PROD-0073,2024-03-22,10,North
PROD-0056,2024-03-22,42,North
PROD-0060,2024-03-22,39,South
PROD-0052,2024-03-22,33,South
PROD-0027,2024-03-22,1,West
PROD-0065,2024-03-22,28,West
PROD-0075,2024-03-22,36,East
PROD-0004,2024-03-22,37,Central
PROD-0041,2024-03-22,20,South
PROD-0066,2024-03-22,28,South
PROD-0002,2024-03-22,18,North
PROD-0069,2024-03-22,34,West
PROD-0081,2024-03-22,9,South
PROD-0096,2024-03-22,26,Central
PROD-0044,2024-03-22,4,South
PROD-0092,2024-03-22,26,South
PROD-0057,2024-03-22,48,Central
PROD-0094,2024-03-22,39,North
PROD-0015,2024-03-22,45,West
PROD-0012,2024-03-22,31,East
PROD-0062,2024-03-22,42,West
PROD-0023,2024-03-22,25,South
PROD-0099,2024-03-22,4,East
PROD-0078,2024-03-22,42,West
PROD-0039,2024-03-22,13,East
PROD-0048,2024-03-22,7,North
PROD-0049,2024-03-22,5,East
PROD-0083,2024-03-22,39,East
PROD-0011,2024-03-22,2,South
PROD-0043,2024-03-22,19,South
PROD-0035,2024-03-22,35,North
PROD-0028,2024-03-22,5,South
PROD-0100,2024-03-22,39,North
PROD-0030,2024-03-22,49,East
PROD-0019,2024-03-22,13,Central
PROD-0022,2024-03-22,13,North
PROD-0042,2024-03-22,16,East
PROD-0086,2024-03-22,6,Central
PROD-0020,2024-03-22,37,North
PROD-0064,2024-03-22,37,West
PROD-0036,2024-03-23,12,North
PROD-0016,2024-03-23,12,North
PROD-0039,2024-03-23,13,East
PROD-0003,2024-03-23,15,Central
PROD-0096,2024-03-23,7,East
PROD-0019,2024-03-23,29,West
PROD-0082,2024-03-23,28,East
PROD-0095,2024-03-23,5,North
PROD-0056,2024-03-23,13,West
PROD-0088,2024-03-23,28,Central
PROD-0025,2024-03-23,4,Central
PROD-0041,2024-03-23,30,South
PROD-0065,2024-03-23,1,Central
PROD-0075,2024-03-23,15,West
PROD-0074,2024-03-23,22,North
PROD-0017,2024-03-23,11,South
PROD-0064,2024-03-23,6,West
PROD-0005,2024-03-23,3,North
PROD-0020,2024-03-23,27,South
PROD-0091,2024-03-23,8,South
PROD-0026,2024-03-23,30,South
PROD-0054,2024-03-23,19,Central
PROD-0093,2024-03-23,28,Central
PROD-0087,2024-03-23,25,Central
PROD-0010,2024-03-23,30,East
PROD-0008,2024-03-23,17,South
PROD-0062,2024-03-23,13,East
PROD-0033,2024-03-23,14,Central
PROD-0031,2024-03-23,16,North
PROD-0068,2024-03-23,27,West
PROD-0045,2024-03-23,9,South
PROD-0059,2024-03-23,24,Central
PROD-0042,2024-03-23,3,South
PROD-0071,2024-03-23,22,West
PROD-0099,2024-03-23,4,North
PROD-0049,2024-03-23,6,East
PROD-0053,2024-03-23,21,North
PROD-0098,2024-03-23,19,North
PROD-0100,2024-03-23,18,East
PROD-0070,2024-03-23,6,East
PROD-0052,2024-03-23,6,North
PROD-0092,2024-03-23,10,Central
PROD-0076,2024-03-23,14,East
PROD-0079,2024-03-23,3,North
PROD-0085,2024-03-23,7,West
PROD-0001,2024-03-23,10,West
PROD-0055,2024-03-23,10,West
PROD-0022,2024-03-23,25,South
PROD-0011,2024-03-23,4,Central
PROD-0073,2024-03-23,19,North
PROD-0047,2024-03-23,14,East
PROD-0040,2024-03-23,15,West
PROD-0034,2024-03-23,24,South
PROD-0038,2024-03-23,17,East
PROD-0057,2024-03-23,19,Central
PROD-0037,2024-03-23,12,East
PROD-0061,2024-03-23,3,West
PROD-0084,2024-03-23,19,West
PROD-0027,2024-03-23,10,North
PROD-0063,2024-03-23,24,North
PROD-0059,2024-03-24,9,Central
PROD-0100,2024-03-24,0,South
PROD-0016,2024-03-24,4,East
PROD-0024,2024-03-24,15,South
PROD-0036,2024-03-24,22,West
PROD-0042,2024-03-24,3,South
PROD-0026,2024-03-24,15,West
PROD-0077,2024-03-24,25,North
PROD-0052,2024-03-24,13,West
PROD-0013,2024-03-24,18,Central
PROD-0038,2024-03-24,18,North
PROD-0035,2024-03-24,3,South
PROD-0070,2024-03-24,28,North
PROD-0093,2024-03-24,15,West
PROD-0014,2024-03-24,7,West
PROD-0056,2024-03-24,13,North
PROD-0064,2024-03-24,12,East
PROD-0021,2024-03-24,23,West
PROD-0015,2024-03-24,8,West
PROD-0088,2024-03-24,4,East
PROD-0060,2024-03-24,18,North
PROD-0085,2024-03-24,21,South
PROD-0089,2024-03-24,18,South
PROD-0047,2024-03-24,24,South
PROD-0046,2024-03-24,12,Central
PROD-0053,2024-03-24,1,Central
PROD-0075,2024-03-24,30,West
PROD-0031,2024-03-24,2,East
PROD-0017,2024-03-24,16,West
PROD-0005,2024-03-24,8,North
PROD-0086,2024-03-24,8,North
PROD-0049,2024-03-24,29,West
PROD-0073,2024-03-24,10,East
PROD-0001,2024-03-24,24,South
PROD-0072,2024-03-24,3,South
PROD-0032,2024-03-24,3,East
PROD-0095,2024-03-24,15,North
PROD-0055,2024-03-24,12,West
PROD-0051,2024-03-24,16,Central
PROD-0062,2024-03-24,8,East
PROD-0008,2024-03-24,7,North
PROD-0084,2024-03-24,3,West
PROD-0066,2024-03-24,13,East
PROD-0090,2024-03-24,6,South
PROD-0050,2024-03-24,13,West
PROD-0099,2024-03-24,18,West
PROD-0081,2024-03-24,21,South
PROD-0057,2024-03-24,27,West
PROD-0065,2024-03-24,13,Central
PROD-0029,2024-03-24,15,North
PROD-0044,2024-03-24,21,Central
PROD-0040,2024-03-24,7,North
PROD-0043,2024-03-24,28,Central
PROD-0006,2024-03-24,24,South
PROD-0054,2024-03-24,12,East
PROD-0012,2024-03-24,0,South
PROD-0002,2024-03-24,18,South
PROD-0078,2024-03-24,19,East
PROD-0091,2024-03-24,4,West
PROD-0018,2024-03-24,10,Central
PROD-0079,2024-03-24,28,North
PROD-0037,2024-03-24,17,South
PROD-0003,2024-03-24,24,West
PROD-0022,2024-03-24,24,Central
PROD-0030,2024-03-24,4,North
PROD-0010,2024-03-24,8,South
PROD-0033,2024-03-24,16,Central
PROD-0096,2024-03-24,30,South
PROD-0074,2024-03-24,23,West
PROD-0068,2024-03-24,8,East
PROD-0063,2024-03-24,8,South
PROD-0027,2024-03-24,26,Central
PROD-0039,2024-03-24,0,East
PROD-0092,2024-03-24,14,North
PROD-0095,2024-03-25,20,Central
PROD-0019,2024-03-25,8,West
PROD-0084,2024-03-25,42,West
PROD-0003,2024-03-25,27,West
PROD-0061,2024-03-25,23,East
PROD-0028,2024-03-25,35,West
PROD-0050,2024-03-25,34,East
PROD-0066,2024-03-25,8,South
PROD-0045,2024-03-25,30,West
PROD-0075,2024-03-25,24,South
PROD-0081,2024-03-25,36,Central
PROD-0041,2024-03-25,11,Central
PROD-0089,2024-03-25,28,West
PROD-0037,2024-03-25,19,West
PROD-0096,2024-03-25,41,East
PROD-0005,2024-03-25,45,Central
PROD-0027,2024-03-25,7,North
PROD-0072,2024-03-25,7,North
PROD-0088,2024-03-25,42,North
PROD-0048,2024-03-25,40,West
PROD-0078,2024-03-25,7,West
PROD-0015,2024-03-25,48,Central
PROD-0018,2024-03-25,35,North
PROD-0059,2024-03-25,41,West
PROD-0002,2024-03-25,33,Central
PROD-0099,2024-03-25,3,East
PROD-0086,2024-03-25,27,South
PROD-0024,2024-03-25,15,West
PROD-0071,2024-03-25,36,West
PROD-0100,2024-03-25,8,South
PROD-0032,2024-03-25,31,North
PROD-0097,2024-03-25,23,West
PROD-0051,2024-03-25,27,West
PROD-0034,2024-03-25,1,East
PROD-0094,2024-03-25,15,Central
PROD-0063,2024-03-25,19,East
PROD-0044,2024-03-25,43,East
PROD-0064,2024-03-25,20,West
PROD-0042,2024-03-25,44,South
PROD-0092,2024-03-25,1,West
PROD-0068,2024-03-25,3,North
PROD-0029,2024-03-25,2,South
PROD-0022,2024-03-25,24,Central
PROD-0007,2024-03-25,48,Central
PROD-0016,2024-03-25,21,East
PROD-0055,2024-03-25,11,Central
PROD-0023,2024-03-25,28,South
PROD-0043,2024-03-25,36,West
PROD-0038,2024-03-25,13,Central
PROD-0031,2024-03-25,42,West
PROD-0083,2024-03-25,4,Central
PROD-0035,2024-03-25,28,South
PROD-0076,2024-03-25,41,West
PROD-0030,2024-03-25,47,South
PROD-0004,2024-03-25,26,East
PROD-0054,2024-03-25,34,South
PROD-0091,2024-03-25,28,South
PROD-0001,2024-03-25,7,South
PROD-0040,2024-03-25,33,North
PROD-0056,2024-03-25,41,Central
PROD-0082,2024-03-25,26,East
PROD-0014,2024-03-25,36,South
PROD-0026,2024-03-25,21,South
PROD-0053,2024-03-25,6,North
PROD-0039,2024-03-25,2,West
PROD-0036,2024-03-25,1,Central
PROD-0021,2024-03-26,40,Central
PROD-0004,2024-03-26,6,Central
PROD-0003,2024-03-26,25,North
PROD-0054,2024-03-26,48,South
PROD-0049,2024-03-26,30,East
PROD-0100,2024-03-26,12,South
PROD-0070,2024-03-26,42,South
PROD-0085,2024-03-26,20,South
PROD-0059,2024-03-26,35,South
PROD-0066,2024-03-26,47,West
PROD-0057,2024-03-26,50,East
PROD-0090,2024-03-26,43,North
PROD-0001,2024-03-26,18,North
PROD-0024,2024-03-26,10,North
PROD-0036,2024-03-26,41,Central
PROD-0011,2024-03-26,7,North
PROD-0002,2024-03-26,30,Central
PROD-0096,2024-03-26,8,North
PROD-0050,2024-03-26,10,East
PROD-0007,2024-03-26,17,South
PROD-0040,2024-03-26,6,North
PROD-0074,2024-03-26,32,East
PROD-0051,2024-03-26,14,West
PROD-0045,2024-03-26,7,West
PROD-0030,2024-03-26,2,West
PROD-0014,2024-03-26,5,West
PROD-0041,2024-03-26,41,North
PROD-0046,2024-03-26,14,West
PROD-0029,2024-03-26,25,East
PROD-0084,2024-03-26,41,West
PROD-0078,2024-03-26,11,South
PROD-0009,2024-03-26,20,North
PROD-0079,2024-03-26,12,Central
PROD-0063,2024-03-26,41,Central
PROD-0077,2024-03-26,3,North
PROD-0055,2024-03-26,22,East
PROD-0099,2024-03-26,31,Central
PROD-0092,2024-03-26,39,Central
PROD-0010,2024-03-26,1,South
PROD-0069,2024-03-26,34,East
PROD-0022,2024-03-26,8,South
PROD-0026,2024-03-26,39,North
PROD-0056,2024-03-26,35,North
PROD-0093,2024-03-26,34,Central
PROD-0073,2024-03-26,49,South
PROD-0082,2024-03-26,14,East
PROD-0058,2024-03-26,8,South
PROD-0005,2024-03-26,2,East
PROD-0095,2024-03-26,9,South
PROD-0034,2024-03-26,6,South
PROD-0035,2024-03-26,18,East
PROD-0097,2024-03-26,31,South
PROD-0098,2024-03-26,6,East
PROD-0068,2024-03-26,46,Central
PROD-0006,2024-03-26,42,East
PROD-0061,2024-03-26,30,West
PROD-0015,2024-03-26,28,Central
PROD-0018,2024-03-26,26,South
PROD-0065,2024-03-26,17,South
PROD-0025,2024-03-26,13,East
PROD-0032,2024-03-26,26,North
PROD-0012,2024-03-26,38,Central
PROD-0048,2024-03-26,20,South
PROD-0003,2024-03-27,47,West
PROD-0014,2024-03-27,28,West
PROD-0041,2024-03-27,28,Central
PROD-0071,2024-03-27,48,East
PROD-0069,2024-03-27,21,Central
PROD-0008,2024-03-27,7,Central
PROD-0073,2024-03-27,25,West
PROD-0027,2024-03-27,13,Central
PROD-0022,2024-03-27,23,East
PROD-0078,2024-03-27,41,North
PROD-0092,2024-03-27,29,South
PROD-0087,2024-03-27,3,Central
PROD-0097,2024-03-27,17,Central
PROD-0050,2024-03-27,27,East
PROD-0015,2024-03-27,39,Central
PROD-0020,2024-03-27,23,West
PROD-0051,2024-03-27,2,North
PROD-0031,2024-03-27,12,East
PROD-0100,2024-03-27,28,South
PROD-0026,2024-03-27,23,South
PROD-0002,2024-03-27,5,South
PROD-0066,2024-03-27,43,East
PROD-0076,2024-03-27,24,South
PROD-0068,2024-03-27,50,East
PROD-0085,2024-03-27,8,North
PROD-0075,2024-03-27,21,North
PROD-0005,2024-03-27,46,East
PROD-0058,2024-03-27,14,West
PROD-0074,2024-03-27,37,East
PROD-0023,2024-03-27,15,Central
PROD-0013,2024-03-27,5,West
PROD-0065,2024-03-27,19,Central
PROD-0028,2024-03-27,14,Central
PROD-0004,2024-03-27,14,North
PROD-0035,2024-03-27,36,East
PROD-0060,2024-03-27,46,Central
PROD-0009,2024-03-27,43,North
PROD-0082,2024-03-27,37,West
PROD-0072,2024-03-27,44,West
PROD-0056,2024-03-27,21,East
PROD-0033,2024-03-27,13,South
PROD-0081,2024-03-27,4,West
PROD-0096,2024-03-27,32,North
PROD-0029,2024-03-27,18,West
PROD-0077,2024-03-27,8,North
PROD-0042,2024-03-27,29,South
PROD-0057,2024-03-27,39,East
PROD-0025,2024-03-27,38,West
PROD-0024,2024-03-27,16,Central
PROD-0037,2024-03-27,2,East
PROD-0021,2024-03-27,2,Central
PROD-0036,2024-03-27,1,West
PROD-0061,2024-03-27,19,South
PROD-0001,2024-03-27,26,North
PROD-0055,2024-03-27,35,Central
PROD-0046,2024-03-27,3,East
PROD-0007,2024-03-27,42,North
PROD-0083,2024-03-27,5,West
PROD-0090,2024-03-27,7,West
PROD-0012,2024-03-27,47,East
PROD-0080,2024-03-27,18,East
PROD-0086,2024-03-27,49,East
PROD-0039,2024-03-27,26,North
PROD-0043,2024-03-27,36,East
PROD-0048,2024-03-27,32,Central
PROD-0052,2024-03-27,4,West
PROD-0091,2024-03-27,20,West
PROD-0016,2024-03-27,32,North
PROD-0006,2024-03-27,24,Central
PROD-0079,2024-03-27,7,North
PROD-0064,2024-03-27,15,North
PROD-0053,2024-03-27,1,South
PROD-0067,2024-03-27,7,East
PROD-0019,2024-03-27,45,West
PROD-0040,2024-03-27,15,South
PROD-0035,2024-03-28,47,East
PROD-0049,2024-03-28,35,North
PROD-0047,2024-03-28,45,North
PROD-0051,2024-03-28,17,North
PROD-0064,2024-03-28,8,North
PROD-0012,2024-03-28,20,North
PROD-0007,2024-03-28,17,East
PROD-0042,2024-03-28,45,Central
PROD-0097,2024-03-28,25,East
PROD-0009,2024-03-28,45,South
PROD-0095,2024-03-28,9,Central
PROD-0067,2024-03-28,30,North
PROD-0050,2024-03-28,9,East
PROD-0023,2024-03-28,10,Central
PROD-0045,2024-03-28,27,West
PROD-0069,2024-03-28,43,North
PROD-0044,2024-03-28,34,Central
PROD-0038,2024-03-28,16,Central
PROD-0076,2024-03-28,31,West
PROD-0081,2024-03-28,18,East
PROD-0015,2024-03-28,50,West
PROD-0085,2024-03-28,15,North
PROD-0001,2024-03-28,17,East
PROD-0084,2024-03-28,46,North
PROD-0043,2024-03-28,23,Central
PROD-0003,2024-03-28,16,South
PROD-0032,2024-03-28,45,North
PROD-0098,2024-03-28,5,West
PROD-0028,2024-03-28,4,South
PROD-0060,2024-03-28,1,South
PROD-0040,2024-03-28,30,West
PROD-0024,2024-03-28,13,West
PROD-0034,2024-03-28,7,East
PROD-0016,2024-03-28,14,Central
PROD-0078,2024-03-28,49,Central
PROD-0062,2024-03-28,33,East
PROD-0048,2024-03-28,49,East
PROD-0014,2024-03-28,46,West
PROD-0033,2024-03-28,42,South
PROD-0020,2024-03-28,33,North
PROD-0039,2024-03-28,9,South
PROD-0080,2024-03-28,24,West
PROD-0056,2024-03-28,29,Central
PROD-0082,2024-03-28,33,South
PROD-0013,2024-03-28,50,West
PROD-0021,2024-03-28,13,North
PROD-0072,2024-03-28,18,West
PROD-0059,2024-03-28,11,East
PROD-0004,2024-03-28,37,North
PROD-0005,2024-03-28,10,West
PROD-0054,2024-03-28,7,North
PROD-0002,2024-03-28,16,North
PROD-0074,2024-03-28,30,South
PROD-0022,2024-03-28,18,North
PROD-0063,2024-03-28,31,Central
PROD-0053,2024-03-28,29,East
PROD-0090,2024-03-28,17,North
PROD-0079,2024-03-28,36,North
PROD-0036,2024-03-28,23,West
PROD-0086,2024-03-28,14,South
PROD-0046,2024-03-28,26,Central
PROD-0016,2024-03-29,22,North
PROD-0019,2024-03-29,29,East
PROD-0014,2024-03-29,24,North
PROD-0095,2024-03-29,4,West
PROD-0062,2024-03-29,47,West
PROD-0081,2024-03-29,13,East
PROD-0001,2024-03-29,13,West
PROD-0035,2024-03-29,12,Central
PROD-0005,2024-03-29,18,Central
PROD-0032,2024-03-29,39,West
PROD-0030,2024-03-29,34,West
PROD-0099,2024-03-29,7,North
PROD-0029,2024-03-29,42,South
PROD-0034,2024-03-29,8,South
PROD-0090,2024-03-29,8,North
PROD-0004,2024-03-29,3,Central
PROD-0008,2024-03-29,18,South
PROD-0079,2024-03-29,5,Central
PROD-0045,2024-03-29,7,East
PROD-0021,2024-03-29,15,Central
PROD-0086,2024-03-29,45,West
PROD-0077,2024-03-29,26,West
PROD-0054,2024-03-29,7,South
PROD-0026,2024-03-29,47,East
PROD-0067,2024-03-29,32,South
PROD-0069,2024-03-29,11,South
PROD-0056,2024-03-29,23,East
PROD-0052,2024-03-29,46,Central
PROD-0088,2024-03-29,19,North
PROD-0097,2024-03-29,7,South
PROD-0020,2024-03-29,33,Central
PROD-0091,2024-03-29,31,East
PROD-0055,2024-03-29,45,South
PROD-0053,2024-03-29,11,East
PROD-0092,2024-03-29,44,North
PROD-0072,2024-03-29,11,South
PROD-0096,2024-03-29,22,West
PROD-0003,2024-03-29,10,North
PROD-0015,2024-03-29,43,West
PROD-0066,2024-03-29,28,East
PROD-0002,2024-03-29,2,South
PROD-0010,2024-03-29,17,North
PROD-0047,2024-03-29,11,North
PROD-0068,2024-03-29,39,East
PROD-0009,2024-03-29,31,Central
PROD-0024,2024-03-29,1,West
PROD-0041,2024-03-29,16,West
PROD-0018,2024-03-29,8,North
PROD-0013,2024-03-29,2,Central
PROD-0033,2024-03-29,44,East
PROD-0031,2024-03-29,15,Central
PROD-0100,2024-03-29,33,South
PROD-0059,2024-03-29,49,South
PROD-0007,2024-03-29,50,North
PROD-0039,2024-03-29,7,East
PROD-0071,2024-03-29,48,East
PROD-0042,2024-03-29,29,West
PROD-0061,2024-03-29,48,East
PROD-0011,2024-03-29,35,East
PROD-0038,2024-03-29,43,West
PROD-0098,2024-03-29,17,East
PROD-0080,2024-03-29,30,North
PROD-0036,2024-03-29,23,East
PROD-0046,2024-03-29,46,East
PROD-0060,2024-03-29,34,Central
PROD-0073,2024-03-29,31,North
PROD-0048,2024-03-29,18,Central
PROD-0051,2024-03-29,47,North
PROD-0073,2024-03-30,16,South
PROD-0091,2024-03-30,25,South
PROD-0025,2024-03-30,13,West
PROD-0031,2024-03-30,1,South
PROD-0016,2024-03-30,22,West
PROD-0015,2024-03-30,14,South
PROD-0041,2024-03-30,28,North
PROD-0046,2024-03-30,7,West
PROD-0053,2024-03-30,24,North
PROD-0081,2024-03-30,10,Central
PROD-0070,2024-03-30,17,Central
PROD-0005,2024-03-30,7,East
PROD-0044,2024-03-30,26,East
PROD-0059,2024-03-30,13,West
PROD-0006,2024-03-30,22,West
PROD-0023,2024-03-30,10,East
PROD-0040,2024-03-30,7,North
PROD-0011,2024-03-30,22,Central
PROD-0057,2024-03-30,27,East
PROD-0072,2024-03-30,24,North
PROD-0018,2024-03-30,16,West
PROD-0086,2024-03-30,22,East
PROD-0078,2024-03-30,11,North
PROD-0033,2024-03-30,0,West
PROD-0099,2024-03-30,26,South
PROD-0013,2024-03-30,18,South
PROD-0008,2024-03-30,20,East
PROD-0062,2024-03-30,24,Central
PROD-0004,2024-03-30,25,South
PROD-0019,2024-03-30,12,West
PROD-0097,2024-03-30,11,North
PROD-0092,2024-03-30,11,North
PROD-0067,2024-03-30,18,North
PROD-0045,2024-03-30,8,East
PROD-0034,2024-03-30,22,North
PROD-0093,2024-03-30,2,West
PROD-0009,2024-03-30,12,North
PROD-0027,2024-03-30,16,East
PROD-0007,2024-03-30,25,North
PROD-0064,2024-03-30,2,East
PROD-0071,2024-03-30,5,East
PROD-0017,2024-03-30,11,Central
PROD-0002,2024-03-30,25,Central
PROD-0048,2024-03-30,6,North
PROD-0090,2024-03-30,27,East
PROD-0084,2024-03-30,6,South
PROD-0049,2024-03-30,16,Central
PROD-0074,2024-03-30,3,East
PROD-0050,2024-03-30,9,North
PROD-0032,2024-03-30,18,East
PROD-0089,2024-03-30,9,West
PROD-0056,2024-03-30,16,West
PROD-0047,2024-03-30,4,East
PROD-0094,2024-03-30,12,Central
PROD-0098,2024-03-30,12,South
PROD-0063,2024-03-30,22,West
PROD-0010,2024-03-30,26,East
PROD-0052,2024-03-30,22,South
PROD-0003,2024-03-30,26,South
PROD-0085,2024-03-30,10,South
PROD-0095,2024-03-30,16,Central
PROD-0028,2024-03-30,7,East
PROD-0045,2024-03-31,12,Central
PROD-0039,2024-03-31,24,West
PROD-0011,2024-03-31,21,South
PROD-0003,2024-03-31,15,West
PROD-0017,2024-03-31,4,South
PROD-0052,2024-03-31,20,West
PROD-0038,2024-03-31,27,East
PROD-0070,2024-03-31,19,East
PROD-0002,2024-03-31,18,East
PROD-0053,2024-03-31,16,West
PROD-0093,2024-03-31,16,West
PROD-0096,2024-03-31,18,North
PROD-0080,2024-03-31,21,North
PROD-0013,2024-03-31,30,West
PROD-0032,2024-03-31,3,South
PROD-0075,2024-03-31,24,East
PROD-0046,2024-03-31,9,Central
PROD-0092,2024-03-31,19,East
PROD-0051,2024-03-31,5,Central
PROD-0001,2024-03-31,21,Central
PROD-0059,2024-03-31,11,North
PROD-0063,2024-03-31,29,West
PROD-0088,2024-03-31,5,West
PROD-0078,2024-03-31,25,North
PROD-0100,2024-03-31,18,Central
PROD-0005,2024-03-31,18,North
PROD-0089,2024-03-31,3,North
PROD-0050,2024-03-31,10,North
PROD-0040,2024-03-31,13,Central
PROD-0019,2024-03-31,4,East
PROD-0047,2024-03-31,22,West
PROD-0012,2024-03-31,27,East
PROD-0067,2024-03-31,2,North
PROD-0016,2024-03-31,28,Central
PROD-0085,2024-03-31,26,Central
PROD-0076,2024-03-31,28,North
PROD-0021,2024-03-31,27,South
PROD-0097,2024-03-31,20,South
PROD-0026,2024-03-31,21,West
PROD-0008,2024-03-31,5,South
PROD-0069,2024-03-31,26,South
PROD-0043,2024-03-31,12,East
PROD-0036,2024-03-31,28,North
PROD-0014,2024-03-31,19,Central
PROD-0029,2024-03-31,27,South
PROD-0068,2024-03-31,4,North
PROD-0054,2024-03-31,0,South
PROD-0031,2024-03-31,23,North
PROD-0099,2024-03-31,20,North
PROD-0098,2024-03-31,9,South
PROD-0079,2024-03-31,4,West
PROD-0049,2024-03-31,1,Central
PROD-0071,2024-03-31,17,West
PROD-0034,2024-03-31,2,North
PROD-0055,2024-03-31,12,West
PROD-0006,2024-03-31,18,South
PROD-0083,2024-03-31,9,Central
PROD-0027,2024-03-31,10,Central
PROD-0025,2024-03-31,26,West
PROD-0044,2024-03-31,25,Central
PROD-0081,2024-03-31,4,West
PROD-0056,2024-03-31,6,North
PROD-0007,2024-03-31,7,South
PROD-0023,2024-03-31,28,South
PROD-0041,2024-03-31,6,Central
PROD-0064,2024-03-31,28,Central
PROD-0067,2024-04-01,31,East
PROD-0075,2024-04-01,19,North
PROD-0057,2024-04-01,38,West
PROD-0038,2024-04-01,24,East
PROD-0053,2024-04-01,26,West
PROD-0035,2024-04-01,45,North
PROD-0039,2024-04-01,30,West
PROD-0071,2024-04-01,28,South
PROD-0044,2024-04-01,2,East
PROD-0082,2024-04-01,30,North
PROD-0060,2024-04-01,37,West
PROD-0041,2024-04-01,1,Central
PROD-0007,2024-04-01,20,North
PROD-0029,2024-04-01,42,Central
PROD-0026,2024-04-01,29,North
PROD-0086,2024-04-01,23,South
PROD-0049,2024-04-01,30,West
PROD-0098,2024-04-01,18,North
PROD-0024,2024-04-01,11,East
PROD-0063,2024-04-01,33,Central
PROD-0088,2024-04-01,14,East
PROD-0076,2024-04-01,46,Central
PROD-0046,2024-04-01,25,Central
PROD-0083,2024-04-01,5,South
PROD-0027,2024-04-01,42,South
PROD-0099,2024-04-01,23,Central
PROD-0018,2024-04-01,22,West
PROD-0045,2024-04-01,46,South
PROD-0047,2024-04-01,18,East
PROD-0094,2024-04-01,26,North
PROD-0033,2024-04-01,42,West
PROD-0097,2024-04-01,25,West
PROD-0087,2024-04-01,39,South
PROD-0019,2024-04-01,37,Central
PROD-0095,2024-04-01,50,Central
PROD-0052,2024-04-01,17,South
PROD-0040,2024-04-01,45,East
PROD-0093,2024-04-01,38,Central
PROD-0089,2024-04-01,23,Central
PROD-0078,2024-04-01,40,West
PROD-0066,2024-04-01,5,North
PROD-0056,2024-04-01,2,South
PROD-0016,2024-04-01,15,North
PROD-0085,2024-04-01,43,North
PROD-0032,2024-04-01,32,West
PROD-0074,2024-04-01,21,South
PROD-0051,2024-04-01,50,South
PROD-0068,2024-04-01,7,South
PROD-0006,2024-04-01,47,West
PROD-0062,2024-04-01,49,West
PROD-0072,2024-04-01,5,North
PROD-0055,2024-04-01,40,East
PROD-0043,2024-04-01,8,North
PROD-0034,2024-04-01,48,North
PROD-0079,2024-04-01,29,East
PROD-0012,2024-04-01,39,North
PROD-0091,2024-04-01,12,East
PROD-0022,2024-04-01,7,West
PROD-0009,2024-04-01,25,South
PROD-0003,2024-04-01,41,Central
PROD-0025,2024-04-01,36,South
PROD-0058,2024-04-01,13,East
PROD-0100,2024-04-01,32,West
PROD-0036,2024-04-01,44,East
PROD-0051,2024-04-02,48,South
PROD-0061,2024-04-02,28,Central
PROD-0099,2024-04-02,13,North
PROD-0001,2024-04-02,38,North
PROD-0049,2024-04-02,41,North
PROD-0060,2024-04-02,14,North
PROD-0095,2024-04-02,9,North
PROD-0007,2024-04-02,24,West
PROD-0006,2024-04-02,37,Central
PROD-0087,2024-04-02,5,East
PROD-0092,2024-04-02,12,Central
PROD-0053,2024-04-02,32,South
PROD-0043,2024-04-02,14,Central
PROD-0027,2024-04-02,31,Central
PROD-0024,2024-04-02,23,East
PROD-0057,2024-04-02,40,Central
PROD-0015,2024-04-02,9,North
PROD-0033,2024-04-02,29,West
PROD-0050,2024-04-02,41,West
PROD-0005,2024-04-02,5,Central
PROD-0039,2024-04-02,6,South
PROD-0021,2024-04-02,34,East
PROD-0009,2024-04-02,7,North
PROD-0067,2024-04-02,32,South
PROD-0044,2024-04-02,4,Central
PROD-0052,2024-04-02,35,East
PROD-0064,2024-04-02,2,South
PROD-0070,2024-04-02,19,East
PROD-0096,2024-04-02,25,East
PROD-0097,2024-04-02,5,South
PROD-0076,2024-04-02,19,North
PROD-0048,2024-04-02,35,Central
PROD-0091,2024-04-02,16,Central
PROD-0036,2024-04-02,40,Central
PROD-0068,2024-04-02,20,West
PROD-0008,2024-04-02,40,North
PROD-0094,2024-04-02,35,North
PROD-0025,2024-04-02,38,West
PROD-0030,2024-04-02,17,North
PROD-0046,2024-04-02,3,East
PROD-0069,2024-04-02,27,East
PROD-0078,2024-04-02,13,East
PROD-0034,2024-04-02,49,North
PROD-0058,2024-04-02,9,South
PROD-0020,2024-04-02,36,East
PROD-0018,2024-04-02,49,North
PROD-0029,2024-04-02,16,West
PROD-0003,2024-04-02,5,Central
PROD-0074,2024-04-02,40,North
PROD-0083,2024-04-02,23,North
PROD-0002,2024-04-02,27,Central
PROD-0063,2024-04-02,48,Central
PROD-0084,2024-04-02,6,Central
PROD-0017,2024-04-02,31,South
PROD-0045,2024-04-02,18,North
PROD-0012,2024-04-02,7,North
PROD-0038,2024-04-02,32,Central
PROD-0014,2024-04-02,15,East
PROD-0011,2024-04-02,28,West
PROD-0088,2024-04-02,20,South
PROD-0010,2024-04-02,2,North
PROD-0062,2024-04-02,2,South
PROD-0080,2024-04-02,35,Central
PROD-0004,2024-04-02,25,North
PROD-0045,2024-04-03,4,West
PROD-0082,2024-04-03,50,West
PROD-0021,2024-04-03,45,South
PROD-0056,2024-04-03,28,West
PROD-0046,2024-04-03,36,South
PROD-0042,2024-04-03,8,West
PROD-0040,2024-04-03,8,Central
PROD-0036,2024-04-03,24,East
PROD-0069,2024-04-03,13,East
PROD-0037,2024-04-03,28,North
PROD-0092,2024-04-03,16,South
PROD-0063,2024-04-03,6,Central
PROD-0006,2024-04-03,1,South
PROD-0027,2024-04-03,27,Central
PROD-0075,2024-04-03,37,North
PROD-0099,2024-04-03,1,South
PROD-0071,2024-04-03,4,North
PROD-0035,2024-04-03,4,South
PROD-0057,2024-04-03,29,South
PROD-0094,2024-04-03,19,North
PROD-0005,2024-04-03,21,East
PROD-0054,2024-04-03,39,South
PROD-0009,2024-04-03,19,South
PROD-0044,2024-04-03,39,West
PROD-0032,2024-04-03,31,North
PROD-0065,2024-04-03,43,North
PROD-0001,2024-04-03,5,East
PROD-0060,2024-04-03,35,South
PROD-0022,2024-04-03,32,East
PROD-0002,2024-04-03,15,West
PROD-0090,2024-04-03,46,East
PROD-0034,2024-04-03,24,Central
PROD-0074,2024-04-03,19,South
PROD-0025,2024-04-03,34,East
PROD-0031,2024-04-03,21,Central
PROD-0029,2024-04-03,33,North
PROD-0011,2024-04-03,4,East
PROD-0038,2024-04-03,27,Central
PROD-0041,2024-04-03,32,East
PROD-0007,2024-04-03,6,South
PROD-0095,2024-04-03,9,Central
PROD-0064,2024-04-03,15,East
PROD-0050,2024-04-03,48,Central
PROD-0080,2024-04-03,14,North
PROD-0023,2024-04-03,24,South
PROD-0084,2024-04-03,3,South
PROD-0018,2024-04-03,45,West
PROD-0081,2024-04-03,42,West
PROD-0070,2024-04-03,8,North
PROD-0079,2024-04-03,32,North
PROD-0098,2024-04-03,18,East
PROD-0051,2024-04-03,38,West
PROD-0055,2024-04-03,20,North
PROD-0067,2024-04-03,4,East
PROD-0049,2024-04-03,40,West
PROD-0053,2024-04-03,32,North
PROD-0059,2024-04-03,25,West
PROD-0078,2024-04-03,29,North
PROD-0068,2024-04-03,15,South
PROD-0020,2024-04-03,25,South
PROD-0012,2024-04-03,43,West
PROD-0061,2024-04-03,35,North
PROD-0003,2024-04-03,43,East
PROD-0052,2024-04-03,3,Central
PROD-0008,2024-04-03,49,East
PROD-0043,2024-04-03,2,Central
PROD-0089,2024-04-03,49,East
PROD-0016,2024-04-03,17,Central
PROD-0047,2024-04-03,14,North
PROD-0072,2024-04-03,22,Central
PROD-0013,2024-04-03,28,West
PROD-0031,2024-04-04,48,North
PROD-0034,2024-04-04,7,Central
PROD-0078,2024-04-04,25,East
PROD-0074,2024-04-04,35,West
PROD-0056,2024-04-04,28,Central
PROD-0067,2024-04-04,47,Central
PROD-0007,2024-04-04,50,Central
PROD-0022,2024-04-04,17,South
PROD-0079,2024-04-04,25,West
PROD-0050,2024-04-04,48,South
PROD-0072,2024-04-04,9,North
PROD-0060,2024-04-04,18,East
PROD-0054,2024-04-04,6,South
PROD-0081,2024-04-04,50,Central
PROD-0029,2024-04-04,19,East
PROD-0006,2024-04-04,37,West
PROD-0019,2024-04-04,3,Central
PROD-0096,2024-04-04,18,East
PROD-0062,2024-04-04,18,East
PROD-0049,2024-04-04,42,Central
PROD-0095,2024-04-04,1,North
PROD-0008,2024-04-04,20,Central
PROD-0082,2024-04-04,43,East
PROD-0001,2024-04-04,17,South
PROD-0014,2024-04-04,29,West
PROD-0017,2024-04-04,2,West
PROD-0093,2024-04-04,1,West
PROD-0086,2024-04-04,3,East
PROD-0035,2024-04-04,31,Central
PROD-0032,2024-04-04,14,West
PROD-0042,2024-04-04,4,Central
PROD-0047,2024-04-04,6,East
PROD-0069,2024-04-04,40,Central
PROD-0092,2024-04-04,21,North
PROD-0070,2024-04-04,29,South
PROD-0021,2024-04-04,17,East
PROD-0059,2024-04-04,17,West
PROD-0025,2024-04-04,9,South
PROD-0048,2024-04-04,41,South
PROD-0087,2024-04-04,10,Central
PROD-0089,2024-04-04,42,North
PROD-0068,2024-04-04,15,North
PROD-0012,2024-04-04,42,North
PROD-0011,2024-04-04,12,Central
PROD-0058,2024-04-04,29,Central
PROD-0061,2024-04-04,21,North
PROD-0094,2024-04-04,36,South
PROD-0088,2024-04-04,4,East
PROD-0053,2024-04-04,17,North
PROD-0010,2024-04-04,44,East
PROD-0084,2024-04-04,35,North
PROD-0066,2024-04-04,39,South
PROD-0036,2024-04-04,23,North
PROD-0024,2024-04-04,5,Central
PROD-0033,2024-04-04,29,North
PROD-0004,2024-04-04,33,North
PROD-0046,2024-04-04,16,South
PROD-0044,2024-04-04,21,Central
PROD-0043,2024-04-04,24,West
PROD-0099,2024-04-04,5,West
PROD-0045,2024-04-04,19,South
PROD-0055,2024-04-04,2,East
PROD-0040,2024-04-04,39,East
PROD-0090,2024-04-04,22,West
PROD-0077,2024-04-04,42,East
PROD-0085,2024-04-04,31,East
PROD-0063,2024-04-04,40,North
PROD-0018,2024-04-04,11,East
PROD-0100,2024-04-04,3,East
PROD-0038,2024-04-04,10,Central
PROD-0052,2024-04-04,2,North
PROD-0064,2024-04-04,39,South
PROD-0051,2024-04-04,21,Central
PROD-0097,2024-04-04,46,Central
PROD-0028,2024-04-04,38,East
PROD-0056,2024-04-05,25,Central
PROD-0005,2024-04-05,3,South
PROD-0080,2024-04-05,25,North
PROD-0095,2024-04-05,5,South
PROD-0036,2024-04-05,37,Central
PROD-0050,2024-04-05,37,Central
PROD-0069,2024-04-05,47,West
PROD-0075,2024-04-05,35,North
PROD-0026,2024-04-05,34,North
PROD-0045,2024-04-05,39,West
PROD-0053,2024-04-05,43,Central
PROD-0025,2024-04-05,34,West
PROD-0067,2024-04-05,21,East
PROD-0057,2024-04-05,13,Central
PROD-0073,2024-04-05,19,South
PROD-0094,2024-04-05,22,South
PROD-0092,2024-04-05,50,East
PROD-0058,2024-04-05,15,West
PROD-0082,2024-04-05,21,North
PROD-0016,2024-04-05,45,South
PROD-0001,2024-04-05,29,West
PROD-0076,2024-04-05,24,North
PROD-0022,2024-04-05,23,Central
PROD-0033,2024-04-05,33,North
PROD-0008,2024-04-05,24,West
PROD-0078,2024-04-05,39,South
PROD-0089,2024-04-05,29,West
PROD-0043,2024-04-05,15,Central
PROD-0054,2024-04-05,9,Central
PROD-0009,2024-04-05,16,West
PROD-0035,2024-04-05,44,Central
PROD-0004,2024-04-05,43,South
PROD-0051,2024-04-05,39,East
PROD-0021,2024-04-05,19,East
PROD-0046,2024-04-05,21,North
PROD-0003,2024-04-05,6,West
PROD-0084,2024-04-05,27,Central
PROD-0030,2024-04-05,10,Central
PROD-0077,2024-04-05,32,South
PROD-0099,2024-04-05,12,West
PROD-0042,2024-04-05,1,South
PROD-0048,2024-04-05,8,West
PROD-0070,2024-04-05,17,Central
PROD-0007,2024-04-05,46,West
PROD-0097,2024-04-05,48,North
PROD-0090,2024-04-05,9,North
PROD-0020,2024-04-05,28,North
PROD-0061,2024-04-05,45,South
PROD-0062,2024-04-05,5,South
PROD-0091,2024-04-05,33,Central
PROD-0012,2024-04-05,25,West
PROD-0040,2024-04-05,23,South
PROD-0006,2024-04-05,26,Central
PROD-0049,2024-04-05,16,East
PROD-0039,2024-04-05,8,East
PROD-0038,2024-04-05,22,Central
PROD-0047,2024-04-05,39,Central
PROD-0018,2024-04-05,7,North
PROD-0029,2024-04-05,5,East
PROD-0037,2024-04-05,29,West
PROD-0071,2024-04-05,41,West
PROD-0044,2024-04-05,48,West
PROD-0031,2024-04-05,19,West
PROD-0017,2024-04-05,45,South
PROD-0085,2024-04-05,47,South
PROD-0028,2024-04-05,47,Central
PROD-0052,2024-04-05,33,North
PROD-0060,2024-04-05,10,North
PROD-0093,2024-04-05,38,Central
PROD-0041,2024-04-05,24,West
PROD-0010,2024-04-05,25,East
PROD-0098,2024-04-05,29,South
PROD-0059,2024-04-05,33,Central
PROD-0011,2024-04-05,18,North
PROD-0100,2024-04-05,15,East
PROD-0019,2024-04-05,32,East
PROD-0066,2024-04-05,4,Central
PROD-0013,2024-04-05,34,Central
PROD-0012,2024-04-06,16,East
PROD-0011,2024-04-06,12,West
PROD-0067,2024-04-06,12,South
PROD-0039,2024-04-06,6,North
PROD-0069,2024-04-06,28,South
PROD-0014,2024-04-06,16,Central
PROD-0063,2024-04-06,10,Central
PROD-0049,2024-04-06,24,East
PROD-0041,2024-04-06,4,East
PROD-0084,2024-04-06,11,South
PROD-0033,2024-04-06,4,East
PROD-0030,2024-04-06,10,West
PROD-0086,2024-04-06,17,South
PROD-0070,2024-04-06,6,East
PROD-0090,2024-04-06,10,Central
PROD-0066,2024-04-06,29,North
PROD-0020,2024-04-06,9,East
PROD-0037,2024-04-06,6,North
PROD-0089,2024-04-06,8,Central
PROD-0077,2024-04-06,19,South
PROD-0060,2024-04-06,1,Central
PROD-0005,2024-04-06,1,Central
PROD-0098,2024-04-06,21,South
PROD-0047,2024-04-06,0,West
PROD-0023,2024-04-06,1,East
PROD-0040,2024-04-06,8,East
PROD-0007,2024-04-06,22,West
PROD-0016,2024-04-06,28,West
PROD-0055,2024-04-06,20,South
PROD-0001,2024-04-06,18,East
PROD-0022,2024-04-06,4,North
PROD-0054,2024-04-06,17,West
PROD-0074,2024-04-06,19,East
PROD-0062,2024-04-06,3,South
PROD-0008,2024-04-06,10,North
PROD-0061,2024-04-06,13,North
PROD-0076,2024-04-06,28,South
PROD-0065,2024-04-06,28,North
PROD-0002,2024-04-06,12,South
PROD-0095,2024-04-06,19,East
PROD-0100,2024-04-06,10,West
PROD-0025,2024-04-06,24,Central
PROD-0010,2024-04-06,26,North
PROD-0048,2024-04-06,27,East
PROD-0050,2024-04-06,1,West
PROD-0057,2024-04-06,4,Central
PROD-0099,2024-04-06,12,South
PROD-0004,2024-04-06,21,North
PROD-0017,2024-04-06,24,North
PROD-0029,2024-04-06,9,South
PROD-0042,2024-04-06,22,West
PROD-0036,2024-04-06,9,South
PROD-0044,2024-04-06,10,West
PROD-0018,2024-04-06,6,West
PROD-0046,2024-04-06,7,West
PROD-0082,2024-04-06,11,South
PROD-0045,2024-04-06,7,North
PROD-0075,2024-04-06,20,South
PROD-0024,2024-04-06,0,West
PROD-0081,2024-04-06,3,West
PROD-0068,2024-04-06,21,Central
PROD-0027,2024-04-06,8,South
PROD-0093,2024-04-06,1,West
PROD-0080,2024-04-06,27,East
PROD-0072,2024-04-06,24,West
PROD-0043,2024-04-06,24,Central
PROD-0097,2024-04-06,9,East
PROD-0096,2024-04-06,18,Central
PROD-0059,2024-04-06,25,South
PROD-0056,2024-04-06,12,South
PROD-0053,2024-04-06,11,West
PROD-0099,2024-04-07,24,West
PROD-0070,2024-04-07,23,East
PROD-0087,2024-04-07,21,West
PROD-0012,2024-04-07,11,North
PROD-0054,2024-04-07,9,North
PROD-0008,2024-04-07,29,East
PROD-0052,2024-04-07,16,West
PROD-0097,2024-04-07,12,South
PROD-0034,2024-04-07,25,West
PROD-0019,2024-04-07,4,South
PROD-0032,2024-04-07,18,East
PROD-0094,2024-04-07,25,North
PROD-0091,2024-04-07,13,West
PROD-0042,2024-04-07,27,South
PROD-0061,2024-04-07,30,West
PROD-0016,2024-04-07,19,Central
PROD-0065,2024-04-07,16,South
PROD-0062,2024-04-07,1,East
PROD-0025,2024-04-07,10,Central
PROD-0053,2024-04-07,8,West
PROD-0063,2024-04-07,2,Central
PROD-0020,2024-04-07,30,East
PROD-0086,2024-04-07,10,East
PROD-0051,2024-04-07,16,West
PROD-0005,2024-04-07,17,West
PROD-0072,2024-04-07,15,East
PROD-0067,2024-04-07,2,East
PROD-0092,2024-04-07,19,South
PROD-0056,2024-04-07,13,North
PROD-0077,2024-04-07,12,West
PROD-0044,2024-04-07,16,South
PROD-0080,2024-04-07,22,South
PROD-0096,2024-04-07,21,South
PROD-0035,2024-04-07,30,North
PROD-0045,2024-04-07,24,Central
PROD-0009,2024-04-07,13,South
PROD-0085,2024-04-07,23,Central
PROD-0021,2024-04-07,1,North
PROD-0074,2024-04-07,15,North
PROD-0088,2024-04-07,30,East
PROD-0089,2024-04-07,13,Central
PROD-0076,2024-04-07,3,North
PROD-0084,2024-04-07,20,South
PROD-0022,2024-04-07,14,Central
PROD-0078,2024-04-07,7,South
PROD-0049,2024-04-07,21,West
PROD-0029,2024-04-07,27,South
PROD-0081,2024-04-07,11,South
PROD-0001,2024-04-07,14,East
PROD-0026,2024-04-07,16,South
PROD-0066,2024-04-07,21,South
PROD-0039,2024-04-07,0,North
PROD-0090,2024-04-07,1,Central
PROD-0030,2024-04-07,4,Central
PROD-0095,2024-04-07,15,West
PROD-0037,2024-04-07,1,South
PROD-0093,2024-04-07,11,East
PROD-0064,2024-04-07,1,South
PROD-0050,2024-04-07,24,South
PROD-0036,2024-04-07,1,East
PROD-0007,2024-04-07,28,North
PROD-0100,2024-04-07,15,West
PROD-0068,2024-04-07,5,East
PROD-0083,2024-04-07,3,North
PROD-0002,2024-04-07,3,Central
PROD-0015,2024-04-07,28,West
PROD-0058,2024-04-07,1,North
PROD-0014,2024-04-07,28,Central
PROD-0055,2024-04-07,23,South
PROD-0035,2024-04-08,38,West
PROD-0023,2024-04-08,13,Central
PROD-0075,2024-04-08,20,East
PROD-0052,2024-04-08,28,Central
PROD-0005,2024-04-08,48,North
PROD-0062,2024-04-08,20,East
PROD-0008,2024-04-08,30,South
PROD-0086,2024-04-08,7,East
PROD-0082,2024-04-08,42,Central
PROD-0067,2024-04-08,31,West
PROD-0044,2024-04-08,19,West
PROD-0098,2024-04-08,6,South
PROD-0074,2024-04-08,27,Central
PROD-0018,2024-04-08,18,West
PROD-0087,2024-04-08,19,Central
PROD-0059,2024-04-08,33,South
PROD-0007,2024-04-08,25,North
PROD-0055,2024-04-08,32,West
PROD-0077,2024-04-08,24,Central
PROD-0070,2024-04-08,46,North
PROD-0021,2024-04-08,29,South
PROD-0063,2024-04-08,37,North
PROD-0013,2024-04-08,26,South
PROD-0040,2024-04-08,29,East
PROD-0014,2024-04-08,31,Central
PROD-0094,2024-04-08,7,East
PROD-0031,2024-04-08,22,South
PROD-0026,2024-04-08,41,North
PROD-0010,2024-04-08,7,Central
PROD-0039,2024-04-08,11,South
PROD-0027,2024-04-08,32,Central
PROD-0079,2024-04-08,16,North
PROD-0045,2024-04-08,10,West
PROD-0053,2024-04-08,40,West
PROD-0028,2024-04-08,34,Central
PROD-0084,2024-04-08,49,South
PROD-0058,2024-04-08,4,West
PROD-0088,2024-04-08,17,West
PROD-0022,2024-04-08,20,East
PROD-0009,2024-04-08,10,North
PROD-0054,2024-04-08,21,Central
PROD-0091,2024-04-08,39,West
PROD-0083,2024-04-08,1,East
PROD-0034,2024-04-08,45,South
PROD-0097,2024-04-08,49,Central
PROD-0051,2024-04-08,32,Central
PROD-0024,2024-04-08,32,East
PROD-0038,2024-04-08,42,South
PROD-0085,2024-04-08,21,West
PROD-0011,2024-04-08,46,West
PROD-0016,2024-04-08,33,Central
PROD-0099,2024-04-08,48,North
PROD-0015,2024-04-08,7,West
PROD-0042,2024-04-08,45,North
PROD-0046,2024-04-08,25,South
PROD-0037,2024-04-08,49,North
PROD-0066,2024-04-08,11,Central
PROD-0068,2024-04-08,48,North
PROD-0004,2024-04-08,11,South
PROD-0064,2024-04-08,29,North
PROD-0096,2024-04-08,3,West
PROD-0008,2024-04-09,41,Central
PROD-0020,2024-04-09,32,South
PROD-0068,2024-04-09,48,Central
PROD-0034,2024-04-09,27,West
PROD-0025,2024-04-09,1,East
PROD-0010,2024-04-09,8,West
PROD-0074,2024-04-09,19,East
PROD-0032,2024-04-09,34,East
PROD-0056,2024-04-09,40,East
PROD-0021,2024-04-09,37,South
PROD-0064,2024-04-09,10,East
PROD-0078,2024-04-09,34,South
PROD-0015,2024-04-09,40,East
PROD-0098,2024-04-09,34,Central
PROD-0095,2024-04-09,17,West
PROD-0001,2024-04-09,30,South
PROD-0088,2024-04-09,22,South
PROD-0083,2024-04-09,11,Central
PROD-0029,2024-04-09,46,West
PROD-0067,2024-04-09,1,East
PROD-0041,2024-04-09,27,South
PROD-0003,2024-04-09,10,West
PROD-0024,2024-04-09,5,North
PROD-0094,2024-04-09,20,South
PROD-0092,2024-04-09,13,North
PROD-0005,2024-04-09,35,West
PROD-0039,2024-04-09,22,North
PROD-0055,2024-04-09,4,Central
PROD-0053,2024-04-09,30,Central
PROD-0012,2024-04-09,11,North
PROD-0036,2024-04-09,23,Central
PROD-0077,2024-04-09,15,East
PROD-0060,2024-04-09,41,North
PROD-0006,2024-04-09,13,East
PROD-0086,2024-04-09,19,West
PROD-0076,2024-04-09,38,East
PROD-0059,2024-04-09,24,Central
PROD-0084,2024-04-09,50,West
PROD-0082,2024-04-09,17,Central
PROD-0096,2024-04-09,35,South
PROD-0048,2024-04-09,5,Central
PROD-0071,2024-04-09,10,North
PROD-0047,2024-04-09,47,South
PROD-0049,2024-04-09,18,South
PROD-0070,2024-04-09,17,Central
PROD-0014,2024-04-09,7,South
PROD-0033,2024-04-09,34,Central
PROD-0031,2024-04-09,42,West
PROD-0011,2024-04-09,22,Central
PROD-0051,2024-04-09,50,Central
PROD-0050,2024-04-09,39,East
PROD-0069,2024-04-09,48,Central
PROD-0023,2024-04-09,43,West
PROD-0018,2024-04-09,14,South
PROD-0091,2024-04-09,1,South
PROD-0075,2024-04-09,14,North
PROD-0054,2024-04-09,40,South
PROD-0087,2024-04-09,10,South
PROD-0062,2024-04-09,31,North
PROD-0072,2024-04-09,21,North
PROD-0007,2024-04-09,4,South
PROD-0089,2024-04-09,33,West
PROD-0013,2024-04-09,28,West
PROD-0052,2024-04-09,21,East
PROD-0030,2024-04-09,33,North
PROD-0057,2024-04-09,16,Central
PROD-0042,2024-04-09,26,West
PROD-0079,2024-04-09,50,West
PROD-0002,2024-04-09,46,West
PROD-0100,2024-04-10,34,East
PROD-0082,2024-04-10,34,North
PROD-0034,2024-04-10,39,South
PROD-0099,2024-04-10,11,East
PROD-0091,2024-04-10,46,South
PROD-0070,2024-04-10,28,Central
PROD-0015,2024-04-10,29,West
PROD-0062,2024-04-10,45,East
PROD-0008,2024-04-10,44,North
PROD-0036,2024-04-10,36,West
PROD-0097,2024-04-10,42,East
PROD-0027,2024-04-10,12,North
PROD-0094,2024-04-10,24,West
PROD-0007,2024-04-10,50,East
PROD-0030,2024-04-10,47,West
PROD-0040,2024-04-10,14,Central
PROD-0093,2024-04-10,36,South
PROD-0002,2024-04-10,25,East
PROD-0087,2024-04-10,12,North
PROD-0054,2024-04-10,13,West
PROD-0065,2024-04-10,24,Central
PROD-0009,2024-04-10,13,North
PROD-0060,2024-04-10,38,East
PROD-0010,2024-04-10,22,North
PROD-0020,2024-04-10,24,East
PROD-0042,2024-04-10,33,North
PROD-0096,2024-04-10,39,East
PROD-0050,2024-04-10,3,East
PROD-0032,2024-04-10,42,West
PROD-0025,2024-04-10,26,North
PROD-0078,2024-04-10,45,East
PROD-0045,2024-04-10,18,North
PROD-0031,2024-04-10,37,North
PROD-0006,2024-04-10,46,West
PROD-0005,2024-04-10,39,West
PROD-0057,2024-04-10,32,South
PROD-0039,2024-04-10,31,Central
PROD-0066,2024-04-10,7,North
PROD-0063,2024-04-10,24,North
PROD-0012,2024-04-10,40,South
PROD-0075,2024-04-10,46,South
PROD-0013,2024-04-10,9,North
PROD-0072,2024-04-10,27,North
PROD-0016,2024-04-10,4,West
PROD-0044,2024-04-10,41,North
PROD-0089,2024-04-10,21,North
PROD-0073,2024-04-10,35,East
PROD-0071,2024-04-10,13,Central
PROD-0049,2024-04-10,48,North
PROD-0046,2024-04-10,22,East
PROD-0019,2024-04-10,46,South
PROD-0052,2024-04-10,38,East
PROD-0081,2024-04-10,34,North
PROD-0069,2024-04-10,43,West
PROD-0055,2024-04-10,27,North
PROD-0090,2024-04-10,5,South
PROD-0077,2024-04-10,49,Central
PROD-0084,2024-04-10,10,East
PROD-0011,2024-04-10,6,South
PROD-0024,2024-04-10,29,North
PROD-0038,2024-04-10,18,Central
PROD-0085,2024-04-10,13,Central
PROD-0083,2024-04-10,27,South
PROD-0041,2024-04-10,41,North
PROD-0026,2024-04-10,20,East
PROD-0043,2024-04-10,36,East
PROD-0021,2024-04-10,8,East
PROD-0046,2024-04-11,45,North
PROD-0040,2024-04-11,37,West
PROD-0048,2024-04-11,6,North
PROD-0041,2024-04-11,6,South
PROD-0098,2024-04-11,47,North
PROD-0067,2024-04-11,12,East
PROD-0084,2024-04-11,38,North
PROD-0015,2024-04-11,50,South
PROD-0064,2024-04-11,1,South
PROD-0099,2024-04-11,41,East
PROD-0029,2024-04-11,30,North
PROD-0070,2024-04-11,47,South
PROD-0005,2024-04-11,20,South
PROD-0090,2024-04-11,48,South
PROD-0036,2024-04-11,20,North
PROD-0058,2024-04-11,25,East
PROD-0083,2024-04-11,12,East
PROD-0096,2024-04-11,9,Central
PROD-0078,2024-04-11,21,West
PROD-0028,2024-04-11,15,South
PROD-0080,2024-04-11,18,South
PROD-0059,2024-04-11,12,East
PROD-0017,2024-04-11,17,West
PROD-0006,2024-04-11,17,North
PROD-0027,2024-04-11,32,East
PROD-0035,2024-04-11,38,East
PROD-0010,2024-04-11,23,Central
PROD-0037,2024-04-11,29,South
PROD-0055,2024-04-11,3,Central
PROD-0044,2024-04-11,25,South
PROD-0047,2024-04-11,35,Central
PROD-0081,2024-04-11,14,West
PROD-0094,2024-04-11,23,East
PROD-0043,2024-04-11,14,East
PROD-0049,2024-04-11,45,Central
PROD-0008,2024-04-11,36,East
PROD-0074,2024-04-11,6,Central
PROD-0071,2024-04-11,50,South
PROD-0032,2024-04-11,17,South
PROD-0089,2024-04-11,30,East
PROD-0011,2024-04-11,3,North
PROD-0022,2024-04-11,34,South
PROD-0025,2024-04-11,31,South
PROD-0019,2024-04-11,30,Central
PROD-0075,2024-04-11,21,East
PROD-0093,2024-04-11,37,West
PROD-0002,2024-04-11,43,Central
PROD-0013,2024-04-11,3,East
PROD-0100,2024-04-11,45,North
PROD-0057,2024-04-11,41,East
PROD-0095,2024-04-11,1,South
PROD-0076,2024-04-11,27,West
PROD-0087,2024-04-11,22,East
PROD-0066,2024-04-11,42,North
PROD-0014,2024-04-11,12,East
PROD-0050,2024-04-11,20,South
PROD-0024,2024-04-11,30,Central
PROD-0073,2024-04-11,12,North
PROD-0063,2024-04-11,29,Central
PROD-0068,2024-04-11,30,Central
PROD-0009,2024-04-11,37,West
PROD-0082,2024-04-11,47,West
PROD-0051,2024-04-11,31,South
PROD-0097,2024-04-11,17,East
PROD-0003,2024-04-11,39,East
PROD-0065,2024-04-11,31,West
PROD-0012,2024-04-11,20,North
PROD-0042,2024-04-11,15,Central
PROD-0031,2024-04-11,7,West
PROD-0035,2024-04-12,18,Central
PROD-0028,2024-04-12,26,Central
PROD-0036,2024-04-12,2,South
PROD-0030,2024-04-12,33,South
PROD-0004,2024-04-12,20,Central
PROD-0034,2024-04-12,45,Central
PROD-0074,2024-04-12,13,Central
PROD-0096,2024-04-12,49,South
PROD-0023,2024-04-12,9,East
PROD-0097,2024-04-12,4,North
PROD-0015,2024-04-12,20,South
PROD-0042,2024-04-12,23,West
PROD-0002,2024-04-12,26,South
PROD-0058,2024-04-12,30,North
PROD-0079,2024-04-12,43,South
PROD-0051,2024-04-12,13,South
PROD-0067,2024-04-12,20,East
PROD-0048,2024-04-12,6,South
PROD-0071,2024-04-12,16,South
PROD-0026,2024-04-12,28,North
PROD-0024,2024-04-12,47,South
PROD-0053,2024-04-12,10,Central
PROD-0013,2024-04-12,50,East
PROD-0046,2024-04-12,1,West
PROD-0069,2024-04-12,11,East
PROD-0091,2024-04-12,7,West
PROD-0029,2024-04-12,36,West
PROD-0020,2024-04-12,45,South
PROD-0037,2024-04-12,31,West
PROD-0070,2024-04-12,30,South
PROD-0073,2024-04-12,49,North
PROD-0063,2024-04-12,25,South
PROD-0094,2024-04-12,21,South
PROD-0047,2024-04-12,26,East
PROD-0090,2024-04-12,19,West
PROD-0007,2024-04-12,39,West
PROD-0092,2024-04-12,35,North
PROD-0093,2024-04-12,23,West
PROD-0039,2024-04-12,43,Central
PROD-0078,2024-04-12,2,South
PROD-0083,2024-04-12,39,South
PROD-0100,2024-04-12,50,South
PROD-0076,2024-04-12,24,East
PROD-0050,2024-04-12,22,Central
PROD-0040,2024-04-12,1,Central
PROD-0087,2024-04-12,39,West
PROD-0025,2024-04-12,5,South
PROD-0003,2024-04-12,9,West
PROD-0066,2024-04-12,13,North
PROD-0075,2024-04-12,14,East
PROD-0081,2024-04-12,28,North
PROD-0054,2024-04-12,22,West
PROD-0049,2024-04-12,42,South
PROD-0065,2024-04-12,28,South
PROD-0016,2024-04-12,19,East
PROD-0005,2024-04-12,25,West
PROD-0099,2024-04-12,3,East
PROD-0041,2024-04-12,27,South
PROD-0006,2024-04-12,11,West
PROD-0098,2024-04-12,44,Central
PROD-0001,2024-04-12,7,West
PROD-0085,2024-04-12,6,East
PROD-0077,2024-04-12,44,North
PROD-0061,2024-04-12,42,West
PROD-0018,2024-04-12,1,South
PROD-0008,2024-04-12,21,South
PROD-0045,2024-04-12,37,Central
PROD-0044,2024-04-12,25,West
PROD-0028,2024-04-13,25,West
PROD-0096,2024-04-13,16,North
PROD-0079,2024-04-13,12,West
PROD-0075,2024-04-13,10,North
PROD-0090,2024-04-13,23,West
PROD-0091,2024-04-13,19,East
PROD-0051,2024-04-13,30,West
PROD-0056,2024-04-13,27,East
PROD-0064,2024-04-13,21,East
PROD-0083,2024-04-13,4,South
PROD-0082,2024-04-13,16,Central
PROD-0021,2024-04-13,29,West
PROD-0024,2024-04-13,26,North
PROD-0058,2024-04-13,6,North
PROD-0022,2024-04-13,13,Central
PROD-0020,2024-04-13,10,South
PROD-0009,2024-04-13,19,Central
PROD-0025,2024-04-13,28,West
PROD-0038,2024-04-13,16,North
PROD-0034,2024-04-13,18,East
PROD-0072,2024-04-13,1,North
PROD-0063,2024-04-13,19,West
PROD-0066,2024-04-13,14,North
PROD-0078,2024-04-13,23,East
PROD-0044,2024-04-13,10,West
PROD-0085,2024-04-13,13,East
PROD-0095,2024-04-13,30,North
PROD-0017,2024-04-13,21,East
PROD-0048,2024-04-13,7,East
PROD-0011,2024-04-13,13,West
PROD-0053,2024-04-13,1,West
PROD-0039,2024-04-13,12,East
PROD-0068,2024-04-13,24,North
PROD-0057,2024-04-13,23,North
PROD-0042,2024-04-13,13,North
PROD-0062,2024-04-13,21,West
PROD-0035,2024-04-13,9,South
PROD-0080,2024-04-13,3,Central
PROD-0070,2024-04-13,4,South
PROD-0071,2024-04-13,28,South
PROD-0003,2024-04-13,24,West
PROD-0040,2024-04-13,16,East
PROD-0092,2024-04-13,13,West
PROD-0001,2024-04-13,27,Central
PROD-0060,2024-04-13,9,Central
PROD-0005,2024-04-13,22,West
PROD-0029,2024-04-13,1,North
PROD-0033,2024-04-13,12,East
PROD-0031,2024-04-13,1,South
PROD-0074,2024-04-13,23,North
PROD-0026,2024-04-13,15,Central
PROD-0036,2024-04-13,28,North
PROD-0018,2024-04-13,13,East
PROD-0088,2024-04-13,16,West
PROD-0076,2024-04-13,1,South
PROD-0099,2024-04-13,28,East
PROD-0047,2024-04-13,28,North
PROD-0045,2024-04-13,16,North
PROD-0032,2024-04-13,7,Central
PROD-0084,2024-04-13,10,East
PROD-0033,2024-04-14,21,South
PROD-0063,2024-04-14,27,North
PROD-0095,2024-04-14,14,Central
PROD-0005,2024-04-14,18,South
PROD-0030,2024-04-14,29,West
PROD-0003,2024-04-14,10,South
PROD-0045,2024-04-14,10,Central
PROD-0084,2024-04-14,25,North
PROD-0064,2024-04-14,23,West
PROD-0041,2024-04-14,7,East
PROD-0049,2024-04-14,10,North
PROD-0034,2024-04-14,16,South
PROD-0017,2024-04-14,1,West
PROD-0035,2024-04-14,25,South
PROD-0059,2024-04-14,10,East
PROD-0007,2024-04-14,18,Central
PROD-0013,2024-04-14,24,East
PROD-0098,2024-04-14,4,South
PROD-0065,2024-04-14,9,North
PROD-0015,2024-04-14,27,East
PROD-0087,2024-04-14,9,North
PROD-0020,2024-04-14,24,East
PROD-0042,2024-04-14,28,Central
PROD-0082,2024-04-14,18,Central
PROD-0018,2024-04-14,16,Central
PROD-0069,2024-04-14,13,Central
PROD-0080,2024-04-14,15,West
PROD-0088,2024-04-14,21,North
PROD-0029,2024-04-14,13,East
PROD-0010,2024-04-14,12,East
PROD-0036,2024-04-14,17,South
PROD-0052,2024-04-14,18,West
PROD-0100,2024-04-14,8,Central
PROD-0057,2024-04-14,27,South
PROD-0012,2024-04-14,26,West
PROD-0075,2024-04-14,10,West
PROD-0039,2024-04-14,1,Central
PROD-0025,2024-04-14,3,West
PROD-0071,2024-04-14,21,East
PROD-0073,2024-04-14,3,South
PROD-0092,2024-04-14,28,Central
PROD-0079,2024-04-14,14,East
PROD-0085,2024-04-14,11,East
PROD-0044,2024-04-14,17,West
PROD-0024,2024-04-14,1,South
PROD-0014,2024-04-14,24,Central
PROD-0058,2024-04-14,6,Central
PROD-0028,2024-04-14,13,Central
PROD-0076,2024-04-14,16,West
PROD-0056,2024-04-14,29,North
PROD-0021,2024-04-14,29,East
PROD-0006,2024-04-14,21,West
PROD-0031,2024-04-14,9,West
PROD-0016,2024-04-14,21,South
PROD-0002,2024-04-14,15,Central
PROD-0026,2024-04-14,4,North
PROD-0093,2024-04-14,15,South
PROD-0062,2024-04-14,8,North
PROD-0011,2024-04-14,22,East
PROD-0096,2024-04-14,7,South
PROD-0072,2024-04-14,30,West
PROD-0008,2024-04-14,21,West
PROD-0089,2024-04-14,13,South
PROD-0043,2024-04-14,16,Central
PROD-0090,2024-04-14,10,East
PROD-0067,2024-04-14,30,East
PROD-0055,2024-04-14,24,North
PROD-0048,2024-04-14,25,East
PROD-0038,2024-04-14,19,Central
PROD-0086,2024-04-14,21,West
PROD-0081,2024-04-14,9,West
PROD-0022,2024-04-14,19,West
PROD-0081,2024-04-15,29,South
PROD-0008,2024-04-15,12,West
PROD-0015,2024-04-15,19,North
PROD-0051,2024-04-15,35,East
PROD-0097,2024-04-15,49,West
PROD-0020,2024-04-15,42,South
PROD-0082,2024-04-15,44,North
PROD-0036,2024-04-15,25,Central
PROD-0096,2024-04-15,42,West
PROD-0009,2024-04-15,27,West
PROD-0053,2024-04-15,13,North
PROD-0014,2024-04-15,40,South
PROD-0086,2024-04-15,9,Central
PROD-0063,2024-04-15,40,Central
PROD-0039,2024-04-15,6,Central
PROD-0056,2024-04-15,37,West
PROD-0084,2024-04-15,2,East
PROD-0068,2024-04-15,40,South
PROD-0032,2024-04-15,11,Central
PROD-0095,2024-04-15,41,West
PROD-0017,2024-04-15,44,North
PROD-0034,2024-04-15,24,North
PROD-0077,2024-04-15,48,Central
PROD-0011,2024-04-15,42,West
PROD-0075,2024-04-15,36,Central
PROD-0069,2024-04-15,13,South
PROD-0002,2024-04-15,30,East
PROD-0076,2024-04-15,47,South
PROD-0043,2024-04-15,12,West
PROD-0099,2024-04-15,46,South
PROD-0050,2024-04-15,21,South
PROD-0080,2024-04-15,19,North
PROD-0061,2024-04-15,2,South
PROD-0038,2024-04-15,37,West
PROD-0026,2024-04-15,30,South
PROD-0059,2024-04-15,44,Central
PROD-0100,2024-04-15,29,South
PROD-0018,2024-04-15,12,West
PROD-0030,2024-04-15,33,North
PROD-0094,2024-04-15,39,East
PROD-0058,2024-04-15,11,South
PROD-0031,2024-04-15,30,North
PROD-0037,2024-04-15,1,North
PROD-0049,2024-04-15,44,West
PROD-0012,2024-04-15,34,West
PROD-0089,2024-04-15,25,North
PROD-0064,2024-04-15,27,East
PROD-0067,2024-04-15,46,Central
PROD-0093,2024-04-15,8,Central
PROD-0024,2024-04-15,42,Central
PROD-0016,2024-04-15,46,North
PROD-0090,2024-04-15,29,West
PROD-0073,2024-04-15,47,North
PROD-0079,2024-04-15,19,West
PROD-0055,2024-04-15,47,North
PROD-0057,2024-04-15,24,West
PROD-0006,2024-04-15,46,Central
PROD-0028,2024-04-15,41,West
PROD-0087,2024-04-15,28,North
PROD-0041,2024-04-15,7,South
PROD-0052,2024-04-15,17,Central
PROD-0027,2024-04-15,49,North
PROD-0003,2024-04-15,47,South
PROD-0042,2024-04-15,24,West
PROD-0004,2024-04-15,43,East
PROD-0053,2024-04-16,16,West
PROD-0025,2024-04-16,14,East
PROD-0072,2024-04-16,7,East
PROD-0027,2024-04-16,42,North
PROD-0014,2024-04-16,30,West
PROD-0033,2024-04-16,49,South
PROD-0098,2024-04-16,49,East
PROD-0046,2024-04-16,22,East
PROD-0021,2024-04-16,45,West
PROD-0075,2024-04-16,22,West
PROD-0088,2024-04-16,45,East
PROD-0020,2024-04-16,37,East
PROD-0082,2024-04-16,39,North
PROD-0070,2024-04-16,49,South
PROD-0083,2024-04-16,10,Central
PROD-0012,2024-04-16,19,North
PROD-0019,2024-04-16,15,East
PROD-0091,2024-04-16,37,East
PROD-0030,2024-04-16,46,East
PROD-0067,2024-04-16,20,South
PROD-0084,2024-04-16,37,East
PROD-0023,2024-04-16,31,West
PROD-0061,2024-04-16,44,East
PROD-0005,2024-04-16,10,South
PROD-0034,2024-04-16,10,Central
PROD-0058,2024-04-16,19,West
PROD-0049,2024-04-16,17,South
PROD-0092,2024-04-16,2,South
PROD-0081,2024-04-16,38,East
PROD-0048,2024-04-16,10,Central
PROD-0052,2024-04-16,1,East
PROD-0089,2024-04-16,24,Central
PROD-0031,2024-04-16,48,Central
PROD-0100,2024-04-16,26,West
PROD-0024,2024-04-16,40,South
PROD-0099,2024-04-16,23,South
PROD-0039,2024-04-16,38,Central
PROD-0011,2024-04-16,21,Central
PROD-0026,2024-04-16,24,West
PROD-0038,2024-04-16,32,South
PROD-0094,2024-04-16,34,West
PROD-0065,2024-04-16,12,West
PROD-0022,2024-04-16,25,North
PROD-0029,2024-04-16,43,North
PROD-0073,2024-04-16,22,South
PROD-0096,2024-04-16,20,South
PROD-0093,2024-04-16,15,South
PROD-0097,2024-04-16,18,Central
PROD-0071,2024-04-16,50,North
PROD-0076,2024-04-16,42,South
PROD-0068,2024-04-16,23,West
PROD-0087,2024-04-16,30,Central
PROD-0008,2024-04-16,41,North
PROD-0059,2024-04-16,48,Central
PROD-0074,2024-04-16,15,South
PROD-0009,2024-04-16,24,North
PROD-0004,2024-04-16,26,North
PROD-0080,2024-04-16,22,Central
PROD-0050,2024-04-16,5,East
PROD-0010,2024-04-16,36,Central
PROD-0069,2024-04-16,48,Central
PROD-0032,2024-04-16,6,North
PROD-0062,2024-04-17,34,South
PROD-0022,2024-04-17,16,East
PROD-0050,2024-04-17,48,South
PROD-0008,2024-04-17,45,South
PROD-0060,2024-04-17,15,West
PROD-0068,2024-04-17,12,North
PROD-0099,2024-04-17,39,East
PROD-0021,2024-04-17,36,East
PROD-0018,2024-04-17,6,South
PROD-0077,2024-04-17,47,North
PROD-0009,2024-04-17,9,Central
PROD-0070,2024-04-17,20,North
PROD-0090,2024-04-17,14,South
PROD-0034,2024-04-17,16,Central
PROD-0098,2024-04-17,49,Central
PROD-0042,2024-04-17,31,West
PROD-0035,2024-04-17,7,Central
PROD-0095,2024-04-17,4,East
PROD-0039,2024-04-17,41,North
PROD-0005,2024-04-17,13,West
PROD-0076,2024-04-17,8,West
PROD-0075,2024-04-17,6,West
PROD-0069,2024-04-17,13,North
PROD-0074,2024-04-17,35,Central
PROD-0057,2024-04-17,14,Central
PROD-0004,2024-04-17,32,East
PROD-0046,2024-04-17,37,North
PROD-0037,2024-04-17,38,West
PROD-0097,2024-04-17,8,West
PROD-0089,2024-04-17,50,South
PROD-0028,2024-04-17,38,Central
PROD-0031,2024-04-17,49,West
PROD-0052,2024-04-17,1,East
PROD-0058,2024-04-17,49,West
PROD-0003,2024-04-17,39,East
PROD-0059,2024-04-17,32,South
PROD-0079,2024-04-17,22,Central
PROD-0084,2024-04-17,31,Central
PROD-0043,2024-04-17,19,East
PROD-0072,2024-04-17,17,Central
PROD-0002,2024-04-17,16,East
PROD-0061,2024-04-17,18,Central
PROD-0063,2024-04-17,33,East
PROD-0054,2024-04-17,41,West
PROD-0064,2024-04-17,8,South
PROD-0030,2024-04-17,32,North
PROD-0078,2024-04-17,21,Central
PROD-0100,2024-04-17,31,West
PROD-0081,2024-04-17,11,South
PROD-0017,2024-04-17,5,West
PROD-0082,2024-04-17,44,East
PROD-0053,2024-04-17,7,West
PROD-0041,2024-04-17,22,Central
PROD-0010,2024-04-17,12,South
PROD-0048,2024-04-17,50,North
PROD-0023,2024-04-17,49,South
PROD-0024,2024-04-17,14,East
PROD-0016,2024-04-17,33,East
PROD-0086,2024-04-17,21,Central
PROD-0066,2024-04-17,31,North
PROD-0091,2024-04-17,44,East
PROD-0013,2024-04-17,40,South
PROD-0019,2024-04-17,37,South
PROD-0055,2024-04-17,21,South
PROD-0033,2024-04-17,13,West
PROD-0006,2024-04-17,11,South
PROD-0014,2024-04-17,40,South
PROD-0040,2024-04-17,21,Central
PROD-0009,2024-04-18,42,Central
PROD-0069,2024-04-18,27,East
PROD-0055,2024-04-18,15,East
PROD-0058,2024-04-18,31,East
PROD-0022,2024-04-18,24,South
PROD-0080,2024-04-18,20,East
PROD-0090,2024-04-18,47,East
PROD-0072,2024-04-18,48,East
PROD-0005,2024-04-18,29,East
PROD-0071,2024-04-18,28,Central
PROD-0043,2024-04-18,26,West
PROD-0096,2024-04-18,1,West
PROD-0077,2024-04-18,4,West
PROD-0038,2024-04-18,23,South
PROD-0016,2024-04-18,30,East
PROD-0001,2024-04-18,2,South
PROD-0037,2024-04-18,14,East
PROD-0060,2024-04-18,19,East
PROD-0028,2024-04-18,2,East
PROD-0033,2024-04-18,28,West
PROD-0015,2024-04-18,21,Central
PROD-0074,2024-04-18,36,South
PROD-0045,2024-04-18,14,Central
PROD-0059,2024-04-18,33,West
PROD-0046,2024-04-18,18,North
PROD-0062,2024-04-18,5,South
PROD-0075,2024-04-18,11,East
PROD-0039,2024-04-18,47,West
PROD-0019,2024-04-18,47,Central
PROD-0018,2024-04-18,31,North
PROD-0012,2024-04-18,50,West
PROD-0073,2024-04-18,45,West
PROD-0081,2024-04-18,16,East
PROD-0007,2024-04-18,39,Central
PROD-0097,2024-04-18,25,North
PROD-0040,2024-04-18,7,North
PROD-0034,2024-04-18,41,East
PROD-0088,2024-04-18,18,Central
PROD-0047,2024-04-18,24,West
PROD-0079,2024-04-18,19,North
PROD-0098,2024-04-18,31,South
PROD-0078,2024-04-18,48,North
PROD-0070,2024-04-18,21,West
PROD-0067,2024-04-18,10,South
PROD-0042,2024-04-18,38,East
PROD-0085,2024-04-18,37,South
PROD-0053,2024-04-18,36,North
PROD-0095,2024-04-18,29,South
PROD-0093,2024-04-18,21,Central
PROD-0006,2024-04-18,35,East
PROD-0091,2024-04-18,36,Central
PROD-0089,2024-04-18,19,North
PROD-0044,2024-04-18,9,North
PROD-0092,2024-04-18,45,East
PROD-0036,2024-04-18,24,West
PROD-0094,2024-04-18,48,South
PROD-0049,2024-04-18,12,East
PROD-0004,2024-04-18,30,South
PROD-0014,2024-04-18,30,East
PROD-0057,2024-04-18,22,South
PROD-0065,2024-04-18,44,East
PROD-0100,2024-04-18,17,Central
PROD-0031,2024-04-18,48,North
PROD-0024,2024-04-18,9,North
PROD-0082,2024-04-18,42,West
PROD-0020,2024-04-18,28,West
PROD-0048,2024-04-18,32,North
PROD-0052,2024-04-18,34,North
PROD-0056,2024-04-18,33,East
PROD-0023,2024-04-18,2,Central
PROD-0026,2024-04-18,28,North
PROD-0017,2024-04-18,33,East
PROD-0083,2024-04-18,35,West
PROD-0086,2024-04-18,19,Central
PROD-0025,2024-04-18,22,North
PROD-0068,2024-04-18,48,North
PROD-0051,2024-04-18,37,North
PROD-0003,2024-04-18,36,North
PROD-0066,2024-04-18,35,South
PROD-0019,2024-04-19,6,Central
PROD-0090,2024-04-19,30,Central
PROD-0078,2024-04-19,42,South
PROD-0040,2024-04-19,49,North
PROD-0097,2024-04-19,50,West
PROD-0055,2024-04-19,18,West
PROD-0100,2024-04-19,29,South
PROD-0079,2024-04-19,42,East
PROD-0027,2024-04-19,5,South
PROD-0064,2024-04-19,42,Central
PROD-0037,2024-04-19,22,West
PROD-0067,2024-04-19,34,West
PROD-0085,2024-04-19,2,West
PROD-0086,2024-04-19,37,East
PROD-0018,2024-04-19,1,Central
PROD-0002,2024-04-19,25,North
PROD-0074,2024-04-19,1,South
PROD-0030,2024-04-19,21,West
PROD-0075,2024-04-19,10,East
PROD-0076,2024-04-19,15,Central
PROD-0099,2024-04-19,44,East
PROD-0088,2024-04-19,35,West
PROD-0014,2024-04-19,42,South
PROD-0095,2024-04-19,50,Central
PROD-0035,2024-04-19,23,Central
PROD-0046,2024-04-19,10,South
PROD-0091,2024-04-19,50,South
PROD-0028,2024-04-19,14,East
PROD-0080,2024-04-19,12,North
PROD-0044,2024-04-19,2,Central
PROD-0020,2024-04-19,39,North
PROD-0003,2024-04-19,50,South
PROD-0038,2024-04-19,35,East
PROD-0024,2024-04-19,5,East
PROD-0011,2024-04-19,21,South
PROD-0069,2024-04-19,43,South
PROD-0045,2024-04-19,13,East
PROD-0065,2024-04-19,11,West
PROD-0043,2024-04-19,18,South
PROD-0013,2024-04-19,14,East
PROD-0022,2024-04-19,2,South
PROD-0081,2024-04-19,29,North
PROD-0053,2024-04-19,25,North
PROD-0061,2024-04-19,29,South
PROD-0006,2024-04-19,25,North
PROD-0031,2024-04-19,29,West
PROD-0089,2024-04-19,26,South
PROD-0048,2024-04-19,14,West
PROD-0082,2024-04-19,38,North
PROD-0073,2024-04-19,6,South
PROD-0054,2024-04-19,33,Central
PROD-0036,2024-04-19,47,Central
PROD-0050,2024-04-19,8,South
PROD-0009,2024-04-19,49,South
PROD-0072,2024-04-19,8,West
PROD-0084,2024-04-19,48,Central
PROD-0098,2024-04-19,23,East
PROD-0029,2024-04-19,27,South
PROD-0042,2024-04-19,14,North
PROD-0062,2024-04-19,33,East
PROD-0010,2024-04-19,31,East
PROD-0015,2024-04-19,33,North
PROD-0060,2024-04-19,30,North
PROD-0071,2024-04-19,1,West
PROD-0058,2024-04-19,27,West
PROD-0041,2024-04-19,7,East
PROD-0094,2024-04-19,24,East
PROD-0093,2024-04-19,5,West
PROD-0026,2024-04-19,42,East
PROD-0033,2024-04-19,15,North
PROD-0034,2024-04-19,42,West
PROD-0017,2024-04-19,31,North
PROD-0016,2024-04-19,18,East
PROD-0049,2024-04-19,3,South
PROD-0007,2024-04-19,16,South
PROD-0044,2024-04-20,5,Central
PROD-0038,2024-04-20,6,South
PROD-0024,2024-04-20,27,West
PROD-0078,2024-04-20,29,North
PROD-0082,2024-04-20,2,Central
PROD-0074,2024-04-20,8,East
PROD-0014,2024-04-20,14,Central
PROD-0092,2024-04-20,16,South
PROD-0007,2024-04-20,16,South
PROD-0012,2024-04-20,7,Central
PROD-0021,2024-04-20,6,South
PROD-0073,2024-04-20,14,North
PROD-0049,2024-04-20,6,North
PROD-0065,2024-04-20,19,South
PROD-0013,2024-04-20,12,West
PROD-0003,2024-04-20,24,East
PROD-0020,2024-04-20,10,Central
PROD-0015,2024-04-20,12,North
PROD-0093,2024-04-20,1,East
PROD-0072,2024-04-20,1,West
PROD-0041,2024-04-20,1,South
PROD-0037,2024-04-20,16,North
PROD-0033,2024-04-20,21,West
PROD-0046,2024-04-20,29,Central
PROD-0042,2024-04-20,28,Central
PROD-0095,2024-04-20,6,South
PROD-0060,2024-04-20,4,North
PROD-0008,2024-04-20,13,South
PROD-0026,2024-04-20,3,West
PROD-0096,2024-04-20,3,North
PROD-0028,2024-04-20,18,West
PROD-0055,2024-04-20,16,Central
PROD-0001,2024-04-20,17,South
PROD-0029,2024-04-20,23,North
PROD-0070,2024-04-20,12,West
PROD-0087,2024-04-20,18,East
PROD-0098,2024-04-20,5,East
PROD-0088,2024-04-20,25,Central
PROD-0017,2024-04-20,14,Central
PROD-0031,2024-04-20,25,North
PROD-0064,2024-04-20,18,West
PROD-0053,2024-04-20,28,Central
PROD-0100,2024-04-20,7,South
PROD-0099,2024-04-20,9,Central
PROD-0043,2024-04-20,5,South
PROD-0089,2024-04-20,9,North
PROD-0036,2024-04-20,28,North
PROD-0034,2024-04-20,27,West
PROD-0075,2024-04-20,11,Central
PROD-0035,2024-04-20,4,South
PROD-0057,2024-04-20,9,East
PROD-0032,2024-04-20,7,East
PROD-0048,2024-04-20,13,West
PROD-0040,2024-04-20,25,Central
PROD-0004,2024-04-20,20,Central
PROD-0050,2024-04-20,22,East
PROD-0079,2024-04-20,29,South
PROD-0090,2024-04-20,12,West
PROD-0047,2024-04-20,14,South
PROD-0066,2024-04-20,22,North
PROD-0056,2024-04-20,28,West
PROD-0083,2024-04-20,24,North
PROD-0067,2024-04-20,7,South
PROD-0058,2024-04-20,0,South
PROD-0077,2024-04-20,24,North
PROD-0080,2024-04-20,9,South
PROD-0006,2024-04-20,15,East
PROD-0071,2024-04-20,0,Central
PROD-0094,2024-04-20,18,West
PROD-0086,2024-04-20,13,South
PROD-0010,2024-04-20,24,Central
PROD-0044,2024-04-21,8,West
PROD-0039,2024-04-21,24,East
PROD-0016,2024-04-21,21,West
PROD-0008,2024-04-21,4,East
PROD-0089,2024-04-21,25,Central
PROD-0085,2024-04-21,13,East
PROD-0051,2024-04-21,7,East
PROD-0009,2024-04-21,13,West
PROD-0014,2024-04-21,30,Central
PROD-0073,2024-04-21,18,North
PROD-0097,2024-04-21,25,East
PROD-0100,2024-04-21,29,Central
PROD-0040,2024-04-21,10,North
PROD-0049,2024-04-21,14,West
PROD-0031,2024-04-21,25,North
PROD-0023,2024-04-21,21,South
PROD-0041,2024-04-21,4,South
PROD-0075,2024-04-21,18,North
PROD-0020,2024-04-21,4,Central
PROD-0027,2024-04-21,27,East
PROD-0099,2024-04-21,5,East
PROD-0036,2024-04-21,12,West
PROD-0043,2024-04-21,16,Central
PROD-0071,2024-04-21,3,Central
PROD-0079,2024-04-21,7,West
PROD-0002,2024-04-21,19,South
PROD-0028,2024-04-21,6,South
PROD-0061,2024-04-21,30,North
PROD-0030,2024-04-21,7,East
PROD-0095,2024-04-21,20,Central
PROD-0067,2024-04-21,30,South
PROD-0003,2024-04-21,22,Central
PROD-0081,2024-04-21,20,North
PROD-0057,2024-04-21,21,East
PROD-0004,2024-04-21,21,South
PROD-0005,2024-04-21,27,Central
PROD-0038,2024-04-21,6,East
PROD-0087,2024-04-21,6,North
PROD-0069,2024-04-21,26,South
PROD-0055,2024-04-21,24,Central
PROD-0059,2024-04-21,9,South
PROD-0024,2024-04-21,21,Central
PROD-0046,2024-04-21,16,South
PROD-0084,2024-04-21,10,North
PROD-0022,2024-04-21,15,East
PROD-0052,2024-04-21,15,Central
PROD-0094,2024-04-21,16,West
PROD-0025,2024-04-21,18,East
PROD-0053,2024-04-21,5,East
PROD-0065,2024-04-21,0,North
PROD-0076,2024-04-21,10,Central
PROD-0015,2024-04-21,25,East
PROD-0083,2024-04-21,8,Central
PROD-0045,2024-04-21,23,North
PROD-0091,2024-04-21,2,West
PROD-0078,2024-04-21,5,South
PROD-0054,2024-04-21,18,South
PROD-0042,2024-04-21,29,South
PROD-0021,2024-04-21,15,South
PROD-0068,2024-04-21,25,West
PROD-0047,2024-04-21,15,Central
PROD-0058,2024-04-21,7,South
PROD-0019,2024-04-21,13,North
PROD-0066,2024-04-21,9,East
PROD-0026,2024-04-21,5,West
PROD-0048,2024-04-21,4,Central
PROD-0098,2024-04-21,26,South
PROD-0012,2024-04-21,8,West
PROD-0080,2024-04-22,18,East
PROD-0057,2024-04-22,1,North
PROD-0049,2024-04-22,34,East
PROD-0081,2024-04-22,34,North
PROD-0088,2024-04-22,50,Central
PROD-0066,2024-04-22,31,South
PROD-0032,2024-04-22,43,West
PROD-0004,2024-04-22,20,North
PROD-0065,2024-04-22,35,Central
PROD-0051,2024-04-22,30,South
PROD-0025,2024-04-22,5,East
PROD-0053,2024-04-22,18,North
PROD-0015,2024-04-22,25,East
PROD-0072,2024-04-22,8,West
PROD-0043,2024-04-22,28,Central
PROD-0014,2024-04-22,11,West
PROD-0044,2024-04-22,49,East
PROD-0100,2024-04-22,15,Central
PROD-0069,2024-04-22,7,North
PROD-0055,2024-04-22,47,Central
PROD-0038,2024-04-22,39,East
PROD-0030,2024-04-22,16,West
PROD-0033,2024-04-22,45,West
PROD-0052,2024-04-22,27,North
PROD-0097,2024-04-22,41,North
PROD-0026,2024-04-22,50,East
PROD-0018,2024-04-22,47,East
PROD-0027,2024-04-22,17,Central
PROD-0082,2024-04-22,22,West
PROD-0023,2024-04-22,43,East
PROD-0003,2024-04-22,23,North
PROD-0047,2024-04-22,1,North
PROD-0093,2024-04-22,46,West
PROD-0068,2024-04-22,16,Central
PROD-0067,2024-04-22,32,South
PROD-0046,2024-04-22,38,West
PROD-0001,2024-04-22,43,East
PROD-0077,2024-04-22,7,West
PROD-0084,2024-04-22,36,Central
PROD-0022,2024-04-22,37,West
PROD-0070,2024-04-22,39,Central
PROD-0060,2024-04-22,43,West
PROD-0089,2024-04-22,3,Central
PROD-0041,2024-04-22,7,Central
PROD-0002,2024-04-22,42,North
PROD-0040,2024-04-22,37,North
PROD-0035,2024-04-22,8,South
PROD-0062,2024-04-22,24,Central
PROD-0037,2024-04-22,44,Central
PROD-0005,2024-04-22,27,West
PROD-0024,2024-04-22,46,North
PROD-0028,2024-04-22,23,West
PROD-0036,2024-04-22,30,Central
PROD-0050,2024-04-22,34,North
PROD-0087,2024-04-22,26,West
PROD-0010,2024-04-22,43,North
PROD-0021,2024-04-22,14,Central
PROD-0091,2024-04-22,12,North
PROD-0013,2024-04-22,41,East
PROD-0042,2024-04-22,7,East
PROD-0096,2024-04-22,27,North
PROD-0064,2024-04-22,47,West
PROD-0010,2024-04-23,17,East
PROD-0058,2024-04-23,44,East
PROD-0002,2024-04-23,23,South
PROD-0083,2024-04-23,18,West
PROD-0054,2024-04-23,4,East
PROD-0005,2024-04-23,30,East
PROD-0066,2024-04-23,50,South
PROD-0098,2024-04-23,14,Central
PROD-0026,2024-04-23,50,Central
PROD-0092,2024-04-23,42,East
PROD-0009,2024-04-23,48,West
PROD-0020,2024-04-23,49,East
PROD-0091,2024-04-23,50,South
PROD-0094,2024-04-23,32,North
PROD-0003,2024-04-23,22,East
PROD-0039,2024-04-23,40,Central
PROD-0060,2024-04-23,48,South
PROD-0062,2024-04-23,21,East
PROD-0049,2024-04-23,7,North
PROD-0099,2024-04-23,41,West
PROD-0046,2024-04-23,21,Central
PROD-0040,2024-04-23,32,South
PROD-0087,2024-04-23,49,West
PROD-0067,2024-04-23,13,East
PROD-0089,2024-04-23,46,West
PROD-0051,2024-04-23,23,East
PROD-0074,2024-04-23,29,East
PROD-0023,2024-04-23,49,South
PROD-0086,2024-04-23,11,East
PROD-0036,2024-04-23,2,North
PROD-0032,2024-04-23,13,Central
PROD-0013,2024-04-23,20,Central
PROD-0100,2024-04-23,45,Central
PROD-0008,2024-04-23,19,Central
PROD-0069,2024-04-23,35,South
PROD-0065,2024-04-23,26,Central
PROD-0027,2024-04-23,45,North
PROD-0011,2024-04-23,13,North
PROD-0056,2024-04-23,6,Central
PROD-0095,2024-04-23,43,West
PROD-0035,2024-04-23,17,South
PROD-0018,2024-04-23,46,East
PROD-0015,2024-04-23,35,East
PROD-0030,2024-04-23,26,South
PROD-0084,2024-04-23,25,North
PROD-0068,2024-04-23,48,East
PROD-0001,2024-04-23,40,Central
PROD-0022,2024-04-23,6,East
PROD-0007,2024-04-23,15,West
PROD-0077,2024-04-23,3,South
PROD-0093,2024-04-23,36,South
PROD-0055,2024-04-23,43,East
PROD-0081,2024-04-23,2,West
PROD-0038,2024-04-23,15,South
PROD-0028,2024-04-23,16,South
PROD-0079,2024-04-23,29,South
PROD-0097,2024-04-23,10,North
PROD-0021,2024-04-23,19,South
PROD-0037,2024-04-23,2,Central
PROD-0082,2024-04-23,31,West
PROD-0063,2024-04-23,27,Central
PROD-0052,2024-04-23,36,Central
PROD-0076,2024-04-23,13,West
PROD-0025,2024-04-23,12,Central
PROD-0024,2024-04-23,38,West
PROD-0064,2024-04-23,41,Central
PROD-0059,2024-04-23,25,East
PROD-0029,2024-04-23,46,East
PROD-0078,2024-04-23,17,West
PROD-0041,2024-04-23,24,East
PROD-0019,2024-04-23,16,East
PROD-0070,2024-04-23,35,East
PROD-0012,2024-04-23,5,South
PROD-0073,2024-04-23,21,South
PROD-0043,2024-04-23,35,Central
PROD-0016,2024-04-23,9,North
PROD-0012,2024-04-24,33,West
PROD-0061,2024-04-24,35,East
PROD-0023,2024-04-24,7,Central
PROD-0021,2024-04-24,15,East
PROD-0010,2024-04-24,46,Central
PROD-0065,2024-04-24,15,West
PROD-0094,2024-04-24,18,Central
PROD-0074,2024-04-24,4,West
PROD-0004,2024-04-24,40,West
PROD-0002,2024-04-24,32,Central
PROD-0082,2024-04-24,28,North
PROD-0019,2024-04-24,11,North
PROD-0096,2024-04-24,36,West
PROD-0050,2024-04-24,36,North
PROD-0066,2024-04-24,23,West
PROD-0097,2024-04-24,46,South
PROD-0055,2024-04-24,5,East
PROD-0062,2024-04-24,5,East
PROD-0017,2024-04-24,37,East
PROD-0022,2024-04-24,47,North
PROD-0043,2024-04-24,46,Central
PROD-0048,2024-04-24,32,West
PROD-0099,2024-04-24,46,South
PROD-0039,2024-04-24,26,South
PROD-0030,2024-04-24,43,West
PROD-0056,2024-04-24,20,Central
PROD-0075,2024-04-24,45,East
PROD-0046,2024-04-24,22,South
PROD-0084,2024-04-24,37,Central
PROD-0031,2024-04-24,27,South
PROD-0034,2024-04-24,50,Central
PROD-0009,2024-04-24,44,Central
PROD-0013,2024-04-24,21,North
PROD-0083,2024-04-24,40,North
PROD-0071,2024-04-24,46,East
PROD-0095,2024-04-24,38,North
PROD-0092,2024-04-24,50,North
PROD-0016,2024-04-24,40,North
PROD-0091,2024-04-24,34,West
PROD-0049,2024-04-24,47,South
PROD-0064,2024-04-24,47,South
PROD-0073,2024-04-24,16,Central
PROD-0033,2024-04-24,50,South
PROD-0086,2024-04-24,12,North
PROD-0042,2024-04-24,42,West
PROD-0063,2024-04-24,47,North
PROD-0089,2024-04-24,22,North
PROD-0079,2024-04-24,7,West
PROD-0057,2024-04-24,37,West
PROD-0067,2024-04-24,27,West
PROD-0015,2024-04-24,45,West
PROD-0085,2024-04-24,9,East
PROD-0020,2024-04-24,12,North
PROD-0027,2024-04-24,20,East
PROD-0036,2024-04-24,12,West
PROD-0078,2024-04-24,17,West
PROD-0100,2024-04-24,6,South
PROD-0076,2024-04-24,17,West
PROD-0028,2024-04-24,13,South
PROD-0024,2024-04-24,23,North
PROD-0077,2024-04-24,22,West
PROD-0072,2024-04-24,49,North
PROD-0025,2024-04-24,34,East
PROD-0081,2024-04-24,2,Central
PROD-0093,2024-04-24,4,Central
PROD-0011,2024-04-24,4,East
PROD-0054,2024-04-24,7,South
PROD-0088,2024-04-24,1,Central
PROD-0032,2024-04-24,1,North
PROD-0005,2024-04-24,21,West
PROD-0051,2024-04-24,20,North
PROD-0040,2024-04-24,37,Central
PROD-0058,2024-04-24,24,North
PROD-0070,2024-04-24,12,South
PROD-0026,2024-04-24,41,Central
PROD-0098,2024-04-24,32,South
PROD-0069,2024-04-24,35,South
PROD-0003,2024-04-24,23,North
PROD-0041,2024-04-24,44,South
PROD-0052,2024-04-25,37,South
PROD-0074,2024-04-25,29,South
PROD-0028,2024-04-25,33,South
PROD-0049,2024-04-25,29,North
PROD-0100,2024-04-25,40,North
PROD-0087,2024-04-25,35,North
PROD-0023,2024-04-25,20,East
PROD-0082,2024-04-25,7,East
PROD-0016,2024-04-25,44,South
PROD-0019,2024-04-25,38,Central
PROD-0030,2024-04-25,11,North
PROD-0080,2024-04-25,32,South
PROD-0043,2024-04-25,39,South
PROD-0002,2024-04-25,40,East
PROD-0064,2024-04-25,30,Central
PROD-0038,2024-04-25,25,West
PROD-0079,2024-04-25,8,Central
PROD-0014,2024-04-25,5,East
PROD-0066,2024-04-25,16,East
PROD-0010,2024-04-25,10,South
PROD-0097,2024-04-25,32,South
PROD-0085,2024-04-25,26,North
PROD-0058,2024-04-25,23,North
PROD-0062,2024-04-25,31,Central
PROD-0073,2024-04-25,7,Central
PROD-0032,2024-04-25,6,East
PROD-0046,2024-04-25,34,Central
PROD-0089,2024-04-25,37,Central
PROD-0025,2024-04-25,34,West
PROD-0041,2024-04-25,49,Central
PROD-0098,2024-04-25,42,South
PROD-0031,2024-04-25,19,East
PROD-0055,2024-04-25,9,West
PROD-0004,2024-04-25,49,South
PROD-0083,2024-04-25,19,West
PROD-0095,2024-04-25,26,West
PROD-0008,2024-04-25,25,North
PROD-0026,2024-04-25,32,North
PROD-0057,2024-04-25,32,North
PROD-0069,2024-04-25,21,Central
PROD-0037,2024-04-25,31,Central
PROD-0070,2024-04-25,25,East
PROD-0012,2024-04-25,32,East
PROD-0091,2024-04-25,50,North
PROD-0053,2024-04-25,34,North
PROD-0093,2024-04-25,13,North
PROD-0020,2024-04-25,20,Central
PROD-0035,2024-04-25,48,Central
PROD-0018,2024-04-25,35,South
PROD-0063,2024-04-25,42,East
PROD-0048,2024-04-25,48,North
PROD-0090,2024-04-25,35,North
PROD-0005,2024-04-25,4,East
PROD-0039,2024-04-25,25,South
PROD-0042,2024-04-25,23,Central
PROD-0075,2024-04-25,4,West
PROD-0056,2024-04-25,48,Central
PROD-0011,2024-04-25,34,South
PROD-0050,2024-04-25,33,East
PROD-0088,2024-04-25,44,North
PROD-0096,2024-04-25,14,North
PROD-0067,2024-04-25,30,South
PROD-0084,2024-04-25,15,East
PROD-0094,2024-04-25,5,South
PROD-0022,2024-04-25,32,South
PROD-0060,2024-04-25,37,Central
PROD-0017,2024-04-25,1,North
PROD-0099,2024-04-25,25,South
PROD-0006,2024-04-25,45,North
PROD-0059,2024-04-25,19,North
PROD-0054,2024-04-25,16,East
PROD-0075,2024-04-26,25,South
PROD-0016,2024-04-26,24,West
PROD-0040,2024-04-26,3,South
PROD-0076,2024-04-26,10,Central
PROD-0045,2024-04-26,16,Central
PROD-0013,2024-04-26,43,East
PROD-0091,2024-04-26,28,Central
PROD-0050,2024-04-26,46,East
PROD-0078,2024-04-26,14,East
PROD-0055,2024-04-26,27,North
PROD-0061,2024-04-26,27,West
PROD-0006,2024-04-26,25,East
PROD-0025,2024-04-26,13,West
PROD-0032,2024-04-26,17,Central
PROD-0064,2024-04-26,1,West
PROD-0081,2024-04-26,3,West
PROD-0033,2024-04-26,9,South
PROD-0085,2024-04-26,5,North
PROD-0029,2024-04-26,8,South
PROD-0097,2024-04-26,32,North
PROD-0035,2024-04-26,12,Central
PROD-0039,2024-04-26,21,South
PROD-0022,2024-04-26,48,East
PROD-0099,2024-04-26,44,West
PROD-0008,2024-04-26,19,Central
PROD-0010,2024-04-26,19,East
PROD-0089,2024-04-26,37,East
PROD-0030,2024-04-26,7,North
PROD-0086,2024-04-26,26,South
PROD-0062,2024-04-26,6,Central
PROD-0048,2024-04-26,32,South
PROD-0066,2024-04-26,9,Central
PROD-0079,2024-04-26,3,West
PROD-0054,2024-04-26,31,North
PROD-0058,2024-04-26,8,South
PROD-0001,2024-04-26,3,West
PROD-0037,2024-04-26,12,North
PROD-0011,2024-04-26,49,North
PROD-0056,2024-04-26,16,West
PROD-0024,2024-04-26,40,East
PROD-0070,2024-04-26,29,South
PROD-0038,2024-04-26,29,Central
PROD-0046,2024-04-26,50,North
PROD-0082,2024-04-26,43,Central
PROD-0060,2024-04-26,50,South
PROD-0059,2024-04-26,50,South
PROD-0047,2024-04-26,47,East
PROD-0088,2024-04-26,3,Central
PROD-0072,2024-04-26,1,South
PROD-0051,2024-04-26,22,East
PROD-0071,2024-04-26,12,East
PROD-0034,2024-04-26,30,South
PROD-0100,2024-04-26,42,North
PROD-0017,2024-04-26,26,West
PROD-0094,2024-04-26,10,East
PROD-0031,2024-04-26,33,North
PROD-0036,2024-04-26,15,South
PROD-0065,2024-04-26,41,South
PROD-0003,2024-04-26,22,West
PROD-0019,2024-04-26,2,West
PROD-0018,2024-04-26,5,South
PROD-0026,2024-04-26,39,Central
PROD-0028,2024-04-26,19,Central
PROD-0020,2024-04-26,11,South
PROD-0009,2024-04-26,36,East
PROD-0077,2024-04-26,4,North
PROD-0095,2024-04-26,44,North
PROD-0067,2024-04-26,27,Central
PROD-0002,2024-04-26,35,North
PROD-0074,2024-04-26,40,South
PROD-0041,2024-04-26,47,East
PROD-0005,2024-04-26,24,North
PROD-0069,2024-04-26,10,North
PROD-0004,2024-04-26,44,South
PROD-0090,2024-04-26,1,West
PROD-0007,2024-04-26,1,Central
PROD-0043,2024-04-26,4,West
PROD-0083,2024-04-26,50,Central
PROD-0057,2024-04-26,8,South
PROD-0075,2024-04-27,1,Central
PROD-0039,2024-04-27,21,North
PROD-0074,2024-04-27,1,West
PROD-0036,2024-04-27,22,West
PROD-0090,2024-04-27,11,Central
PROD-0081,2024-04-27,15,West
PROD-0031,2024-04-27,28,South
PROD-0009,2024-04-27,26,West
PROD-0047,2024-04-27,24,East
PROD-0062,2024-04-27,13,West
PROD-0032,2024-04-27,18,South
PROD-0070,2024-04-27,18,Central
PROD-0095,2024-04-27,14,South
PROD-0050,2024-04-27,6,East
PROD-0092,2024-04-27,24,South
PROD-0042,2024-04-27,15,East
PROD-0043,2024-04-27,6,East
PROD-0061,2024-04-27,28,North
PROD-0068,2024-04-27,16,East
PROD-0069,2024-04-27,6,North
PROD-0078,2024-04-27,18,West
PROD-0020,2024-04-27,27,Central
PROD-0030,2024-04-27,9,West
PROD-0005,2024-04-27,5,East
PROD-0027,2024-04-27,8,West
PROD-0017,2024-04-27,16,West
PROD-0065,2024-04-27,18,West
PROD-0059,2024-04-27,17,West
PROD-0056,2024-04-27,18,East
PROD-0040,2024-04-27,13,East
PROD-0007,2024-04-27,25,West
PROD-0054,2024-04-27,5,Central
PROD-0053,2024-04-27,8,South
PROD-0080,2024-04-27,8,South
PROD-0046,2024-04-27,22,South
PROD-0076,2024-04-27,28,Central
PROD-0028,2024-04-27,14,West
PROD-0049,2024-04-27,21,West
PROD-0018,2024-04-27,14,East
PROD-0041,2024-04-27,8,West
PROD-0023,2024-04-27,6,West
PROD-0085,2024-04-27,4,Central
PROD-0029,2024-04-27,25,West
PROD-0088,2024-04-27,12,Central
PROD-0003,2024-04-27,16,North
PROD-0066,2024-04-27,7,South
PROD-0064,2024-04-27,13,Central
PROD-0008,2024-04-27,6,West
PROD-0051,2024-04-27,20,West
PROD-0006,2024-04-27,7,West
PROD-0091,2024-04-27,1,South
PROD-0087,2024-04-27,15,Central
PROD-0002,2024-04-27,25,South
PROD-0045,2024-04-27,10,Central
PROD-0084,2024-04-27,30,South
PROD-0016,2024-04-27,25,West
PROD-0097,2024-04-27,22,South
PROD-0055,2024-04-27,6,West
PROD-0100,2024-04-27,12,West
PROD-0079,2024-04-27,9,South
PROD-0025,2024-04-27,29,West
PROD-0063,2024-04-27,12,Central
PROD-0098,2024-04-27,29,Central
PROD-0014,2024-04-27,20,North
PROD-0086,2024-04-27,26,North
PROD-0058,2024-04-27,3,North
PROD-0044,2024-04-27,1,North
PROD-0082,2024-04-27,2,East
PROD-0021,2024-04-27,3,East
PROD-0012,2024-04-27,13,South
PROD-0094,2024-04-27,28,South
PROD-0001,2024-04-27,8,East
PROD-0071,2024-04-27,3,East
PROD-0048,2024-04-27,24,East
PROD-0037,2024-04-27,22,West
PROD-0042,2024-04-28,27,South
PROD-0059,2024-04-28,11,East
PROD-0029,2024-04-28,4,Central
PROD-0032,2024-04-28,6,South
PROD-0045,2024-04-28,6,West
PROD-0092,2024-04-28,4,Central
PROD-0001,2024-04-28,24,West
PROD-0018,2024-04-28,6,Central
PROD-0068,2024-04-28,21,West
PROD-0039,2024-04-28,27,East
PROD-0062,2024-04-28,27,South
PROD-0050,2024-04-28,4,South
PROD-0041,2024-04-28,17,North
PROD-0056,2024-04-28,29,North
PROD-0087,2024-04-28,5,West
PROD-0069,2024-04-28,18,West
PROD-0063,2024-04-28,18,South
PROD-0016,2024-04-28,30,North
PROD-0006,2024-04-28,22,East
PROD-0004,2024-04-28,17,Central
PROD-0075,2024-04-28,22,South
PROD-0054,2024-04-28,17,North
PROD-0026,2024-04-28,19,Central
PROD-0078,2024-04-28,13,East
PROD-0017,2024-04-28,3,East
PROD-0022,2024-04-28,3,South
PROD-0034,2024-04-28,5,Central
PROD-0088,2024-04-28,12,West
PROD-0073,2024-04-28,6,North
PROD-0083,2024-04-28,25,South
PROD-0038,2024-04-28,24,East
PROD-0025,2024-04-28,11,North
PROD-0080,2024-04-28,13,Central
PROD-0005,2024-04-28,19,North
PROD-0003,2024-04-28,24,Central
PROD-0066,2024-04-28,16,South
PROD-0046,2024-04-28,14,East
PROD-0015,2024-04-28,7,Central
PROD-0023,2024-04-28,10,Central
PROD-0035,2024-04-28,1,West
PROD-0047,2024-04-28,12,South
PROD-0091,2024-04-28,2,South
PROD-0082,2024-04-28,27,East
PROD-0065,2024-04-28,10,West
PROD-0043,2024-04-28,16,East
PROD-0070,2024-04-28,1,East
PROD-0100,2024-04-28,28,West
PROD-0014,2024-04-28,25,North
PROD-0007,2024-04-28,13,Central
PROD-0009,2024-04-28,1,South
PROD-0053,2024-04-28,24,North
PROD-0020,2024-04-28,28,Central
PROD-0055,2024-04-28,1,East
PROD-0095,2024-04-28,15,South
PROD-0008,2024-04-28,18,West
PROD-0027,2024-04-28,15,North
PROD-0013,2024-04-28,27,East
PROD-0011,2024-04-28,27,West
PROD-0058,2024-04-28,13,East
PROD-0061,2024-04-28,19,West
PROD-0024,2024-04-28,16,East
PROD-0052,2024-04-28,5,East
PROD-0049,2024-04-28,28,East
PROD-0085,2024-04-28,21,South
PROD-0051,2024-04-28,19,East
PROD-0099,2024-04-28,10,North
PROD-0096,2024-04-28,17,North
PROD-0030,2024-04-28,25,East
PROD-0031,2024-04-28,19,North
PROD-0018,2024-04-29,9,North
PROD-0004,2024-04-29,16,North
PROD-0030,2024-04-29,12,East
PROD-0061,2024-04-29,5,South
PROD-0074,2024-04-29,37,South
PROD-0093,2024-04-29,50,North
PROD-0002,2024-04-29,5,North
PROD-0009,2024-04-29,47,North
PROD-0015,2024-04-29,48,East
PROD-0038,2024-04-29,40,North
PROD-0031,2024-04-29,10,Central
PROD-0048,2024-04-29,41,West
PROD-0065,2024-04-29,41,East
PROD-0075,2024-04-29,43,North
PROD-0021,2024-04-29,40,North
PROD-0069,2024-04-29,4,South
PROD-0013,2024-04-29,13,North
PROD-0011,2024-04-29,12,North
PROD-0025,2024-04-29,46,North
PROD-0010,2024-04-29,1,West
PROD-0081,2024-04-29,44,South
PROD-0087,2024-04-29,14,North
PROD-0067,2024-04-29,46,North
PROD-0028,2024-04-29,25,East
PROD-0036,2024-04-29,41,Central
PROD-0092,2024-04-29,13,West
PROD-0022,2024-04-29,13,West
PROD-0051,2024-04-29,39,South
PROD-0062,2024-04-29,31,East
PROD-0045,2024-04-29,47,Central
PROD-0003,2024-04-29,4,West
PROD-0042,2024-04-29,12,Central
PROD-0068,2024-04-29,1,North
PROD-0077,2024-04-29,12,South
PROD-0055,2024-04-29,17,South
PROD-0037,2024-04-29,35,Central
PROD-0033,2024-04-29,13,North
PROD-0056,2024-04-29,45,North
PROD-0049,2024-04-29,13,South
PROD-0027,2024-04-29,21,South
PROD-0043,2024-04-29,11,West
PROD-0057,2024-04-29,41,Central
PROD-0007,2024-04-29,19,Central
PROD-0070,2024-04-29,27,Central
PROD-0034,2024-04-29,41,East
PROD-0096,2024-04-29,14,West
PROD-0041,2024-04-29,17,East
PROD-0071,2024-04-29,48,South
PROD-0098,2024-04-29,34,North
PROD-0066,2024-04-29,42,East
PROD-0024,2024-04-29,19,South
PROD-0076,2024-04-29,5,North
PROD-0094,2024-04-29,5,West
PROD-0097,2024-04-29,23,North
PROD-0050,2024-04-29,40,West
PROD-0039,2024-04-29,6,West
PROD-0060,2024-04-29,1,North
PROD-0091,2024-04-29,21,Central
PROD-0040,2024-04-29,50,East
PROD-0084,2024-04-29,45,Central
PROD-0022,2024-04-30,5,Central
PROD-0087,2024-04-30,17,East
PROD-0054,2024-04-30,29,East
PROD-0038,2024-04-30,48,West
PROD-0070,2024-04-30,24,West
PROD-0086,2024-04-30,20,West
PROD-0088,2024-04-30,21,Central
PROD-0060,2024-04-30,48,South
PROD-0059,2024-04-30,15,Central
PROD-0075,2024-04-30,11,North
PROD-0062,2024-04-30,45,East
PROD-0096,2024-04-30,27,West
PROD-0051,2024-04-30,30,East
PROD-0065,2024-04-30,26,West
PROD-0074,2024-04-30,30,West
PROD-0081,2024-04-30,10,South
PROD-0040,2024-04-30,48,West
PROD-0045,2024-04-30,27,North
PROD-0068,2024-04-30,9,East
PROD-0064,2024-04-30,25,South
PROD-0001,2024-04-30,26,East
PROD-0079,2024-04-30,1,West
PROD-0076,2024-04-30,43,South
PROD-0036,2024-04-30,10,Central
PROD-0080,2024-04-30,12,South
PROD-0020,2024-04-30,7,North
PROD-0007,2024-04-30,26,West
PROD-0057,2024-04-30,10,East
PROD-0024,2024-04-30,22,South
PROD-0027,2024-04-30,2,West
PROD-0002,2024-04-30,26,South
PROD-0030,2024-04-30,20,Central
PROD-0097,2024-04-30,18,South
PROD-0004,2024-04-30,13,West
PROD-0053,2024-04-30,39,West
PROD-0043,2024-04-30,28,West
PROD-0006,2024-04-30,11,West
PROD-0016,2024-04-30,43,North
PROD-0015,2024-04-30,23,North
PROD-0099,2024-04-30,5,East
PROD-0033,2024-04-30,46,West
PROD-0095,2024-04-30,39,East
PROD-0084,2024-04-30,10,South
PROD-0067,2024-04-30,34,West
PROD-0058,2024-04-30,14,West
PROD-0048,2024-04-30,32,North
PROD-0031,2024-04-30,20,South
PROD-0082,2024-04-30,22,East
PROD-0090,2024-04-30,44,Central
PROD-0056,2024-04-30,28,Central
PROD-0052,2024-04-30,8,Central
PROD-0011,2024-04-30,9,Central
PROD-0039,2024-04-30,19,East
PROD-0092,2024-04-30,47,East
PROD-0050,2024-04-30,45,South
PROD-0047,2024-04-30,24,Central
PROD-0012,2024-04-30,31,North
PROD-0083,2024-04-30,2,West
PROD-0035,2024-04-30,24,West
PROD-0089,2024-04-30,16,South
PROD-0023,2024-04-30,21,South
PROD-0029,2024-04-30,21,West
PROD-0061,2024-04-30,18,Central
PROD-0028,2024-04-30,22,Central
PROD-0003,2024-04-30,22,South
PROD-0073,2024-04-30,9,East
PROD-0014,2024-04-30,41,Central
PROD-0069,2024-04-30,15,Central
PROD-0072,2024-04-30,40,South
PROD-0026,2024-04-30,16,West
PROD-0071,2024-04-30,37,West
PROD-0077,2024-04-30,2,East
PROD-0063,2024-04-30,33,North
PROD-0035,2024-05-01,10,Central
PROD-0085,2024-05-01,21,North
PROD-0079,2024-05-01,34,West
PROD-0030,2024-05-01,30,Central
PROD-0094,2024-05-01,47,East
PROD-0026,2024-05-01,5,West
PROD-0062,2024-05-01,25,South
PROD-0093,2024-05-01,50,East
PROD-0002,2024-05-01,46,South
PROD-0003,2024-05-01,24,North
PROD-0054,2024-05-01,31,South
PROD-0010,2024-05-01,15,North
PROD-0018,2024-05-01,21,East
PROD-0068,2024-05-01,40,West
PROD-0039,2024-05-01,36,South
PROD-0032,2024-05-01,18,East
PROD-0036,2024-05-01,32,East
PROD-0071,2024-05-01,39,Central
PROD-0049,2024-05-01,13,South
PROD-0058,2024-05-01,39,Central
PROD-0053,2024-05-01,8,East
PROD-0100,2024-05-01,47,North
PROD-0064,2024-05-01,48,South
PROD-0027,2024-05-01,34,Central
PROD-0056,2024-05-01,19,South
PROD-0078,2024-05-01,25,West
PROD-0001,2024-05-01,45,North
PROD-0065,2024-05-01,20,East
PROD-0067,2024-05-01,14,South
PROD-0017,2024-05-01,19,North
PROD-0041,2024-05-01,2,West
PROD-0011,2024-05-01,6,East
PROD-0086,2024-05-01,30,South
PROD-0048,2024-05-01,29,West
PROD-0021,2024-05-01,36,South
PROD-0047,2024-05-01,39,West
PROD-0092,2024-05-01,49,East
PROD-0009,2024-05-01,7,East
PROD-0091,2024-05-01,30,East
PROD-0015,2024-05-01,13,Central
PROD-0075,2024-05-01,30,East
PROD-0069,2024-05-01,11,Central
PROD-0072,2024-05-01,9,East
PROD-0042,2024-05-01,2,North
PROD-0076,2024-05-01,4,East
PROD-0004,2024-05-01,36,West
PROD-0090,2024-05-01,24,South
PROD-0077,2024-05-01,21,West
PROD-0007,2024-05-01,36,North
PROD-0070,2024-05-01,41,West
PROD-0024,2024-05-01,42,East
PROD-0083,2024-05-01,26,South
PROD-0029,2024-05-01,21,Central
PROD-0088,2024-05-01,49,North
PROD-0033,2024-05-01,42,East
PROD-0020,2024-05-01,21,Central
PROD-0028,2024-05-01,49,Central
PROD-0080,2024-05-01,3,Central
PROD-0031,2024-05-01,4,South
PROD-0005,2024-05-01,32,North
PROD-0066,2024-05-01,5,South
PROD-0051,2024-05-01,10,North
PROD-0055,2024-05-01,34,South
PROD-0045,2024-05-01,46,South
PROD-0074,2024-05-01,6,East
PROD-0022,2024-05-01,23,East
PROD-0046,2024-05-01,6,West
PROD-0044,2024-05-02,5,West
PROD-0062,2024-05-02,26,Central
PROD-0047,2024-05-02,4,Central
PROD-0031,2024-05-02,27,West
PROD-0084,2024-05-02,45,South
PROD-0091,2024-05-02,36,North
PROD-0056,2024-05-02,14,West
PROD-0096,2024-05-02,11,North
PROD-0045,2024-05-02,49,East
PROD-0015,2024-05-02,15,South
PROD-0068,2024-05-02,4,Central
PROD-0025,2024-05-02,2,North
PROD-0005,2024-05-02,42,South
PROD-0099,2024-05-02,31,North
PROD-0050,2024-05-02,3,South
PROD-0024,2024-05-02,49,South
PROD-0014,2024-05-02,10,South
PROD-0011,2024-05-02,33,East
PROD-0029,2024-05-02,21,West
PROD-0094,2024-05-02,49,West
PROD-0055,2024-05-02,2,Central
PROD-0035,2024-05-02,49,East
PROD-0054,2024-05-02,32,North
PROD-0075,2024-05-02,43,West
PROD-0036,2024-05-02,36,North
PROD-0003,2024-05-02,3,South
PROD-0046,2024-05-02,38,North
PROD-0039,2024-05-02,14,South
PROD-0043,2024-05-02,38,West
PROD-0002,2024-05-02,1,East
PROD-0018,2024-05-02,45,North
PROD-0041,2024-05-02,38,East
PROD-0021,2024-05-02,33,South
PROD-0008,2024-05-02,26,South
PROD-0030,2024-05-02,10,Central
PROD-0032,2024-05-02,1,Central
PROD-0072,2024-05-02,19,East
PROD-0066,2024-05-02,36,East
PROD-0012,2024-05-02,33,West
PROD-0071,2024-05-02,11,South
PROD-0022,2024-05-02,49,Central
PROD-0074,2024-05-02,17,East
PROD-0097,2024-05-02,13,East
PROD-0078,2024-05-02,17,West
PROD-0093,2024-05-02,8,East
PROD-0009,2024-05-02,29,North
PROD-0088,2024-05-02,29,Central
PROD-0049,2024-05-02,42,Central
PROD-0026,2024-05-02,50,West
PROD-0089,2024-05-02,14,South
PROD-0048,2024-05-02,8,North
PROD-0007,2024-05-02,25,North
PROD-0038,2024-05-02,48,South
PROD-0060,2024-05-02,13,Central
PROD-0082,2024-05-02,48,East
PROD-0081,2024-05-02,45,South
PROD-0042,2024-05-02,38,East
PROD-0064,2024-05-02,24,West
PROD-0083,2024-05-02,4,South
PROD-0100,2024-05-02,37,East
PROD-0067,2024-05-02,14,Central
PROD-0098,2024-05-02,2,East
PROD-0065,2024-05-02,1,South
PROD-0019,2024-05-02,12,East
PROD-0051,2024-05-02,14,West
PROD-0010,2024-05-02,47,West
PROD-0061,2024-05-03,30,West
PROD-0068,2024-05-03,39,South
PROD-0097,2024-05-03,32,West
PROD-0032,2024-05-03,36,Central
PROD-0033,2024-05-03,19,South
PROD-0038,2024-05-03,5,Central
PROD-0020,2024-05-03,7,North
PROD-0041,2024-05-03,2,Central
PROD-0014,2024-05-03,4,North
PROD-0030,2024-05-03,18,North
PROD-0025,2024-05-03,20,West
PROD-0069,2024-05-03,25,Central
PROD-0070,2024-05-03,11,North
PROD-0036,2024-05-03,4,East
PROD-0055,2024-05-03,14,South
PROD-0052,2024-05-03,28,East
PROD-0078,2024-05-03,5,East
PROD-0096,2024-05-03,27,North
PROD-0076,2024-05-03,20,North
PROD-0049,2024-05-03,8,East
PROD-0067,2024-05-03,10,East
PROD-0011,2024-05-03,30,South
PROD-0026,2024-05-03,8,North
PROD-0090,2024-05-03,31,South
PROD-0093,2024-05-03,1,North
PROD-0080,2024-05-03,6,South
PROD-0007,2024-05-03,30,Central
PROD-0046,2024-05-03,45,Central
PROD-0084,2024-05-03,18,East
PROD-0015,2024-05-03,2,Central
PROD-0040,2024-05-03,31,North
PROD-0051,2024-05-03,47,South
PROD-0008,2024-05-03,14,North
PROD-0019,2024-05-03,26,West
PROD-0077,2024-05-03,2,North
PROD-0027,2024-05-03,32,West
PROD-0044,2024-05-03,30,West
PROD-0003,2024-05-03,12,North
PROD-0053,2024-05-03,37,North
PROD-0083,2024-05-03,43,North
PROD-0092,2024-05-03,50,East
PROD-0074,2024-05-03,46,East
PROD-0050,2024-05-03,47,West
PROD-0001,2024-05-03,13,East
PROD-0094,2024-05-03,2,East
PROD-0017,2024-05-03,13,South
PROD-0100,2024-05-03,45,West
PROD-0002,2024-05-03,1,North
PROD-0016,2024-05-03,37,West
PROD-0088,2024-05-03,36,West
PROD-0062,2024-05-03,15,North
PROD-0042,2024-05-03,19,East
PROD-0039,2024-05-03,6,Central
PROD-0035,2024-05-03,24,West
PROD-0031,2024-05-03,31,Central
PROD-0028,2024-05-03,11,East
PROD-0006,2024-05-03,43,East
PROD-0056,2024-05-03,47,Central
PROD-0085,2024-05-03,35,South
PROD-0004,2024-05-03,21,East
PROD-0022,2024-05-03,27,South
PROD-0082,2024-05-03,38,West
PROD-0059,2024-05-03,24,West
PROD-0057,2024-05-03,23,East
PROD-0073,2024-05-03,10,West
PROD-0089,2024-05-03,44,Central
PROD-0010,2024-05-03,27,East
PROD-0054,2024-05-03,28,North
PROD-0072,2024-05-03,39,East
PROD-0018,2024-05-03,9,East
PROD-0087,2024-05-03,23,West
PROD-0021,2024-05-03,29,Central
PROD-0060,2024-05-03,44,South
PROD-0075,2024-05-03,3,East
PROD-0022,2024-05-04,24,South
PROD-0071,2024-05-04,23,East
PROD-0100,2024-05-04,21,South
PROD-0085,2024-05-04,22,South
PROD-0039,2024-05-04,8,West
PROD-0023,2024-05-04,3,West
PROD-0011,2024-05-04,4,Central
PROD-0098,2024-05-04,21,North
PROD-0083,2024-05-04,20,North
PROD-0030,2024-05-04,22,North
PROD-0033,2024-05-04,10,Central
PROD-0044,2024-05-04,25,South
PROD-0093,2024-05-04,28,South
PROD-0076,2024-05-04,26,East
PROD-0099,2024-05-04,19,North
PROD-0058,2024-05-04,12,East
PROD-0032,2024-05-04,21,West
PROD-0029,2024-05-04,20,West
PROD-0063,2024-05-04,9,Central
PROD-0086,2024-05-04,13,West
PROD-0036,2024-05-04,27,North
PROD-0087,2024-05-04,9,West
PROD-0056,2024-05-04,6,South
PROD-0035,2024-05-04,27,North
PROD-0038,2024-05-04,19,North
PROD-0014,2024-05-04,19,South
PROD-0050,2024-05-04,3,East
PROD-0016,2024-05-04,9,West
PROD-0072,2024-05-04,12,South
PROD-0012,2024-05-04,21,North
PROD-0092,2024-05-04,7,North
PROD-0027,2024-05-04,1,North
PROD-0006,2024-05-04,11,North
PROD-0077,2024-05-04,8,South
PROD-0010,2024-05-04,30,North
PROD-0004,2024-05-04,3,East
PROD-0025,2024-05-04,17,North
PROD-0081,2024-05-04,16,East
PROD-0046,2024-05-04,25,West
PROD-0067,2024-05-04,0,Central
PROD-0052,2024-05-04,12,East
PROD-0055,2024-05-04,15,East
PROD-0079,2024-05-04,8,East
PROD-0064,2024-05-04,16,Central
PROD-0057,2024-05-04,22,West
PROD-0041,2024-05-04,24,Central
PROD-0031,2024-05-04,22,North
PROD-0009,2024-05-04,26,West
PROD-0001,2024-05-04,1,West
PROD-0059,2024-05-04,12,East
PROD-0054,2024-05-04,1,East
PROD-0013,2024-05-04,27,West
PROD-0008,2024-05-04,15,Central
PROD-0048,2024-05-04,30,North
PROD-0051,2024-05-04,16,Central
PROD-0015,2024-05-04,24,East
PROD-0026,2024-05-04,26,West
PROD-0061,2024-05-04,1,West
PROD-0096,2024-05-04,1,West
PROD-0088,2024-05-04,29,North
PROD-0080,2024-05-04,18,East
PROD-0078,2024-05-04,21,North
PROD-0043,2024-05-04,3,South
PROD-0094,2024-05-04,28,North
PROD-0028,2024-05-04,18,West
PROD-0097,2024-05-04,28,East
PROD-0082,2024-05-04,9,Central
PROD-0007,2024-05-04,18,North
PROD-0053,2024-05-04,12,East
PROD-0065,2024-05-04,21,West
PROD-0038,2024-05-05,16,North
PROD-0085,2024-05-05,0,South
PROD-0001,2024-05-05,22,North
PROD-0004,2024-05-05,19,West
PROD-0086,2024-05-05,3,Central
PROD-0045,2024-05-05,7,West
PROD-0100,2024-05-05,10,Central
PROD-0009,2024-05-05,15,Central
PROD-0007,2024-05-05,25,North
PROD-0058,2024-05-05,10,Central
PROD-0084,2024-05-05,4,Central
PROD-0063,2024-05-05,19,South
PROD-0002,2024-05-05,17,East
PROD-0081,2024-05-05,6,North
PROD-0096,2024-05-05,11,Central
PROD-0059,2024-05-05,13,West
PROD-0005,2024-05-05,4,South
PROD-0052,2024-05-05,3,South
PROD-0064,2024-05-05,18,West
PROD-0087,2024-05-05,9,North
PROD-0017,2024-05-05,15,South
PROD-0016,2024-05-05,30,West
PROD-0094,2024-05-05,1,East
PROD-0010,2024-05-05,7,South
PROD-0073,2024-05-05,13,Central
PROD-0015,2024-05-05,19,South
PROD-0039,2024-05-05,27,West
PROD-0034,2024-05-05,27,North
PROD-0066,2024-05-05,4,South
PROD-0008,2024-05-05,5,South
PROD-0088,2024-05-05,28,Central
PROD-0076,2024-05-05,22,North
PROD-0082,2024-05-05,17,West
PROD-0065,2024-05-05,14,West
PROD-0026,2024-05-05,1,Central
PROD-0030,2024-05-05,27,East
PROD-0029,2024-05-05,24,Central
PROD-0053,2024-05-05,4,West
PROD-0071,2024-05-05,18,North
PROD-0069,2024-05-05,10,West
PROD-0061,2024-05-05,21,West
PROD-0097,2024-05-05,3,North
PROD-0014,2024-05-05,3,East
PROD-0057,2024-05-05,25,East
PROD-0037,2024-05-05,18,West
PROD-0049,2024-05-05,19,South
PROD-0031,2024-05-05,5,North
PROD-0018,2024-05-05,1,South
PROD-0046,2024-05-05,3,Central
PROD-0089,2024-05-05,7,South
PROD-0072,2024-05-05,17,Central
PROD-0055,2024-05-05,14,Central
PROD-0047,2024-05-05,10,West
PROD-0095,2024-05-05,3,South
PROD-0022,2024-05-05,22,West
PROD-0013,2024-05-05,4,Central
PROD-0050,2024-05-05,1,South
PROD-0078,2024-05-05,7,South
PROD-0090,2024-05-05,12,South
PROD-0021,2024-05-05,28,West
PROD-0027,2024-05-05,0,East
PROD-0060,2024-05-05,2,Central
PROD-0098,2024-05-05,0,North
PROD-0079,2024-05-05,20,East
PROD-0071,2024-05-06,1,East
PROD-0077,2024-05-06,9,East
PROD-0051,2024-05-06,16,West
PROD-0066,2024-05-06,14,South
PROD-0087,2024-05-06,43,West
PROD-0090,2024-05-06,31,West
PROD-0019,2024-05-06,14,North
PROD-0058,2024-05-06,12,West
PROD-0072,2024-05-06,36,Central
PROD-0065,2024-05-06,5,South
PROD-0009,2024-05-06,43,South
PROD-0054,2024-05-06,33,South
PROD-0082,2024-05-06,49,North
PROD-0088,2024-05-06,31,Central
PROD-0060,2024-05-06,5,Central
PROD-0023,2024-05-06,11,South
PROD-0076,2024-05-06,41,West
PROD-0020,2024-05-06,41,East
PROD-0041,2024-05-06,15,East
PROD-0030,2024-05-06,27,North
PROD-0050,2024-05-06,49,West
PROD-0040,2024-05-06,3,East
PROD-0084,2024-05-06,50,West
PROD-0055,2024-05-06,2,South
PROD-0035,2024-05-06,43,East
PROD-0059,2024-05-06,26,West
PROD-0028,2024-05-06,39,South
PROD-0015,2024-05-06,48,South
PROD-0074,2024-05-06,31,Central
PROD-0034,2024-05-06,33,West
PROD-0014,2024-05-06,42,South
PROD-0039,2024-05-06,16,Central
PROD-0075,2024-05-06,34,East
PROD-0006,2024-05-06,32,North
PROD-0053,2024-05-06,28,Central
PROD-0049,2024-05-06,2,West
PROD-0085,2024-05-06,5,Central
PROD-0003,2024-05-06,6,South
PROD-0047,2024-05-06,50,North
PROD-0005,2024-05-06,24,East
PROD-0002,2024-05-06,26,East
PROD-0016,2024-05-06,30,East
PROD-0064,2024-05-06,20,Central
PROD-0081,2024-05-06,39,East
PROD-0018,2024-05-06,20,West
PROD-0068,2024-05-06,33,West
PROD-0045,2024-05-06,25,Central
PROD-0008,2024-05-06,45,Central
PROD-0063,2024-05-06,44,Central
PROD-0061,2024-05-06,39,Central
PROD-0024,2024-05-06,9,West
PROD-0052,2024-05-06,22,North
PROD-0083,2024-05-06,45,West
PROD-0025,2024-05-06,22,Central
PROD-0001,2024-05-06,34,Central
PROD-0011,2024-05-06,41,North
PROD-0032,2024-05-06,17,East
PROD-0094,2024-05-06,18,East
PROD-0037,2024-05-06,39,Central
PROD-0086,2024-05-06,15,East
PROD-0043,2024-05-06,21,South
PROD-0007,2024-05-06,37,South
PROD-0098,2024-05-06,23,East
PROD-0022,2024-05-06,13,East
PROD-0012,2024-05-06,34,West
PROD-0026,2024-05-06,18,East
PROD-0092,2024-05-06,39,West
PROD-0027,2024-05-06,43,South
PROD-0079,2024-05-06,50,Central
PROD-0031,2024-05-06,9,East
PROD-0073,2024-05-06,13,East
PROD-0072,2024-05-07,36,East
PROD-0020,2024-05-07,14,West
PROD-0052,2024-05-07,38,Central
PROD-0087,2024-05-07,12,North
PROD-0011,2024-05-07,47,East
PROD-0061,2024-05-07,41,South
PROD-0089,2024-05-07,14,Central
PROD-0005,2024-05-07,41,East
PROD-0015,2024-05-07,12,West
PROD-0030,2024-05-07,24,South
PROD-0002,2024-05-07,26,West
PROD-0056,2024-05-07,46,East
PROD-0013,2024-05-07,37,West
PROD-0067,2024-05-07,35,East
PROD-0033,2024-05-07,10,East
PROD-0095,2024-05-07,39,North
PROD-0041,2024-05-07,17,North
PROD-0064,2024-05-07,25,Central
PROD-0006,2024-05-07,26,North
PROD-0034,2024-05-07,5,South
PROD-0071,2024-05-07,17,West
PROD-0057,2024-05-07,30,Central
PROD-0080,2024-05-07,38,East
PROD-0029,2024-05-07,33,Central
PROD-0017,2024-05-07,27,South
PROD-0092,2024-05-07,18,North
PROD-0035,2024-05-07,28,West
PROD-0044,2024-05-07,39,North
PROD-0063,2024-05-07,31,West
PROD-0019,2024-05-07,25,East
PROD-0093,2024-05-07,8,South
PROD-0079,2024-05-07,12,North
PROD-0077,2024-05-07,24,North
PROD-0004,2024-05-07,3,North
PROD-0068,2024-05-07,18,North
PROD-0086,2024-05-07,36,Central
PROD-0054,2024-05-07,18,South
PROD-0023,2024-05-07,7,West
PROD-0031,2024-05-07,14,North
PROD-0037,2024-05-07,43,Central
PROD-0021,2024-05-07,4,North
PROD-0047,2024-05-07,8,East
PROD-0010,2024-05-07,40,East
PROD-0003,2024-05-07,19,West
PROD-0099,2024-05-07,16,South
PROD-0074,2024-05-07,15,Central
PROD-0070,2024-05-07,39,Central
PROD-0097,2024-05-07,49,East
PROD-0065,2024-05-07,36,East
PROD-0007,2024-05-07,16,South
PROD-0094,2024-05-07,2,Central
PROD-0069,2024-05-07,38,East
PROD-0009,2024-05-07,49,South
PROD-0076,2024-05-07,11,West
PROD-0062,2024-05-07,14,Central
PROD-0084,2024-05-07,40,North
PROD-0036,2024-05-07,11,North
PROD-0045,2024-05-07,37,Central
PROD-0018,2024-05-07,18,West
PROD-0082,2024-05-07,8,North
PROD-0046,2024-05-07,16,West
PROD-0098,2024-05-07,15,South
PROD-0043,2024-05-07,30,Central
PROD-0012,2024-05-07,11,South
PROD-0026,2024-05-07,15,East
PROD-0085,2024-05-07,7,North
PROD-0083,2024-05-07,16,East
PROD-0040,2024-05-07,28,Central
PROD-0081,2024-05-07,39,West
PROD-0048,2024-05-07,29,South
PROD-0032,2024-05-07,15,North
PROD-0091,2024-05-07,6,West
PROD-0014,2024-05-07,46,West
PROD-0066,2024-05-07,29,South
PROD-0078,2024-05-08,25,Central
PROD-0002,2024-05-08,49,West
PROD-0050,2024-05-08,2,Central
PROD-0051,2024-05-08,49,East
PROD-0069,2024-05-08,14,West
PROD-0092,2024-05-08,28,Central
PROD-0089,2024-05-08,22,East
PROD-0088,2024-05-08,2,West
PROD-0065,2024-05-08,33,Central
PROD-0018,2024-05-08,25,West
PROD-0068,2024-05-08,39,South
PROD-0012,2024-05-08,24,South
PROD-0080,2024-05-08,46,North
PROD-0003,2024-05-08,39,West
PROD-0015,2024-05-08,11,West
PROD-0055,2024-05-08,14,South
PROD-0071,2024-05-08,21,East
PROD-0038,2024-05-08,26,East
PROD-0094,2024-05-08,16,East
PROD-0019,2024-05-08,15,West
PROD-0007,2024-05-08,39,West
PROD-0024,2024-05-08,2,Central
PROD-0073,2024-05-08,16,North
PROD-0029,2024-05-08,29,North
PROD-0011,2024-05-08,25,Central
PROD-0076,2024-05-08,23,East
PROD-0084,2024-05-08,25,North
PROD-0087,2024-05-08,32,West
PROD-0049,2024-05-08,47,West
PROD-0061,2024-05-08,28,North
PROD-0035,2024-05-08,28,East
PROD-0093,2024-05-08,23,South
PROD-0074,2024-05-08,18,East
PROD-0072,2024-05-08,17,West
PROD-0090,2024-05-08,11,South
PROD-0039,2024-05-08,15,Central
PROD-0100,2024-05-08,42,Central
PROD-0009,2024-05-08,39,Central
PROD-0041,2024-05-08,13,North
PROD-0046,2024-05-08,25,East
PROD-0070,2024-05-08,4,South
PROD-0004,2024-05-08,6,South
PROD-0001,2024-05-08,6,Central
PROD-0062,2024-05-08,45,Central
PROD-0064,2024-05-08,4,East
PROD-0067,2024-05-08,6,Central
PROD-0042,2024-05-08,17,West
PROD-0066,2024-05-08,10,East
PROD-0033,2024-05-08,10,West
PROD-0017,2024-05-08,18,South
PROD-0056,2024-05-08,15,West
PROD-0021,2024-05-08,20,South
PROD-0031,2024-05-08,34,North
PROD-0099,2024-05-08,15,North
PROD-0010,2024-05-08,40,North
PROD-0027,2024-05-08,37,South
PROD-0016,2024-05-08,19,Central
PROD-0096,2024-05-08,31,West
PROD-0022,2024-05-08,11,South
PROD-0040,2024-05-08,2,South
PROD-0008,2024-05-08,39,North
PROD-0036,2024-05-08,5,North
PROD-0095,2024-05-08,18,South
PROD-0052,2024-05-08,35,North
PROD-0014,2024-05-08,50,West
PROD-0053,2024-05-08,36,East
PROD-0026,2024-05-08,47,South
PROD-0032,2024-05-08,10,Central
PROD-0044,2024-05-08,12,South
PROD-0047,2024-05-08,1,East
PROD-0013,2024-05-08,11,East
PROD-0023,2024-05-08,33,North
PROD-0077,2024-05-08,33,Central
PROD-0063,2024-05-08,4,West
PROD-0095,2024-05-09,4,West
PROD-0077,2024-05-09,10,South
PROD-0025,2024-05-09,16,Central
PROD-0073,2024-05-09,24,Central
PROD-0041,2024-05-09,18,West
PROD-0058,2024-05-09,16,West
PROD-0087,2024-05-09,12,North
PROD-0072,2024-05-09,46,South
PROD-0017,2024-05-09,11,Central
PROD-0016,2024-05-09,49,North
PROD-0099,2024-05-09,5,West
PROD-0004,2024-05-09,9,North
PROD-0024,2024-05-09,19,West
PROD-0098,2024-05-09,34,West
PROD-0056,2024-05-09,44,West
PROD-0051,2024-05-09,36,Central
PROD-0052,2024-05-09,47,West
PROD-0083,2024-05-09,34,West
PROD-0001,2024-05-09,42,Central
PROD-0080,2024-05-09,23,Central
PROD-0036,2024-05-09,37,West
PROD-0008,2024-05-09,49,East
PROD-0046,2024-05-09,34,West
PROD-0093,2024-05-09,11,Central
PROD-0022,2024-05-09,32,South
PROD-0070,2024-05-09,3,South
PROD-0094,2024-05-09,5,Central
PROD-0005,2024-05-09,24,East
PROD-0060,2024-05-09,8,Central
PROD-0018,2024-05-09,27,West
PROD-0030,2024-05-09,25,East
PROD-0055,2024-05-09,24,North
PROD-0059,2024-05-09,21,West
PROD-0079,2024-05-09,13,North
PROD-0032,2024-05-09,14,West
PROD-0019,2024-05-09,50,South
PROD-0063,2024-05-09,29,Central
PROD-0003,2024-05-09,49,South
PROD-0066,2024-05-09,42,East
PROD-0042,2024-05-09,26,South
PROD-0014,2024-05-09,10,North
PROD-0009,2024-05-09,15,West
PROD-0075,2024-05-09,17,West
PROD-0033,2024-05-09,26,West
PROD-0011,2024-05-09,46,West
PROD-0035,2024-05-09,24,South
PROD-0068,2024-05-09,30,South
PROD-0096,2024-05-09,27,North
PROD-0023,2024-05-09,16,South
PROD-0034,2024-05-09,41,North
PROD-0086,2024-05-09,19,East
PROD-0090,2024-05-09,4,East
PROD-0057,2024-05-09,30,West
PROD-0064,2024-05-09,42,West
PROD-0084,2024-05-09,5,Central
PROD-0076,2024-05-09,19,East
PROD-0028,2024-05-09,33,Central
PROD-0026,2024-05-09,31,North
PROD-0053,2024-05-09,31,North
PROD-0085,2024-05-09,23,East
PROD-0027,2024-05-09,13,East
PROD-0089,2024-05-09,33,South
PROD-0042,2024-05-10,7,South
PROD-0081,2024-05-10,48,Central
PROD-0020,2024-05-10,18,North
PROD-0053,2024-05-10,2,Central
PROD-0054,2024-05-10,14,Central
PROD-0032,2024-05-10,24,North
PROD-0075,2024-05-10,29,West
PROD-0050,2024-05-10,22,Central
PROD-0035,2024-05-10,30,East
PROD-0037,2024-05-10,40,East
PROD-0056,2024-05-10,19,East
PROD-0089,2024-05-10,4,Central
PROD-0097,2024-05-10,38,North
PROD-0029,2024-05-10,29,West
PROD-0014,2024-05-10,28,Central
PROD-0031,2024-05-10,3,Central
PROD-0071,2024-05-10,47,Central
PROD-0003,2024-05-10,33,North
PROD-0052,2024-05-10,10,West
PROD-0092,2024-05-10,22,West
PROD-0084,2024-05-10,47,East
PROD-0019,2024-05-10,10,South
PROD-0074,2024-05-10,49,South
PROD-0051,2024-05-10,6,Central
PROD-0007,2024-05-10,25,East
PROD-0036,2024-05-10,26,South
PROD-0025,2024-05-10,3,North
PROD-0096,2024-05-10,20,North
PROD-0070,2024-05-10,9,South
PROD-0061,2024-05-10,27,Central
PROD-0057,2024-05-10,13,West
PROD-0077,2024-05-10,10,West
PROD-0095,2024-05-10,36,Central
PROD-0069,2024-05-10,17,South
PROD-0028,2024-05-10,1,North
PROD-0049,2024-05-10,11,North
PROD-0008,2024-05-10,17,West
PROD-0088,2024-05-10,5,South
PROD-0099,2024-05-10,30,South
PROD-0005,2024-05-10,44,West
PROD-0085,2024-05-10,8,North
PROD-0034,2024-05-10,43,West
PROD-0066,2024-05-10,22,Central
PROD-0039,2024-05-10,47,East
PROD-0004,2024-05-10,31,East
PROD-0009,2024-05-10,37,Central
PROD-0012,2024-05-10,36,East
PROD-0013,2024-05-10,41,East
PROD-0073,2024-05-10,34,South
PROD-0063,2024-05-10,43,Central
PROD-0021,2024-05-10,34,East
PROD-0080,2024-05-10,39,South
PROD-0046,2024-05-10,15,North
PROD-0023,2024-05-10,28,West
PROD-0064,2024-05-10,18,East
PROD-0038,2024-05-10,33,East
PROD-0017,2024-05-10,32,West
PROD-0072,2024-05-10,4,Central
PROD-0048,2024-05-10,20,East
PROD-0076,2024-05-10,7,South
PROD-0051,2024-05-11,9,South
PROD-0011,2024-05-11,18,South
PROD-0057,2024-05-11,4,Central
PROD-0016,2024-05-11,19,East
PROD-0043,2024-05-11,16,West
PROD-0034,2024-05-11,16,Central
PROD-0078,2024-05-11,13,East
PROD-0063,2024-05-11,3,South
PROD-0012,2024-05-11,6,Central
PROD-0005,2024-05-11,18,North
PROD-0085,2024-05-11,30,East
PROD-0096,2024-05-11,2,West
PROD-0080,2024-05-11,15,West
PROD-0028,2024-05-11,6,West
PROD-0072,2024-05-11,18,North
PROD-0062,2024-05-11,13,East
PROD-0001,2024-05-11,4,East
PROD-0086,2024-05-11,9,West
PROD-0015,2024-05-11,19,West
PROD-0058,2024-05-11,22,South
PROD-0032,2024-05-11,15,West
PROD-0060,2024-05-11,9,East
PROD-0068,2024-05-11,9,Central
PROD-0055,2024-05-11,6,East
PROD-0054,2024-05-11,6,Central
PROD-0025,2024-05-11,12,Central
PROD-0004,2024-05-11,15,North
PROD-0087,2024-05-11,4,North
PROD-0099,2024-05-11,3,North
PROD-0073,2024-05-11,6,Central
PROD-0031,2024-05-11,16,West
PROD-0018,2024-05-11,3,South
PROD-0020,2024-05-11,2,North
PROD-0076,2024-05-11,18,South
PROD-0091,2024-05-11,1,South
PROD-0030,2024-05-11,11,East
PROD-0002,2024-05-11,26,East
PROD-0061,2024-05-11,25,Central
PROD-0064,2024-05-11,3,North
PROD-0071,2024-05-11,6,East
PROD-0026,2024-05-11,13,North
PROD-0013,2024-05-11,1,Central
PROD-0052,2024-05-11,3,North
PROD-0065,2024-05-11,24,North
PROD-0046,2024-05-11,7,South
PROD-0019,2024-05-11,15,West
PROD-0095,2024-05-11,4,East
PROD-0056,2024-05-11,22,East
PROD-0033,2024-05-11,24,Central
PROD-0027,2024-05-11,3,Central
PROD-0093,2024-05-11,11,South
PROD-0045,2024-05-11,3,West
PROD-0094,2024-05-11,23,East
PROD-0014,2024-05-11,6,Central
PROD-0049,2024-05-11,4,West
PROD-0022,2024-05-11,23,South
PROD-0098,2024-05-11,27,East
PROD-0041,2024-05-11,1,West
PROD-0097,2024-05-11,13,South
PROD-0059,2024-05-11,27,West
PROD-0036,2024-05-11,17,East
PROD-0070,2024-05-11,19,East
PROD-0009,2024-05-11,11,West
PROD-0079,2024-05-11,16,South
PROD-0081,2024-05-11,12,East
PROD-0039,2024-05-11,8,South
PROD-0075,2024-05-11,18,South
PROD-0047,2024-05-11,27,South
PROD-0089,2024-05-11,1,North
PROD-0010,2024-05-11,2,Central
PROD-0048,2024-05-11,4,South
PROD-0067,2024-05-12,17,South
PROD-0089,2024-05-12,6,North
PROD-0039,2024-05-12,11,East
PROD-0072,2024-05-12,27,East
PROD-0020,2024-05-12,22,South
PROD-0028,2024-05-12,27,West
PROD-0055,2024-05-12,16,West
PROD-0030,2024-05-12,4,Central
PROD-0034,2024-05-12,28,Central
PROD-0040,2024-05-12,12,South
PROD-0100,2024-05-12,18,North
PROD-0070,2024-05-12,14,South
PROD-0032,2024-05-12,15,South
PROD-0047,2024-05-12,13,North
PROD-0048,2024-05-12,2,North
PROD-0096,2024-05-12,10,West
PROD-0088,2024-05-12,7,West
PROD-0035,2024-05-12,18,West
PROD-0015,2024-05-12,27,East
PROD-0022,2024-05-12,17,South
PROD-0098,2024-05-12,12,West
PROD-0053,2024-05-12,25,East
PROD-0042,2024-05-12,29,Central
PROD-0021,2024-05-12,27,South
PROD-0077,2024-05-12,0,South
PROD-0041,2024-05-12,10,West
PROD-0084,2024-05-12,3,West
PROD-0001,2024-05-12,13,South
PROD-0090,2024-05-12,1,South
PROD-0056,2024-05-12,9,Central
PROD-0079,2024-05-12,23,West
PROD-0068,2024-05-12,10,South
PROD-0063,2024-05-12,28,South
PROD-0049,2024-05-12,16,North
PROD-0002,2024-05-12,30,North
PROD-0092,2024-05-12,24,East
PROD-0045,2024-05-12,27,East
PROD-0099,2024-05-12,24,East
PROD-0082,2024-05-12,13,North
PROD-0073,2024-05-12,4,West
PROD-0054,2024-05-12,30,Central
PROD-0091,2024-05-12,7,South
PROD-0031,2024-05-12,6,East
PROD-0059,2024-05-12,26,Central
PROD-0062,2024-05-12,10,Central
PROD-0004,2024-05-12,15,Central
PROD-0038,2024-05-12,22,Central
PROD-0008,2024-05-12,24,South
PROD-0064,2024-05-12,16,North
PROD-0085,2024-05-12,18,Central
PROD-0083,2024-05-12,21,East
PROD-0043,2024-05-12,21,West
PROD-0023,2024-05-12,1,East
PROD-0065,2024-05-12,13,North
PROD-0087,2024-05-12,16,Central
PROD-0019,2024-05-12,24,North
PROD-0066,2024-05-12,18,West
PROD-0037,2024-05-12,18,Central
PROD-0074,2024-05-12,22,South
PROD-0003,2024-05-12,12,Central
PROD-0075,2024-05-12,9,West
PROD-0012,2024-05-12,10,East
PROD-0075,2024-05-13,3,South
PROD-0078,2024-05-13,43,Central
PROD-0073,2024-05-13,17,West
PROD-0092,2024-05-13,17,North
PROD-0047,2024-05-13,34,South
PROD-0049,2024-05-13,3,South
PROD-0094,2024-05-13,29,South
PROD-0011,2024-05-13,26,North
PROD-0052,2024-05-13,28,North
PROD-0054,2024-05-13,5,East
PROD-0006,2024-05-13,35,Central
PROD-0034,2024-05-13,27,North
PROD-0070,2024-05-13,33,East
PROD-0039,2024-05-13,50,Central
PROD-0033,2024-05-13,43,North
PROD-0041,2024-05-13,32,Central
PROD-0076,2024-05-13,14,Central
PROD-0002,2024-05-13,43,Central
PROD-0098,2024-05-13,19,North
PROD-0099,2024-05-13,16,West
PROD-0028,2024-05-13,36,East
PROD-0096,2024-05-13,12,Central
PROD-0048,2024-05-13,42,South
PROD-0051,2024-05-13,1,West
PROD-0087,2024-05-13,6,East
PROD-0100,2024-05-13,42,South
PROD-0090,2024-05-13,31,North
PROD-0016,2024-05-13,7,South
PROD-0022,2024-05-13,48,East
PROD-0074,2024-05-13,11,East
PROD-0021,2024-05-13,43,East
PROD-0059,2024-05-13,27,South
PROD-0029,2024-05-13,28,South
PROD-0046,2024-05-13,47,South
PROD-0015,2024-05-13,24,North
PROD-0053,2024-05-13,49,East
PROD-0026,2024-05-13,20,Central
PROD-0003,2024-05-13,45,Central
PROD-0084,2024-05-13,41,North
PROD-0012,2024-05-13,5,South
PROD-0056,2024-05-13,8,North
PROD-0023,2024-05-13,16,North
PROD-0093,2024-05-13,50,East
PROD-0057,2024-05-13,12,North
PROD-0085,2024-05-13,49,West
PROD-0077,2024-05-13,22,North
PROD-0008,2024-05-13,33,Central
PROD-0018,2024-05-13,30,Central
PROD-0069,2024-05-13,8,West
PROD-0068,2024-05-13,43,Central
PROD-0043,2024-05-13,18,North
PROD-0064,2024-05-13,23,North
PROD-0061,2024-05-13,23,South
PROD-0013,2024-05-13,25,South
PROD-0042,2024-05-13,35,East
PROD-0007,2024-05-13,47,North
PROD-0055,2024-05-13,40,North
PROD-0035,2024-05-13,5,South
PROD-0010,2024-05-13,10,East
PROD-0062,2024-05-13,11,Central
PROD-0067,2024-05-13,45,Central
PROD-0025,2024-05-13,13,West
PROD-0095,2024-05-13,49,East
PROD-0088,2024-05-13,2,East
PROD-0004,2024-05-13,25,West
PROD-0024,2024-05-13,7,Central
PROD-0065,2024-05-13,50,West
PROD-0086,2024-05-13,14,South
PROD-0063,2024-05-13,13,Central
PROD-0005,2024-05-13,41,West
PROD-0097,2024-05-13,50,Central
PROD-0060,2024-05-13,48,North
PROD-0038,2024-05-13,48,South
PROD-0030,2024-05-13,43,West
PROD-0080,2024-05-13,36,West
PROD-0079,2024-05-13,25,East
PROD-0083,2024-05-13,42,East
PROD-0045,2024-05-14,3,North
PROD-0051,2024-05-14,29,South
PROD-0092,2024-05-14,1,Central
PROD-0098,2024-05-14,23,North
PROD-0080,2024-05-14,43,East
PROD-0029,2024-05-14,42,East
PROD-0053,2024-05-14,27,North
PROD-0001,2024-05-14,21,West
PROD-0007,2024-05-14,6,South
PROD-0096,2024-05-14,7,Central
PROD-0062,2024-05-14,34,Central
PROD-0083,2024-05-14,50,North
PROD-0050,2024-05-14,38,South
PROD-0084,2024-05-14,31,West
PROD-0010,2024-05-14,36,Central
PROD-0003,2024-05-14,47,East
PROD-0074,2024-05-14,8,Central
PROD-0085,2024-05-14,3,East
PROD-0064,2024-05-14,16,East
PROD-0036,2024-05-14,35,West
PROD-0015,2024-05-14,19,North
PROD-0094,2024-05-14,7,North
PROD-0004,2024-05-14,20,South
PROD-0054,2024-05-14,45,East
PROD-0048,2024-05-14,25,South
PROD-0009,2024-05-14,18,East
PROD-0041,2024-05-14,27,North
PROD-0042,2024-05-14,34,East
PROD-0044,2024-05-14,5,West
PROD-0020,2024-05-14,20,East
PROD-0043,2024-05-14,27,North
PROD-0035,2024-05-14,2,East
PROD-0056,2024-05-14,21,South
PROD-0027,2024-05-14,46,North
PROD-0066,2024-05-14,9,Central
PROD-0077,2024-05-14,39,Central
PROD-0088,2024-05-14,7,East
PROD-0067,2024-05-14,8,North
PROD-0039,2024-05-14,17,East
PROD-0031,2024-05-14,21,North
PROD-0087,2024-05-14,12,Central
PROD-0059,2024-05-14,14,Central
PROD-0016,2024-05-14,6,South
PROD-0049,2024-05-14,4,East
PROD-0005,2024-05-14,20,Central
PROD-0061,2024-05-14,49,Central
PROD-0097,2024-05-14,6,Central
PROD-0034,2024-05-14,37,Central
PROD-0068,2024-05-14,20,Central
PROD-0017,2024-05-14,43,East
PROD-0030,2024-05-14,7,West
PROD-0095,2024-05-14,49,North
PROD-0024,2024-05-14,20,West
PROD-0075,2024-05-14,6,East
PROD-0011,2024-05-14,18,North
PROD-0028,2024-05-14,9,North
PROD-0025,2024-05-14,7,Central
PROD-0023,2024-05-14,1,North
PROD-0069,2024-05-14,31,North
PROD-0078,2024-05-14,31,East
PROD-0022,2024-05-14,26,Central
PROD-0032,2024-05-14,7,East
PROD-0093,2024-05-14,11,Central
PROD-0044,2024-05-15,16,North
PROD-0025,2024-05-15,22,South
PROD-0055,2024-05-15,12,Central
PROD-0086,2024-05-15,45,North
PROD-0008,2024-05-15,41,North
PROD-0094,2024-05-15,31,South
PROD-0073,2024-05-15,47,South
PROD-0070,2024-05-15,11,Central
PROD-0014,2024-05-15,16,West
PROD-0090,2024-05-15,1,Central
PROD-0084,2024-05-15,18,Central
PROD-0021,2024-05-15,47,South
PROD-0088,2024-05-15,32,Central
PROD-0099,2024-05-15,16,North
PROD-0067,2024-05-15,28,South
PROD-0074,2024-05-15,40,West
PROD-0076,2024-05-15,13,Central
PROD-0004,2024-05-15,19,East
PROD-0075,2024-05-15,9,West
PROD-0100,2024-05-15,38,West
PROD-0003,2024-05-15,38,East
PROD-0029,2024-05-15,18,South
PROD-0061,2024-05-15,40,North
PROD-0059,2024-05-15,46,West
PROD-0065,2024-05-15,17,Central
PROD-0009,2024-05-15,32,North
PROD-0007,2024-05-15,8,West
PROD-0098,2024-05-15,38,South
PROD-0035,2024-05-15,48,East
PROD-0043,2024-05-15,45,South
PROD-0082,2024-05-15,37,South
PROD-0046,2024-05-15,42,Central
PROD-0063,2024-05-15,8,South
PROD-0005,2024-05-15,9,North
PROD-0093,2024-05-15,15,South
PROD-0068,2024-05-15,48,North
PROD-0052,2024-05-15,47,North
PROD-0038,2024-05-15,44,West
PROD-0071,2024-05-15,9,South
PROD-0062,2024-05-15,18,North
PROD-0049,2024-05-15,37,North
PROD-0006,2024-05-15,42,South
PROD-0027,2024-05-15,46,North
PROD-0018,2024-05-15,45,North
PROD-0019,2024-05-15,27,North
PROD-0087,2024-05-15,22,South
PROD-0037,2024-05-15,29,South
PROD-0081,2024-05-15,10,North
PROD-0010,2024-05-15,24,East
PROD-0011,2024-05-15,27,West
PROD-0066,2024-05-15,43,Central
PROD-0064,2024-05-15,44,East
PROD-0042,2024-05-15,29,South
PROD-0069,2024-05-15,41,South
PROD-0091,2024-05-15,14,West
PROD-0080,2024-05-15,23,South
PROD-0051,2024-05-15,43,South
PROD-0026,2024-05-15,32,West
PROD-0078,2024-05-15,18,West
PROD-0047,2024-05-15,4,East
PROD-0092,2024-05-15,1,West
PROD-0002,2024-05-15,30,South
PROD-0050,2024-05-15,4,North
PROD-0089,2024-05-15,48,West
PROD-0034,2024-05-15,34,East
PROD-0054,2024-05-15,14,West
PROD-0053,2024-05-15,8,East
PROD-0072,2024-05-15,10,East
PROD-0020,2024-05-15,18,South
PROD-0013,2024-05-15,28,North
PROD-0024,2024-05-15,31,Central
PROD-0056,2024-05-15,5,Central
PROD-0096,2024-05-15,30,East
PROD-0012,2024-05-15,20,South
PROD-0095,2024-05-15,29,South
PROD-0039,2024-05-15,45,East
PROD-0045,2024-05-15,31,West
PROD-0030,2024-05-15,18,South
PROD-0094,2024-05-16,29,South
PROD-0052,2024-05-16,2,South
PROD-0009,2024-05-16,42,West
PROD-0089,2024-05-16,25,South
PROD-0049,2024-05-16,36,Central
PROD-0015,2024-05-16,42,South
PROD-0054,2024-05-16,8,East
PROD-0066,2024-05-16,47,East
PROD-0096,2024-05-16,34,East
PROD-0047,2024-05-16,45,North
PROD-0006,2024-05-16,18,Central
PROD-0062,2024-05-16,20,West
PROD-0082,2024-05-16,2,North
PROD-0088,2024-05-16,37,North
PROD-0025,2024-05-16,16,East
PROD-0065,2024-05-16,17,South
PROD-0018,2024-05-16,49,Central
PROD-0058,2024-05-16,40,Central
PROD-0051,2024-05-16,34,South
PROD-0053,2024-05-16,41,West
PROD-0077,2024-05-16,34,North
PROD-0040,2024-05-16,10,North
PROD-0007,2024-05-16,21,Central
PROD-0064,2024-05-16,27,Central
PROD-0029,2024-05-16,22,North
PROD-0069,2024-05-16,31,South
PROD-0045,2024-05-16,12,North
PROD-0080,2024-05-16,47,East
PROD-0035,2024-05-16,47,West
PROD-0042,2024-05-16,17,East
PROD-0087,2024-05-16,38,South
PROD-0003,2024-05-16,41,West
PROD-0001,2024-05-16,43,Central
PROD-0099,2024-05-16,37,Central
PROD-0067,2024-05-16,23,North
PROD-0063,2024-05-16,25,West
PROD-0020,2024-05-16,40,South
PROD-0043,2024-05-16,16,East
PROD-0005,2024-05-16,3,East
PROD-0019,2024-05-16,23,West
PROD-0028,2024-05-16,49,South
PROD-0092,2024-05-16,35,East
PROD-0033,2024-05-16,32,South
PROD-0002,2024-05-16,28,Central
PROD-0079,2024-05-16,2,North
PROD-0032,2024-05-16,7,Central
PROD-0076,2024-05-16,9,South
PROD-0060,2024-05-16,27,North
PROD-0012,2024-05-16,14,West
PROD-0023,2024-05-16,27,Central
PROD-0013,2024-05-16,48,North
PROD-0041,2024-05-16,7,Central
PROD-0016,2024-05-16,29,South
PROD-0071,2024-05-16,15,South
PROD-0090,2024-05-16,14,East
PROD-0078,2024-05-16,7,North
PROD-0074,2024-05-16,17,North
PROD-0091,2024-05-16,38,West
PROD-0008,2024-05-16,8,East
PROD-0086,2024-05-16,42,Central
PROD-0026,2024-05-16,29,South
PROD-0010,2024-05-16,6,East
PROD-0030,2024-05-16,16,Central
PROD-0085,2024-05-16,8,North
PROD-0021,2024-05-16,17,Central
PROD-0038,2024-05-16,35,South
PROD-0056,2024-05-16,3,West
PROD-0100,2024-05-16,45,East
PROD-0084,2024-05-16,35,South
PROD-0005,2024-05-17,45,North
PROD-0048,2024-05-17,32,South
PROD-0028,2024-05-17,27,East
PROD-0080,2024-05-17,7,North
PROD-0100,2024-05-17,33,Central
PROD-0081,2024-05-17,15,Central
PROD-0059,2024-05-17,18,North
PROD-0026,2024-05-17,28,East
PROD-0012,2024-05-17,23,West
PROD-0021,2024-05-17,36,South
PROD-0057,2024-05-17,2,North
PROD-0011,2024-05-17,41,Central
PROD-0031,2024-05-17,2,East
PROD-0099,2024-05-17,13,South
PROD-0029,2024-05-17,11,South
PROD-0061,2024-05-17,48,North
PROD-0001,2024-05-17,47,South
PROD-0071,2024-05-17,13,South
PROD-0043,2024-05-17,13,South
PROD-0067,2024-05-17,19,West
PROD-0053,2024-05-17,4,West
PROD-0085,2024-05-17,15,Central
PROD-0077,2024-05-17,9,North
PROD-0074,2024-05-17,8,South
PROD-0069,2024-05-17,24,East
PROD-0073,2024-05-17,44,West
PROD-0068,2024-05-17,10,North
PROD-0070,2024-05-17,11,West
PROD-0038,2024-05-17,25,North
PROD-0030,2024-05-17,11,East
PROD-0087,2024-05-17,3,Central
PROD-0042,2024-05-17,12,West
PROD-0075,2024-05-17,7,North
PROD-0064,2024-05-17,49,South
PROD-0056,2024-05-17,14,North
PROD-0076,2024-05-17,10,West
PROD-0035,2024-05-17,7,West
PROD-0041,2024-05-17,15,South
PROD-0022,2024-05-17,18,Central
PROD-0065,2024-05-17,46,Central
PROD-0093,2024-05-17,44,Central
PROD-0098,2024-05-17,38,Central
PROD-0008,2024-05-17,22,West
PROD-0097,2024-05-17,11,Central
PROD-0023,2024-05-17,35,Central
PROD-0089,2024-05-17,14,West
PROD-0049,2024-05-17,28,South
PROD-0036,2024-05-17,40,West
PROD-0063,2024-05-17,18,East
PROD-0010,2024-05-17,17,Central
PROD-0033,2024-05-17,14,North
PROD-0058,2024-05-17,13,West
PROD-0046,2024-05-17,19,West
PROD-0078,2024-05-17,50,Central
PROD-0009,2024-05-17,30,North
PROD-0044,2024-05-17,38,North
PROD-0032,2024-05-17,45,South
PROD-0052,2024-05-17,4,South
PROD-0039,2024-05-17,48,Central
PROD-0040,2024-05-17,8,Central
PROD-0094,2024-05-17,31,West
PROD-0017,2024-05-17,42,Central
PROD-0062,2024-05-17,46,South
PROD-0051,2024-05-17,4,Central
PROD-0090,2024-05-17,12,Central
PROD-0018,2024-05-17,15,South
PROD-0083,2024-05-17,16,North
PROD-0092,2024-05-17,33,Central
PROD-0082,2024-05-17,35,North
PROD-0015,2024-05-17,16,Central
PROD-0024,2024-05-17,36,North
PROD-0060,2024-05-17,22,Central
PROD-0025,2024-05-17,35,North
PROD-0064,2024-05-18,13,Central
PROD-0037,2024-05-18,5,South
PROD-0023,2024-05-18,1,West
PROD-0076,2024-05-18,19,South
PROD-0061,2024-05-18,5,South
PROD-0081,2024-05-18,27,North
PROD-0045,2024-05-18,20,South
PROD-0005,2024-05-18,24,West
PROD-0099,2024-05-18,3,West
PROD-0073,2024-05-18,28,Central
PROD-0067,2024-05-18,3,East
PROD-0033,2024-05-18,18,South
PROD-0014,2024-05-18,26,East
PROD-0003,2024-05-18,13,North
PROD-0098,2024-05-18,1,North
PROD-0079,2024-05-18,30,North
PROD-0059,2024-05-18,30,North
PROD-0042,2024-05-18,28,North
PROD-0092,2024-05-18,3,East
PROD-0049,2024-05-18,6,Central
PROD-0010,2024-05-18,3,North
PROD-0091,2024-05-18,27,South
PROD-0058,2024-05-18,18,North
PROD-0066,2024-05-18,17,Central
PROD-0040,2024-05-18,25,East
PROD-0062,2024-05-18,2,Central
PROD-0036,2024-05-18,1,South
PROD-0043,2024-05-18,13,East
PROD-0011,2024-05-18,15,North
PROD-0026,2024-05-18,19,East
PROD-0089,2024-05-18,29,East
PROD-0090,2024-05-18,10,South
PROD-0034,2024-05-18,3,Central
PROD-0093,2024-05-18,6,Central
PROD-0096,2024-05-18,25,Central
PROD-0006,2024-05-18,21,West
PROD-0082,2024-05-18,11,West
PROD-0051,2024-05-18,20,North
PROD-0085,2024-05-18,6,South
PROD-0083,2024-05-18,29,East
PROD-0075,2024-05-18,19,Central
PROD-0047,2024-05-18,1,East
PROD-0063,2024-05-18,15,West
PROD-0002,2024-05-18,1,Central
PROD-0001,2024-05-18,16,West
PROD-0094,2024-05-18,1,North
PROD-0022,2024-05-18,23,North
PROD-0019,2024-05-18,0,East
PROD-0012,2024-05-18,9,West
PROD-0071,2024-05-18,13,East
PROD-0070,2024-05-18,3,East
PROD-0029,2024-05-18,28,Central
PROD-0065,2024-05-18,10,Central
PROD-0097,2024-05-18,6,West
PROD-0009,2024-05-18,15,Central
PROD-0017,2024-05-18,4,South
PROD-0035,2024-05-18,16,South
PROD-0080,2024-05-18,10,Central
PROD-0087,2024-05-18,9,East
PROD-0016,2024-05-18,14,North
PROD-0072,2024-05-18,14,East
PROD-0028,2024-05-18,6,Central
PROD-0086,2024-05-18,15,North
PROD-0024,2024-05-18,21,North
PROD-0074,2024-05-18,24,West
PROD-0040,2024-05-19,8,South
PROD-0039,2024-05-19,16,Central
PROD-0032,2024-05-19,24,Central
PROD-0017,2024-05-19,18,Central
PROD-0057,2024-05-19,13,North
PROD-0022,2024-05-19,30,Central
PROD-0074,2024-05-19,30,Central
PROD-0070,2024-05-19,7,South
PROD-0071,2024-05-19,3,North
PROD-0030,2024-05-19,10,North
PROD-0015,2024-05-19,4,West
PROD-0004,2024-05-19,10,Central
PROD-0058,2024-05-19,4,Central
PROD-0016,2024-05-19,20,North
PROD-0060,2024-05-19,10,East
PROD-0088,2024-05-19,25,South
PROD-0014,2024-05-19,21,West
PROD-0034,2024-05-19,19,South
PROD-0093,2024-05-19,20,South
PROD-0028,2024-05-19,15,South
PROD-0073,2024-05-19,20,North
PROD-0012,2024-05-19,15,East
PROD-0026,2024-05-19,9,South
PROD-0024,2024-05-19,26,North
PROD-0048,2024-05-19,6,West
PROD-0059,2024-05-19,24,East
PROD-0083,2024-05-19,28,South
PROD-0078,2024-05-19,20,Central
PROD-0054,2024-05-19,25,East
PROD-0013,2024-05-19,16,East
PROD-0046,2024-05-19,6,North
PROD-0005,2024-05-19,9,West
PROD-0010,2024-05-19,29,South
PROD-0061,2024-05-19,14,Central
PROD-0009,2024-05-19,16,South
PROD-0090,2024-05-19,4,East
PROD-0055,2024-05-19,30,East
PROD-0100,2024-05-19,3,West
PROD-0065,2024-05-19,1,West
PROD-0036,2024-05-19,11,West
PROD-0031,2024-05-19,6,East
PROD-0067,2024-05-19,29,East
PROD-0042,2024-05-19,29,East
PROD-0092,2024-05-19,1,South
PROD-0079,2024-05-19,15,South
PROD-0056,2024-05-19,28,East
PROD-0025,2024-05-19,13,Central
PROD-0063,2024-05-19,26,South
PROD-0018,2024-05-19,11,South
PROD-0097,2024-05-19,28,North
PROD-0076,2024-05-19,25,North
PROD-0064,2024-05-19,18,West
PROD-0006,2024-05-19,12,West
PROD-0035,2024-05-19,10,East
PROD-0081,2024-05-19,19,Central
PROD-0098,2024-05-19,20,Central
PROD-0068,2024-05-19,1,South
PROD-0037,2024-05-19,28,North
PROD-0021,2024-05-19,14,South
PROD-0086,2024-05-19,21,Central
PROD-0020,2024-05-19,20,South
PROD-0082,2024-05-20,18,East
PROD-0010,2024-05-20,47,South
PROD-0029,2024-05-20,30,Central
PROD-0100,2024-05-20,45,North
PROD-0046,2024-05-20,44,East
PROD-0019,2024-05-20,3,East
PROD-0064,2024-05-20,44,North
PROD-0065,2024-05-20,19,South
PROD-0050,2024-05-20,14,South
PROD-0004,2024-05-20,14,East
PROD-0071,2024-05-20,13,Central
PROD-0098,2024-05-20,17,Central
PROD-0057,2024-05-20,21,North
PROD-0040,2024-05-20,26,South
PROD-0020,2024-05-20,10,North
PROD-0051,2024-05-20,6,North
PROD-0048,2024-05-20,46,Central
PROD-0043,2024-05-20,30,Central
PROD-0039,2024-05-20,30,North
PROD-0063,2024-05-20,35,North
PROD-0084,2024-05-20,39,South
PROD-0056,2024-05-20,16,Central
PROD-0086,2024-05-20,6,South
PROD-0059,2024-05-20,32,South
PROD-0016,2024-05-20,9,West
PROD-0089,2024-05-20,42,East
PROD-0047,2024-05-20,15,North
PROD-0061,2024-05-20,27,North
PROD-0037,2024-05-20,47,North
PROD-0093,2024-05-20,6,Central
PROD-0097,2024-05-20,49,Central
PROD-0073,2024-05-20,32,East
PROD-0078,2024-05-20,25,North
PROD-0008,2024-05-20,30,Central
PROD-0034,2024-05-20,27,Central
PROD-0052,2024-05-20,47,Central
PROD-0085,2024-05-20,1,North
PROD-0009,2024-05-20,12,South
PROD-0045,2024-05-20,2,North
PROD-0066,2024-05-20,38,North
PROD-0080,2024-05-20,22,West
PROD-0013,2024-05-20,8,Central
PROD-0075,2024-05-20,9,Central
PROD-0044,2024-05-20,34,North
PROD-0018,2024-05-20,16,West
PROD-0041,2024-05-20,22,West
PROD-0014,2024-05-20,41,West
PROD-0002,2024-05-20,17,East
PROD-0068,2024-05-20,39,North
PROD-0076,2024-05-20,47,West
PROD-0003,2024-05-20,1,Central
PROD-0024,2024-05-20,44,South
PROD-0067,2024-05-20,26,East
PROD-0032,2024-05-20,40,East
PROD-0015,2024-05-20,9,North
PROD-0007,2024-05-20,5,East
PROD-0038,2024-05-20,39,North
PROD-0022,2024-05-20,8,Central
PROD-0060,2024-05-20,41,Central
PROD-0088,2024-05-20,19,North
PROD-0017,2024-05-20,35,East
PROD-0036,2024-05-20,15,South
PROD-0081,2024-05-20,26,Central
PROD-0035,2024-05-20,31,East
PROD-0053,2024-05-20,2,Central
PROD-0099,2024-05-20,9,West
PROD-0070,2024-05-20,13,South
PROD-0074,2024-05-20,47,South
PROD-0031,2024-05-20,14,Central
PROD-0011,2024-05-20,39,Central
PROD-0054,2024-05-20,10,North
PROD-0030,2024-05-20,16,West
PROD-0023,2024-05-20,18,East
PROD-0006,2024-05-20,22,West
PROD-0096,2024-05-20,5,North
PROD-0072,2024-05-20,17,North
PROD-0091,2024-05-21,47,East
PROD-0011,2024-05-21,9,Central
PROD-0093,2024-05-21,35,West
PROD-0027,2024-05-21,48,North
PROD-0061,2024-05-21,24,North
PROD-0052,2024-05-21,50,East
PROD-0024,2024-05-21,16,West
PROD-0045,2024-05-21,26,West
PROD-0056,2024-05-21,28,North
PROD-0001,2024-05-21,34,North
PROD-0046,2024-05-21,8,South
PROD-0013,2024-05-21,28,North
PROD-0048,2024-05-21,3,South
PROD-0063,2024-05-21,4,Central
PROD-0062,2024-05-21,14,East
PROD-0087,2024-05-21,25,West
PROD-0053,2024-05-21,39,North
PROD-0039,2024-05-21,49,North
PROD-0042,2024-05-21,25,South
PROD-0020,2024-05-21,44,West
PROD-0073,2024-05-21,5,East
PROD-0008,2024-05-21,48,South
PROD-0082,2024-05-21,7,South
PROD-0018,2024-05-21,50,South
PROD-0032,2024-05-21,17,East
PROD-0009,2024-05-21,23,North
PROD-0074,2024-05-21,28,Central
PROD-0005,2024-05-21,36,South
PROD-0023,2024-05-21,28,Central
PROD-0051,2024-05-21,7,West
PROD-0058,2024-05-21,41,West
PROD-0094,2024-05-21,28,Central
PROD-0034,2024-05-21,42,South
PROD-0037,2024-05-21,40,South
PROD-0085,2024-05-21,34,East
PROD-0054,2024-05-21,19,North
PROD-0059,2024-05-21,8,South
PROD-0022,2024-05-21,20,Central
PROD-0067,2024-05-21,1,Central
PROD-0049,2024-05-21,29,South
PROD-0017,2024-05-21,22,East
PROD-0050,2024-05-21,16,West
PROD-0012,2024-05-21,43,Central
PROD-0079,2024-05-21,48,Central
PROD-0004,2024-05-21,9,West
PROD-0029,2024-05-21,3,South
PROD-0002,2024-05-21,15,East
PROD-0098,2024-05-21,40,North
PROD-0071,2024-05-21,4,North
PROD-0047,2024-05-21,43,East
PROD-0043,2024-05-21,29,North
PROD-0081,2024-05-21,39,North
PROD-0044,2024-05-21,33,East
PROD-0015,2024-05-21,37,Central
PROD-0041,2024-05-21,46,North
PROD-0006,2024-05-21,19,East
PROD-0080,2024-05-21,37,South
PROD-0096,2024-05-21,2,West
PROD-0021,2024-05-21,17,Central
PROD-0060,2024-05-21,11,West
PROD-0097,2024-05-21,49,Central
PROD-0075,2024-05-21,46,Central
PROD-0099,2024-05-21,40,West
PROD-0092,2024-05-21,50,Central
PROD-0028,2024-05-21,37,West
PROD-0100,2024-05-21,50,East
PROD-0010,2024-05-21,36,Central
PROD-0076,2024-05-21,49,Central
PROD-0070,2024-05-21,48,West
PROD-0033,2024-05-21,6,Central
PROD-0035,2024-05-21,19,South
PROD-0019,2024-05-21,35,East
PROD-0030,2024-05-21,38,West
PROD-0051,2024-05-22,37,South
PROD-0069,2024-05-22,10,East
PROD-0088,2024-05-22,37,North
PROD-0090,2024-05-22,19,North
PROD-0019,2024-05-22,50,Central
PROD-0042,2024-05-22,20,Central
PROD-0031,2024-05-22,40,South
PROD-0021,2024-05-22,12,South
PROD-0055,2024-05-22,7,South
PROD-0001,2024-05-22,50,South
PROD-0037,2024-05-22,19,South
PROD-0073,2024-05-22,50,West
PROD-0017,2024-05-22,26,Central
PROD-0003,2024-05-22,36,North
PROD-0044,2024-05-22,27,Central
PROD-0052,2024-05-22,45,North
PROD-0067,2024-05-22,36,West
PROD-0048,2024-05-22,10,West
PROD-0071,2024-05-22,41,North
PROD-0100,2024-05-22,30,West
PROD-0033,2024-05-22,2,West
PROD-0087,2024-05-22,12,South
PROD-0074,2024-05-22,20,Central
PROD-0057,2024-05-22,47,South
PROD-0064,2024-05-22,34,Central
PROD-0009,2024-05-22,15,East
PROD-0050,2024-05-22,43,Central
PROD-0054,2024-05-22,24,South
PROD-0013,2024-05-22,34,South
PROD-0061,2024-05-22,43,Central
PROD-0083,2024-05-22,49,North
PROD-0049,2024-05-22,19,North
PROD-0091,2024-05-22,23,West
PROD-0010,2024-05-22,43,North
PROD-0094,2024-05-22,10,Central
PROD-0080,2024-05-22,40,West
PROD-0012,2024-05-22,22,North
PROD-0018,2024-05-22,36,South
PROD-0062,2024-05-22,26,Central
PROD-0060,2024-05-22,49,East
PROD-0015,2024-05-22,35,South
PROD-0092,2024-05-22,28,East
PROD-0066,2024-05-22,6,Central
PROD-0046,2024-05-22,25,Central
PROD-0007,2024-05-22,25,East
PROD-0027,2024-05-22,27,North
PROD-0030,2024-05-22,14,North
PROD-0008,2024-05-22,36,West
PROD-0063,2024-05-22,28,North
PROD-0089,2024-05-22,44,South
PROD-0032,2024-05-22,50,South
PROD-0072,2024-05-22,34,East
PROD-0016,2024-05-22,37,East
PROD-0058,2024-05-22,49,North
PROD-0078,2024-05-22,17,South
PROD-0070,2024-05-22,50,East
PROD-0081,2024-05-22,26,Central
PROD-0039,2024-05-22,10,South
PROD-0097,2024-05-22,38,East
PROD-0056,2024-05-22,33,East
PROD-0014,2024-05-22,41,North
PROD-0022,2024-05-22,2,South
PROD-0034,2024-05-22,31,South
PROD-0029,2024-05-22,1,North
PROD-0011,2024-05-22,43,Central
PROD-0025,2024-05-22,28,Central
PROD-0084,2024-05-22,26,West
PROD-0005,2024-05-22,5,North
PROD-0004,2024-05-22,8,West
PROD-0096,2024-05-22,33,South
PROD-0059,2024-05-22,5,North
PROD-0075,2024-05-22,43,South
PROD-0063,2024-05-23,22,North
PROD-0050,2024-05-23,4,North
PROD-0014,2024-05-23,25,Central
PROD-0089,2024-05-23,4,Central
PROD-0010,2024-05-23,42,East
PROD-0017,2024-05-23,6,East
PROD-0034,2024-05-23,41,Central
PROD-0020,2024-05-23,5,East
PROD-0087,2024-05-23,4,West
PROD-0078,2024-05-23,27,South
PROD-0002,2024-05-23,41,Central
PROD-0038,2024-05-23,13,Central
PROD-0075,2024-05-23,29,West
PROD-0044,2024-05-23,41,South
PROD-0085,2024-05-23,4,East
PROD-0035,2024-05-23,15,East
PROD-0070,2024-05-23,18,North
PROD-0066,2024-05-23,32,West
PROD-0031,2024-05-23,29,Central
PROD-0037,2024-05-23,19,West
PROD-0082,2024-05-23,11,North
PROD-0068,2024-05-23,46,West
PROD-0052,2024-05-23,9,West
PROD-0036,2024-05-23,49,West
PROD-0100,2024-05-23,43,South
PROD-0032,2024-05-23,39,South
PROD-0012,2024-05-23,23,North
PROD-0086,2024-05-23,36,North
PROD-0072,2024-05-23,48,West
PROD-0080,2024-05-23,47,West
PROD-0030,2024-05-23,25,North
PROD-0098,2024-05-23,11,Central
PROD-0011,2024-05-23,45,Central
PROD-0004,2024-05-23,5,East
PROD-0091,2024-05-23,2,West
PROD-0065,2024-05-23,34,Central
PROD-0067,2024-05-23,17,North
PROD-0040,2024-05-23,13,South
PROD-0074,2024-05-23,13,West
PROD-0093,2024-05-23,15,North
PROD-0006,2024-05-23,9,East
PROD-0095,2024-05-23,23,South
PROD-0005,2024-05-23,13,East
PROD-0001,2024-05-23,26,North
PROD-0033,2024-05-23,30,Central
PROD-0039,2024-05-23,6,West
PROD-0015,2024-05-23,1,South
PROD-0061,2024-05-23,11,North
PROD-0071,2024-05-23,6,Central
PROD-0049,2024-05-23,11,North
PROD-0077,2024-05-23,25,North
PROD-0025,2024-05-23,15,West
PROD-0073,2024-05-23,16,Central
PROD-0053,2024-05-23,43,East
PROD-0055,2024-05-23,9,West
PROD-0046,2024-05-23,32,Central
PROD-0064,2024-05-23,37,East
PROD-0021,2024-05-23,25,North
PROD-0024,2024-05-23,13,South
PROD-0009,2024-05-23,29,North
PROD-0060,2024-05-23,43,Central
PROD-0047,2024-05-23,19,East
PROD-0084,2024-05-23,17,Central
PROD-0041,2024-05-23,4,South
PROD-0099,2024-05-23,38,East
PROD-0096,2024-05-23,4,South
PROD-0062,2024-05-23,26,East
PROD-0059,2024-05-23,33,North
PROD-0023,2024-05-23,7,West
PROD-0022,2024-05-23,18,East
PROD-0045,2024-05-23,4,South
PROD-0003,2024-05-23,29,South
PROD-0016,2024-05-23,44,East
PROD-0088,2024-05-23,7,West
PROD-0079,2024-05-23,31,Central
PROD-0018,2024-05-23,7,South
PROD-0012,2024-05-24,48,West
PROD-0074,2024-05-24,43,Central
PROD-0090,2024-05-24,11,South
PROD-0067,2024-05-24,5,North
PROD-0025,2024-05-24,11,North
PROD-0079,2024-05-24,32,Central
PROD-0024,2024-05-24,35,South
PROD-0005,2024-05-24,7,South
PROD-0029,2024-05-24,17,Central
PROD-0097,2024-05-24,27,South
PROD-0047,2024-05-24,37,Central
PROD-0049,2024-05-24,22,West
PROD-0061,2024-05-24,47,Central
PROD-0011,2024-05-24,29,South
PROD-0026,2024-05-24,49,West
PROD-0069,2024-05-24,15,Central
PROD-0015,2024-05-24,16,North
PROD-0094,2024-05-24,33,South
PROD-0099,2024-05-24,35,East
PROD-0064,2024-05-24,27,North
PROD-0018,2024-05-24,22,South
PROD-0010,2024-05-24,37,West
PROD-0068,2024-05-24,48,North
PROD-0091,2024-05-24,32,Central
PROD-0081,2024-05-24,35,West
PROD-0053,2024-05-24,26,North
PROD-0089,2024-05-24,30,West
PROD-0051,2024-05-24,45,North
PROD-0057,2024-05-24,26,West
PROD-0070,2024-05-24,16,West
PROD-0085,2024-05-24,34,South
PROD-0013,2024-05-24,1,East
PROD-0042,2024-05-24,49,North
PROD-0075,2024-05-24,25,Central
PROD-0088,2024-05-24,10,North
PROD-0004,2024-05-24,43,South
PROD-0052,2024-05-24,12,South
PROD-0030,2024-05-24,41,East
PROD-0035,2024-05-24,21,South
PROD-0065,2024-05-24,6,West
PROD-0078,2024-05-24,44,East
PROD-0037,2024-05-24,1,East
PROD-0017,2024-05-24,35,West
PROD-0002,2024-05-24,7,East
PROD-0072,2024-05-24,26,Central
PROD-0071,2024-05-24,10,North
PROD-0007,2024-05-24,34,South
PROD-0054,2024-05-24,5,Central
PROD-0082,2024-05-24,9,East
PROD-0077,2024-05-24,37,West
PROD-0080,2024-05-24,30,Central
PROD-0006,2024-05-24,3,Central
PROD-0048,2024-05-24,38,Central
PROD-0044,2024-05-24,50,East
PROD-0059,2024-05-24,16,West
PROD-0028,2024-05-24,40,Central
PROD-0060,2024-05-24,35,East
PROD-0043,2024-05-24,35,North
PROD-0084,2024-05-24,11,South
PROD-0056,2024-05-24,3,East
PROD-0095,2024-05-24,3,Central
PROD-0036,2024-05-24,45,South
PROD-0008,2024-05-24,43,Central
PROD-0092,2024-05-24,28,Central
PROD-0086,2024-05-24,46,East
PROD-0014,2024-05-24,33,East
PROD-0066,2024-05-24,42,South
PROD-0032,2024-05-24,20,Central
PROD-0016,2024-05-24,22,Central
PROD-0022,2024-05-24,33,Central
PROD-0096,2024-05-24,41,North
PROD-0100,2024-05-24,42,North
PROD-0093,2024-05-24,19,East
PROD-0041,2024-05-24,29,Central
PROD-0045,2024-05-24,33,West
PROD-0038,2024-05-24,49,North
PROD-0031,2024-05-24,45,West
PROD-0098,2024-05-24,6,East
PROD-0038,2024-05-25,9,Central
PROD-0073,2024-05-25,15,West
PROD-0049,2024-05-25,15,West
PROD-0063,2024-05-25,7,Central
PROD-0053,2024-05-25,30,South
PROD-0096,2024-05-25,1,Central
PROD-0081,2024-05-25,17,East
PROD-0066,2024-05-25,15,North
PROD-0006,2024-05-25,24,North
PROD-0071,2024-05-25,28,West
PROD-0060,2024-05-25,19,Central
PROD-0095,2024-05-25,21,West
PROD-0030,2024-05-25,15,Central
PROD-0004,2024-05-25,6,Central
PROD-0003,2024-05-25,22,West
PROD-0094,2024-05-25,19,West
PROD-0021,2024-05-25,27,South
PROD-0091,2024-05-25,5,East
PROD-0011,2024-05-25,20,Central
PROD-0055,2024-05-25,7,West
PROD-0020,2024-05-25,28,North
PROD-0051,2024-05-25,25,Central
PROD-0062,2024-05-25,12,Central
PROD-0032,2024-05-25,0,West
PROD-0033,2024-05-25,25,South
PROD-0023,2024-05-25,26,South
PROD-0029,2024-05-25,14,North
PROD-0052,2024-05-25,27,East
PROD-0059,2024-05-25,1,East
PROD-0044,2024-05-25,29,West
PROD-0040,2024-05-25,15,Central
PROD-0083,2024-05-25,13,West
PROD-0048,2024-05-25,22,North
PROD-0009,2024-05-25,1,North
PROD-0074,2024-05-25,6,East
PROD-0013,2024-05-25,21,South
PROD-0076,2024-05-25,30,East
PROD-0014,2024-05-25,14,East
PROD-0087,2024-05-25,10,South
PROD-0075,2024-05-25,20,West
PROD-0045,2024-05-25,18,Central
PROD-0077,2024-05-25,15,South
PROD-0026,2024-05-25,5,East
PROD-0024,2024-05-25,24,East
PROD-0042,2024-05-25,7,South
PROD-0086,2024-05-25,24,South
PROD-0037,2024-05-25,26,Central
PROD-0085,2024-05-25,28,Central
PROD-0070,2024-05-25,10,West
PROD-0010,2024-05-25,9,South
PROD-0092,2024-05-25,21,Central
PROD-0034,2024-05-25,4,East
PROD-0005,2024-05-25,15,South
PROD-0067,2024-05-25,10,North
PROD-0025,2024-05-25,26,East
PROD-0019,2024-05-25,7,Central
PROD-0082,2024-05-25,29,East
PROD-0072,2024-05-25,28,West
PROD-0061,2024-05-25,7,East
PROD-0097,2024-05-25,15,South
PROD-0022,2024-05-25,22,South
PROD-0100,2024-05-25,15,Central
PROD-0058,2024-05-25,9,South
PROD-0093,2024-05-25,13,Central
PROD-0057,2024-05-25,23,East
PROD-0001,2024-05-25,4,South
PROD-0050,2024-05-25,19,North
PROD-0065,2024-05-25,21,West
PROD-0043,2024-05-25,14,East
PROD-0079,2024-05-25,1,West
PROD-0099,2024-05-25,20,East
PROD-0041,2024-05-25,15,Central
PROD-0031,2024-05-25,12,North
PROD-0027,2024-05-25,24,East
PROD-0054,2024-05-25,29,West
PROD-0002,2024-05-25,30,East
PROD-0069,2024-05-25,10,South
PROD-0016,2024-05-25,0,South
PROD-0079,2024-05-26,24,North
PROD-0031,2024-05-26,26,Central
PROD-0038,2024-05-26,22,North
PROD-0030,2024-05-26,4,West
PROD-0090,2024-05-26,23,West
PROD-0057,2024-05-26,6,North
PROD-0035,2024-05-26,7,Central
PROD-0091,2024-05-26,27,East
PROD-0041,2024-05-26,22,South
PROD-0022,2024-05-26,10,North
PROD-0084,2024-05-26,3,East
PROD-0054,2024-05-26,8,West
PROD-0089,2024-05-26,12,North
PROD-0039,2024-05-26,12,East
PROD-0044,2024-05-26,18,North
PROD-0095,2024-05-26,12,East
PROD-0085,2024-05-26,7,North
PROD-0006,2024-05-26,8,South
PROD-0046,2024-05-26,14,Central
PROD-0021,2024-05-26,8,West
PROD-0096,2024-05-26,18,Central
PROD-0072,2024-05-26,4,South
PROD-0043,2024-05-26,16,West
PROD-0029,2024-05-26,12,North
PROD-0052,2024-05-26,1,Central
PROD-0037,2024-05-26,10,South
PROD-0077,2024-05-26,27,North
PROD-0076,2024-05-26,11,North
PROD-0051,2024-05-26,1,East
PROD-0011,2024-05-26,7,West
PROD-0074,2024-05-26,15,Central
PROD-0065,2024-05-26,20,North
PROD-0013,2024-05-26,27,Central
PROD-0061,2024-05-26,20,West
PROD-0023,2024-05-26,21,North
PROD-0058,2024-05-26,23,South
PROD-0005,2024-05-26,29,West
PROD-0016,2024-05-26,0,East
PROD-0009,2024-05-26,14,South
PROD-0007,2024-05-26,9,Central
PROD-0059,2024-05-26,20,Central
PROD-0033,2024-05-26,30,East
PROD-0053,2024-05-26,15,South
PROD-0040,2024-05-26,5,East
PROD-0027,2024-05-26,21,West
PROD-0083,2024-05-26,16,North
PROD-0070,2024-05-26,12,Central
PROD-0024,2024-05-26,19,West
PROD-0067,2024-05-26,29,West
PROD-0010,2024-05-26,21,West
PROD-0020,2024-05-26,10,East
PROD-0042,2024-05-26,6,South
PROD-0078,2024-05-26,19,East
PROD-0073,2024-05-26,19,East
PROD-0094,2024-05-26,28,East
PROD-0032,2024-05-26,21,East
PROD-0015,2024-05-26,28,Central
PROD-0068,2024-05-26,16,East
PROD-0082,2024-05-26,12,Central
PROD-0100,2024-05-26,11,South
PROD-0025,2024-05-26,19,South
PROD-0063,2024-05-26,12,Central
PROD-0064,2024-05-26,4,North
PROD-0093,2024-05-26,27,West
PROD-0099,2024-05-26,13,North
PROD-0026,2024-05-26,5,North
PROD-0014,2024-05-27,3,South
PROD-0097,2024-05-27,20,East
PROD-0051,2024-05-27,41,South
PROD-0054,2024-05-27,38,South
PROD-0007,2024-05-27,5,South
PROD-0095,2024-05-27,9,North
PROD-0077,2024-05-27,21,East
PROD-0050,2024-05-27,5,South
PROD-0035,2024-05-27,1,East
PROD-0038,2024-05-27,22,West
PROD-0018,2024-05-27,3,Central
PROD-0074,2024-05-27,14,West
PROD-0027,2024-05-27,36,South
PROD-0036,2024-05-27,44,North
PROD-0004,2024-05-27,19,East
PROD-0030,2024-05-27,19,Central
PROD-0008,2024-05-27,34,Central
PROD-0013,2024-05-27,25,West
PROD-0041,2024-05-27,38,Central
PROD-0024,2024-05-27,46,West
PROD-0060,2024-05-27,10,West
PROD-0023,2024-05-27,45,South
PROD-0028,2024-05-27,28,West
PROD-0080,2024-05-27,41,West
PROD-0092,2024-05-27,47,East
PROD-0055,2024-05-27,42,West
PROD-0083,2024-05-27,10,North
PROD-0066,2024-05-27,9,East
PROD-0043,2024-05-27,33,South
PROD-0072,2024-05-27,24,East
PROD-0033,2024-05-27,14,North
PROD-0090,2024-05-27,34,South
PROD-0012,2024-05-27,12,Central
PROD-0079,2024-05-27,7,South
PROD-0067,2024-05-27,13,North
PROD-0094,2024-05-27,9,South
PROD-0047,2024-05-27,39,South
PROD-0032,2024-05-27,42,North
PROD-0078,2024-05-27,41,East
PROD-0084,2024-05-27,40,North
PROD-0052,2024-05-27,4,West
PROD-0091,2024-05-27,48,North
PROD-0039,2024-05-27,6,Central
PROD-0057,2024-05-27,16,West
PROD-0058,2024-05-27,17,West
PROD-0001,2024-05-27,11,South
PROD-0073,2024-05-27,46,Central
PROD-0040,2024-05-27,30,East
PROD-0088,2024-05-27,2,Central
PROD-0056,2024-05-27,11,West
PROD-0087,2024-05-27,26,Central
PROD-0082,2024-05-27,46,North
PROD-0010,2024-05-27,43,West
PROD-0021,2024-05-27,12,South
PROD-0089,2024-05-27,23,West
PROD-0063,2024-05-27,30,East
PROD-0068,2024-05-27,17,East
PROD-0069,2024-05-27,36,East
PROD-0022,2024-05-27,31,South
PROD-0025,2024-05-27,25,South
PROD-0062,2024-05-27,37,North
PROD-0011,2024-05-27,21,South
PROD-0009,2024-05-27,40,North
PROD-0003,2024-05-27,33,West
PROD-0029,2024-05-27,25,Central
PROD-0093,2024-05-27,16,North
PROD-0034,2024-05-27,26,North
PROD-0096,2024-05-27,36,South
PROD-0042,2024-05-27,46,West
PROD-0044,2024-05-27,8,West
PROD-0020,2024-05-27,12,North
PROD-0016,2024-05-27,30,South
PROD-0061,2024-05-27,13,West
PROD-0075,2024-05-27,46,South
PROD-0015,2024-05-27,37,Central
PROD-0006,2024-05-27,12,North
PROD-0048,2024-05-27,21,South
PROD-0099,2024-05-28,37,Central
PROD-0076,2024-05-28,40,South
PROD-0086,2024-05-28,48,West
PROD-0033,2024-05-28,11,North
PROD-0035,2024-05-28,47,West
PROD-0066,2024-05-28,21,Central
PROD-0080,2024-05-28,5,East
PROD-0078,2024-05-28,16,Central
PROD-0056,2024-05-28,36,South
PROD-0053,2024-05-28,16,South
PROD-0051,2024-05-28,21,East
PROD-0024,2024-05-28,45,South
PROD-0027,2024-05-28,37,Central
PROD-0077,2024-05-28,14,East
PROD-0008,2024-05-28,36,East
PROD-0023,2024-05-28,18,West
PROD-0090,2024-05-28,8,West
PROD-0071,2024-05-28,47,West
PROD-0026,2024-05-28,48,West
PROD-0096,2024-05-28,15,South
PROD-0060,2024-05-28,26,East
PROD-0044,2024-05-28,16,North
PROD-0004,2024-05-28,37,East
PROD-0062,2024-05-28,17,East
PROD-0083,2024-05-28,37,West
PROD-0030,2024-05-28,40,North
PROD-0068,2024-05-28,12,West
PROD-0013,2024-05-28,39,Central
PROD-0081,2024-05-28,29,North
PROD-0091,2024-05-28,12,Central
PROD-0093,2024-05-28,12,West
PROD-0058,2024-05-28,5,South
PROD-0098,2024-05-28,4,East
PROD-0048,2024-05-28,16,Central
PROD-0074,2024-05-28,30,Central
PROD-0089,2024-05-28,32,North
PROD-0039,2024-05-28,14,West
PROD-0042,2024-05-28,46,East
PROD-0088,2024-05-28,9,Central
PROD-0065,2024-05-28,36,Central
PROD-0055,2024-05-28,16,South
PROD-0043,2024-05-28,10,North
PROD-0018,2024-05-28,44,North
PROD-0028,2024-05-28,9,East
PROD-0010,2024-05-28,26,North
PROD-0057,2024-05-28,36,South
PROD-0025,2024-05-28,12,North
PROD-0012,2024-05-28,3,East
PROD-0017,2024-05-28,49,Central
PROD-0079,2024-05-28,32,Central
PROD-0022,2024-05-28,44,West
PROD-0095,2024-05-28,34,Central
PROD-0082,2024-05-28,33,Central
PROD-0036,2024-05-28,29,East
PROD-0032,2024-05-28,44,South
PROD-0054,2024-05-28,45,East
PROD-0049,2024-05-28,43,Central
PROD-0067,2024-05-28,23,South
PROD-0063,2024-05-28,16,Central
PROD-0029,2024-05-28,26,North
PROD-0064,2024-05-28,49,North
PROD-0040,2024-05-28,13,North
PROD-0011,2024-05-28,18,East
PROD-0024,2024-05-29,25,North
PROD-0043,2024-05-29,37,Central
PROD-0039,2024-05-29,21,North
PROD-0046,2024-05-29,30,North
PROD-0054,2024-05-29,23,South
PROD-0022,2024-05-29,14,Central
PROD-0012,2024-05-29,6,North
PROD-0047,2024-05-29,50,South
PROD-0059,2024-05-29,42,Central
PROD-0089,2024-05-29,11,Central
PROD-0056,2024-05-29,48,East
PROD-0093,2024-05-29,43,North
PROD-0027,2024-05-29,6,East
PROD-0066,2024-05-29,13,West
PROD-0064,2024-05-29,18,Central
PROD-0069,2024-05-29,13,North
PROD-0081,2024-05-29,40,South
PROD-0001,2024-05-29,1,Central
PROD-0045,2024-05-29,27,West
PROD-0037,2024-05-29,6,South
PROD-0091,2024-05-29,44,Central
PROD-0065,2024-05-29,32,North
PROD-0026,2024-05-29,39,North
PROD-0087,2024-05-29,10,West
PROD-0053,2024-05-29,4,South
PROD-0058,2024-05-29,47,South
PROD-0090,2024-05-29,8,South
PROD-0017,2024-05-29,11,North
PROD-0034,2024-05-29,44,West
PROD-0073,2024-05-29,27,West
PROD-0100,2024-05-29,49,South
PROD-0011,2024-05-29,4,North
PROD-0009,2024-05-29,39,North
PROD-0080,2024-05-29,8,North
PROD-0028,2024-05-29,25,West
PROD-0006,2024-05-29,7,South
PROD-0021,2024-05-29,12,North
PROD-0063,2024-05-29,8,Central
PROD-0007,2024-05-29,47,North
PROD-0029,2024-05-29,29,South
PROD-0032,2024-05-29,47,East
PROD-0040,2024-05-29,43,Central
PROD-0008,2024-05-29,49,West
PROD-0003,2024-05-29,16,South
PROD-0077,2024-05-29,40,South
PROD-0036,2024-05-29,3,East
PROD-0084,2024-05-29,37,South
PROD-0038,2024-05-29,28,West
PROD-0095,2024-05-29,22,South
PROD-0085,2024-05-29,35,North
PROD-0023,2024-05-29,43,South
PROD-0035,2024-05-29,30,East
PROD-0068,2024-05-29,50,Central
PROD-0049,2024-05-29,7,South
PROD-0020,2024-05-29,49,East
PROD-0076,2024-05-29,12,North
PROD-0096,2024-05-29,6,East
PROD-0067,2024-05-29,2,Central
PROD-0031,2024-05-29,44,West
PROD-0018,2024-05-29,41,Central
PROD-0062,2024-05-29,9,East
PROD-0099,2024-05-29,1,Central
PROD-0002,2024-05-29,43,East
PROD-0016,2024-05-29,9,South
PROD-0069,2024-05-30,25,South
PROD-0014,2024-05-30,2,Central
PROD-0012,2024-05-30,13,East
PROD-0030,2024-05-30,23,West
PROD-0024,2024-05-30,5,North
PROD-0067,2024-05-30,14,Central
PROD-0080,2024-05-30,39,East
PROD-0044,2024-05-30,9,Central
PROD-0026,2024-05-30,32,North
PROD-0046,2024-05-30,50,North
PROD-0059,2024-05-30,15,West
PROD-0073,2024-05-30,8,South
PROD-0016,2024-05-30,18,South
PROD-0065,2024-05-30,28,East
PROD-0054,2024-05-30,36,East
PROD-0001,2024-05-30,35,East
PROD-0034,2024-05-30,25,East
PROD-0002,2024-05-30,49,South
PROD-0093,2024-05-30,14,North
PROD-0048,2024-05-30,17,North
PROD-0049,2024-05-30,48,South
PROD-0072,2024-05-30,2,South
PROD-0097,2024-05-30,31,North
PROD-0035,2024-05-30,28,North
PROD-0033,2024-05-30,24,Central
PROD-0013,2024-05-30,11,West
PROD-0045,2024-05-30,15,Central
PROD-0063,2024-05-30,32,East
PROD-0075,2024-05-30,4,South
PROD-0089,2024-05-30,39,Central
PROD-0062,2024-05-30,4,West
PROD-0060,2024-05-30,47,North
PROD-0090,2024-05-30,28,West
PROD-0091,2024-05-30,38,North
PROD-0029,2024-05-30,27,South
PROD-0020,2024-05-30,9,South
PROD-0068,2024-05-30,19,Central
PROD-0018,2024-05-30,42,North
PROD-0094,2024-05-30,22,East
PROD-0003,2024-05-30,17,South
PROD-0023,2024-05-30,44,North
PROD-0010,2024-05-30,15,East
PROD-0096,2024-05-30,3,South
PROD-0011,2024-05-30,4,North
PROD-0071,2024-05-30,2,Central
PROD-0098,2024-05-30,24,West
PROD-0042,2024-05-30,32,Central
PROD-0017,2024-05-30,50,West
PROD-0084,2024-05-30,24,West
PROD-0053,2024-05-30,20,Central
PROD-0006,2024-05-30,5,East
PROD-0039,2024-05-30,29,Central
PROD-0019,2024-05-30,44,East
PROD-0037,2024-05-30,24,East
PROD-0077,2024-05-30,28,South
PROD-0051,2024-05-30,16,East
PROD-0047,2024-05-30,31,North
PROD-0066,2024-05-30,9,East
PROD-0100,2024-05-30,30,West
PROD-0007,2024-05-30,1,North
PROD-0041,2024-05-30,3,Central
PROD-0057,2024-05-30,4,North
PROD-0088,2024-05-30,33,North
PROD-0015,2024-05-30,3,South
PROD-0079,2024-05-30,2,West
PROD-0008,2024-05-30,36,South
PROD-0005,2024-05-30,7,West
PROD-0025,2024-05-30,26,East
PROD-0082,2024-05-30,49,North
PROD-0027,2024-05-30,32,South
PROD-0031,2024-05-30,28,Central
PROD-0062,2024-05-31,1,Central
PROD-0001,2024-05-31,7,East
PROD-0016,2024-05-31,29,North
PROD-0094,2024-05-31,10,Central
PROD-0010,2024-05-31,2,North
PROD-0077,2024-05-31,22,North
PROD-0006,2024-05-31,30,North
PROD-0071,2024-05-31,13,Central
PROD-0011,2024-05-31,3,West
PROD-0048,2024-05-31,29,North
PROD-0051,2024-05-31,16,North
PROD-0054,2024-05-31,30,South
PROD-0028,2024-05-31,22,North
PROD-0082,2024-05-31,4,East
PROD-0012,2024-05-31,24,Central
PROD-0058,2024-05-31,18,West
PROD-0098,2024-05-31,20,South
PROD-0029,2024-05-31,26,South
PROD-0068,2024-05-31,8,South
PROD-0031,2024-05-31,2,North
PROD-0085,2024-05-31,37,West
PROD-0100,2024-05-31,12,East
PROD-0003,2024-05-31,35,Central
PROD-0080,2024-05-31,44,East
PROD-0088,2024-05-31,29,West
PROD-0090,2024-05-31,46,West
PROD-0067,2024-05-31,39,East
PROD-0073,2024-05-31,32,North
PROD-0043,2024-05-31,14,North
PROD-0072,2024-05-31,36,North
PROD-0069,2024-05-31,22,South
PROD-0046,2024-05-31,43,South
PROD-0078,2024-05-31,39,West
PROD-0095,2024-05-31,11,West
PROD-0035,2024-05-31,17,West
PROD-0056,2024-05-31,26,West
PROD-0013,2024-05-31,10,North
PROD-0097,2024-05-31,23,Central
PROD-0007,2024-05-31,5,Central
PROD-0009,2024-05-31,16,South
PROD-0089,2024-05-31,45,West
PROD-0075,2024-05-31,2,North
PROD-0047,2024-05-31,4,East
PROD-0020,2024-05-31,26,West
PROD-0083,2024-05-31,28,North
PROD-0099,2024-05-31,20,East
PROD-0070,2024-05-31,41,Central
PROD-0026,2024-05-31,2,North
PROD-0057,2024-05-31,8,North
PROD-0019,2024-05-31,29,Central
PROD-0096,2024-05-31,32,West
PROD-0004,2024-05-31,8,East
PROD-0060,2024-05-31,3,North
PROD-0081,2024-05-31,48,East
PROD-0049,2024-05-31,38,South
PROD-0027,2024-05-31,35,Central
PROD-0002,2024-05-31,5,Central
PROD-0093,2024-05-31,49,East
PROD-0055,2024-05-31,37,North
PROD-0021,2024-05-31,21,South
PROD-0009,2024-06-01,27,North
PROD-0046,2024-06-01,12,South
PROD-0040,2024-06-01,1,East
PROD-0035,2024-06-01,24,Central
PROD-0064,2024-06-01,19,North
PROD-0089,2024-06-01,22,East
PROD-0038,2024-06-01,25,Central
PROD-0025,2024-06-01,19,West
PROD-0027,2024-06-01,23,Central
PROD-0047,2024-06-01,19,South
PROD-0061,2024-06-01,25,North
PROD-0039,2024-06-01,7,West
PROD-0001,2024-06-01,22,West
PROD-0097,2024-06-01,26,North
PROD-0090,2024-06-01,16,West
PROD-0049,2024-06-01,23,Central
PROD-0008,2024-06-01,28,East
PROD-0072,2024-06-01,4,West
PROD-0062,2024-06-01,15,North
PROD-0084,2024-06-01,6,South
PROD-0045,2024-06-01,19,East
PROD-0096,2024-06-01,2,West
PROD-0036,2024-06-01,18,Central
PROD-0053,2024-06-01,10,South
PROD-0017,2024-06-01,9,South
PROD-0004,2024-06-01,29,East
PROD-0081,2024-06-01,16,South
PROD-0018,2024-06-01,8,Central
PROD-0087,2024-06-01,25,Central
PROD-0063,2024-06-01,23,East
PROD-0005,2024-06-01,22,Central
PROD-0015,2024-06-01,4,Central
PROD-0043,2024-06-01,17,North
PROD-0019,2024-06-01,3,East
PROD-0068,2024-06-01,6,West
PROD-0077,2024-06-01,25,South
PROD-0078,2024-06-01,1,South
PROD-0007,2024-06-01,18,North
PROD-0054,2024-06-01,19,West
PROD-0022,2024-06-01,21,South
PROD-0041,2024-06-01,4,North
PROD-0066,2024-06-01,16,North
PROD-0052,2024-06-01,6,North
PROD-0037,2024-06-01,24,East
PROD-0014,2024-06-01,4,Central
PROD-0030,2024-06-01,3,South
PROD-0092,2024-06-01,14,Central
PROD-0050,2024-06-01,22,Central
PROD-0059,2024-06-01,23,Central
PROD-0023,2024-06-01,30,Central
PROD-0088,2024-06-01,17,South
PROD-0032,2024-06-01,4,North
PROD-0055,2024-06-01,17,North
PROD-0099,2024-06-01,28,Central
PROD-0026,2024-06-01,19,Central
PROD-0002,2024-06-01,11,Central
PROD-0071,2024-06-01,1,North
PROD-0020,2024-06-01,21,West
PROD-0073,2024-06-01,10,East
PROD-0086,2024-06-01,21,South
PROD-0042,2024-06-01,6,North
PROD-0093,2024-06-01,17,East
PROD-0011,2024-06-01,20,Central
PROD-0056,2024-06-01,28,South
PROD-0034,2024-06-01,22,West
PROD-0085,2024-06-01,19,East
PROD-0070,2024-06-01,17,North
PROD-0058,2024-06-01,21,South
PROD-0065,2024-06-01,2,North
PROD-0098,2024-06-01,10,Central
PROD-0091,2024-06-01,1,West
PROD-0094,2024-06-01,18,East
PROD-0060,2024-06-01,18,North
PROD-0002,2024-06-02,7,South
PROD-0049,2024-06-02,15,Central
PROD-0079,2024-06-02,3,East
PROD-0071,2024-06-02,23,West
PROD-0057,2024-06-02,3,North
PROD-0036,2024-06-02,6,Central
PROD-0072,2024-06-02,19,Central
PROD-0052,2024-06-02,10,South
PROD-0066,2024-06-02,23,West
PROD-0092,2024-06-02,21,Central
PROD-0051,2024-06-02,6,West
PROD-0009,2024-06-02,28,West
PROD-0044,2024-06-02,22,West
PROD-0014,2024-06-02,25,North
PROD-0039,2024-06-02,10,North
PROD-0032,2024-06-02,22,East
PROD-0064,2024-06-02,9,North
PROD-0099,2024-06-02,10,North
PROD-0061,2024-06-02,22,West
PROD-0042,2024-06-02,4,East
PROD-0033,2024-06-02,16,North
PROD-0041,2024-06-02,19,Central
PROD-0013,2024-06-02,25,South
PROD-0007,2024-06-02,7,West
PROD-0065,2024-06-02,11,Central
PROD-0043,2024-06-02,21,South
PROD-0081,2024-06-02,13,West
PROD-0010,2024-06-02,13,North
PROD-0015,2024-06-02,30,West
PROD-0038,2024-06-02,22,West
PROD-0087,2024-06-02,7,East
PROD-0096,2024-06-02,24,North
PROD-0100,2024-06-02,23,West
PROD-0035,2024-06-02,27,East
PROD-0077,2024-06-02,24,West
PROD-0054,2024-06-02,15,Central
PROD-0059,2024-06-02,9,East
PROD-0080,2024-06-02,24,West
PROD-0026,2024-06-02,1,East
PROD-0075,2024-06-02,17,Central
PROD-0003,2024-06-02,12,South
PROD-0060,2024-06-02,3,West
PROD-0040,2024-06-02,0,South
PROD-0021,2024-06-02,21,East
PROD-0017,2024-06-02,4,West
PROD-0084,2024-06-02,6,South
PROD-0045,2024-06-02,13,Central
PROD-0023,2024-06-02,29,South
PROD-0034,2024-06-02,24,West
PROD-0063,2024-06-02,10,Central
PROD-0020,2024-06-02,21,South
PROD-0012,2024-06-02,0,Central
PROD-0098,2024-06-02,22,South
PROD-0068,2024-06-02,10,Central
PROD-0029,2024-06-02,15,Central
PROD-0025,2024-06-02,27,Central
PROD-0056,2024-06-02,9,Central
PROD-0027,2024-06-02,1,West
PROD-0006,2024-06-02,5,East
PROD-0094,2024-06-02,15,West
PROD-0067,2024-06-02,6,Central
PROD-0046,2024-06-02,17,Central
PROD-0069,2024-06-02,22,North
PROD-0022,2024-06-02,16,North
PROD-0076,2024-06-02,24,North
PROD-0085,2024-06-02,3,East
PROD-0082,2024-06-02,3,South
PROD-0028,2024-06-02,4,Central
PROD-0018,2024-06-02,29,South
PROD-0074,2024-06-02,13,Central
PROD-0089,2024-06-02,24,South
PROD-0050,2024-06-02,8,West
PROD-0005,2024-06-02,4,South
PROD-0047,2024-06-02,8,West
PROD-0070,2024-06-02,28,West
PROD-0001,2024-06-02,0,East
PROD-0006,2024-06-03,16,North
PROD-0098,2024-06-03,17,East
PROD-0012,2024-06-03,36,Central
PROD-0029,2024-06-03,7,West
PROD-0049,2024-06-03,22,North
PROD-0067,2024-06-03,11,East
PROD-0060,2024-06-03,18,East
PROD-0057,2024-06-03,32,South
PROD-0033,2024-06-03,17,North
PROD-0037,2024-06-03,40,North
PROD-0003,2024-06-03,28,East
PROD-0031,2024-06-03,42,North
PROD-0053,2024-06-03,13,East
PROD-0041,2024-06-03,18,North
PROD-0011,2024-06-03,37,West
PROD-0024,2024-06-03,26,North
PROD-0084,2024-06-03,31,West
PROD-0072,2024-06-03,48,North
PROD-0005,2024-06-03,50,Central
PROD-0047,2024-06-03,9,East
PROD-0070,2024-06-03,39,Central
PROD-0075,2024-06-03,37,Central
PROD-0017,2024-06-03,41,North
PROD-0010,2024-06-03,35,Central
PROD-0025,2024-06-03,47,North
PROD-0052,2024-06-03,26,West
PROD-0034,2024-06-03,36,South
PROD-0088,2024-06-03,7,East
PROD-0042,2024-06-03,6,West
PROD-0094,2024-06-03,18,West
PROD-0083,2024-06-03,34,North
PROD-0068,2024-06-03,15,East
PROD-0082,2024-06-03,40,South
PROD-0014,2024-06-03,26,West
PROD-0004,2024-06-03,17,Central
PROD-0091,2024-06-03,28,Central
PROD-0095,2024-06-03,43,Central
PROD-0066,2024-06-03,40,South
PROD-0009,2024-06-03,45,Central
PROD-0073,2024-06-03,26,Central
PROD-0023,2024-06-03,36,West
PROD-0061,2024-06-03,20,Central
PROD-0043,2024-06-03,25,Central
PROD-0056,2024-06-03,20,North
PROD-0002,2024-06-03,21,East
PROD-0096,2024-06-03,38,East
PROD-0076,2024-06-03,21,North
PROD-0022,2024-06-03,8,North
PROD-0015,2024-06-03,40,South
PROD-0065,2024-06-03,47,Central
PROD-0018,2024-06-03,44,South
PROD-0087,2024-06-03,4,West
PROD-0074,2024-06-03,24,South
PROD-0026,2024-06-03,45,West
PROD-0058,2024-06-03,45,North
PROD-0040,2024-06-03,23,North
PROD-0038,2024-06-03,5,West
PROD-0093,2024-06-03,6,West
PROD-0020,2024-06-03,44,North
PROD-0063,2024-06-03,15,Central
PROD-0051,2024-06-03,35,Central
PROD-0064,2024-06-03,26,South
PROD-0046,2024-06-03,27,East
PROD-0098,2024-06-04,46,South
PROD-0060,2024-06-04,7,Central
PROD-0062,2024-06-04,38,East
PROD-0044,2024-06-04,21,East
PROD-0007,2024-06-04,39,North
PROD-0013,2024-06-04,25,West
PROD-0057,2024-06-04,1,North
PROD-0021,2024-06-04,2,Central
PROD-0024,2024-06-04,42,Central
PROD-0045,2024-06-04,20,South
PROD-0047,2024-06-04,20,Central
PROD-0082,2024-06-04,38,East
PROD-0089,2024-06-04,12,North
PROD-0011,2024-06-04,19,West
PROD-0048,2024-06-04,25,East
PROD-0002,2024-06-04,48,Central
PROD-0019,2024-06-04,40,West
PROD-0032,2024-06-04,28,West
PROD-0025,2024-06-04,27,North
PROD-0040,2024-06-04,21,West
PROD-0041,2024-06-04,17,South
PROD-0036,2024-06-04,1,East
PROD-0083,2024-06-04,21,West
PROD-0020,2024-06-04,24,West
PROD-0066,2024-06-04,49,West
PROD-0079,2024-06-04,22,Central
PROD-0005,2024-06-04,2,Central
PROD-0086,2024-06-04,29,East
PROD-0073,2024-06-04,50,East
PROD-0006,2024-06-04,15,South
PROD-0071,2024-06-04,33,Central
PROD-0043,2024-06-04,2,West
PROD-0090,2024-06-04,9,South
PROD-0026,2024-06-04,24,East
PROD-0076,2024-06-04,26,West
PROD-0014,2024-06-04,9,South
PROD-0033,2024-06-04,50,West
PROD-0088,2024-06-04,22,East
PROD-0081,2024-06-04,4,North
PROD-0094,2024-06-04,26,East
PROD-0072,2024-06-04,39,Central
PROD-0056,2024-06-04,23,South
PROD-0077,2024-06-04,4,North
PROD-0058,2024-06-04,45,West
PROD-0065,2024-06-04,11,South
PROD-0052,2024-06-04,8,South
PROD-0039,2024-06-04,10,East
PROD-0100,2024-06-04,12,West
PROD-0063,2024-06-04,28,West
PROD-0096,2024-06-04,45,West
PROD-0023,2024-06-04,20,West
PROD-0080,2024-06-04,9,East
PROD-0067,2024-06-04,40,North
PROD-0069,2024-06-04,25,North
PROD-0015,2024-06-04,7,North
PROD-0085,2024-06-04,12,East
PROD-0049,2024-06-04,46,North
PROD-0042,2024-06-04,6,East
PROD-0068,2024-06-04,33,East
PROD-0037,2024-06-04,35,Central
PROD-0054,2024-06-04,41,West
PROD-0084,2024-06-04,4,North
PROD-0053,2024-06-04,49,Central
PROD-0009,2024-06-04,1,North
PROD-0056,2024-06-05,34,West
PROD-0028,2024-06-05,31,West
PROD-0057,2024-06-05,36,South
PROD-0069,2024-06-05,13,North
PROD-0048,2024-06-05,12,Central
PROD-0014,2024-06-05,39,East
PROD-0052,2024-06-05,29,North
PROD-0038,2024-06-05,18,West
PROD-0011,2024-06-05,9,West
PROD-0008,2024-06-05,17,South
PROD-0042,2024-06-05,41,West
PROD-0030,2024-06-05,5,South
PROD-0059,2024-06-05,47,North
PROD-0063,2024-06-05,11,North
PROD-0044,2024-06-05,14,Central
PROD-0016,2024-06-05,17,South
PROD-0051,2024-06-05,48,West
PROD-0034,2024-06-05,22,South
PROD-0098,2024-06-05,28,East
PROD-0036,2024-06-05,45,Central
PROD-0013,2024-06-05,47,West
PROD-0080,2024-06-05,49,Central
PROD-0064,2024-06-05,4,West
PROD-0054,2024-06-05,36,East
PROD-0060,2024-06-05,41,South
PROD-0047,2024-06-05,24,East
PROD-0099,2024-06-05,33,South
PROD-0097,2024-06-05,20,South
PROD-0032,2024-06-05,8,Central
PROD-0061,2024-06-05,45,South
PROD-0075,2024-06-05,33,East
PROD-0093,2024-06-05,17,East
PROD-0084,2024-06-05,49,East
PROD-0096,2024-06-05,4,North
PROD-0001,2024-06-05,44,West
PROD-0025,2024-06-05,17,East
PROD-0082,2024-06-05,42,East
PROD-0092,2024-06-05,19,West
PROD-0086,2024-06-05,22,South
PROD-0077,2024-06-05,13,North
PROD-0049,2024-06-05,8,South
PROD-0095,2024-06-05,13,South
PROD-0004,2024-06-05,46,West
PROD-0050,2024-06-05,19,Central
PROD-0085,2024-06-05,40,West
PROD-0029,2024-06-05,44,Central
PROD-0002,2024-06-05,47,North
PROD-0006,2024-06-05,29,West
PROD-0046,2024-06-05,50,West
PROD-0033,2024-06-05,49,South
PROD-0071,2024-06-05,16,East
PROD-0055,2024-06-05,42,South
PROD-0078,2024-06-05,32,South
PROD-0088,2024-06-05,2,South
PROD-0021,2024-06-05,36,Central
PROD-0012,2024-06-05,25,South
PROD-0035,2024-06-05,5,West
PROD-0043,2024-06-05,23,North
PROD-0009,2024-06-05,42,Central
PROD-0094,2024-06-05,4,North
PROD-0079,2024-06-05,39,West
PROD-0067,2024-06-05,16,North
PROD-0045,2024-06-05,17,East
PROD-0017,2024-06-05,46,South
PROD-0065,2024-06-05,3,West
PROD-0083,2024-06-05,39,South
PROD-0024,2024-06-05,21,Central
PROD-0068,2024-06-05,33,South
PROD-0089,2024-06-05,18,Central
PROD-0061,2024-06-06,22,South
PROD-0081,2024-06-06,20,North
PROD-0020,2024-06-06,3,North
PROD-0034,2024-06-06,33,North
PROD-0035,2024-06-06,46,West
PROD-0094,2024-06-06,29,West
PROD-0027,2024-06-06,33,East
PROD-0031,2024-06-06,33,North
PROD-0019,2024-06-06,28,East
PROD-0086,2024-06-06,12,East
PROD-0076,2024-06-06,17,East
PROD-0062,2024-06-06,43,East
PROD-0096,2024-06-06,17,East
PROD-0054,2024-06-06,28,North
PROD-0059,2024-06-06,35,South
PROD-0024,2024-06-06,35,East
PROD-0083,2024-06-06,45,North
PROD-0011,2024-06-06,31,Central
PROD-0008,2024-06-06,40,South
PROD-0046,2024-06-06,29,Central
PROD-0047,2024-06-06,7,North
PROD-0065,2024-06-06,42,East
PROD-0037,2024-06-06,16,Central
PROD-0025,2024-06-06,8,South
PROD-0016,2024-06-06,35,West
PROD-0084,2024-06-06,33,Central
PROD-0078,2024-06-06,43,East
PROD-0070,2024-06-06,35,West
PROD-0026,2024-06-06,40,Central
PROD-0092,2024-06-06,38,West
PROD-0005,2024-06-06,38,Central
PROD-0040,2024-06-06,33,South
PROD-0044,2024-06-06,49,Central
PROD-0007,2024-06-06,4,East
PROD-0003,2024-06-06,21,West
PROD-0100,2024-06-06,38,South
PROD-0038,2024-06-06,31,North
PROD-0002,2024-06-06,18,West
PROD-0063,2024-06-06,44,South
PROD-0099,2024-06-06,17,West
PROD-0069,2024-06-06,15,North
PROD-0095,2024-06-06,6,Central
PROD-0049,2024-06-06,35,West
PROD-0073,2024-06-06,46,East
PROD-0072,2024-06-06,12,East
PROD-0058,2024-06-06,9,South
PROD-0001,2024-06-06,36,South
PROD-0091,2024-06-06,38,West
PROD-0022,2024-06-06,11,Central
PROD-0014,2024-06-06,16,South
PROD-0018,2024-06-06,37,North
PROD-0033,2024-06-06,10,North
PROD-0051,2024-06-06,42,Central
PROD-0030,2024-06-06,32,North
PROD-0012,2024-06-06,26,South
PROD-0082,2024-06-06,37,South
PROD-0068,2024-06-06,12,Central
PROD-0043,2024-06-06,33,North
PROD-0085,2024-06-06,46,Central
PROD-0021,2024-06-06,36,South
PROD-0050,2024-06-06,11,South
PROD-0057,2024-06-06,8,North
PROD-0023,2024-06-06,8,North
PROD-0066,2024-06-06,12,South
PROD-0053,2024-06-06,12,North
PROD-0029,2024-06-06,2,North
PROD-0045,2024-06-06,45,Central
PROD-0088,2024-06-06,25,West
PROD-0052,2024-06-06,28,West
PROD-0004,2024-06-06,8,North
PROD-0056,2024-06-06,2,Central
PROD-0074,2024-06-06,41,Central
PROD-0036,2024-06-06,43,Central
PROD-0015,2024-06-06,44,West
PROD-0013,2024-06-06,46,West
PROD-0093,2024-06-06,8,North
PROD-0071,2024-06-06,36,North
PROD-0049,2024-06-07,13,East
PROD-0041,2024-06-07,25,North
PROD-0016,2024-06-07,19,North
PROD-0059,2024-06-07,47,South
PROD-0033,2024-06-07,36,East
PROD-0040,2024-06-07,21,South
PROD-0089,2024-06-07,42,North
PROD-0082,2024-06-07,38,Central
PROD-0002,2024-06-07,49,North
PROD-0073,2024-06-07,31,East
PROD-0048,2024-06-07,27,Central
PROD-0023,2024-06-07,42,South
PROD-0038,2024-06-07,13,East
PROD-0065,2024-06-07,20,West
PROD-0086,2024-06-07,38,East
PROD-0034,2024-06-07,44,North
PROD-0032,2024-06-07,3,North
PROD-0010,2024-06-07,13,North
PROD-0018,2024-06-07,30,West
PROD-0011,2024-06-07,12,North
PROD-0064,2024-06-07,24,East
PROD-0020,2024-06-07,22,Central
PROD-0093,2024-06-07,25,West
PROD-0070,2024-06-07,5,East
PROD-0056,2024-06-07,2,North
PROD-0092,2024-06-07,28,West
PROD-0022,2024-06-07,43,West
PROD-0013,2024-06-07,28,East
PROD-0054,2024-06-07,6,North
PROD-0066,2024-06-07,1,West
PROD-0008,2024-06-07,24,East
PROD-0098,2024-06-07,6,North
PROD-0027,2024-06-07,46,South
PROD-0063,2024-06-07,19,North
PROD-0061,2024-06-07,29,Central
PROD-0099,2024-06-07,21,North
PROD-0052,2024-06-07,26,Central
PROD-0051,2024-06-07,38,East
PROD-0085,2024-06-07,50,Central
PROD-0053,2024-06-07,31,North
PROD-0028,2024-06-07,34,Central
PROD-0076,2024-06-07,1,East
PROD-0075,2024-06-07,50,Central
PROD-0062,2024-06-07,49,South
PROD-0035,2024-06-07,28,West
PROD-0030,2024-06-07,36,South
PROD-0060,2024-06-07,19,Central
PROD-0078,2024-06-07,10,West
PROD-0067,2024-06-07,35,Central
PROD-0017,2024-06-07,37,Central
PROD-0007,2024-06-07,26,South
PROD-0031,2024-06-07,25,Central
PROD-0046,2024-06-07,30,North
PROD-0069,2024-06-07,34,South
PROD-0047,2024-06-07,35,West
PROD-0072,2024-06-07,36,Central
PROD-0091,2024-06-07,34,Central
PROD-0044,2024-06-07,8,West
PROD-0097,2024-06-07,34,West
PROD-0003,2024-06-07,40,North
PROD-0042,2024-06-07,24,North
PROD-0029,2024-06-07,24,Central
PROD-0043,2024-06-07,28,South
PROD-0004,2024-06-07,24,West
PROD-0081,2024-06-07,5,Central
PROD-0090,2024-06-07,30,West
PROD-0019,2024-06-07,2,Central
PROD-0057,2024-06-07,16,South
PROD-0021,2024-06-07,2,North
PROD-0087,2024-06-07,9,West
PROD-0037,2024-06-07,45,East
PROD-0015,2024-06-07,30,Central
PROD-0077,2024-06-07,37,Central
PROD-0079,2024-06-07,12,West
PROD-0014,2024-06-07,1,East
PROD-0045,2024-06-07,6,Central
PROD-0020,2024-06-08,29,Central
PROD-0094,2024-06-08,14,South
PROD-0005,2024-06-08,3,West
PROD-0053,2024-06-08,14,East
PROD-0067,2024-06-08,19,East
PROD-0007,2024-06-08,4,West
PROD-0037,2024-06-08,19,West
PROD-0081,2024-06-08,11,North
PROD-0026,2024-06-08,25,South
PROD-0085,2024-06-08,19,East
PROD-0011,2024-06-08,15,Central
PROD-0049,2024-06-08,7,North
PROD-0059,2024-06-08,4,Central
PROD-0055,2024-06-08,26,Central
PROD-0023,2024-06-08,6,East
PROD-0022,2024-06-08,3,Central
PROD-0098,2024-06-08,27,Central
PROD-0054,2024-06-08,15,South
PROD-0035,2024-06-08,16,East
PROD-0052,2024-06-08,7,South
PROD-0095,2024-06-08,6,Central
PROD-0013,2024-06-08,18,East
PROD-0014,2024-06-08,19,Central
PROD-0076,2024-06-08,3,West
PROD-0034,2024-06-08,2,East
PROD-0088,2024-06-08,28,East
PROD-0060,2024-06-08,10,South
PROD-0009,2024-06-08,4,Central
PROD-0096,2024-06-08,13,East
PROD-0027,2024-06-08,14,West
PROD-0041,2024-06-08,1,East
PROD-0056,2024-06-08,16,Central
PROD-0083,2024-06-08,5,North
PROD-0051,2024-06-08,22,South
PROD-0004,2024-06-08,5,East
PROD-0029,2024-06-08,19,North
PROD-0002,2024-06-08,27,Central
PROD-0068,2024-06-08,1,North
PROD-0015,2024-06-08,3,West
PROD-0019,2024-06-08,9,East
PROD-0044,2024-06-08,16,East
PROD-0079,2024-06-08,2,West
PROD-0071,2024-06-08,6,South
PROD-0048,2024-06-08,5,East
PROD-0050,2024-06-08,18,South
PROD-0075,2024-06-08,19,South
PROD-0047,2024-06-08,21,Central
PROD-0073,2024-06-08,12,East
PROD-0077,2024-06-08,0,North
PROD-0074,2024-06-08,3,West
PROD-0043,2024-06-08,20,Central
PROD-0082,2024-06-08,7,South
PROD-0066,2024-06-08,27,East
PROD-0072,2024-06-08,27,West
PROD-0065,2024-06-08,9,North
PROD-0017,2024-06-08,5,West
PROD-0045,2024-06-08,3,West
PROD-0070,2024-06-08,21,East
PROD-0038,2024-06-08,0,West
PROD-0057,2024-06-08,3,North
PROD-0012,2024-06-08,13,Central
PROD-0080,2024-06-08,25,North
PROD-0061,2024-06-08,3,North
PROD-0091,2024-06-08,22,East
PROD-0001,2024-06-08,0,Central
PROD-0008,2024-06-08,7,West
PROD-0018,2024-06-08,4,North
PROD-0069,2024-06-08,12,South
PROD-0016,2024-06-08,16,North
PROD-0028,2024-06-08,28,North
PROD-0078,2024-06-08,28,East
PROD-0090,2024-06-08,9,West
PROD-0010,2024-06-08,2,Central
PROD-0046,2024-06-08,5,South
PROD-0087,2024-06-08,1,North
PROD-0058,2024-06-08,18,North
PROD-0024,2024-06-08,16,Central
PROD-0068,2024-06-09,0,North
PROD-0045,2024-06-09,18,East
PROD-0077,2024-06-09,27,North
PROD-0100,2024-06-09,19,Central
PROD-0065,2024-06-09,12,Central
PROD-0051,2024-06-09,27,East
PROD-0032,2024-06-09,27,East
PROD-0047,2024-06-09,9,South
PROD-0083,2024-06-09,22,Central
PROD-0005,2024-06-09,18,West
PROD-0080,2024-06-09,22,Central
PROD-0008,2024-06-09,22,South
PROD-0099,2024-06-09,16,East
PROD-0064,2024-06-09,5,Central
PROD-0042,2024-06-09,10,East
PROD-0049,2024-06-09,18,North
PROD-0059,2024-06-09,16,North
PROD-0058,2024-06-09,24,Central
PROD-0069,2024-06-09,6,West
PROD-0030,2024-06-09,7,East
PROD-0071,2024-06-09,21,North
PROD-0052,2024-06-09,8,North
PROD-0046,2024-06-09,1,East
PROD-0074,2024-06-09,13,North
PROD-0060,2024-06-09,6,East
PROD-0039,2024-06-09,30,Central
PROD-0043,2024-06-09,25,Central
PROD-0054,2024-06-09,15,South
PROD-0092,2024-06-09,26,South
PROD-0041,2024-06-09,3,West
PROD-0007,2024-06-09,11,South
PROD-0050,2024-06-09,28,East
PROD-0053,2024-06-09,17,East
PROD-0006,2024-06-09,20,South
PROD-0001,2024-06-09,13,South
PROD-0038,2024-06-09,16,Central
PROD-0075,2024-06-09,2,West
PROD-0072,2024-06-09,10,Central
PROD-0018,2024-06-09,16,North
PROD-0010,2024-06-09,28,West
PROD-0073,2024-06-09,17,South
PROD-0003,2024-06-09,22,Central
PROD-0085,2024-06-09,9,East
PROD-0079,2024-06-09,12,Central
PROD-0012,2024-06-09,19,South
PROD-0098,2024-06-09,21,East
PROD-0082,2024-06-09,7,East
PROD-0081,2024-06-09,9,West
PROD-0055,2024-06-09,24,East
PROD-0002,2024-06-09,15,South
PROD-0063,2024-06-09,21,North
PROD-0067,2024-06-09,13,East
PROD-0011,2024-06-09,2,West
PROD-0048,2024-06-09,17,East
PROD-0061,2024-06-09,27,North
PROD-0014,2024-06-09,15,East
PROD-0028,2024-06-09,17,Central
PROD-0017,2024-06-09,13,East
PROD-0070,2024-06-09,3,East
PROD-0036,2024-06-09,15,South
PROD-0087,2024-06-09,8,Central
PROD-0097,2024-06-09,7,North
PROD-0033,2024-06-09,23,North
PROD-0023,2024-06-09,21,East
PROD-0056,2024-06-09,30,East
PROD-0004,2024-06-09,4,North
PROD-0022,2024-06-10,45,East
PROD-0001,2024-06-10,47,North
PROD-0040,2024-06-10,43,Central
PROD-0021,2024-06-10,7,South
PROD-0075,2024-06-10,7,North
PROD-0038,2024-06-10,7,West
PROD-0074,2024-06-10,50,Central
PROD-0063,2024-06-10,25,North
PROD-0087,2024-06-10,39,North
PROD-0084,2024-06-10,10,East
PROD-0078,2024-06-10,19,West
PROD-0056,2024-06-10,44,West
PROD-0077,2024-06-10,4,South
PROD-0031,2024-06-10,11,North
PROD-0029,2024-06-10,26,Central
PROD-0016,2024-06-10,24,South
PROD-0012,2024-06-10,21,East
PROD-0039,2024-06-10,45,North
PROD-0096,2024-06-10,44,South
PROD-0082,2024-06-10,1,North
PROD-0052,2024-06-10,43,South
PROD-0041,2024-06-10,12,West
PROD-0091,2024-06-10,21,Central
PROD-0085,2024-06-10,23,North
PROD-0090,2024-06-10,1,South
PROD-0081,2024-06-10,27,North
PROD-0055,2024-06-10,6,East
PROD-0061,2024-06-10,8,East
PROD-0095,2024-06-10,14,South
PROD-0070,2024-06-10,23,Central
PROD-0050,2024-06-10,17,West
PROD-0059,2024-06-10,41,Central
PROD-0083,2024-06-10,22,North
PROD-0046,2024-06-10,29,East
PROD-0100,2024-06-10,3,West
PROD-0089,2024-06-10,7,West
PROD-0002,2024-06-10,46,South
PROD-0011,2024-06-10,9,West
PROD-0032,2024-06-10,39,Central
PROD-0053,2024-06-10,4,East
PROD-0003,2024-06-10,46,Central
PROD-0007,2024-06-10,44,East
PROD-0019,2024-06-10,42,North
PROD-0014,2024-06-10,15,North
PROD-0036,2024-06-10,4,North
PROD-0079,2024-06-10,26,East
PROD-0045,2024-06-10,44,Central
PROD-0064,2024-06-10,14,East
PROD-0092,2024-06-10,50,North
PROD-0030,2024-06-10,14,Central
PROD-0067,2024-06-10,8,North
PROD-0060,2024-06-10,18,East
PROD-0033,2024-06-10,9,North
PROD-0058,2024-06-10,14,West
PROD-0024,2024-06-10,3,Central
PROD-0037,2024-06-10,40,East
PROD-0057,2024-06-10,5,North
PROD-0044,2024-06-10,35,East
PROD-0028,2024-06-10,41,Central
PROD-0020,2024-06-10,7,South
PROD-0049,2024-06-10,42,East
PROD-0088,2024-06-10,40,Central
PROD-0013,2024-06-10,12,Central
PROD-0062,2024-06-10,23,East
PROD-0086,2024-06-10,49,South
PROD-0026,2024-06-10,24,Central
PROD-0098,2024-06-10,22,South
PROD-0005,2024-06-10,3,East
PROD-0010,2024-06-10,25,North
PROD-0042,2024-06-11,27,West
PROD-0098,2024-06-11,37,Central
PROD-0051,2024-06-11,1,North
PROD-0078,2024-06-11,26,Central
PROD-0059,2024-06-11,28,Central
PROD-0034,2024-06-11,4,North
PROD-0050,2024-06-11,35,West
PROD-0062,2024-06-11,46,West
PROD-0080,2024-06-11,31,East
PROD-0049,2024-06-11,3,South
PROD-0019,2024-06-11,31,Central
PROD-0091,2024-06-11,18,South
PROD-0009,2024-06-11,46,South
PROD-0010,2024-06-11,43,South
PROD-0095,2024-06-11,37,East
PROD-0057,2024-06-11,20,Central
PROD-0044,2024-06-11,45,East
PROD-0038,2024-06-11,15,North
PROD-0056,2024-06-11,1,West
PROD-0041,2024-06-11,32,West
PROD-0077,2024-06-11,25,South
PROD-0100,2024-06-11,22,East
PROD-0035,2024-06-11,1,South
PROD-0012,2024-06-11,11,East
PROD-0064,2024-06-11,1,North
PROD-0005,2024-06-11,32,South
PROD-0081,2024-06-11,25,East
PROD-0003,2024-06-11,17,South
PROD-0016,2024-06-11,26,South
PROD-0020,2024-06-11,19,North
PROD-0082,2024-06-11,30,Central
PROD-0089,2024-06-11,17,South
PROD-0021,2024-06-11,38,North
PROD-0029,2024-06-11,41,South
PROD-0023,2024-06-11,43,Central
PROD-0083,2024-06-11,45,South
PROD-0004,2024-06-11,15,South
PROD-0027,2024-06-11,20,East
PROD-0053,2024-06-11,7,North
PROD-0043,2024-06-11,1,North
PROD-0033,2024-06-11,37,North
PROD-0054,2024-06-11,42,West
PROD-0060,2024-06-11,44,North
PROD-0002,2024-06-11,23,South
PROD-0061,2024-06-11,1,Central
PROD-0001,2024-06-11,36,West
PROD-0084,2024-06-11,33,East
PROD-0066,2024-06-11,16,North
PROD-0011,2024-06-11,10,North
PROD-0028,2024-06-11,6,West
PROD-0014,2024-06-11,26,West
PROD-0068,2024-06-11,15,South
PROD-0024,2024-06-11,40,North
PROD-0075,2024-06-11,19,East
PROD-0076,2024-06-11,30,East
PROD-0067,2024-06-11,49,Central
PROD-0052,2024-06-11,36,Central
PROD-0088,2024-06-11,29,East
PROD-0045,2024-06-11,37,South
PROD-0072,2024-06-11,6,South
PROD-0016,2024-06-12,38,West
PROD-0029,2024-06-12,20,South
PROD-0050,2024-06-12,26,North
PROD-0089,2024-06-12,15,South
PROD-0040,2024-06-12,27,South
PROD-0095,2024-06-12,1,South
PROD-0073,2024-06-12,30,East
PROD-0041,2024-06-12,23,Central
PROD-0074,2024-06-12,12,North
PROD-0015,2024-06-12,17,West
PROD-0087,2024-06-12,30,North
PROD-0011,2024-06-12,45,Central
PROD-0002,2024-06-12,9,North
PROD-0006,2024-06-12,29,North
PROD-0043,2024-06-12,6,East
PROD-0093,2024-06-12,11,South
PROD-0028,2024-06-12,46,Central
PROD-0033,2024-06-12,1,South
PROD-0061,2024-06-12,13,West
PROD-0070,2024-06-12,45,South
PROD-0092,2024-06-12,7,Central
PROD-0056,2024-06-12,47,South
PROD-0077,2024-06-12,5,East
PROD-0020,2024-06-12,34,North
PROD-0069,2024-06-12,34,Central
PROD-0001,2024-06-12,32,North
PROD-0036,2024-06-12,44,East
PROD-0063,2024-06-12,37,North
PROD-0022,2024-06-12,28,North
PROD-0057,2024-06-12,50,North
PROD-0072,2024-06-12,33,West
PROD-0080,2024-06-12,14,Central
PROD-0031,2024-06-12,24,East
PROD-0083,2024-06-12,36,Central
PROD-0005,2024-06-12,6,Central
PROD-0067,2024-06-12,21,Central
PROD-0049,2024-06-12,48,West
PROD-0084,2024-06-12,45,West
PROD-0045,2024-06-12,11,North
PROD-0032,2024-06-12,25,Central
PROD-0099,2024-06-12,34,North
PROD-0054,2024-06-12,46,North
PROD-0035,2024-06-12,49,East
PROD-0065,2024-06-12,16,West
PROD-0081,2024-06-12,35,Central
PROD-0008,2024-06-12,14,North
PROD-0014,2024-06-12,36,West
PROD-0042,2024-06-12,39,South
PROD-0096,2024-06-12,33,Central
PROD-0082,2024-06-12,31,South
PROD-0071,2024-06-12,33,East
PROD-0098,2024-06-12,22,East
PROD-0094,2024-06-12,4,North
PROD-0053,2024-06-12,33,South
PROD-0066,2024-06-12,11,West
PROD-0038,2024-06-12,11,North
PROD-0100,2024-06-12,4,South
PROD-0023,2024-06-12,36,South
PROD-0012,2024-06-12,40,East
PROD-0086,2024-06-12,35,South
PROD-0037,2024-06-12,41,South
PROD-0027,2024-06-12,9,South
PROD-0059,2024-06-12,4,East
PROD-0078,2024-06-12,6,East
PROD-0018,2024-06-12,18,West
PROD-0058,2024-06-12,18,South
PROD-0062,2024-06-12,47,South
PROD-0048,2024-06-12,48,Central
PROD-0090,2024-06-12,48,North
PROD-0046,2024-06-12,5,West
PROD-0030,2024-06-12,24,Central
PROD-0024,2024-06-13,13,North
PROD-0052,2024-06-13,44,South
PROD-0093,2024-06-13,48,North
PROD-0045,2024-06-13,9,North
PROD-0088,2024-06-13,41,South
PROD-0072,2024-06-13,4,East
PROD-0067,2024-06-13,46,South
PROD-0010,2024-06-13,15,South
PROD-0095,2024-06-13,9,West
PROD-0098,2024-06-13,32,East
PROD-0021,2024-06-13,9,North
PROD-0012,2024-06-13,16,East
PROD-0035,2024-06-13,46,South
PROD-0019,2024-06-13,3,South
PROD-0071,2024-06-13,33,North
PROD-0097,2024-06-13,27,East
PROD-0050,2024-06-13,4,West
PROD-0014,2024-06-13,17,West
PROD-0002,2024-06-13,13,North
PROD-0092,2024-06-13,44,North
PROD-0023,2024-06-13,23,Central
PROD-0046,2024-06-13,15,West
PROD-0032,2024-06-13,30,West
PROD-0036,2024-06-13,23,West
PROD-0081,2024-06-13,38,North
PROD-0016,2024-06-13,40,Central
PROD-0018,2024-06-13,15,South
PROD-0038,2024-06-13,50,North
PROD-0043,2024-06-13,44,North
PROD-0047,2024-06-13,42,South
PROD-0078,2024-06-13,39,North
PROD-0057,2024-06-13,27,North
PROD-0054,2024-06-13,31,East
PROD-0100,2024-06-13,25,Central
PROD-0041,2024-06-13,3,South
PROD-0055,2024-06-13,38,Central
PROD-0042,2024-06-13,14,North
PROD-0026,2024-06-13,2,East
PROD-0056,2024-06-13,16,Central
PROD-0001,2024-06-13,18,North
PROD-0058,2024-06-13,40,West
PROD-0065,2024-06-13,26,South
PROD-0083,2024-06-13,10,Central
PROD-0084,2024-06-13,6,South
PROD-0075,2024-06-13,8,West
PROD-0080,2024-06-13,32,North
PROD-0022,2024-06-13,33,North
PROD-0030,2024-06-13,24,West
PROD-0090,2024-06-13,36,East
PROD-0006,2024-06-13,27,West
PROD-0040,2024-06-13,30,North
PROD-0062,2024-06-13,25,South
PROD-0048,2024-06-13,45,West
PROD-0013,2024-06-13,10,North
PROD-0034,2024-06-13,37,Central
PROD-0015,2024-06-13,26,East
PROD-0077,2024-06-13,24,North
PROD-0089,2024-06-13,20,Central
PROD-0039,2024-06-13,19,East
PROD-0079,2024-06-13,20,North
PROD-0060,2024-06-13,29,West
PROD-0007,2024-06-13,26,South
PROD-0009,2024-06-13,44,East
PROD-0005,2024-06-13,39,South
PROD-0003,2024-06-13,46,South
PROD-0028,2024-06-13,37,West
PROD-0061,2024-06-13,23,North
PROD-0008,2024-06-13,20,Central
PROD-0094,2024-06-13,25,South
PROD-0020,2024-06-13,30,South
PROD-0029,2024-06-13,9,South
PROD-0096,2024-06-13,25,South
PROD-0095,2024-06-14,8,North
PROD-0004,2024-06-14,19,South
PROD-0073,2024-06-14,17,South
PROD-0021,2024-06-14,27,South
PROD-0058,2024-06-14,48,East
PROD-0065,2024-06-14,42,Central
PROD-0069,2024-06-14,45,East
PROD-0020,2024-06-14,18,South
PROD-0016,2024-06-14,7,Central
PROD-0019,2024-06-14,33,North
PROD-0084,2024-06-14,35,West
PROD-0072,2024-06-14,39,Central
PROD-0029,2024-06-14,7,Central
PROD-0028,2024-06-14,27,South
PROD-0014,2024-06-14,41,South
PROD-0053,2024-06-14,47,East
PROD-0025,2024-06-14,46,North
PROD-0097,2024-06-14,43,Central
PROD-0045,2024-06-14,37,West
PROD-0051,2024-06-14,17,South
PROD-0100,2024-06-14,13,Central
PROD-0041,2024-06-14,22,South
PROD-0042,2024-06-14,9,East
PROD-0017,2024-06-14,30,South
PROD-0068,2024-06-14,24,North
PROD-0047,2024-06-14,24,Central
PROD-0076,2024-06-14,16,South
PROD-0013,2024-06-14,16,East
PROD-0094,2024-06-14,13,North
PROD-0008,2024-06-14,45,South
PROD-0082,2024-06-14,5,North
PROD-0098,2024-06-14,46,East
PROD-0024,2024-06-14,43,Central
PROD-0064,2024-06-14,32,West
PROD-0023,2024-06-14,2,East
PROD-0050,2024-06-14,47,East
PROD-0049,2024-06-14,24,West
PROD-0054,2024-06-14,50,West
PROD-0096,2024-06-14,45,Central
PROD-0006,2024-06-14,44,East
PROD-0061,2024-06-14,32,East
PROD-0085,2024-06-14,30,West
PROD-0057,2024-06-14,38,East
PROD-0092,2024-06-14,47,East
PROD-0074,2024-06-14,13,East
PROD-0090,2024-06-14,16,West
PROD-0075,2024-06-14,24,Central
PROD-0071,2024-06-14,31,East
PROD-0009,2024-06-14,26,West
PROD-0070,2024-06-14,47,Central
PROD-0002,2024-06-14,50,Central
PROD-0035,2024-06-14,25,North
PROD-0005,2024-06-14,28,South
PROD-0056,2024-06-14,18,South
PROD-0059,2024-06-14,6,South
PROD-0022,2024-06-14,22,East
PROD-0038,2024-06-14,24,North
PROD-0091,2024-06-14,35,North
PROD-0026,2024-06-14,37,East
PROD-0036,2024-06-14,40,East
PROD-0099,2024-06-14,33,North
PROD-0060,2024-06-14,22,South
PROD-0011,2024-06-14,49,West
PROD-0086,2024-06-14,39,South
PROD-0055,2024-06-14,21,East
PROD-0077,2024-06-14,37,West
PROD-0052,2024-06-14,26,East
PROD-0010,2024-06-14,29,South
PROD-0029,2024-06-15,9,North
PROD-0085,2024-06-15,18,East
PROD-0049,2024-06-15,5,South
PROD-0027,2024-06-15,14,Central
PROD-0061,2024-06-15,4,East
PROD-0068,2024-06-15,7,West
PROD-0058,2024-06-15,4,East
PROD-0013,2024-06-15,2,East
PROD-0016,2024-06-15,25,Central
PROD-0076,2024-06-15,22,South
PROD-0071,2024-06-15,9,South
PROD-0077,2024-06-15,16,North
PROD-0099,2024-06-15,12,East
PROD-0098,2024-06-15,12,South
PROD-0020,2024-06-15,27,North
PROD-0015,2024-06-15,17,Central
PROD-0070,2024-06-15,16,South
PROD-0073,2024-06-15,25,West
PROD-0057,2024-06-15,9,North
PROD-0023,2024-06-15,26,North
PROD-0087,2024-06-15,1,Central
PROD-0055,2024-06-15,25,North
PROD-0032,2024-06-15,19,Central
PROD-0067,2024-06-15,13,South
PROD-0097,2024-06-15,6,North
PROD-0100,2024-06-15,3,East
PROD-0082,2024-06-15,28,Central
PROD-0044,2024-06-15,17,North
PROD-0040,2024-06-15,21,East
PROD-0031,2024-06-15,12,South
PROD-0065,2024-06-15,8,East
PROD-0026,2024-06-15,25,East
PROD-0059,2024-06-15,28,South
PROD-0012,2024-06-15,16,Central
PROD-0041,2024-06-15,18,East
PROD-0005,2024-06-15,10,West
PROD-0009,2024-06-15,2,North
PROD-0003,2024-06-15,19,South
PROD-0086,2024-06-15,25,South
PROD-0078,2024-06-15,25,North
PROD-0048,2024-06-15,27,Central
PROD-0028,2024-06-15,16,East
PROD-0056,2024-06-15,28,South
PROD-0038,2024-06-15,9,West
PROD-0063,2024-06-15,18,West
PROD-0088,2024-06-15,5,Central
PROD-0002,2024-06-15,16,West
PROD-0069,2024-06-15,26,East
PROD-0004,2024-06-15,16,South
PROD-0072,2024-06-15,7,West
PROD-0083,2024-06-15,0,North
PROD-0084,2024-06-15,10,North
PROD-0053,2024-06-15,25,North
PROD-0064,2024-06-15,29,East
PROD-0037,2024-06-15,6,West
PROD-0043,2024-06-15,21,North
PROD-0052,2024-06-15,1,East
PROD-0035,2024-06-15,12,Central
PROD-0091,2024-06-15,25,North
PROD-0024,2024-06-15,1,North
PROD-0075,2024-06-15,6,West
PROD-0019,2024-06-15,26,South
PROD-0091,2024-06-16,3,East
PROD-0074,2024-06-16,7,East
PROD-0047,2024-06-16,18,South
PROD-0065,2024-06-16,4,West
PROD-0086,2024-06-16,1,Central
PROD-0034,2024-06-16,12,South
PROD-0025,2024-06-16,22,North
PROD-0042,2024-06-16,30,South
PROD-0011,2024-06-16,29,West
PROD-0054,2024-06-16,20,North
PROD-0085,2024-06-16,19,South
PROD-0064,2024-06-16,1,South
PROD-0090,2024-06-16,4,South
PROD-0083,2024-06-16,15,Central
PROD-0020,2024-06-16,13,East
PROD-0035,2024-06-16,27,South
PROD-0027,2024-06-16,20,West
PROD-0021,2024-06-16,7,North
PROD-0082,2024-06-16,23,South
PROD-0068,2024-06-16,22,West
PROD-0015,2024-06-16,9,East
PROD-0018,2024-06-16,5,East
PROD-0097,2024-06-16,24,East
PROD-0010,2024-06-16,25,South
PROD-0093,2024-06-16,9,South
PROD-0024,2024-06-16,6,South
PROD-0039,2024-06-16,24,West
PROD-0069,2024-06-16,9,Central
PROD-0098,2024-06-16,7,Central
PROD-0095,2024-06-16,23,Central
PROD-0030,2024-06-16,7,North
PROD-0094,2024-06-16,11,East
PROD-0078,2024-06-16,18,South
PROD-0032,2024-06-16,13,South
PROD-0002,2024-06-16,5,South
PROD-0009,2024-06-16,16,West
PROD-0084,2024-06-16,3,Central
PROD-0017,2024-06-16,13,North
PROD-0028,2024-06-16,18,West
PROD-0062,2024-06-16,3,North
PROD-0070,2024-06-16,21,West
PROD-0066,2024-06-16,1,Central
PROD-0040,2024-06-16,7,West
PROD-0051,2024-06-16,23,West
PROD-0043,2024-06-16,4,Central
PROD-0026,2024-06-16,6,South
PROD-0045,2024-06-16,15,North
PROD-0087,2024-06-16,4,North
PROD-0031,2024-06-16,19,North
PROD-0072,2024-06-16,6,West
PROD-0076,2024-06-16,4,East
PROD-0075,2024-06-16,25,Central
PROD-0012,2024-06-16,9,Central
PROD-0092,2024-06-16,26,Central
PROD-0060,2024-06-16,24,South
PROD-0022,2024-06-16,27,North
PROD-0071,2024-06-16,19,West
PROD-0006,2024-06-16,27,East
PROD-0073,2024-06-16,21,East
PROD-0057,2024-06-16,30,West
PROD-0099,2024-06-16,18,South
PROD-0089,2024-06-16,12,West
PROD-0023,2024-06-16,29,East
PROD-0041,2024-06-16,5,South
PROD-0052,2024-06-16,8,South
PROD-0100,2024-06-16,27,South
PROD-0029,2024-06-16,6,South
PROD-0081,2024-06-16,27,Central
PROD-0019,2024-06-16,1,North
PROD-0067,2024-06-16,29,Central
PROD-0049,2024-06-16,11,East
PROD-0037,2024-06-16,6,East
PROD-0058,2024-06-16,21,Central
PROD-0053,2024-06-16,6,South
PROD-0013,2024-06-17,23,West
PROD-0040,2024-06-17,4,West
PROD-0077,2024-06-17,12,Central
PROD-0053,2024-06-17,22,South
PROD-0028,2024-06-17,24,North
PROD-0027,2024-06-17,25,South
PROD-0091,2024-06-17,41,West
PROD-0042,2024-06-17,16,North
PROD-0005,2024-06-17,42,North
PROD-0032,2024-06-17,35,North
PROD-0086,2024-06-17,18,West
PROD-0094,2024-06-17,44,West
PROD-0049,2024-06-17,18,North
PROD-0034,2024-06-17,16,North
PROD-0045,2024-06-17,32,East
PROD-0071,2024-06-17,15,Central
PROD-0020,2024-06-17,20,North
PROD-0064,2024-06-17,42,Central
PROD-0050,2024-06-17,21,South
PROD-0059,2024-06-17,1,North
PROD-0003,2024-06-17,15,West
PROD-0052,2024-06-17,12,West
PROD-0043,2024-06-17,43,North
PROD-0019,2024-06-17,33,East
PROD-0083,2024-06-17,43,West
PROD-0058,2024-06-17,15,Central
PROD-0062,2024-06-17,47,West
PROD-0096,2024-06-17,43,East
PROD-0037,2024-06-17,25,North
PROD-0024,2024-06-17,21,East
PROD-0084,2024-06-17,31,North
PROD-0095,2024-06-17,24,East
PROD-0082,2024-06-17,17,Central
PROD-0076,2024-06-17,5,South
PROD-0031,2024-06-17,41,North
PROD-0070,2024-06-17,24,North
PROD-0009,2024-06-17,28,East
PROD-0085,2024-06-17,5,North
PROD-0026,2024-06-17,37,East
PROD-0041,2024-06-17,22,West
PROD-0087,2024-06-17,18,North
PROD-0008,2024-06-17,37,North
PROD-0002,2024-06-17,37,West
PROD-0018,2024-06-17,38,South
PROD-0051,2024-06-17,38,East
PROD-0047,2024-06-17,29,Central
PROD-0073,2024-06-17,32,East
PROD-0090,2024-06-17,12,North
PROD-0097,2024-06-17,31,North
PROD-0035,2024-06-17,9,North
PROD-0010,2024-06-17,17,South
PROD-0015,2024-06-17,28,South
PROD-0098,2024-06-17,43,North
PROD-0012,2024-06-17,5,Central
PROD-0081,2024-06-17,42,West
PROD-0044,2024-06-17,7,South
PROD-0055,2024-06-17,47,North
PROD-0023,2024-06-17,10,East
PROD-0079,2024-06-17,5,South
PROD-0092,2024-06-17,37,South
PROD-0099,2024-06-17,49,West
PROD-0088,2024-06-17,40,West
PROD-0022,2024-06-17,30,Central
PROD-0073,2024-06-18,30,West
PROD-0014,2024-06-18,3,Central
PROD-0066,2024-06-18,34,West
PROD-0058,2024-06-18,14,North
PROD-0045,2024-06-18,11,West
PROD-0020,2024-06-18,32,West
PROD-0036,2024-06-18,15,North
PROD-0057,2024-06-18,39,South
PROD-0094,2024-06-18,9,West
PROD-0063,2024-06-18,42,West
PROD-0006,2024-06-18,44,North
PROD-0003,2024-06-18,30,East
PROD-0100,2024-06-18,45,Central
PROD-0056,2024-06-18,34,Central
PROD-0089,2024-06-18,40,West
PROD-0075,2024-06-18,42,Central
PROD-0062,2024-06-18,27,East
PROD-0010,2024-06-18,16,South
PROD-0026,2024-06-18,41,Central
PROD-0011,2024-06-18,45,East
PROD-0043,2024-06-18,13,North
PROD-0051,2024-06-18,39,North
PROD-0012,2024-06-18,41,West
PROD-0009,2024-06-18,22,East
PROD-0040,2024-06-18,13,North
PROD-0055,2024-06-18,33,Central
PROD-0035,2024-06-18,41,East
PROD-0092,2024-06-18,12,South
PROD-0086,2024-06-18,8,South
PROD-0037,2024-06-18,3,South
PROD-0042,2024-06-18,8,Central
PROD-0038,2024-06-18,5,East
PROD-0050,2024-06-18,2,East
PROD-0082,2024-06-18,32,West
PROD-0093,2024-06-18,18,East
PROD-0013,2024-06-18,37,West
PROD-0085,2024-06-18,19,West
PROD-0054,2024-06-18,1,North
PROD-0083,2024-06-18,1,South
PROD-0034,2024-06-18,27,Central
PROD-0039,2024-06-18,30,West
PROD-0001,2024-06-18,20,East
PROD-0028,2024-06-18,35,West
PROD-0077,2024-06-18,32,West
PROD-0049,2024-06-18,20,Central
PROD-0087,2024-06-18,29,Central
PROD-0052,2024-06-18,29,East
PROD-0095,2024-06-18,6,West
PROD-0033,2024-06-18,13,West
PROD-0080,2024-06-18,23,West
PROD-0029,2024-06-18,45,North
PROD-0098,2024-06-18,17,East
PROD-0059,2024-06-18,3,North
PROD-0097,2024-06-18,27,South
PROD-0074,2024-06-18,23,East
PROD-0004,2024-06-18,45,South
PROD-0060,2024-06-18,31,South
PROD-0032,2024-06-18,3,Central
PROD-0071,2024-06-18,48,West
PROD-0065,2024-06-18,18,Central
PROD-0096,2024-06-18,28,Central
PROD-0002,2024-06-18,12,West
PROD-0021,2024-06-18,29,North
PROD-0031,2024-06-18,8,Central
PROD-0079,2024-06-18,42,East
PROD-0025,2024-06-18,9,Central
PROD-0070,2024-06-18,45,West
PROD-0072,2024-06-18,15,East
PROD-0061,2024-06-18,14,North
PROD-0023,2024-06-18,45,East
PROD-0067,2024-06-18,38,West
PROD-0046,2024-06-19,12,East
PROD-0003,2024-06-19,23,North
PROD-0037,2024-06-19,11,Central
PROD-0032,2024-06-19,11,West
PROD-0027,2024-06-19,27,South
PROD-0023,2024-06-19,28,East
PROD-0016,2024-06-19,16,North
PROD-0031,2024-06-19,21,Central
PROD-0008,2024-06-19,19,Central
PROD-0057,2024-06-19,40,Central
PROD-0009,2024-06-19,37,East
PROD-0084,2024-06-19,40,West
PROD-0055,2024-06-19,23,East
PROD-0004,2024-06-19,27,West
PROD-0100,2024-06-19,16,East
PROD-0002,2024-06-19,22,East
PROD-0064,2024-06-19,19,South
PROD-0011,2024-06-19,20,East
PROD-0022,2024-06-19,5,East
PROD-0026,2024-06-19,40,North
PROD-0010,2024-06-19,26,Central
PROD-0052,2024-06-19,39,Central
PROD-0079,2024-06-19,16,Central
PROD-0024,2024-06-19,16,East
PROD-0073,2024-06-19,18,Central
PROD-0095,2024-06-19,29,East
PROD-0013,2024-06-19,15,Central
PROD-0078,2024-06-19,18,West
PROD-0030,2024-06-19,17,North
PROD-0029,2024-06-19,34,Central
PROD-0053,2024-06-19,11,South
PROD-0054,2024-06-19,15,North
PROD-0033,2024-06-19,38,East
PROD-0077,2024-06-19,33,West
PROD-0018,2024-06-19,9,Central
PROD-0038,2024-06-19,47,West
PROD-0067,2024-06-19,47,South
PROD-0060,2024-06-19,37,Central
PROD-0044,2024-06-19,42,Central
PROD-0087,2024-06-19,38,East
PROD-0045,2024-06-19,7,South
PROD-0082,2024-06-19,11,North
PROD-0090,2024-06-19,1,Central
PROD-0096,2024-06-19,29,South
PROD-0058,2024-06-19,4,South
PROD-0042,2024-06-19,8,West
PROD-0019,2024-06-19,49,North
PROD-0083,2024-06-19,31,East
PROD-0036,2024-06-19,20,Central
PROD-0069,2024-06-19,23,South
PROD-0050,2024-06-19,19,West
PROD-0075,2024-06-19,24,East
PROD-0086,2024-06-19,31,Central
PROD-0059,2024-06-19,9,South
PROD-0071,2024-06-19,3,South
PROD-0081,2024-06-19,1,North
PROD-0014,2024-06-19,20,East
PROD-0093,2024-06-19,37,West
PROD-0017,2024-06-19,20,West
PROD-0040,2024-06-19,5,South
PROD-0047,2024-06-19,47,Central
PROD-0012,2024-06-19,15,Central
PROD-0061,2024-06-19,4,North
PROD-0007,2024-06-19,10,East
PROD-0041,2024-06-19,7,South
PROD-0025,2024-06-19,50,North
PROD-0076,2024-06-19,14,West
PROD-0043,2024-06-19,22,West
PROD-0051,2024-06-19,23,Central
PROD-0074,2024-06-19,46,Central
PROD-0089,2024-06-19,26,South
PROD-0020,2024-06-19,22,Central
PROD-0028,2024-06-19,22,West
PROD-0065,2024-06-19,1,Central
PROD-0051,2024-06-20,6,Central
PROD-0055,2024-06-20,40,South
PROD-0053,2024-06-20,5,East
PROD-0073,2024-06-20,46,East
PROD-0027,2024-06-20,36,East
PROD-0010,2024-06-20,13,East
PROD-0009,2024-06-20,45,East
PROD-0076,2024-06-20,26,West
PROD-0040,2024-06-20,15,North
PROD-0099,2024-06-20,5,South
PROD-0065,2024-06-20,35,Central
PROD-0017,2024-06-20,24,North
PROD-0006,2024-06-20,14,East
PROD-0032,2024-06-20,12,South
PROD-0037,2024-06-20,27,South
PROD-0028,2024-06-20,43,South
PROD-0067,2024-06-20,3,South
PROD-0057,2024-06-20,13,East
PROD-0011,2024-06-20,30,East
PROD-0091,2024-06-20,12,East
PROD-0049,2024-06-20,27,South
PROD-0014,2024-06-20,42,North
PROD-0021,2024-06-20,2,East
PROD-0043,2024-06-20,15,West
PROD-0046,2024-06-20,46,Central
PROD-0033,2024-06-20,27,Central
PROD-0100,2024-06-20,48,West
PROD-0024,2024-06-20,35,North
PROD-0047,2024-06-20,3,Central
PROD-0060,2024-06-20,42,East
PROD-0034,2024-06-20,46,South
PROD-0048,2024-06-20,37,East
PROD-0042,2024-06-20,25,Central
PROD-0084,2024-06-20,4,South
PROD-0074,2024-06-20,42,North
PROD-0069,2024-06-20,42,West
PROD-0071,2024-06-20,29,East
PROD-0044,2024-06-20,5,West
PROD-0064,2024-06-20,17,South
PROD-0075,2024-06-20,3,East
PROD-0045,2024-06-20,14,East
PROD-0085,2024-06-20,4,South
PROD-0087,2024-06-20,15,Central
PROD-0002,2024-06-20,24,North
PROD-0096,2024-06-20,11,South
PROD-0063,2024-06-20,36,Central
PROD-0083,2024-06-20,18,West
PROD-0039,2024-06-20,26,East
PROD-0098,2024-06-20,12,West
PROD-0052,2024-06-20,49,East
PROD-0008,2024-06-20,47,South
PROD-0077,2024-06-20,13,South
PROD-0058,2024-06-20,9,Central
PROD-0068,2024-06-20,10,Central
PROD-0004,2024-06-20,15,North
PROD-0054,2024-06-20,9,North
PROD-0019,2024-06-20,9,East
PROD-0095,2024-06-20,26,Central
PROD-0018,2024-06-20,7,South
PROD-0072,2024-06-20,14,North
PROD-0029,2024-06-20,15,North
PROD-0082,2024-06-20,15,South
PROD-0080,2024-06-20,17,West
PROD-0030,2024-06-20,30,West
PROD-0025,2024-06-20,5,North
PROD-0078,2024-06-20,43,West
PROD-0007,2024-06-20,30,East
PROD-0093,2024-06-20,1,West
PROD-0026,2024-06-20,28,South
PROD-0070,2024-06-20,50,West
PROD-0035,2024-06-20,40,Central
PROD-0097,2024-06-20,23,East
PROD-0094,2024-06-20,16,North
PROD-0005,2024-06-20,12,East
PROD-0003,2024-06-20,42,East
PROD-0062,2024-06-20,14,North
PROD-0015,2024-06-20,6,South
PROD-0086,2024-06-20,15,Central
PROD-0058,2024-06-21,17,West
PROD-0007,2024-06-21,11,South
PROD-0094,2024-06-21,2,South
PROD-0002,2024-06-21,18,South
PROD-0056,2024-06-21,3,South
PROD-0091,2024-06-21,35,East
PROD-0036,2024-06-21,30,North
PROD-0033,2024-06-21,38,North
PROD-0012,2024-06-21,6,West
PROD-0081,2024-06-21,46,South
PROD-0010,2024-06-21,11,South
PROD-0039,2024-06-21,19,North
PROD-0040,2024-06-21,24,North
PROD-0051,2024-06-21,29,West
PROD-0016,2024-06-21,17,Central
PROD-0057,2024-06-21,30,North
PROD-0043,2024-06-21,31,West
PROD-0052,2024-06-21,21,East
PROD-0077,2024-06-21,27,North
PROD-0053,2024-06-21,40,Central
PROD-0060,2024-06-21,12,East
PROD-0070,2024-06-21,4,West
PROD-0066,2024-06-21,24,Central
PROD-0065,2024-06-21,15,Central
PROD-0049,2024-06-21,29,South
PROD-0017,2024-06-21,44,West
PROD-0088,2024-06-21,41,South
PROD-0022,2024-06-21,22,Central
PROD-0048,2024-06-21,5,South
PROD-0084,2024-06-21,10,East
PROD-0095,2024-06-21,39,North
PROD-0014,2024-06-21,38,East
PROD-0028,2024-06-21,25,West
PROD-0035,2024-06-21,49,Central
PROD-0003,2024-06-21,19,East
PROD-0001,2024-06-21,33,South
PROD-0097,2024-06-21,16,West
PROD-0038,2024-06-21,16,South
PROD-0034,2024-06-21,29,Central
PROD-0019,2024-06-21,50,North
PROD-0064,2024-06-21,12,North
PROD-0027,2024-06-21,9,North
PROD-0046,2024-06-21,6,North
PROD-0076,2024-06-21,8,Central
PROD-0062,2024-06-21,30,Central
PROD-0099,2024-06-21,3,South
PROD-0042,2024-06-21,45,East
PROD-0100,2024-06-21,45,Central
PROD-0015,2024-06-21,27,Central
PROD-0090,2024-06-21,4,North
PROD-0082,2024-06-21,30,North
PROD-0009,2024-06-21,32,East
PROD-0008,2024-06-21,45,North
PROD-0020,2024-06-21,41,South
PROD-0087,2024-06-21,39,South
PROD-0024,2024-06-21,23,North
PROD-0089,2024-06-21,38,Central
PROD-0025,2024-06-21,40,East
PROD-0067,2024-06-21,45,East
PROD-0029,2024-06-21,12,Central
PROD-0013,2024-06-21,21,North
PROD-0037,2024-06-21,32,North
PROD-0026,2024-06-21,12,South
PROD-0073,2024-06-21,10,West
PROD-0006,2024-06-21,25,East
PROD-0032,2024-06-21,16,South
PROD-0086,2024-06-21,36,West
PROD-0059,2024-06-21,12,South
PROD-0079,2024-06-21,2,East
PROD-0071,2024-06-21,19,South
PROD-0072,2024-06-21,10,North
PROD-0023,2024-06-22,15,East
PROD-0006,2024-06-22,26,East
PROD-0055,2024-06-22,22,West
PROD-0087,2024-06-22,7,South
PROD-0068,2024-06-22,28,North
PROD-0016,2024-06-22,27,Central
PROD-0088,2024-06-22,7,South
PROD-0028,2024-06-22,11,East
PROD-0085,2024-06-22,12,West
PROD-0070,2024-06-22,1,East
PROD-0015,2024-06-22,19,Central
PROD-0065,2024-06-22,19,Central
PROD-0038,2024-06-22,23,Central
PROD-0078,2024-06-22,13,North
PROD-0034,2024-06-22,10,West
PROD-0061,2024-06-22,1,South
PROD-0002,2024-06-22,0,East
PROD-0064,2024-06-22,24,West
PROD-0046,2024-06-22,30,Central
PROD-0050,2024-06-22,26,East
PROD-0041,2024-06-22,3,Central
PROD-0091,2024-06-22,30,East
PROD-0084,2024-06-22,7,West
PROD-0056,2024-06-22,19,East
PROD-0058,2024-06-22,24,South
PROD-0083,2024-06-22,15,West
PROD-0037,2024-06-22,24,South
PROD-0012,2024-06-22,6,Central
PROD-0011,2024-06-22,28,East
PROD-0075,2024-06-22,16,South
PROD-0047,2024-06-22,10,South
PROD-0094,2024-06-22,17,West
PROD-0032,2024-06-22,18,East
PROD-0079,2024-06-22,6,South
PROD-0019,2024-06-22,13,Central
PROD-0054,2024-06-22,6,North
PROD-0005,2024-06-22,16,North
PROD-0053,2024-06-22,15,East
PROD-0059,2024-06-22,21,North
PROD-0045,2024-06-22,6,Central
PROD-0074,2024-06-22,5,North
PROD-0036,2024-06-22,25,East
PROD-0035,2024-06-22,22,South
PROD-0099,2024-06-22,6,Central
PROD-0081,2024-06-22,11,North
PROD-0086,2024-06-22,3,East
PROD-0044,2024-06-22,30,West
PROD-0073,2024-06-22,8,North
PROD-0062,2024-06-22,6,Central
PROD-0039,2024-06-22,12,East
PROD-0021,2024-06-22,29,Central
PROD-0066,2024-06-22,15,South
PROD-0001,2024-06-22,16,South
PROD-0040,2024-06-22,18,South
PROD-0092,2024-06-22,25,West
PROD-0049,2024-06-22,7,Central
PROD-0010,2024-06-22,28,East
PROD-0025,2024-06-22,25,South
PROD-0067,2024-06-22,1,West
PROD-0098,2024-06-22,15,North
PROD-0030,2024-06-22,13,East
PROD-0095,2024-06-22,24,Central
PROD-0077,2024-06-22,1,Central
PROD-0093,2024-06-22,13,North
PROD-0027,2024-06-22,7,South
PROD-0052,2024-06-22,28,North
PROD-0022,2024-06-22,9,Central
PROD-0073,2024-06-23,1,North
PROD-0024,2024-06-23,10,Central
PROD-0060,2024-06-23,21,South
PROD-0026,2024-06-23,27,South
PROD-0050,2024-06-23,3,North
PROD-0069,2024-06-23,7,South
PROD-0058,2024-06-23,4,South
PROD-0005,2024-06-23,3,East
PROD-0037,2024-06-23,28,East
PROD-0082,2024-06-23,19,North
PROD-0094,2024-06-23,27,East
PROD-0072,2024-06-23,21,South
PROD-0001,2024-06-23,16,Central
PROD-0013,2024-06-23,16,Central
PROD-0054,2024-06-23,19,West
PROD-0080,2024-06-23,12,North
PROD-0059,2024-06-23,4,Central
PROD-0041,2024-06-23,4,Central
PROD-0023,2024-06-23,12,East
PROD-0062,2024-06-23,21,Central
PROD-0064,2024-06-23,2,West
PROD-0025,2024-06-23,12,East
PROD-0066,2024-06-23,29,South
PROD-0068,2024-06-23,26,North
PROD-0014,2024-06-23,1,West
PROD-0090,2024-06-23,7,Central
PROD-0056,2024-06-23,19,West
PROD-0079,2024-06-23,17,Central
PROD-0099,2024-06-23,18,South
PROD-0003,2024-06-23,12,Central
PROD-0098,2024-06-23,12,West
PROD-0030,2024-06-23,24,West
PROD-0093,2024-06-23,11,West
PROD-0033,2024-06-23,28,East
PROD-0040,2024-06-23,30,North
PROD-0011,2024-06-23,23,West
PROD-0016,2024-06-23,28,South
PROD-0019,2024-06-23,8,East
PROD-0081,2024-06-23,25,South
PROD-0088,2024-06-23,4,Central
PROD-0020,2024-06-23,6,West
PROD-0092,2024-06-23,6,South
PROD-0078,2024-06-23,3,South
PROD-0036,2024-06-23,7,North
PROD-0077,2024-06-23,12,North
PROD-0009,2024-06-23,1,East
PROD-0076,2024-06-23,6,Central
PROD-0042,2024-06-23,10,Central
PROD-0028,2024-06-23,8,North
PROD-0055,2024-06-23,11,West
PROD-0044,2024-06-23,19,Central
PROD-0063,2024-06-23,30,North
PROD-0046,2024-06-23,3,West
PROD-0027,2024-06-23,24,West
PROD-0075,2024-06-23,6,West
PROD-0032,2024-06-23,22,Central
PROD-0086,2024-06-23,23,Central
PROD-0074,2024-06-23,10,Central
PROD-0017,2024-06-23,27,Central
PROD-0047,2024-06-23,4,South
PROD-0006,2024-06-23,19,South
PROD-0045,2024-06-23,4,Central
PROD-0065,2024-06-23,1,North
PROD-0007,2024-06-23,9,West
PROD-0015,2024-06-23,16,West
PROD-0048,2024-06-23,1,South
PROD-0071,2024-06-23,27,North
PROD-0083,2024-06-23,2,North
PROD-0021,2024-06-23,13,South
PROD-0085,2024-06-23,28,South
PROD-0097,2024-06-23,21,East
PROD-0096,2024-06-23,7,Central
PROD-0002,2024-06-23,15,South
PROD-0004,2024-06-23,4,North
PROD-0057,2024-06-23,12,North
PROD-0080,2024-06-24,12,East
PROD-0013,2024-06-24,16,Central
PROD-0045,2024-06-24,16,Central
PROD-0039,2024-06-24,46,North
PROD-0010,2024-06-24,23,Central
PROD-0057,2024-06-24,45,South
PROD-0009,2024-06-24,27,Central
PROD-0077,2024-06-24,11,Central
PROD-0016,2024-06-24,50,Central
PROD-0047,2024-06-24,4,North
PROD-0078,2024-06-24,29,West
PROD-0018,2024-06-24,35,West
PROD-0044,2024-06-24,11,West
PROD-0002,2024-06-24,49,West
PROD-0098,2024-06-24,16,South
PROD-0011,2024-06-24,12,Central
PROD-0085,2024-06-24,14,Central
PROD-0038,2024-06-24,40,West
PROD-0025,2024-06-24,44,South
PROD-0043,2024-06-24,14,West
PROD-0028,2024-06-24,27,North
PROD-0004,2024-06-24,33,East
PROD-0020,2024-06-24,41,North
PROD-0055,2024-06-24,41,Central
PROD-0083,2024-06-24,49,West
PROD-0084,2024-06-24,12,West
PROD-0026,2024-06-24,30,North
PROD-0070,2024-06-24,16,West
PROD-0021,2024-06-24,36,East
PROD-0031,2024-06-24,50,North
PROD-0023,2024-06-24,1,North
PROD-0030,2024-06-24,13,South
PROD-0048,2024-06-24,43,Central
PROD-0061,2024-06-24,11,South
PROD-0022,2024-06-24,15,Central
PROD-0092,2024-06-24,10,North
PROD-0003,2024-06-24,44,Central
PROD-0041,2024-06-24,33,South
PROD-0073,2024-06-24,23,South
PROD-0056,2024-06-24,30,Central
PROD-0063,2024-06-24,47,North
PROD-0079,2024-06-24,34,West
PROD-0054,2024-06-24,21,North
PROD-0012,2024-06-24,26,West
PROD-0093,2024-06-24,32,West
PROD-0091,2024-06-24,7,North
PROD-0089,2024-06-24,28,East
PROD-0065,2024-06-24,38,South
PROD-0062,2024-06-24,1,Central
PROD-0037,2024-06-24,34,North
PROD-0051,2024-06-24,42,East
PROD-0064,2024-06-24,16,North
PROD-0059,2024-06-24,40,South
PROD-0081,2024-06-24,30,Central
PROD-0071,2024-06-24,29,West
PROD-0034,2024-06-24,8,West
PROD-0008,2024-06-24,33,North
PROD-0029,2024-06-24,23,Central
PROD-0076,2024-06-24,27,Central
PROD-0014,2024-06-24,35,South
PROD-0100,2024-06-24,35,East
PROD-0053,2024-06-24,23,West
PROD-0095,2024-06-24,12,North
PROD-0036,2024-06-24,46,South
PROD-0005,2024-06-24,45,West
PROD-0082,2024-06-24,25,East
PROD-0002,2024-06-25,26,Central
PROD-0090,2024-06-25,25,South
PROD-0021,2024-06-25,40,East
PROD-0033,2024-06-25,37,North
PROD-0035,2024-06-25,9,East
PROD-0047,2024-06-25,29,South
PROD-0062,2024-06-25,20,Central
PROD-0051,2024-06-25,33,Central
PROD-0020,2024-06-25,37,South
PROD-0025,2024-06-25,22,East
PROD-0099,2024-06-25,15,Central
PROD-0042,2024-06-25,18,West
PROD-0076,2024-06-25,41,North
PROD-0032,2024-06-25,49,West
PROD-0040,2024-06-25,48,East
PROD-0034,2024-06-25,9,Central
PROD-0038,2024-06-25,39,North
PROD-0026,2024-06-25,29,East
PROD-0024,2024-06-25,41,West
PROD-0086,2024-06-25,10,Central
PROD-0073,2024-06-25,27,West
PROD-0057,2024-06-25,38,East
PROD-0059,2024-06-25,5,West
PROD-0011,2024-06-25,37,Central
PROD-0048,2024-06-25,26,West
PROD-0069,2024-06-25,2,Central
PROD-0077,2024-06-25,1,Central
PROD-0039,2024-06-25,39,West
PROD-0053,2024-06-25,20,West
PROD-0079,2024-06-25,17,Central
PROD-0030,2024-06-25,23,Central
PROD-0016,2024-06-25,37,East
PROD-0012,2024-06-25,26,East
PROD-0064,2024-06-25,5,Central
PROD-0060,2024-06-25,13,Central
PROD-0007,2024-06-25,33,East
PROD-0100,2024-06-25,8,West
PROD-0008,2024-06-25,30,South
PROD-0098,2024-06-25,19,West
PROD-0063,2024-06-25,34,East
PROD-0009,2024-06-25,14,West
PROD-0085,2024-06-25,47,Central
PROD-0066,2024-06-25,35,Central
PROD-0096,2024-06-25,7,West
PROD-0084,2024-06-25,19,Central
PROD-0018,2024-06-25,35,North
PROD-0014,2024-06-25,17,East
PROD-0080,2024-06-25,21,North
PROD-0028,2024-06-25,39,South
PROD-0095,2024-06-25,43,Central
PROD-0088,2024-06-25,26,North
PROD-0082,2024-06-25,21,South
PROD-0055,2024-06-25,8,North
PROD-0019,2024-06-25,11,West
PROD-0083,2024-06-25,9,West
PROD-0065,2024-06-25,3,West
PROD-0070,2024-06-25,26,East
PROD-0004,2024-06-25,36,Central
PROD-0072,2024-06-25,4,North
PROD-0074,2024-06-25,35,South
PROD-0050,2024-06-25,18,Central
PROD-0022,2024-06-25,17,East
PROD-0093,2024-06-25,34,North
PROD-0075,2024-06-25,50,South
PROD-0068,2024-06-25,1,Central
PROD-0015,2024-06-25,35,Central
PROD-0041,2024-06-25,36,South
PROD-0044,2024-06-25,43,North
PROD-0092,2024-06-25,22,West
PROD-0023,2024-06-25,20,Central
PROD-0010,2024-06-25,36,South
PROD-0006,2024-06-25,40,Central
PROD-0049,2024-06-25,48,West
PROD-0013,2024-06-26,48,North
PROD-0059,2024-06-26,36,East
PROD-0032,2024-06-26,27,South
PROD-0069,2024-06-26,1,South
PROD-0001,2024-06-26,29,East
PROD-0007,2024-06-26,1,North
PROD-0088,2024-06-26,1,South
PROD-0071,2024-06-26,3,East
PROD-0049,2024-06-26,47,West
PROD-0011,2024-06-26,49,West
PROD-0097,2024-06-26,7,Central
PROD-0016,2024-06-26,50,Central
PROD-0051,2024-06-26,23,South
PROD-0057,2024-06-26,2,East
PROD-0087,2024-06-26,25,East
PROD-0070,2024-06-26,7,Central
PROD-0100,2024-06-26,17,Central
PROD-0018,2024-06-26,13,West
PROD-0053,2024-06-26,35,East
PROD-0082,2024-06-26,28,West
PROD-0041,2024-06-26,37,North
PROD-0036,2024-06-26,33,West
PROD-0040,2024-06-26,47,North
PROD-0024,2024-06-26,42,North
PROD-0038,2024-06-26,34,West
PROD-0033,2024-06-26,11,West
PROD-0020,2024-06-26,42,North
PROD-0047,2024-06-26,2,North
PROD-0063,2024-06-26,41,South
PROD-0030,2024-06-26,28,East
PROD-0083,2024-06-26,45,North
PROD-0077,2024-06-26,4,South
PROD-0093,2024-06-26,18,East
PROD-0094,2024-06-26,20,East
PROD-0029,2024-06-26,9,Central
PROD-0061,2024-06-26,39,North
PROD-0006,2024-06-26,26,West
PROD-0075,2024-06-26,18,East
PROD-0078,2024-06-26,28,Central
PROD-0027,2024-06-26,26,East
PROD-0035,2024-06-26,11,East
PROD-0068,2024-06-26,3,West
PROD-0046,2024-06-26,10,South
PROD-0045,2024-06-26,8,East
PROD-0060,2024-06-26,23,Central
PROD-0081,2024-06-26,39,West
PROD-0012,2024-06-26,31,South
PROD-0048,2024-06-26,21,West
PROD-0054,2024-06-26,50,South
PROD-0022,2024-06-26,12,South
PROD-0008,2024-06-26,8,Central
PROD-0026,2024-06-26,1,East
PROD-0042,2024-06-26,16,South
PROD-0025,2024-06-26,41,East
PROD-0005,2024-06-26,29,North
PROD-0039,2024-06-26,17,West
PROD-0098,2024-06-26,20,West
PROD-0086,2024-06-26,25,East
PROD-0056,2024-06-26,35,East
PROD-0067,2024-06-26,44,East
PROD-0064,2024-06-26,24,Central
PROD-0014,2024-06-26,15,Central
PROD-0023,2024-06-26,28,East
PROD-0091,2024-06-26,11,North
PROD-0037,2024-06-26,15,Central
PROD-0094,2024-06-27,1,West
PROD-0085,2024-06-27,6,South
PROD-0089,2024-06-27,19,East
PROD-0057,2024-06-27,47,East
PROD-0083,2024-06-27,14,North
PROD-0058,2024-06-27,11,Central
PROD-0071,2024-06-27,4,North
PROD-0097,2024-06-27,48,South
PROD-0068,2024-06-27,26,South
PROD-0050,2024-06-27,43,South
PROD-0017,2024-06-27,6,North
PROD-0012,2024-06-27,46,West
PROD-0055,2024-06-27,16,South
PROD-0059,2024-06-27,41,West
PROD-0005,2024-06-27,32,South
PROD-0029,2024-06-27,28,East
PROD-0051,2024-06-27,35,Central
PROD-0041,2024-06-27,47,South
PROD-0099,2024-06-27,40,East
PROD-0076,2024-06-27,36,East
PROD-0028,2024-06-27,46,East
PROD-0011,2024-06-27,36,East
PROD-0064,2024-06-27,11,South
PROD-0043,2024-06-27,38,East
PROD-0073,2024-06-27,11,East
PROD-0026,2024-06-27,9,East
PROD-0039,2024-06-27,7,West
PROD-0048,2024-06-27,8,Central
PROD-0069,2024-06-27,21,West
PROD-0061,2024-06-27,24,Central
PROD-0066,2024-06-27,6,West
PROD-0082,2024-06-27,5,North
PROD-0084,2024-06-27,22,North
PROD-0009,2024-06-27,34,North
PROD-0032,2024-06-27,24,East
PROD-0013,2024-06-27,39,North
PROD-0036,2024-06-27,17,West
PROD-0067,2024-06-27,30,East
PROD-0024,2024-06-27,18,West
PROD-0062,2024-06-27,15,East
PROD-0078,2024-06-27,41,South
PROD-0074,2024-06-27,23,South
PROD-0033,2024-06-27,20,West
PROD-0075,2024-06-27,34,East
PROD-0047,2024-06-27,8,West
PROD-0027,2024-06-27,8,East
PROD-0072,2024-06-27,38,East
PROD-0010,2024-06-27,45,Central
PROD-0035,2024-06-27,30,South
PROD-0044,2024-06-27,17,East
PROD-0091,2024-06-27,39,South
PROD-0086,2024-06-27,3,East
PROD-0087,2024-06-27,15,West
PROD-0060,2024-06-27,33,Central
PROD-0038,2024-06-27,2,South
PROD-0015,2024-06-27,13,North
PROD-0025,2024-06-27,34,South
PROD-0040,2024-06-27,27,North
PROD-0054,2024-06-27,5,South
PROD-0088,2024-06-27,16,Central
PROD-0081,2024-06-27,39,South
PROD-0019,2024-06-27,28,North
PROD-0034,2024-06-27,33,West
PROD-0031,2024-06-27,33,Central
PROD-0090,2024-06-28,36,North
PROD-0027,2024-06-28,23,South
PROD-0073,2024-06-28,31,Central
PROD-0045,2024-06-28,31,South
PROD-0067,2024-06-28,1,East
PROD-0094,2024-06-28,36,West
PROD-0072,2024-06-28,12,East
PROD-0069,2024-06-28,44,North
PROD-0035,2024-06-28,21,South
PROD-0014,2024-06-28,8,West
PROD-0095,2024-06-28,45,East
PROD-0016,2024-06-28,27,East
PROD-0023,2024-06-28,43,South
PROD-0057,2024-06-28,21,South
PROD-0097,2024-06-28,31,Central
PROD-0012,2024-06-28,4,North
PROD-0007,2024-06-28,33,Central
PROD-0077,2024-06-28,7,East
PROD-0058,2024-06-28,28,West
PROD-0010,2024-06-28,13,East
PROD-0056,2024-06-28,18,West
PROD-0002,2024-06-28,32,North
PROD-0037,2024-06-28,48,West
PROD-0076,2024-06-28,29,West
PROD-0050,2024-06-28,11,Central
PROD-0032,2024-06-28,26,Central
PROD-0092,2024-06-28,5,East
PROD-0025,2024-06-28,15,South
PROD-0043,2024-06-28,26,South
PROD-0081,2024-06-28,38,Central
PROD-0060,2024-06-28,37,East
PROD-0029,2024-06-28,25,West
PROD-0070,2024-06-28,17,East
PROD-0028,2024-06-28,4,Central
PROD-0100,2024-06-28,38,Central
PROD-0006,2024-06-28,38,North
PROD-0088,2024-06-28,45,North
PROD-0066,2024-06-28,8,North
PROD-0079,2024-06-28,35,Central
PROD-0048,2024-06-28,36,East
PROD-0068,2024-06-28,31,South
PROD-0051,2024-06-28,37,North
PROD-0024,2024-06-28,35,South
PROD-0049,2024-06-28,44,East
PROD-0013,2024-06-28,11,North
PROD-0089,2024-06-28,46,North
PROD-0041,2024-06-28,35,Central
PROD-0021,2024-06-28,27,Central
PROD-0036,2024-06-28,19,East
PROD-0039,2024-06-28,11,East
PROD-0047,2024-06-28,25,East
PROD-0062,2024-06-28,48,Central
PROD-0093,2024-06-28,50,Central
PROD-0019,2024-06-28,20,Central
PROD-0061,2024-06-28,49,Central
PROD-0022,2024-06-28,47,West
PROD-0054,2024-06-28,38,East
PROD-0003,2024-06-28,29,South
PROD-0059,2024-06-28,36,East
PROD-0040,2024-06-28,50,West
PROD-0026,2024-06-28,22,Central
PROD-0053,2024-06-28,23,Central
PROD-0046,2024-06-28,9,Central
PROD-0042,2024-06-28,48,North
PROD-0084,2024-06-28,38,North
PROD-0015,2024-06-28,12,South
PROD-0085,2024-06-28,5,West
PROD-0078,2024-06-28,48,Central
PROD-0005,2024-06-28,30,Central
PROD-0008,2024-06-28,39,North
PROD-0030,2024-06-28,9,East
PROD-0091,2024-06-28,34,Central
PROD-0083,2024-06-28,13,Central
PROD-0080,2024-06-28,29,North
PROD-0075,2024-06-28,30,North
PROD-0004,2024-06-28,22,Central
PROD-0033,2024-06-28,34,East
PROD-0058,2024-06-29,10,East
PROD-0086,2024-06-29,4,East
PROD-0044,2024-06-29,8,West
PROD-0080,2024-06-29,19,South
PROD-0083,2024-06-29,20,West
PROD-0069,2024-06-29,20,North
PROD-0043,2024-06-29,3,South
PROD-0038,2024-06-29,28,South
PROD-0016,2024-06-29,24,North
PROD-0081,2024-06-29,8,Central
PROD-0059,2024-06-29,19,East
PROD-0033,2024-06-29,29,West
PROD-0028,2024-06-29,21,North
PROD-0037,2024-06-29,30,North
PROD-0082,2024-06-29,22,South
PROD-0100,2024-06-29,24,West
PROD-0027,2024-06-29,21,North
PROD-0052,2024-06-29,10,East
PROD-0089,2024-06-29,22,North
PROD-0085,2024-06-29,1,Central
PROD-0097,2024-06-29,25,Central
PROD-0025,2024-06-29,24,South
PROD-0011,2024-06-29,4,West
PROD-0019,2024-06-29,18,Central
PROD-0064,2024-06-29,2,East
PROD-0046,2024-06-29,12,South
PROD-0006,2024-06-29,21,West
PROD-0004,2024-06-29,16,Central
PROD-0022,2024-06-29,8,South
PROD-0099,2024-06-29,14,North
PROD-0031,2024-06-29,24,East
PROD-0005,2024-06-29,28,Central
PROD-0074,2024-06-29,21,North
PROD-0034,2024-06-29,29,West
PROD-0030,2024-06-29,28,North
PROD-0008,2024-06-29,30,East
PROD-0026,2024-06-29,7,South
PROD-0021,2024-06-29,26,West
PROD-0041,2024-06-29,1,North
PROD-0012,2024-06-29,4,Central
PROD-0057,2024-06-29,9,Central
PROD-0087,2024-06-29,3,North
PROD-0072,2024-06-29,9,Central
PROD-0050,2024-06-29,5,Central
PROD-0018,2024-06-29,18,East
PROD-0039,2024-06-29,5,East
PROD-0017,2024-06-29,13,North
PROD-0047,2024-06-29,9,West
PROD-0062,2024-06-29,1,Central
PROD-0015,2024-06-29,2,Central
PROD-0093,2024-06-29,12,Central
PROD-0094,2024-06-29,4,Central
PROD-0078,2024-06-29,27,North
PROD-0007,2024-06-29,1,East
PROD-0055,2024-06-29,12,North
PROD-0075,2024-06-29,5,East
PROD-0023,2024-06-29,8,West
PROD-0098,2024-06-29,8,West
PROD-0088,2024-06-29,3,East
PROD-0076,2024-06-29,27,Central
PROD-0070,2024-06-29,19,South
PROD-0009,2024-06-29,15,West
PROD-0036,2024-06-29,5,West
PROD-0013,2024-06-29,3,South
PROD-0010,2024-06-29,27,East
PROD-0048,2024-06-29,19,Central
PROD-0073,2024-06-29,15,Central
PROD-0090,2024-06-29,9,South
PROD-0003,2024-06-29,13,South
PROD-0014,2024-06-29,24,North
PROD-0065,2024-06-29,27,North
PROD-0092,2024-06-29,24,East
PROD-0071,2024-06-29,21,East
PROD-0051,2024-06-29,29,West
PROD-0035,2024-06-29,3,East
PROD-0063,2024-06-29,24,East
PROD-0001,2024-06-29,17,South
PROD-0042,2024-06-29,3,East
PROD-0083,2024-06-30,15,South
PROD-0079,2024-06-30,22,West
PROD-0078,2024-06-30,22,South
PROD-0008,2024-06-30,13,East
PROD-0067,2024-06-30,4,North
PROD-0033,2024-06-30,15,East
PROD-0082,2024-06-30,9,West
PROD-0030,2024-06-30,26,Central
PROD-0070,2024-06-30,1,South
PROD-0093,2024-06-30,19,South
PROD-0004,2024-06-30,18,West
PROD-0041,2024-06-30,7,West
PROD-0076,2024-06-30,1,South
PROD-0002,2024-06-30,21,Central
PROD-0073,2024-06-30,16,West
PROD-0098,2024-06-30,16,North
PROD-0012,2024-06-30,13,South
PROD-0061,2024-06-30,11,South
PROD-0021,2024-06-30,20,North
PROD-0059,2024-06-30,15,East
PROD-0027,2024-06-30,10,North
PROD-0077,2024-06-30,27,West
PROD-0048,2024-06-30,3,North
PROD-0023,2024-06-30,4,Central
PROD-0046,2024-06-30,27,West
PROD-0096,2024-06-30,12,South
PROD-0020,2024-06-30,13,Central
PROD-0069,2024-06-30,24,East
PROD-0032,2024-06-30,16,East
PROD-0039,2024-06-30,1,East
PROD-0060,2024-06-30,4,North
PROD-0088,2024-06-30,7,Central
PROD-0042,2024-06-30,21,North
PROD-0037,2024-06-30,5,West
PROD-0036,2024-06-30,8,North
PROD-0053,2024-06-30,10,South
PROD-0017,2024-06-30,19,West
PROD-0034,2024-06-30,8,West
PROD-0092,2024-06-30,5,Central
PROD-0016,2024-06-30,4,East
PROD-0025,2024-06-30,24,East
PROD-0001,2024-06-30,26,East
PROD-0094,2024-06-30,18,North
PROD-0087,2024-06-30,20,Central
PROD-0063,2024-06-30,9,Central
PROD-0011,2024-06-30,12,South
PROD-0043,2024-06-30,1,Central
PROD-0050,2024-06-30,16,Central
PROD-0047,2024-06-30,1,West
PROD-0014,2024-06-30,19,West
PROD-0081,2024-06-30,10,Central
PROD-0028,2024-06-30,24,North
PROD-0003,2024-06-30,22,South
PROD-0065,2024-06-30,7,Central
PROD-0085,2024-06-30,21,East
PROD-0072,2024-06-30,24,Central
PROD-0074,2024-06-30,18,East
PROD-0071,2024-06-30,12,East
PROD-0045,2024-06-30,4,South
PROD-0084,2024-06-30,30,East
PROD-0040,2024-06-30,21,West
PROD-0049,2024-06-30,5,West
PROD-0009,2024-06-30,4,West
PROD-0022,2024-06-30,10,South
PROD-0062,2024-06-30,1,West
PROD-0099,2024-06-30,21,Central
PROD-0044,2024-06-30,4,North
PROD-0055,2024-06-30,29,West
PROD-0019,2024-06-30,10,North
PROD-0035,2024-06-30,7,East
PROD-0005,2024-06-30,8,Central
PROD-0097,2024-06-30,19,Central
PROD-0089,2024-06-30,3,Central
PROD-0029,2024-06-30,19,South
PROD-0090,2024-06-30,21,West
PROD-0024,2024-06-30,17,East
PROD-0080,2024-06-30,19,South
PROD-0027,2024-07-01,14,West
PROD-0070,2024-07-01,19,West
PROD-0059,2024-07-01,29,North
PROD-0069,2024-07-01,17,North
PROD-0065,2024-07-01,15,North
PROD-0002,2024-07-01,39,North
PROD-0021,2024-07-01,40,North
PROD-0001,2024-07-01,23,South
PROD-0025,2024-07-01,33,West
PROD-0026,2024-07-01,2,South
PROD-0044,2024-07-01,35,South
PROD-0014,2024-07-01,26,South
PROD-0095,2024-07-01,23,East
PROD-0020,2024-07-01,11,North
PROD-0022,2024-07-01,17,North
PROD-0041,2024-07-01,42,South
PROD-0037,2024-07-01,15,North
PROD-0087,2024-07-01,40,North
PROD-0013,2024-07-01,47,East
PROD-0081,2024-07-01,29,West
PROD-0060,2024-07-01,9,North
PROD-0079,2024-07-01,18,East
PROD-0011,2024-07-01,5,North
PROD-0074,2024-07-01,4,West
PROD-0039,2024-07-01,45,Central
PROD-0036,2024-07-01,46,East
PROD-0086,2024-07-01,7,Central
PROD-0048,2024-07-01,14,South
PROD-0097,2024-07-01,18,East
PROD-0057,2024-07-01,50,South
PROD-0064,2024-07-01,36,North
PROD-0033,2024-07-01,4,Central
PROD-0083,2024-07-01,31,Central
PROD-0055,2024-07-01,20,North
PROD-0100,2024-07-01,41,South
PROD-0077,2024-07-01,10,East
PROD-0045,2024-07-01,35,West
PROD-0035,2024-07-01,2,Central
PROD-0003,2024-07-01,47,Central
PROD-0051,2024-07-01,31,South
PROD-0075,2024-07-01,48,West
PROD-0004,2024-07-01,17,Central
PROD-0080,2024-07-01,27,South
PROD-0058,2024-07-01,12,South
PROD-0096,2024-07-01,24,North
PROD-0071,2024-07-01,32,East
PROD-0062,2024-07-01,10,South
PROD-0082,2024-07-01,19,North
PROD-0031,2024-07-01,17,South
PROD-0076,2024-07-01,12,West
PROD-0094,2024-07-01,7,North
PROD-0098,2024-07-01,35,Central
PROD-0015,2024-07-01,4,North
PROD-0091,2024-07-01,13,East
PROD-0093,2024-07-01,25,Central
PROD-0038,2024-07-01,28,North
PROD-0090,2024-07-01,45,West
PROD-0047,2024-07-01,14,North
PROD-0043,2024-07-01,31,North
PROD-0032,2024-07-01,10,Central
PROD-0089,2024-07-01,26,West
PROD-0063,2024-07-01,45,South
PROD-0008,2024-07-01,4,South
PROD-0052,2024-07-01,50,North
PROD-0007,2024-07-01,3,Central
PROD-0016,2024-07-01,22,South
PROD-0054,2024-07-01,26,West
PROD-0005,2024-07-01,47,South
PROD-0088,2024-07-01,5,Central
PROD-0078,2024-07-01,24,South
PROD-0072,2024-07-01,27,Central
PROD-0046,2024-07-01,38,North
PROD-0061,2024-07-01,1,East
PROD-0099,2024-07-01,30,West
PROD-0049,2024-07-02,2,North
PROD-0039,2024-07-02,7,West
PROD-0085,2024-07-02,16,South
PROD-0087,2024-07-02,22,Central
PROD-0024,2024-07-02,1,North
PROD-0027,2024-07-02,30,South
PROD-0012,2024-07-02,40,West
PROD-0036,2024-07-02,6,South
PROD-0028,2024-07-02,49,North
PROD-0026,2024-07-02,42,West
PROD-0089,2024-07-02,11,South
PROD-0032,2024-07-02,6,North
PROD-0092,2024-07-02,14,Central
PROD-0023,2024-07-02,25,Central
PROD-0100,2024-07-02,3,Central
PROD-0079,2024-07-02,31,North
PROD-0063,2024-07-02,42,West
PROD-0052,2024-07-02,32,South
PROD-0095,2024-07-02,12,North
PROD-0084,2024-07-02,2,East
PROD-0030,2024-07-02,21,East
PROD-0020,2024-07-02,48,West
PROD-0093,2024-07-02,8,West
PROD-0033,2024-07-02,8,Central
PROD-0031,2024-07-02,11,Central
PROD-0014,2024-07-02,5,West
PROD-0070,2024-07-02,1,West
PROD-0077,2024-07-02,17,East
PROD-0016,2024-07-02,16,West
PROD-0069,2024-07-02,4,South
PROD-0074,2024-07-02,15,East
PROD-0051,2024-07-02,19,South
PROD-0044,2024-07-02,12,East
PROD-0075,2024-07-02,10,North
PROD-0096,2024-07-02,42,West
PROD-0037,2024-07-02,1,South
PROD-0073,2024-07-02,22,South
PROD-0011,2024-07-02,14,Central
PROD-0034,2024-07-02,18,North
PROD-0005,2024-07-02,10,North
PROD-0006,2024-07-02,38,East
PROD-0060,2024-07-02,20,West
PROD-0083,2024-07-02,31,South
PROD-0013,2024-07-02,25,Central
PROD-0029,2024-07-02,2,South
PROD-0053,2024-07-02,44,South
PROD-0001,2024-07-02,27,East
PROD-0017,2024-07-02,21,North
PROD-0076,2024-07-02,15,South
PROD-0097,2024-07-02,31,West
PROD-0019,2024-07-02,6,West
PROD-0007,2024-07-02,39,East
PROD-0071,2024-07-02,47,Central
PROD-0015,2024-07-02,2,South
PROD-0008,2024-07-02,18,East
PROD-0022,2024-07-02,45,East
PROD-0040,2024-07-02,38,Central
PROD-0050,2024-07-02,23,North
PROD-0064,2024-07-02,25,North
PROD-0067,2024-07-02,9,North
PROD-0059,2024-07-02,7,Central
PROD-0003,2024-07-02,43,North
PROD-0088,2024-07-02,21,Central
PROD-0035,2024-07-02,38,North
PROD-0082,2024-07-02,11,West
PROD-0098,2024-07-02,35,West
PROD-0041,2024-07-02,49,East
PROD-0094,2024-07-02,47,Central
PROD-0048,2024-07-02,35,West
PROD-0018,2024-07-02,17,West
PROD-0045,2024-07-02,36,West
PROD-0091,2024-07-02,33,West
PROD-0024,2024-07-03,30,West
PROD-0090,2024-07-03,4,North
PROD-0003,2024-07-03,33,Central
PROD-0016,2024-07-03,18,East
PROD-0086,2024-07-03,30,East
PROD-0007,2024-07-03,2,Central
PROD-0020,2024-07-03,48,South
PROD-0011,2024-07-03,29,Central
PROD-0085,2024-07-03,6,Central
PROD-0055,2024-07-03,8,Central
PROD-0046,2024-07-03,3,West
PROD-0094,2024-07-03,19,Central
PROD-0061,2024-07-03,37,South
PROD-0022,2024-07-03,6,West
PROD-0032,2024-07-03,20,North
PROD-0014,2024-07-03,4,West
PROD-0029,2024-07-03,37,Central
PROD-0025,2024-07-03,50,South
PROD-0087,2024-07-03,26,Central
PROD-0053,2024-07-03,47,South
PROD-0100,2024-07-03,13,East
PROD-0030,2024-07-03,15,East
PROD-0082,2024-07-03,35,East
PROD-0075,2024-07-03,33,West
PROD-0035,2024-07-03,18,West
PROD-0048,2024-07-03,3,Central
PROD-0057,2024-07-03,11,North
PROD-0076,2024-07-03,15,Central
PROD-0054,2024-07-03,34,West
PROD-0073,2024-07-03,21,East
PROD-0071,2024-07-03,28,South
PROD-0065,2024-07-03,10,North
PROD-0077,2024-07-03,11,North
PROD-0045,2024-07-03,11,South
PROD-0097,2024-07-03,48,West
PROD-0006,2024-07-03,44,South
PROD-0062,2024-07-03,1,East
PROD-0043,2024-07-03,22,North
PROD-0005,2024-07-03,14,South
PROD-0051,2024-07-03,1,North
PROD-0026,2024-07-03,2,North
PROD-0021,2024-07-03,36,Central
PROD-0068,2024-07-03,25,South
PROD-0038,2024-07-03,19,West
PROD-0080,2024-07-03,30,South
PROD-0063,2024-07-03,38,North
PROD-0047,2024-07-03,40,North
PROD-0088,2024-07-03,1,Central
PROD-0079,2024-07-03,34,Central
PROD-0001,2024-07-03,50,Central
PROD-0098,2024-07-03,6,North
PROD-0004,2024-07-03,17,North
PROD-0028,2024-07-03,26,North
PROD-0056,2024-07-03,2,Central
PROD-0031,2024-07-03,6,West
PROD-0092,2024-07-03,37,South
PROD-0067,2024-07-03,16,South
PROD-0069,2024-07-03,44,West
PROD-0041,2024-07-03,13,West
PROD-0039,2024-07-03,48,Central
PROD-0040,2024-07-03,44,Central
PROD-0050,2024-07-03,50,Central
PROD-0091,2024-07-04,48,Central
PROD-0083,2024-07-04,3,West
PROD-0050,2024-07-04,1,Central
PROD-0061,2024-07-04,47,East
PROD-0056,2024-07-04,20,Central
PROD-0055,2024-07-04,6,Central
PROD-0058,2024-07-04,28,West
PROD-0071,2024-07-04,17,West
PROD-0054,2024-07-04,16,North
PROD-0049,2024-07-04,4,North
PROD-0068,2024-07-04,39,Central
PROD-0023,2024-07-04,33,East
PROD-0074,2024-07-04,44,South
PROD-0093,2024-07-04,16,West
PROD-0037,2024-07-04,8,North
PROD-0089,2024-07-04,47,South
PROD-0065,2024-07-04,29,North
PROD-0060,2024-07-04,7,Central
PROD-0067,2024-07-04,6,East
PROD-0047,2024-07-04,6,Central
PROD-0094,2024-07-04,36,East
PROD-0080,2024-07-04,45,East
PROD-0092,2024-07-04,22,Central
PROD-0033,2024-07-04,10,Central
PROD-0007,2024-07-04,20,South
PROD-0009,2024-07-04,2,South
PROD-0029,2024-07-04,41,East
PROD-0100,2024-07-04,43,North
PROD-0038,2024-07-04,5,East
PROD-0096,2024-07-04,14,East
PROD-0072,2024-07-04,49,South
PROD-0051,2024-07-04,18,West
PROD-0099,2024-07-04,27,North
PROD-0048,2024-07-04,29,East
PROD-0041,2024-07-04,25,Central
PROD-0014,2024-07-04,39,Central
PROD-0043,2024-07-04,17,East
PROD-0019,2024-07-04,38,East
PROD-0081,2024-07-04,26,West
PROD-0069,2024-07-04,29,South
PROD-0003,2024-07-04,46,North
PROD-0002,2024-07-04,7,North
PROD-0006,2024-07-04,36,South
PROD-0064,2024-07-04,18,North
PROD-0036,2024-07-04,9,Central
PROD-0057,2024-07-04,6,Central
PROD-0052,2024-07-04,10,South
PROD-0001,2024-07-04,42,South
PROD-0066,2024-07-04,33,West
PROD-0010,2024-07-04,39,East
PROD-0077,2024-07-04,1,South
PROD-0059,2024-07-04,26,South
PROD-0031,2024-07-04,3,Central
PROD-0013,2024-07-04,23,Central
PROD-0097,2024-07-04,5,West
PROD-0046,2024-07-04,17,East
PROD-0084,2024-07-04,9,West
PROD-0063,2024-07-04,15,East
PROD-0025,2024-07-04,41,South
PROD-0004,2024-07-04,27,East
PROD-0016,2024-07-04,11,South
PROD-0012,2024-07-04,23,West
PROD-0034,2024-07-04,2,North
PROD-0075,2024-07-04,19,North
PROD-0017,2024-07-04,11,Central
PROD-0024,2024-07-04,7,Central
PROD-0021,2024-07-04,9,Central
PROD-0095,2024-07-04,45,East
PROD-0087,2024-07-04,7,Central
PROD-0040,2024-07-04,8,West
PROD-0020,2024-07-04,5,South
PROD-0076,2024-07-04,41,East
PROD-0011,2024-07-04,23,Central
PROD-0090,2024-07-04,2,East
PROD-0090,2024-07-05,26,North
PROD-0052,2024-07-05,3,North
PROD-0063,2024-07-05,30,Central
PROD-0031,2024-07-05,12,South
PROD-0067,2024-07-05,4,East
PROD-0046,2024-07-05,28,West
PROD-0009,2024-07-05,2,North
PROD-0092,2024-07-05,6,South
PROD-0076,2024-07-05,36,South
PROD-0093,2024-07-05,34,South
PROD-0049,2024-07-05,30,North
PROD-0054,2024-07-05,2,North
PROD-0004,2024-07-05,47,South
PROD-0008,2024-07-05,13,South
PROD-0038,2024-07-05,37,West
PROD-0099,2024-07-05,5,East
PROD-0040,2024-07-05,6,South
PROD-0007,2024-07-05,2,East
PROD-0011,2024-07-05,35,East
PROD-0012,2024-07-05,1,West
PROD-0098,2024-07-05,48,West
PROD-0035,2024-07-05,28,East
PROD-0014,2024-07-05,15,East
PROD-0058,2024-07-05,20,West
PROD-0020,2024-07-05,47,North
PROD-0075,2024-07-05,20,South
PROD-0024,2024-07-05,10,West
PROD-0100,2024-07-05,27,South
PROD-0083,2024-07-05,41,East
PROD-0094,2024-07-05,25,North
PROD-0079,2024-07-05,7,Central
PROD-0056,2024-07-05,6,East
PROD-0032,2024-07-05,16,North
PROD-0086,2024-07-05,24,West
PROD-0057,2024-07-05,47,South
PROD-0015,2024-07-05,47,East
PROD-0033,2024-07-05,32,South
PROD-0061,2024-07-05,17,South
PROD-0081,2024-07-05,23,Central
PROD-0069,2024-07-05,27,North
PROD-0059,2024-07-05,32,West
PROD-0078,2024-07-05,35,South
PROD-0003,2024-07-05,11,East
PROD-0070,2024-07-05,49,North
PROD-0053,2024-07-05,48,South
PROD-0087,2024-07-05,30,South
PROD-0037,2024-07-05,26,West
PROD-0096,2024-07-05,1,Central
PROD-0071,2024-07-05,26,West
PROD-0001,2024-07-05,46,West
PROD-0002,2024-07-05,23,West
PROD-0016,2024-07-05,10,South
PROD-0055,2024-07-05,18,North
PROD-0006,2024-07-05,40,West
PROD-0050,2024-07-05,27,Central
PROD-0065,2024-07-05,29,Central
PROD-0022,2024-07-05,18,Central
PROD-0088,2024-07-05,19,West
PROD-0047,2024-07-05,30,North
PROD-0043,2024-07-05,43,South
PROD-0018,2024-07-05,38,North
PROD-0017,2024-07-05,41,South
PROD-0005,2024-07-05,24,North
PROD-0030,2024-07-05,3,West
PROD-0077,2024-07-05,7,Central
PROD-0042,2024-07-05,20,Central
PROD-0025,2024-07-05,37,West
PROD-0013,2024-07-05,20,South
PROD-0062,2024-07-05,9,South
PROD-0085,2024-07-05,21,East
PROD-0080,2024-07-05,14,East
PROD-0089,2024-07-05,4,East
PROD-0095,2024-07-05,47,West
PROD-0066,2024-07-06,29,West
PROD-0014,2024-07-06,21,South
PROD-0032,2024-07-06,4,South
PROD-0043,2024-07-06,3,East
PROD-0025,2024-07-06,24,West
PROD-0029,2024-07-06,10,Central
PROD-0027,2024-07-06,28,East
PROD-0079,2024-07-06,6,East
PROD-0054,2024-07-06,10,Central
PROD-0061,2024-07-06,7,North
PROD-0071,2024-07-06,15,East
PROD-0018,2024-07-06,11,North
PROD-0005,2024-07-06,30,North
PROD-0013,2024-07-06,4,Central
PROD-0077,2024-07-06,19,South
PROD-0011,2024-07-06,21,Central
PROD-0069,2024-07-06,3,Central
PROD-0081,2024-07-06,6,West
PROD-0070,2024-07-06,9,North
PROD-0047,2024-07-06,25,West
PROD-0089,2024-07-06,9,East
PROD-0042,2024-07-06,9,East
PROD-0085,2024-07-06,26,Central
PROD-0055,2024-07-06,11,Central
PROD-0009,2024-07-06,19,South
PROD-0095,2024-07-06,28,North
PROD-0064,2024-07-06,20,Central
PROD-0059,2024-07-06,10,Central
PROD-0046,2024-07-06,16,Central
PROD-0068,2024-07-06,1,West
PROD-0053,2024-07-06,15,East
PROD-0050,2024-07-06,30,North
PROD-0094,2024-07-06,13,North
PROD-0063,2024-07-06,4,North
PROD-0074,2024-07-06,7,North
PROD-0037,2024-07-06,6,East
PROD-0007,2024-07-06,12,South
PROD-0026,2024-07-06,25,East
PROD-0022,2024-07-06,3,South
PROD-0036,2024-07-06,9,North
PROD-0039,2024-07-06,4,West
PROD-0049,2024-07-06,2,East
PROD-0099,2024-07-06,24,Central
PROD-0072,2024-07-06,16,North
PROD-0060,2024-07-06,9,West
PROD-0096,2024-07-06,6,North
PROD-0028,2024-07-06,27,Central
PROD-0100,2024-07-06,15,North
PROD-0056,2024-07-06,2,South
PROD-0058,2024-07-06,6,North
PROD-0016,2024-07-06,27,South
PROD-0073,2024-07-06,4,Central
PROD-0035,2024-07-06,17,Central
PROD-0088,2024-07-06,22,Central
PROD-0003,2024-07-06,23,North
PROD-0021,2024-07-06,3,North
PROD-0031,2024-07-06,10,North
PROD-0045,2024-07-06,0,South
PROD-0015,2024-07-06,12,West
PROD-0033,2024-07-06,4,South
PROD-0019,2024-07-06,4,West
PROD-0017,2024-07-06,28,North
PROD-0090,2024-07-06,22,West
PROD-0057,2024-07-06,29,Central
PROD-0008,2024-07-06,16,North
PROD-0001,2024-07-06,30,North
PROD-0080,2024-07-06,24,West
PROD-0051,2024-07-06,6,East
PROD-0010,2024-07-06,26,Central
PROD-0004,2024-07-06,29,North
PROD-0006,2024-07-06,28,Central
PROD-0086,2024-07-06,10,North
PROD-0083,2024-07-06,22,East
PROD-0087,2024-07-06,24,West
PROD-0030,2024-07-06,20,East
PROD-0012,2024-07-06,14,North
PROD-0062,2024-07-06,24,North
PROD-0010,2024-07-07,17,East
PROD-0025,2024-07-07,9,East
PROD-0033,2024-07-07,20,South
PROD-0043,2024-07-07,27,North
PROD-0035,2024-07-07,1,West
PROD-0057,2024-07-07,6,Central
PROD-0066,2024-07-07,20,West
PROD-0062,2024-07-07,20,North
PROD-0012,2024-07-07,18,South
PROD-0004,2024-07-07,30,West
PROD-0061,2024-07-07,23,North
PROD-0055,2024-07-07,27,South
PROD-0085,2024-07-07,18,North
PROD-0079,2024-07-07,16,North
PROD-0016,2024-07-07,16,North
PROD-0047,2024-07-07,21,Central
PROD-0052,2024-07-07,4,Central
PROD-0040,2024-07-07,18,South
PROD-0032,2024-07-07,5,South
PROD-0021,2024-07-07,26,Central
PROD-0077,2024-07-07,29,Central
PROD-0095,2024-07-07,24,West
PROD-0036,2024-07-07,10,West
PROD-0080,2024-07-07,19,North
PROD-0020,2024-07-07,21,South
PROD-0083,2024-07-07,19,East
PROD-0038,2024-07-07,9,North
PROD-0041,2024-07-07,17,West
PROD-0063,2024-07-07,21,North
PROD-0064,2024-07-07,0,South
PROD-0030,2024-07-07,11,Central
PROD-0006,2024-07-07,0,Central
PROD-0031,2024-07-07,14,East
PROD-0081,2024-07-07,18,Central
PROD-0056,2024-07-07,1,North
PROD-0075,2024-07-07,6,East
PROD-0001,2024-07-07,25,East
PROD-0015,2024-07-07,7,South
PROD-0070,2024-07-07,8,West
PROD-0071,2024-07-07,7,South
PROD-0087,2024-07-07,4,West
PROD-0024,2024-07-07,22,North
PROD-0072,2024-07-07,15,Central
PROD-0005,2024-07-07,25,West
PROD-0013,2024-07-07,21,East
PROD-0018,2024-07-07,18,East
PROD-0039,2024-07-07,15,West
PROD-0019,2024-07-07,1,West
PROD-0034,2024-07-07,17,East
PROD-0065,2024-07-07,3,West
PROD-0011,2024-07-07,24,North
PROD-0002,2024-07-07,9,Central
PROD-0090,2024-07-07,14,South
PROD-0051,2024-07-07,3,East
PROD-0067,2024-07-07,2,North
PROD-0069,2024-07-07,16,East
PROD-0045,2024-07-07,6,West
PROD-0097,2024-07-07,3,North
PROD-0086,2024-07-07,18,North
PROD-0091,2024-07-07,8,South
PROD-0046,2024-07-07,14,North
PROD-0076,2024-07-08,42,Central
PROD-0019,2024-07-08,50,East
PROD-0059,2024-07-08,11,East
PROD-0057,2024-07-08,14,North
PROD-0041,2024-07-08,40,Central
PROD-0077,2024-07-08,15,Central
PROD-0009,2024-07-08,9,East
PROD-0022,2024-07-08,35,East
PROD-0036,2024-07-08,33,North
PROD-0020,2024-07-08,15,North
PROD-0014,2024-07-08,1,East
PROD-0002,2024-07-08,7,West
PROD-0021,2024-07-08,39,North
PROD-0040,2024-07-08,1,East
PROD-0026,2024-07-08,15,North
PROD-0008,2024-07-08,10,North
PROD-0027,2024-07-08,24,North
PROD-0098,2024-07-08,25,West
PROD-0067,2024-07-08,47,East
PROD-0011,2024-07-08,49,Central
PROD-0092,2024-07-08,25,East
PROD-0080,2024-07-08,26,South
PROD-0003,2024-07-08,15,Central
PROD-0010,2024-07-08,22,South
PROD-0055,2024-07-08,20,Central
PROD-0004,2024-07-08,6,North
PROD-0050,2024-07-08,1,East
PROD-0029,2024-07-08,2,North
PROD-0060,2024-07-08,49,East
PROD-0065,2024-07-08,32,West
PROD-0012,2024-07-08,17,South
PROD-0053,2024-07-08,32,Central
PROD-0074,2024-07-08,38,West
PROD-0005,2024-07-08,8,East
PROD-0083,2024-07-08,31,South
PROD-0006,2024-07-08,36,East
PROD-0025,2024-07-08,21,North
PROD-0017,2024-07-08,9,Central
PROD-0081,2024-07-08,50,North
PROD-0069,2024-07-08,29,West
PROD-0033,2024-07-08,22,North
PROD-0015,2024-07-08,9,South
PROD-0039,2024-07-08,38,East
PROD-0088,2024-07-08,49,Central
PROD-0097,2024-07-08,32,Central
PROD-0090,2024-07-08,7,East
PROD-0064,2024-07-08,24,East
PROD-0056,2024-07-08,10,West
PROD-0001,2024-07-08,41,North
PROD-0063,2024-07-08,49,Central
PROD-0100,2024-07-08,30,South
PROD-0093,2024-07-08,15,West
PROD-0095,2024-07-08,2,South
PROD-0070,2024-07-08,19,East
PROD-0018,2024-07-08,28,East
PROD-0071,2024-07-08,50,East
PROD-0099,2024-07-08,28,West
PROD-0028,2024-07-08,30,South
PROD-0073,2024-07-08,3,East
PROD-0072,2024-07-08,5,West
PROD-0044,2024-07-08,7,North
PROD-0052,2024-07-08,30,South
PROD-0038,2024-07-08,4,Central
PROD-0079,2024-07-08,30,North
PROD-0007,2024-07-08,24,West
PROD-0013,2024-07-08,17,West
PROD-0089,2024-07-08,35,South
PROD-0084,2024-07-08,31,North
PROD-0023,2024-07-08,14,North
PROD-0034,2024-07-08,32,East
PROD-0043,2024-07-08,20,South
PROD-0066,2024-07-08,34,North
PROD-0024,2024-07-08,50,South
PROD-0030,2024-07-08,29,East
PROD-0047,2024-07-08,5,East
PROD-0075,2024-07-08,33,East
PROD-0068,2024-07-08,46,West
PROD-0094,2024-07-08,43,South
PROD-0042,2024-07-08,25,North
PROD-0077,2024-07-09,12,East
PROD-0073,2024-07-09,17,West
PROD-0020,2024-07-09,44,Central
PROD-0006,2024-07-09,26,South
PROD-0064,2024-07-09,29,South
PROD-0100,2024-07-09,36,Central
PROD-0039,2024-07-09,20,North
PROD-0091,2024-07-09,29,West
PROD-0086,2024-07-09,28,East
PROD-0026,2024-07-09,9,North
PROD-0055,2024-07-09,29,West
PROD-0063,2024-07-09,44,South
PROD-0011,2024-07-09,10,West
PROD-0049,2024-07-09,5,South
PROD-0050,2024-07-09,22,South
PROD-0022,2024-07-09,47,Central
PROD-0037,2024-07-09,26,West
PROD-0075,2024-07-09,27,South
PROD-0052,2024-07-09,23,Central
PROD-0008,2024-07-09,9,South
PROD-0005,2024-07-09,34,West
PROD-0074,2024-07-09,47,Central
PROD-0092,2024-07-09,31,Central
PROD-0007,2024-07-09,4,West
PROD-0060,2024-07-09,43,North
PROD-0040,2024-07-09,17,Central
PROD-0099,2024-07-09,34,West
PROD-0076,2024-07-09,38,South
PROD-0080,2024-07-09,12,North
PROD-0061,2024-07-09,45,East
PROD-0003,2024-07-09,50,East
PROD-0044,2024-07-09,50,South
PROD-0024,2024-07-09,17,North
PROD-0019,2024-07-09,23,North
PROD-0070,2024-07-09,44,Central
PROD-0083,2024-07-09,39,South
PROD-0098,2024-07-09,31,South
PROD-0041,2024-07-09,37,West
PROD-0097,2024-07-09,48,North
PROD-0017,2024-07-09,21,Central
PROD-0023,2024-07-09,29,West
PROD-0033,2024-07-09,17,North
PROD-0071,2024-07-09,21,South
PROD-0082,2024-07-09,44,East
PROD-0062,2024-07-09,27,West
PROD-0035,2024-07-09,4,West
PROD-0046,2024-07-09,33,Central
PROD-0002,2024-07-09,30,West
PROD-0095,2024-07-09,46,East
PROD-0021,2024-07-09,23,East
PROD-0065,2024-07-09,11,West
PROD-0068,2024-07-09,5,Central
PROD-0029,2024-07-09,46,North
PROD-0056,2024-07-09,16,Central
PROD-0081,2024-07-09,17,South
PROD-0036,2024-07-09,12,West
PROD-0030,2024-07-09,14,West
PROD-0032,2024-07-09,48,South
PROD-0047,2024-07-09,30,South
PROD-0018,2024-07-09,12,North
PROD-0045,2024-07-09,46,South
PROD-0051,2024-07-09,12,South
PROD-0094,2024-07-09,31,North
PROD-0072,2024-07-10,5,West
PROD-0012,2024-07-10,24,West
PROD-0042,2024-07-10,28,Central
PROD-0085,2024-07-10,8,West
PROD-0039,2024-07-10,7,West
PROD-0071,2024-07-10,11,North
PROD-0007,2024-07-10,50,East
PROD-0070,2024-07-10,11,Central
PROD-0088,2024-07-10,35,East
PROD-0051,2024-07-10,8,East
PROD-0064,2024-07-10,18,Central
PROD-0061,2024-07-10,26,Central
PROD-0032,2024-07-10,36,South
PROD-0081,2024-07-10,3,East
PROD-0048,2024-07-10,12,North
PROD-0021,2024-07-10,28,Central
PROD-0047,2024-07-10,1,South
PROD-0080,2024-07-10,38,South
PROD-0068,2024-07-10,12,North
PROD-0004,2024-07-10,12,West
PROD-0073,2024-07-10,37,Central
PROD-0097,2024-07-10,1,North
PROD-0065,2024-07-10,18,South
PROD-0066,2024-07-10,44,West
PROD-0067,2024-07-10,18,West
PROD-0095,2024-07-10,5,North
PROD-0084,2024-07-10,28,Central
PROD-0092,2024-07-10,2,North
PROD-0022,2024-07-10,29,West
PROD-0057,2024-07-10,49,North
PROD-0030,2024-07-10,14,North
PROD-0079,2024-07-10,26,South
PROD-0035,2024-07-10,29,North
PROD-0037,2024-07-10,22,North
PROD-0098,2024-07-10,3,East
PROD-0056,2024-07-10,38,South
PROD-0002,2024-07-10,14,South
PROD-0050,2024-07-10,27,West
PROD-0075,2024-07-10,12,East
PROD-0046,2024-07-10,18,West
PROD-0045,2024-07-10,37,South
PROD-0024,2024-07-10,8,West
PROD-0096,2024-07-10,11,Central
PROD-0087,2024-07-10,18,West
PROD-0074,2024-07-10,28,South
PROD-0041,2024-07-10,36,North
PROD-0018,2024-07-10,35,South
PROD-0078,2024-07-10,37,North
PROD-0023,2024-07-10,48,West
PROD-0003,2024-07-10,49,East
PROD-0033,2024-07-10,17,North
PROD-0055,2024-07-10,11,East
PROD-0034,2024-07-10,40,Central
PROD-0036,2024-07-10,36,East
PROD-0016,2024-07-10,7,Central
PROD-0025,2024-07-10,15,Central
PROD-0027,2024-07-10,15,South
PROD-0049,2024-07-10,30,South
PROD-0029,2024-07-10,49,West
PROD-0026,2024-07-10,12,Central
PROD-0100,2024-07-10,6,South
PROD-0014,2024-07-10,37,North
PROD-0048,2024-07-11,15,East
PROD-0054,2024-07-11,42,North
PROD-0017,2024-07-11,20,Central
PROD-0075,2024-07-11,28,North
PROD-0009,2024-07-11,9,West
PROD-0096,2024-07-11,46,West
PROD-0094,2024-07-11,29,West
PROD-0036,2024-07-11,42,East
PROD-0074,2024-07-11,11,West
PROD-0044,2024-07-11,11,Central
PROD-0062,2024-07-11,42,East
PROD-0003,2024-07-11,23,South
PROD-0079,2024-07-11,38,West
PROD-0029,2024-07-11,17,Central
PROD-0043,2024-07-11,48,Central
PROD-0057,2024-07-11,24,North
PROD-0088,2024-07-11,29,North
PROD-0067,2024-07-11,33,Central
PROD-0007,2024-07-11,28,East
PROD-0002,2024-07-11,1,West
PROD-0008,2024-07-11,48,West
PROD-0090,2024-07-11,24,West
PROD-0061,2024-07-11,2,South
PROD-0024,2024-07-11,3,Central
PROD-0091,2024-07-11,1,North
PROD-0049,2024-07-11,37,South
PROD-0100,2024-07-11,39,North
PROD-0058,2024-07-11,11,South
PROD-0084,2024-07-11,50,North
PROD-0045,2024-07-11,24,East
PROD-0037,2024-07-11,16,Central
PROD-0047,2024-07-11,3,East
PROD-0052,2024-07-11,17,Central
PROD-0073,2024-07-11,37,North
PROD-0046,2024-07-11,38,South
PROD-0034,2024-07-11,12,South
PROD-0022,2024-07-11,23,South
PROD-0035,2024-07-11,16,South
PROD-0028,2024-07-11,12,North
PROD-0080,2024-07-11,11,South
PROD-0086,2024-07-11,23,North
PROD-0005,2024-07-11,3,South
PROD-0070,2024-07-11,24,East
PROD-0006,2024-07-11,23,North
PROD-0015,2024-07-11,8,Central
PROD-0004,2024-07-11,47,South
PROD-0010,2024-07-11,22,East
PROD-0055,2024-07-11,22,North
PROD-0099,2024-07-11,15,West
PROD-0012,2024-07-11,38,Central
PROD-0092,2024-07-11,36,Central
PROD-0026,2024-07-11,19,South
PROD-0081,2024-07-11,40,South
PROD-0020,2024-07-11,49,South
PROD-0095,2024-07-11,13,South
PROD-0085,2024-07-11,19,South
PROD-0023,2024-07-11,26,South
PROD-0056,2024-07-11,38,West
PROD-0042,2024-07-11,9,North
PROD-0097,2024-07-11,35,North
PROD-0063,2024-07-11,23,Central
PROD-0065,2024-07-11,48,Central
PROD-0021,2024-07-11,42,South
PROD-0019,2024-07-11,8,South
PROD-0093,2024-07-11,18,East
PROD-0068,2024-07-11,6,South
PROD-0053,2024-07-11,38,North
PROD-0033,2024-07-11,29,East
PROD-0060,2024-07-11,49,Central
PROD-0027,2024-07-11,26,East
PROD-0051,2024-07-11,40,Central
PROD-0031,2024-07-11,40,South
PROD-0076,2024-07-11,4,North
PROD-0050,2024-07-11,10,South
PROD-0072,2024-07-11,32,West
PROD-0071,2024-07-11,13,North
PROD-0016,2024-07-12,20,Central
PROD-0022,2024-07-12,24,East
PROD-0027,2024-07-12,11,North
PROD-0044,2024-07-12,1,West
PROD-0085,2024-07-12,12,Central
PROD-0096,2024-07-12,50,East
PROD-0080,2024-07-12,42,North
PROD-0051,2024-07-12,37,South
PROD-0043,2024-07-12,29,East
PROD-0036,2024-07-12,40,North
PROD-0084,2024-07-12,38,South
PROD-0098,2024-07-12,12,West
PROD-0006,2024-07-12,29,North
PROD-0083,2024-07-12,45,South
PROD-0002,2024-07-12,7,West
PROD-0056,2024-07-12,24,South
PROD-0032,2024-07-12,47,West
PROD-0039,2024-07-12,9,West
PROD-0014,2024-07-12,18,West
PROD-0095,2024-07-12,21,South
PROD-0007,2024-07-12,43,Central
PROD-0074,2024-07-12,41,West
PROD-0094,2024-07-12,17,West
PROD-0013,2024-07-12,7,South
PROD-0024,2024-07-12,45,North
PROD-0058,2024-07-12,40,West
PROD-0047,2024-07-12,8,West
PROD-0097,2024-07-12,50,South
PROD-0035,2024-07-12,2,North
PROD-0045,2024-07-12,37,Central
PROD-0063,2024-07-12,11,Central
PROD-0017,2024-07-12,18,East
PROD-0020,2024-07-12,9,East
PROD-0004,2024-07-12,4,South
PROD-0015,2024-07-12,11,North
PROD-0053,2024-07-12,5,East
PROD-0060,2024-07-12,45,South
PROD-0099,2024-07-12,22,East
PROD-0029,2024-07-12,1,East
PROD-0025,2024-07-12,7,East
PROD-0055,2024-07-12,14,South
PROD-0037,2024-07-12,7,Central
PROD-0075,2024-07-12,41,North
PROD-0092,2024-07-12,20,South
PROD-0052,2024-07-12,43,North
PROD-0088,2024-07-12,34,West
PROD-0066,2024-07-12,32,Central
PROD-0082,2024-07-12,30,South
PROD-0048,2024-07-12,17,West
PROD-0054,2024-07-12,39,South
PROD-0019,2024-07-12,24,East
PROD-0068,2024-07-12,9,South
PROD-0057,2024-07-12,6,Central
PROD-0062,2024-07-12,35,South
PROD-0033,2024-07-12,46,East
PROD-0065,2024-07-12,41,East
PROD-0003,2024-07-12,45,Central
PROD-0072,2024-07-12,8,Central
PROD-0049,2024-07-12,12,North
PROD-0070,2024-07-12,20,Central
PROD-0086,2024-07-12,31,West
PROD-0079,2024-07-12,3,West
PROD-0093,2024-07-12,32,West
PROD-0073,2024-07-12,37,South
PROD-0028,2024-07-12,14,South
PROD-0081,2024-07-12,49,South
PROD-0061,2024-07-12,38,Central
PROD-0005,2024-07-12,36,West
PROD-0069,2024-07-12,23,North
PROD-0058,2024-07-13,24,North
PROD-0037,2024-07-13,6,East
PROD-0071,2024-07-13,18,Central
PROD-0097,2024-07-13,25,East
PROD-0082,2024-07-13,16,East
PROD-0038,2024-07-13,2,Central
PROD-0039,2024-07-13,13,Central
PROD-0025,2024-07-13,13,Central
PROD-0026,2024-07-13,20,South
PROD-0042,2024-07-13,28,Central
PROD-0086,2024-07-13,6,East
PROD-0034,2024-07-13,27,West
PROD-0094,2024-07-13,27,West
PROD-0027,2024-07-13,5,West
PROD-0062,2024-07-13,7,North
PROD-0033,2024-07-13,28,Central
PROD-0007,2024-07-13,10,West
PROD-0080,2024-07-13,18,South
PROD-0083,2024-07-13,25,Central
PROD-0072,2024-07-13,30,South
PROD-0035,2024-07-13,14,East
PROD-0015,2024-07-13,8,East
PROD-0078,2024-07-13,28,East
PROD-0070,2024-07-13,3,Central
PROD-0016,2024-07-13,15,South
PROD-0031,2024-07-13,21,South
PROD-0092,2024-07-13,7,South
PROD-0056,2024-07-13,13,North
PROD-0049,2024-07-13,29,North
PROD-0032,2024-07-13,21,South
PROD-0075,2024-07-13,13,West
PROD-0076,2024-07-13,6,East
PROD-0045,2024-07-13,17,South
PROD-0077,2024-07-13,21,West
PROD-0022,2024-07-13,7,Central
PROD-0074,2024-07-13,29,East
PROD-0090,2024-07-13,7,North
PROD-0036,2024-07-13,3,South
PROD-0041,2024-07-13,6,South
PROD-0061,2024-07-13,10,North
PROD-0089,2024-07-13,11,Central
PROD-0059,2024-07-13,22,South
PROD-0019,2024-07-13,23,North
PROD-0043,2024-07-13,0,Central
PROD-0085,2024-07-13,27,West
PROD-0069,2024-07-13,15,South
PROD-0073,2024-07-13,27,West
PROD-0023,2024-07-13,1,South
PROD-0006,2024-07-13,16,West
PROD-0100,2024-07-13,0,East
PROD-0003,2024-07-13,13,North
PROD-0010,2024-07-13,22,East
PROD-0057,2024-07-13,16,South
PROD-0067,2024-07-13,7,North
PROD-0004,2024-07-13,18,East
PROD-0060,2024-07-13,25,North
PROD-0048,2024-07-13,1,South
PROD-0066,2024-07-13,24,North
PROD-0014,2024-07-13,2,North
PROD-0091,2024-07-13,22,South
PROD-0028,2024-07-13,9,East
PROD-0084,2024-07-13,29,South
PROD-0001,2024-07-13,21,Central
PROD-0008,2024-07-13,7,South
PROD-0099,2024-07-13,6,East
PROD-0013,2024-07-13,18,North
PROD-0012,2024-07-13,3,Central
PROD-0067,2024-07-14,0,North
PROD-0077,2024-07-14,16,North
PROD-0060,2024-07-14,20,South
PROD-0023,2024-07-14,18,West
PROD-0055,2024-07-14,25,North
PROD-0035,2024-07-14,12,West
PROD-0074,2024-07-14,10,West
PROD-0046,2024-07-14,4,West
PROD-0066,2024-07-14,2,West
PROD-0090,2024-07-14,16,South
PROD-0027,2024-07-14,15,East
PROD-0008,2024-07-14,8,Central
PROD-0042,2024-07-14,27,East
PROD-0014,2024-07-14,0,North
PROD-0022,2024-07-14,22,East
PROD-0065,2024-07-14,9,West
PROD-0050,2024-07-14,7,South
PROD-0045,2024-07-14,10,West
PROD-0064,2024-07-14,3,West
PROD-0052,2024-07-14,16,South
PROD-0011,2024-07-14,9,North
PROD-0028,2024-07-14,8,South
PROD-0040,2024-07-14,16,North
PROD-0029,2024-07-14,0,Central
PROD-0059,2024-07-14,10,East
PROD-0020,2024-07-14,27,North
PROD-0088,2024-07-14,16,East
PROD-0032,2024-07-14,5,South
PROD-0033,2024-07-14,27,North
PROD-0087,2024-07-14,15,East
PROD-0003,2024-07-14,10,East
PROD-0091,2024-07-14,4,South
PROD-0047,2024-07-14,18,South
PROD-0049,2024-07-14,18,West
PROD-0054,2024-07-14,25,West
PROD-0039,2024-07-14,20,East
PROD-0072,2024-07-14,18,West
PROD-0007,2024-07-14,29,North
PROD-0030,2024-07-14,16,South
PROD-0025,2024-07-14,10,Central
PROD-0013,2024-07-14,11,South
PROD-0016,2024-07-14,24,North
PROD-0069,2024-07-14,10,West
PROD-0089,2024-07-14,3,West
PROD-0044,2024-07-14,12,East
PROD-0009,2024-07-14,4,Central
PROD-0099,2024-07-14,21,West
PROD-0078,2024-07-14,1,North
PROD-0036,2024-07-14,19,Central
PROD-0012,2024-07-14,24,Central
PROD-0005,2024-07-14,7,South
PROD-0048,2024-07-14,12,South
PROD-0037,2024-07-14,1,South
PROD-0071,2024-07-14,11,Central
PROD-0084,2024-07-14,9,West
PROD-0001,2024-07-14,12,East
PROD-0062,2024-07-14,30,East
PROD-0002,2024-07-14,3,West
PROD-0061,2024-07-14,6,South
PROD-0018,2024-07-14,10,East
PROD-0017,2024-07-14,16,East
PROD-0076,2024-07-14,7,Central
PROD-0034,2024-07-14,15,Central
PROD-0021,2024-07-14,10,West
PROD-0069,2024-07-15,1,South
PROD-0032,2024-07-15,23,East
PROD-0014,2024-07-15,50,Central
PROD-0005,2024-07-15,24,South
PROD-0072,2024-07-15,25,South
PROD-0089,2024-07-15,27,Central
PROD-0026,2024-07-15,37,North
PROD-0074,2024-07-15,18,West
PROD-0053,2024-07-15,12,South
PROD-0018,2024-07-15,34,West
PROD-0076,2024-07-15,47,East
PROD-0086,2024-07-15,5,North
PROD-0049,2024-07-15,1,Central
PROD-0033,2024-07-15,22,South
PROD-0001,2024-07-15,33,East
PROD-0091,2024-07-15,41,East
PROD-0030,2024-07-15,31,East
PROD-0095,2024-07-15,12,North
PROD-0070,2024-07-15,26,East
PROD-0043,2024-07-15,16,East
PROD-0068,2024-07-15,50,Central
PROD-0017,2024-07-15,39,North
PROD-0085,2024-07-15,3,Central
PROD-0011,2024-07-15,50,South
PROD-0016,2024-07-15,31,Central
PROD-0023,2024-07-15,5,East
PROD-0047,2024-07-15,44,West
PROD-0063,2024-07-15,4,East
PROD-0038,2024-07-15,32,West
PROD-0094,2024-07-15,48,North
PROD-0024,2024-07-15,19,South
PROD-0002,2024-07-15,30,Central
PROD-0071,2024-07-15,34,East
PROD-0050,2024-07-15,18,South
PROD-0062,2024-07-15,30,North
PROD-0052,2024-07-15,26,West
PROD-0029,2024-07-15,6,Central
PROD-0060,2024-07-15,49,West
PROD-0100,2024-07-15,42,East
PROD-0088,2024-07-15,27,East
PROD-0084,2024-07-15,27,West
PROD-0092,2024-07-15,9,West
PROD-0064,2024-07-15,49,South
PROD-0099,2024-07-15,26,Central
PROD-0058,2024-07-15,5,East
PROD-0090,2024-07-15,43,East
PROD-0008,2024-07-15,45,North
PROD-0096,2024-07-15,34,East
PROD-0065,2024-07-15,34,Central
PROD-0006,2024-07-15,37,North
PROD-0048,2024-07-15,4,South
PROD-0012,2024-07-15,29,West
PROD-0015,2024-07-15,45,South
PROD-0004,2024-07-15,37,North
PROD-0007,2024-07-15,1,Central
PROD-0079,2024-07-15,20,East
PROD-0045,2024-07-15,3,West
PROD-0077,2024-07-15,42,Central
PROD-0040,2024-07-15,25,North
PROD-0080,2024-07-15,19,South
PROD-0010,2024-07-15,24,West
PROD-0036,2024-07-15,49,West
PROD-0042,2024-07-15,3,East
PROD-0093,2024-07-15,3,South
PROD-0009,2024-07-15,46,South
PROD-0054,2024-07-15,29,East
PROD-0066,2024-07-15,28,Central
PROD-0037,2024-07-15,33,South
PROD-0073,2024-07-15,14,North
PROD-0031,2024-07-15,26,West
PROD-0087,2024-07-15,42,West
PROD-0005,2024-07-16,2,West
PROD-0046,2024-07-16,31,North
PROD-0066,2024-07-16,36,South
PROD-0051,2024-07-16,12,South
PROD-0075,2024-07-16,27,West
PROD-0044,2024-07-16,31,Central
PROD-0042,2024-07-16,42,East
PROD-0082,2024-07-16,50,North
PROD-0035,2024-07-16,40,North
PROD-0089,2024-07-16,50,Central
PROD-0060,2024-07-16,29,Central
PROD-0061,2024-07-16,42,Central
PROD-0004,2024-07-16,28,East
PROD-0025,2024-07-16,14,Central
PROD-0027,2024-07-16,49,East
PROD-0094,2024-07-16,44,Central
PROD-0078,2024-07-16,3,West
PROD-0006,2024-07-16,31,South
PROD-0003,2024-07-16,37,West
PROD-0015,2024-07-16,14,East
PROD-0090,2024-07-16,44,South
PROD-0059,2024-07-16,45,Central
PROD-0021,2024-07-16,45,Central
PROD-0073,2024-07-16,33,West
PROD-0064,2024-07-16,26,North
PROD-0022,2024-07-16,48,East
PROD-0028,2024-07-16,41,East
PROD-0038,2024-07-16,2,East
PROD-0052,2024-07-16,37,South
PROD-0085,2024-07-16,9,North
PROD-0017,2024-07-16,45,West
PROD-0056,2024-07-16,4,East
PROD-0072,2024-07-16,42,Central
PROD-0007,2024-07-16,28,North
PROD-0029,2024-07-16,35,West
PROD-0034,2024-07-16,44,West
PROD-0076,2024-07-16,2,West
PROD-0024,2024-07-16,26,South
PROD-0087,2024-07-16,12,North
PROD-0080,2024-07-16,49,North
PROD-0036,2024-07-16,26,South
PROD-0019,2024-07-16,37,North
PROD-0020,2024-07-16,31,South
PROD-0011,2024-07-16,38,Central
PROD-0084,2024-07-16,12,Central
PROD-0040,2024-07-16,40,North
PROD-0032,2024-07-16,44,Central
PROD-0030,2024-07-16,35,South
PROD-0097,2024-07-16,32,North
PROD-0048,2024-07-16,36,South
PROD-0070,2024-07-16,27,East
PROD-0037,2024-07-16,50,South
PROD-0086,2024-07-16,50,South
PROD-0012,2024-07-16,30,North
PROD-0031,2024-07-16,30,North
PROD-0033,2024-07-16,35,West
PROD-0055,2024-07-16,20,Central
PROD-0010,2024-07-16,17,South
PROD-0083,2024-07-16,26,Central
PROD-0062,2024-07-16,19,South
PROD-0043,2024-07-16,2,South
PROD-0008,2024-07-16,46,Central
PROD-0077,2024-07-16,35,South
PROD-0093,2024-07-16,6,South
PROD-0091,2024-07-16,21,East
PROD-0002,2024-07-16,44,Central
PROD-0016,2024-07-16,45,North
PROD-0018,2024-07-16,8,East
PROD-0057,2024-07-16,23,Central
PROD-0053,2024-07-16,40,West
PROD-0100,2024-07-16,29,North
PROD-0050,2024-07-16,25,Central
PROD-0049,2024-07-16,12,North
PROD-0021,2024-07-17,35,West
PROD-0094,2024-07-17,13,North
PROD-0072,2024-07-17,24,East
PROD-0010,2024-07-17,39,Central
PROD-0033,2024-07-17,11,East
PROD-0055,2024-07-17,15,Central
PROD-0031,2024-07-17,33,East
PROD-0023,2024-07-17,43,South
PROD-0070,2024-07-17,4,South
PROD-0015,2024-07-17,45,North
PROD-0027,2024-07-17,30,Central
PROD-0029,2024-07-17,8,West
PROD-0014,2024-07-17,31,Central
PROD-0089,2024-07-17,1,West
PROD-0028,2024-07-17,41,West
PROD-0044,2024-07-17,42,East
PROD-0056,2024-07-17,43,South
PROD-0075,2024-07-17,44,North
PROD-0064,2024-07-17,22,Central
PROD-0026,2024-07-17,38,North
PROD-0006,2024-07-17,7,West
PROD-0095,2024-07-17,42,East
PROD-0099,2024-07-17,50,Central
PROD-0001,2024-07-17,47,South
PROD-0017,2024-07-17,42,Central
PROD-0082,2024-07-17,6,East
PROD-0004,2024-07-17,1,South
PROD-0081,2024-07-17,29,North
PROD-0096,2024-07-17,8,West
PROD-0085,2024-07-17,4,Central
PROD-0013,2024-07-17,10,West
PROD-0008,2024-07-17,41,East
PROD-0048,2024-07-17,3,West
PROD-0025,2024-07-17,4,South
PROD-0039,2024-07-17,2,Central
PROD-0066,2024-07-17,41,Central
PROD-0046,2024-07-17,3,Central
PROD-0091,2024-07-17,41,North
PROD-0060,2024-07-17,30,South
PROD-0022,2024-07-17,26,South
PROD-0003,2024-07-17,34,South
PROD-0088,2024-07-17,39,West
PROD-0067,2024-07-17,36,South
PROD-0057,2024-07-17,42,East
PROD-0097,2024-07-17,20,Central
PROD-0052,2024-07-17,21,North
PROD-0041,2024-07-17,43,North
PROD-0024,2024-07-17,30,South
PROD-0042,2024-07-17,34,Central
PROD-0074,2024-07-17,43,Central
PROD-0005,2024-07-17,22,Central
PROD-0007,2024-07-17,12,West
PROD-0087,2024-07-17,41,East
PROD-0019,2024-07-17,6,North
PROD-0077,2024-07-17,27,Central
PROD-0068,2024-07-17,1,West
PROD-0009,2024-07-17,38,North
PROD-0084,2024-07-17,47,Central
PROD-0020,2024-07-17,25,North
PROD-0059,2024-07-17,11,West
PROD-0011,2024-07-17,26,West
PROD-0051,2024-07-17,9,North
PROD-0002,2024-07-17,36,North
PROD-0045,2024-07-17,34,South
PROD-0093,2024-07-17,2,South
PROD-0080,2024-07-17,40,North
PROD-0030,2024-07-17,30,North
PROD-0038,2024-07-17,41,South
PROD-0037,2024-07-17,27,South
PROD-0062,2024-07-17,44,East
PROD-0078,2024-07-17,18,East
PROD-0053,2024-07-17,14,East
PROD-0053,2024-07-18,25,South
PROD-0033,2024-07-18,42,East
PROD-0026,2024-07-18,22,Central
PROD-0062,2024-07-18,44,West
PROD-0086,2024-07-18,1,North
PROD-0083,2024-07-18,12,North
PROD-0044,2024-07-18,48,East
PROD-0059,2024-07-18,43,South
PROD-0011,2024-07-18,20,South
PROD-0069,2024-07-18,43,East
PROD-0040,2024-07-18,14,West
PROD-0097,2024-07-18,39,North
PROD-0041,2024-07-18,38,North
PROD-0004,2024-07-18,10,South
PROD-0037,2024-07-18,30,East
PROD-0036,2024-07-18,16,North
PROD-0017,2024-07-18,12,Central
PROD-0080,2024-07-18,18,Central
PROD-0035,2024-07-18,29,West
PROD-0070,2024-07-18,46,North
PROD-0028,2024-07-18,16,Central
PROD-0079,2024-07-18,25,West
PROD-0071,2024-07-18,1,South
PROD-0072,2024-07-18,49,East
PROD-0043,2024-07-18,16,West
PROD-0058,2024-07-18,21,South
PROD-0099,2024-07-18,49,East
PROD-0024,2024-07-18,3,East
PROD-0003,2024-07-18,23,South
PROD-0065,2024-07-18,45,West
PROD-0074,2024-07-18,17,Central
PROD-0014,2024-07-18,49,North
PROD-0045,2024-07-18,45,Central
PROD-0029,2024-07-18,29,East
PROD-0050,2024-07-18,50,East
PROD-0052,2024-07-18,44,North
PROD-0016,2024-07-18,16,West
PROD-0057,2024-07-18,45,East
PROD-0055,2024-07-18,33,Central
PROD-0084,2024-07-18,10,North
PROD-0098,2024-07-18,23,Central
PROD-0088,2024-07-18,29,West
PROD-0034,2024-07-18,16,Central
PROD-0008,2024-07-18,24,East
PROD-0100,2024-07-18,46,West
PROD-0018,2024-07-18,27,South
PROD-0064,2024-07-18,13,South
PROD-0020,2024-07-18,15,West
PROD-0009,2024-07-18,3,West
PROD-0005,2024-07-18,26,West
PROD-0002,2024-07-18,39,Central
PROD-0060,2024-07-18,34,West
PROD-0091,2024-07-18,19,Central
PROD-0075,2024-07-18,5,South
PROD-0047,2024-07-18,24,Central
PROD-0023,2024-07-18,20,Central
PROD-0027,2024-07-18,32,South
PROD-0006,2024-07-18,9,North
PROD-0001,2024-07-18,17,South
PROD-0021,2024-07-18,39,Central
PROD-0049,2024-07-18,25,South
PROD-0032,2024-07-18,11,West
PROD-0095,2024-07-18,37,Central
PROD-0093,2024-07-18,9,North
PROD-0019,2024-07-18,25,West
PROD-0056,2024-07-18,26,North
PROD-0067,2024-07-18,30,Central
PROD-0082,2024-07-18,38,West
PROD-0042,2024-07-18,12,South
PROD-0063,2024-07-18,23,West
PROD-0013,2024-07-18,40,Central
PROD-0092,2024-07-18,39,South
PROD-0068,2024-07-18,38,Central
PROD-0025,2024-07-18,47,Central
PROD-0031,2024-07-18,16,South
PROD-0048,2024-07-18,21,Central
PROD-0015,2024-07-19,26,Central
PROD-0045,2024-07-19,33,West
PROD-0092,2024-07-19,46,West
PROD-0020,2024-07-19,29,Central
PROD-0078,2024-07-19,12,East
PROD-0080,2024-07-19,50,West
PROD-0086,2024-07-19,1,East
PROD-0023,2024-07-19,8,South
PROD-0055,2024-07-19,17,Central
PROD-0085,2024-07-19,12,North
PROD-0043,2024-07-19,34,East
PROD-0027,2024-07-19,39,South
PROD-0010,2024-07-19,7,East
PROD-0012,2024-07-19,13,Central
PROD-0036,2024-07-19,34,South
PROD-0035,2024-07-19,49,Central
PROD-0070,2024-07-19,6,South
PROD-0038,2024-07-19,9,West
PROD-0024,2024-07-19,1,North
PROD-0051,2024-07-19,1,North
PROD-0074,2024-07-19,19,East
PROD-0029,2024-07-19,4,West
PROD-0032,2024-07-19,26,South
PROD-0004,2024-07-19,40,North
PROD-0064,2024-07-19,20,South
PROD-0073,2024-07-19,3,East
PROD-0083,2024-07-19,47,Central
PROD-0002,2024-07-19,5,South
PROD-0006,2024-07-19,20,North
PROD-0088,2024-07-19,2,South
PROD-0059,2024-07-19,34,Central
PROD-0042,2024-07-19,32,East
PROD-0057,2024-07-19,10,Central
PROD-0090,2024-07-19,31,South
PROD-0039,2024-07-19,3,Central
PROD-0096,2024-07-19,40,Central
PROD-0034,2024-07-19,28,East
PROD-0082,2024-07-19,43,West
PROD-0050,2024-07-19,20,South
PROD-0047,2024-07-19,48,South
PROD-0033,2024-07-19,19,North
PROD-0014,2024-07-19,22,Central
PROD-0072,2024-07-19,46,South
PROD-0075,2024-07-19,4,Central
PROD-0046,2024-07-19,12,South
PROD-0067,2024-07-19,22,South
PROD-0093,2024-07-19,2,Central
PROD-0058,2024-07-19,32,West
PROD-0028,2024-07-19,28,Central
PROD-0100,2024-07-19,7,Central
PROD-0081,2024-07-19,17,Central
PROD-0063,2024-07-19,40,West
PROD-0013,2024-07-19,9,Central
PROD-0053,2024-07-19,50,Central
PROD-0068,2024-07-19,3,East
PROD-0061,2024-07-19,26,Central
PROD-0044,2024-07-19,9,North
PROD-0095,2024-07-19,6,West
PROD-0037,2024-07-19,43,East
PROD-0054,2024-07-19,16,North
PROD-0022,2024-07-19,29,Central
PROD-0084,2024-07-19,27,West
PROD-0066,2024-07-19,7,Central
PROD-0094,2024-07-19,28,Central
PROD-0040,2024-07-19,22,West
PROD-0052,2024-07-19,10,East
PROD-0077,2024-07-19,1,East
PROD-0041,2024-07-19,16,East
PROD-0087,2024-07-19,32,East
PROD-0049,2024-07-19,8,South
PROD-0011,2024-07-19,21,South
PROD-0017,2024-07-19,5,South
PROD-0097,2024-07-19,31,Central
PROD-0079,2024-07-19,21,West
PROD-0010,2024-07-20,2,West
PROD-0086,2024-07-20,19,West
PROD-0072,2024-07-20,7,South
PROD-0053,2024-07-20,3,West
PROD-0025,2024-07-20,13,North
PROD-0088,2024-07-20,9,West
PROD-0032,2024-07-20,3,Central
PROD-0048,2024-07-20,29,South
PROD-0026,2024-07-20,1,South
PROD-0041,2024-07-20,27,East
PROD-0043,2024-07-20,24,Central
PROD-0079,2024-07-20,23,North
PROD-0005,2024-07-20,22,South
PROD-0045,2024-07-20,20,West
PROD-0085,2024-07-20,7,South
PROD-0044,2024-07-20,18,North
PROD-0015,2024-07-20,7,East
PROD-0046,2024-07-20,28,South
PROD-0047,2024-07-20,11,East
PROD-0049,2024-07-20,10,West
PROD-0061,2024-07-20,11,Central
PROD-0058,2024-07-20,23,North
PROD-0073,2024-07-20,30,East
PROD-0055,2024-07-20,19,West
PROD-0093,2024-07-20,1,West
PROD-0002,2024-07-20,28,Central
PROD-0019,2024-07-20,16,South
PROD-0037,2024-07-20,30,South
PROD-0036,2024-07-20,12,North
PROD-0054,2024-07-20,0,West
PROD-0028,2024-07-20,16,East
PROD-0003,2024-07-20,3,Central
PROD-0078,2024-07-20,3,West
PROD-0052,2024-07-20,24,North
PROD-0091,2024-07-20,27,Central
PROD-0097,2024-07-20,30,East
PROD-0039,2024-07-20,3,West
PROD-0081,2024-07-20,27,South
PROD-0096,2024-07-20,25,South
PROD-0034,2024-07-20,21,Central
PROD-0066,2024-07-20,13,North
PROD-0042,2024-07-20,10,East
PROD-0098,2024-07-20,15,South
PROD-0007,2024-07-20,10,North
PROD-0069,2024-07-20,23,North
PROD-0070,2024-07-20,21,East
PROD-0023,2024-07-20,19,North
PROD-0083,2024-07-20,13,East
PROD-0074,2024-07-20,21,North
PROD-0031,2024-07-20,28,North
PROD-0009,2024-07-20,12,West
PROD-0016,2024-07-20,10,East
PROD-0100,2024-07-20,27,Central
PROD-0033,2024-07-20,15,East
PROD-0095,2024-07-20,9,Central
PROD-0040,2024-07-20,25,North
PROD-0030,2024-07-20,15,North
PROD-0024,2024-07-20,25,West
PROD-0087,2024-07-20,18,North
PROD-0001,2024-07-20,2,East
PROD-0021,2024-07-20,0,Central
PROD-0068,2024-07-21,0,East
PROD-0098,2024-07-21,12,East
PROD-0094,2024-07-21,4,Central
PROD-0099,2024-07-21,10,North
PROD-0029,2024-07-21,29,South
PROD-0017,2024-07-21,23,Central
PROD-0055,2024-07-21,6,South
PROD-0091,2024-07-21,3,Central
PROD-0056,2024-07-21,1,South
PROD-0076,2024-07-21,22,West
PROD-0070,2024-07-21,15,South
PROD-0035,2024-07-21,30,North
PROD-0067,2024-07-21,9,Central
PROD-0095,2024-07-21,14,Central
PROD-0069,2024-07-21,21,West
PROD-0075,2024-07-21,26,East
PROD-0041,2024-07-21,24,North
PROD-0085,2024-07-21,25,West
PROD-0054,2024-07-21,21,Central
PROD-0025,2024-07-21,0,South
PROD-0071,2024-07-21,15,East
PROD-0078,2024-07-21,6,Central
PROD-0066,2024-07-21,27,East
PROD-0061,2024-07-21,3,West
PROD-0049,2024-07-21,11,West
PROD-0008,2024-07-21,27,Central
PROD-0097,2024-07-21,8,South
PROD-0074,2024-07-21,28,South
PROD-0003,2024-07-21,13,West
PROD-0012,2024-07-21,5,South
PROD-0038,2024-07-21,2,South
PROD-0088,2024-07-21,23,West
PROD-0019,2024-07-21,12,East
PROD-0053,2024-07-21,1,Central
PROD-0027,2024-07-21,19,North
PROD-0082,2024-07-21,29,West
PROD-0048,2024-07-21,19,North
PROD-0092,2024-07-21,19,Central
PROD-0079,2024-07-21,21,West
PROD-0014,2024-07-21,1,Central
PROD-0096,2024-07-21,6,North
PROD-0024,2024-07-21,26,North
PROD-0046,2024-07-21,23,Central
PROD-0057,2024-07-21,3,Central
PROD-0058,2024-07-21,28,East
PROD-0011,2024-07-21,9,North
PROD-0026,2024-07-21,3,South
PROD-0023,2024-07-21,26,South
PROD-0039,2024-07-21,15,West
PROD-0062,2024-07-21,4,North
PROD-0036,2024-07-21,13,Central
PROD-0052,2024-07-21,10,Central
PROD-0002,2024-07-21,13,Central
PROD-0059,2024-07-21,2,East
PROD-0045,2024-07-21,6,West
PROD-0077,2024-07-21,9,South
PROD-0050,2024-07-21,25,North
PROD-0081,2024-07-21,4,Central
PROD-0047,2024-07-21,25,West
PROD-0001,2024-07-21,1,East
PROD-0004,2024-07-21,18,South
PROD-0060,2024-07-21,6,North
PROD-0028,2024-07-21,12,South
PROD-0042,2024-07-21,23,West
PROD-0058,2024-07-22,31,West
PROD-0084,2024-07-22,18,East
PROD-0098,2024-07-22,46,East
PROD-0035,2024-07-22,19,West
PROD-0031,2024-07-22,47,North
PROD-0064,2024-07-22,35,South
PROD-0001,2024-07-22,41,South
PROD-0037,2024-07-22,6,West
PROD-0012,2024-07-22,49,North
PROD-0024,2024-07-22,19,West
PROD-0079,2024-07-22,48,North
PROD-0043,2024-07-22,40,Central
PROD-0051,2024-07-22,22,South
PROD-0073,2024-07-22,37,East
PROD-0060,2024-07-22,27,West
PROD-0028,2024-07-22,25,West
PROD-0002,2024-07-22,9,West
PROD-0053,2024-07-22,12,South
PROD-0036,2024-07-22,21,Central
PROD-0014,2024-07-22,25,North
PROD-0033,2024-07-22,24,South
PROD-0003,2024-07-22,1,South
PROD-0069,2024-07-22,48,West
PROD-0059,2024-07-22,5,Central
PROD-0087,2024-07-22,20,North
PROD-0071,2024-07-22,9,East
PROD-0020,2024-07-22,32,Central
PROD-0027,2024-07-22,29,North
PROD-0022,2024-07-22,14,West
PROD-0077,2024-07-22,34,West
PROD-0056,2024-07-22,4,East
PROD-0095,2024-07-22,4,West
PROD-0013,2024-07-22,16,North
PROD-0076,2024-07-22,26,West
PROD-0026,2024-07-22,16,West
PROD-0100,2024-07-22,1,East
PROD-0006,2024-07-22,3,South
PROD-0050,2024-07-22,47,Central
PROD-0015,2024-07-22,42,North
PROD-0068,2024-07-22,42,West
PROD-0017,2024-07-22,18,North
PROD-0030,2024-07-22,40,Central
PROD-0070,2024-07-22,38,North
PROD-0086,2024-07-22,1,South
PROD-0040,2024-07-22,38,North
PROD-0019,2024-07-22,38,North
PROD-0047,2024-07-22,11,North
PROD-0065,2024-07-22,48,South
PROD-0044,2024-07-22,41,North
PROD-0004,2024-07-22,10,East
PROD-0042,2024-07-22,9,North
PROD-0010,2024-07-22,39,East
PROD-0021,2024-07-22,22,South
PROD-0083,2024-07-22,45,South
PROD-0099,2024-07-22,50,West
PROD-0041,2024-07-22,49,East
PROD-0049,2024-07-22,37,West
PROD-0061,2024-07-22,45,Central
PROD-0078,2024-07-22,24,South
PROD-0038,2024-07-22,8,Central
PROD-0018,2024-07-22,42,South
PROD-0054,2024-07-22,26,North
PROD-0055,2024-07-22,4,Central
PROD-0091,2024-07-22,46,Central
PROD-0008,2024-07-22,28,North
PROD-0007,2024-07-22,9,West
PROD-0039,2024-07-22,23,West
PROD-0057,2024-07-22,19,East
PROD-0066,2024-07-22,17,East
PROD-0009,2024-07-22,41,Central
PROD-0080,2024-07-22,9,North
PROD-0090,2024-07-22,21,East
PROD-0089,2024-07-22,48,Central
PROD-0049,2024-07-23,19,East
PROD-0044,2024-07-23,22,South
PROD-0084,2024-07-23,33,North
PROD-0053,2024-07-23,8,Central
PROD-0078,2024-07-23,2,Central
PROD-0008,2024-07-23,8,Central
PROD-0042,2024-07-23,39,West
PROD-0041,2024-07-23,23,East
PROD-0096,2024-07-23,34,South
PROD-0089,2024-07-23,19,East
PROD-0070,2024-07-23,49,East
PROD-0039,2024-07-23,26,West
PROD-0040,2024-07-23,11,South
PROD-0015,2024-07-23,39,East
PROD-0061,2024-07-23,10,North
PROD-0065,2024-07-23,32,Central
PROD-0056,2024-07-23,32,North
PROD-0091,2024-07-23,21,West
PROD-0027,2024-07-23,25,North
PROD-0029,2024-07-23,16,West
PROD-0079,2024-07-23,7,West
PROD-0080,2024-07-23,9,East
PROD-0074,2024-07-23,35,West
PROD-0025,2024-07-23,2,West
PROD-0066,2024-07-23,1,East
PROD-0026,2024-07-23,29,South
PROD-0020,2024-07-23,49,West
PROD-0092,2024-07-23,26,North
PROD-0017,2024-07-23,9,South
PROD-0047,2024-07-23,23,North
PROD-0071,2024-07-23,24,Central
PROD-0050,2024-07-23,24,North
PROD-0012,2024-07-23,5,East
PROD-0036,2024-07-23,13,North
PROD-0099,2024-07-23,5,West
PROD-0038,2024-07-23,15,North
PROD-0046,2024-07-23,28,West
PROD-0064,2024-07-23,7,East
PROD-0054,2024-07-23,28,North
PROD-0034,2024-07-23,23,Central
PROD-0067,2024-07-23,29,Central
PROD-0019,2024-07-23,4,East
PROD-0011,2024-07-23,9,South
PROD-0014,2024-07-23,17,East
PROD-0055,2024-07-23,5,South
PROD-0093,2024-07-23,16,Central
PROD-0022,2024-07-23,21,East
PROD-0045,2024-07-23,29,Central
PROD-0032,2024-07-23,17,North
PROD-0095,2024-07-23,46,West
PROD-0097,2024-07-23,17,East
PROD-0088,2024-07-23,14,North
PROD-0090,2024-07-23,44,East
PROD-0013,2024-07-23,45,West
PROD-0094,2024-07-23,38,North
PROD-0018,2024-07-23,21,West
PROD-0028,2024-07-23,8,Central
PROD-0048,2024-07-23,48,North
PROD-0085,2024-07-23,49,Central
PROD-0001,2024-07-23,41,Central
PROD-0051,2024-07-23,35,West
PROD-0006,2024-07-23,28,East
PROD-0005,2024-07-23,46,West
PROD-0057,2024-07-23,38,South
PROD-0031,2024-07-23,28,East
PROD-0058,2024-07-23,25,North
PROD-0075,2024-07-23,36,South
PROD-0016,2024-07-23,13,East
PROD-0007,2024-07-23,46,Central
PROD-0073,2024-07-23,32,East
PROD-0021,2024-07-23,41,Central
PROD-0068,2024-07-23,30,West
PROD-0083,2024-07-23,36,North
PROD-0030,2024-07-23,24,West
PROD-0023,2024-07-23,4,South
PROD-0100,2024-07-23,16,West
PROD-0063,2024-07-23,31,North
PROD-0060,2024-07-23,35,East
PROD-0087,2024-07-23,16,North
PROD-0024,2024-07-24,7,Central
PROD-0044,2024-07-24,12,South
PROD-0003,2024-07-24,2,Central
PROD-0027,2024-07-24,24,West
PROD-0089,2024-07-24,32,South
PROD-0077,2024-07-24,14,South
PROD-0090,2024-07-24,10,Central
PROD-0036,2024-07-24,45,West
PROD-0080,2024-07-24,14,South
PROD-0031,2024-07-24,14,Central
PROD-0038,2024-07-24,26,East
PROD-0083,2024-07-24,17,North
PROD-0023,2024-07-24,12,Central
PROD-0066,2024-07-24,9,East
PROD-0068,2024-07-24,16,South
PROD-0082,2024-07-24,26,West
PROD-0043,2024-07-24,25,Central
PROD-0008,2024-07-24,38,South
PROD-0011,2024-07-24,17,South
PROD-0001,2024-07-24,29,West
PROD-0076,2024-07-24,16,Central
PROD-0042,2024-07-24,46,South
PROD-0006,2024-07-24,15,Central
PROD-0034,2024-07-24,22,South
PROD-0073,2024-07-24,3,South
PROD-0002,2024-07-24,16,South
PROD-0084,2024-07-24,2,Central
PROD-0096,2024-07-24,7,East
PROD-0095,2024-07-24,45,North
PROD-0070,2024-07-24,5,West
PROD-0058,2024-07-24,40,South
PROD-0037,2024-07-24,15,South
PROD-0052,2024-07-24,34,East
PROD-0013,2024-07-24,19,South
PROD-0014,2024-07-24,14,East
PROD-0092,2024-07-24,32,North
PROD-0062,2024-07-24,39,Central
PROD-0079,2024-07-24,34,South
PROD-0075,2024-07-24,39,North
PROD-0032,2024-07-24,44,West
PROD-0007,2024-07-24,22,East
PROD-0063,2024-07-24,6,East
PROD-0045,2024-07-24,18,East
PROD-0046,2024-07-24,9,West
PROD-0065,2024-07-24,4,West
PROD-0015,2024-07-24,21,West
PROD-0009,2024-07-24,37,Central
PROD-0086,2024-07-24,40,North
PROD-0004,2024-07-24,13,Central
PROD-0051,2024-07-24,15,North
PROD-0025,2024-07-24,2,North
PROD-0094,2024-07-24,46,West
PROD-0012,2024-07-24,19,South
PROD-0074,2024-07-24,14,South
PROD-0056,2024-07-24,12,West
PROD-0020,2024-07-24,41,South
PROD-0029,2024-07-24,9,West
PROD-0069,2024-07-24,29,West
PROD-0081,2024-07-24,30,South
PROD-0033,2024-07-24,14,North
PROD-0039,2024-07-24,27,Central
PROD-0093,2024-07-24,45,North
PROD-0028,2024-07-24,26,West
PROD-0057,2024-07-24,20,West
PROD-0026,2024-07-24,2,West
PROD-0021,2024-07-24,1,South
PROD-0060,2024-07-24,36,East
PROD-0055,2024-07-24,4,South
PROD-0019,2024-07-24,25,North
PROD-0030,2024-07-24,22,Central
PROD-0071,2024-07-24,21,South
PROD-0049,2024-07-24,40,Central
PROD-0018,2024-07-24,20,South
PROD-0010,2024-07-24,41,East
PROD-0053,2024-07-24,6,North
PROD-0091,2024-07-24,41,West
PROD-0073,2024-07-25,20,North
PROD-0060,2024-07-25,9,West
PROD-0049,2024-07-25,18,North
PROD-0062,2024-07-25,44,West
PROD-0081,2024-07-25,31,East
PROD-0035,2024-07-25,33,South
PROD-0026,2024-07-25,28,West
PROD-0010,2024-07-25,27,South
PROD-0083,2024-07-25,24,Central
PROD-0040,2024-07-25,1,West
PROD-0022,2024-07-25,11,North
PROD-0009,2024-07-25,3,South
PROD-0042,2024-07-25,46,West
PROD-0043,2024-07-25,13,Central
PROD-0034,2024-07-25,43,East
PROD-0092,2024-07-25,41,West
PROD-0052,2024-07-25,17,West
PROD-0002,2024-07-25,47,North
PROD-0090,2024-07-25,19,Central
PROD-0056,2024-07-25,29,East
PROD-0050,2024-07-25,21,Central
PROD-0091,2024-07-25,32,Central
PROD-0027,2024-07-25,14,North
PROD-0079,2024-07-25,34,South
PROD-0045,2024-07-25,38,Central
PROD-0011,2024-07-25,44,West
PROD-0063,2024-07-25,48,Central
PROD-0032,2024-07-25,35,East
PROD-0003,2024-07-25,39,North
PROD-0085,2024-07-25,17,Central
PROD-0051,2024-07-25,46,Central
PROD-0095,2024-07-25,28,North
PROD-0059,2024-07-25,38,Central
PROD-0089,2024-07-25,21,East
PROD-0041,2024-07-25,1,East
PROD-0065,2024-07-25,39,South
PROD-0070,2024-07-25,10,West
PROD-0093,2024-07-25,50,West
PROD-0012,2024-07-25,19,South
PROD-0038,2024-07-25,9,South
PROD-0019,2024-07-25,48,South
PROD-0031,2024-07-25,38,East
PROD-0024,2024-07-25,25,North
PROD-0006,2024-07-25,9,North
PROD-0046,2024-07-25,11,Central
PROD-0071,2024-07-25,38,Central
PROD-0023,2024-07-25,42,North
PROD-0082,2024-07-25,43,North
PROD-0097,2024-07-25,22,Central
PROD-0036,2024-07-25,19,Central
PROD-0044,2024-07-25,22,South
PROD-0013,2024-07-25,17,North
PROD-0039,2024-07-25,1,North
PROD-0094,2024-07-25,12,West
PROD-0005,2024-07-25,28,South
PROD-0099,2024-07-25,9,South
PROD-0033,2024-07-25,38,Central
PROD-0020,2024-07-25,46,East
PROD-0072,2024-07-25,32,East
PROD-0069,2024-07-25,12,South
PROD-0047,2024-07-25,22,West
PROD-0048,2024-07-25,46,West
PROD-0001,2024-07-25,48,Central
PROD-0098,2024-07-25,45,West
PROD-0015,2024-07-25,5,Central
PROD-0055,2024-07-25,50,Central
PROD-0004,2024-07-25,34,South
PROD-0028,2024-07-25,9,South
PROD-0016,2024-07-25,29,Central
PROD-0100,2024-07-25,42,Central
PROD-0086,2024-07-25,42,West
PROD-0076,2024-07-25,4,East
PROD-0018,2024-07-25,43,Central
PROD-0030,2024-07-25,19,North
PROD-0067,2024-07-25,25,Central
PROD-0079,2024-07-26,45,North
PROD-0078,2024-07-26,47,South
PROD-0061,2024-07-26,45,East
PROD-0014,2024-07-26,37,East
PROD-0083,2024-07-26,26,East
PROD-0097,2024-07-26,30,Central
PROD-0042,2024-07-26,39,Central
PROD-0052,2024-07-26,18,West
PROD-0012,2024-07-26,2,East
PROD-0026,2024-07-26,33,West
PROD-0066,2024-07-26,44,West
PROD-0077,2024-07-26,40,East
PROD-0021,2024-07-26,37,West
PROD-0020,2024-07-26,13,Central
PROD-0002,2024-07-26,16,North
PROD-0053,2024-07-26,40,West
PROD-0086,2024-07-26,10,South
PROD-0064,2024-07-26,26,North
PROD-0071,2024-07-26,4,Central
PROD-0025,2024-07-26,4,Central
PROD-0017,2024-07-26,10,West
PROD-0008,2024-07-26,6,West
PROD-0050,2024-07-26,26,South
PROD-0039,2024-07-26,1,North
PROD-0095,2024-07-26,27,East
PROD-0085,2024-07-26,23,East
PROD-0037,2024-07-26,47,West
PROD-0059,2024-07-26,44,Central
PROD-0091,2024-07-26,27,East
PROD-0081,2024-07-26,22,West
PROD-0048,2024-07-26,43,Central
PROD-0044,2024-07-26,26,East
PROD-0009,2024-07-26,21,East
PROD-0005,2024-07-26,32,East
PROD-0010,2024-07-26,7,South
PROD-0099,2024-07-26,17,West
PROD-0004,2024-07-26,28,East
PROD-0030,2024-07-26,1,North
PROD-0045,2024-07-26,4,West
PROD-0040,2024-07-26,34,West
PROD-0063,2024-07-26,22,Central
PROD-0082,2024-07-26,27,Central
PROD-0018,2024-07-26,9,East
PROD-0034,2024-07-26,44,North
PROD-0087,2024-07-26,23,North
PROD-0031,2024-07-26,27,West
PROD-0029,2024-07-26,23,East
PROD-0047,2024-07-26,21,North
PROD-0088,2024-07-26,10,South
PROD-0041,2024-07-26,17,East
PROD-0058,2024-07-26,17,North
PROD-0023,2024-07-26,50,Central
PROD-0055,2024-07-26,38,Central
PROD-0011,2024-07-26,31,East
PROD-0068,2024-07-26,1,South
PROD-0027,2024-07-26,13,South
PROD-0080,2024-07-26,34,West
PROD-0094,2024-07-26,35,West
PROD-0056,2024-07-26,2,Central
PROD-0070,2024-07-26,50,South
PROD-0054,2024-07-27,18,North
PROD-0083,2024-07-27,28,North
PROD-0065,2024-07-27,17,North
PROD-0031,2024-07-27,9,West
PROD-0070,2024-07-27,7,North
PROD-0009,2024-07-27,24,East
PROD-0019,2024-07-27,10,South
PROD-0075,2024-07-27,8,Central
PROD-0086,2024-07-27,25,West
PROD-0080,2024-07-27,2,South
PROD-0038,2024-07-27,1,East
PROD-0082,2024-07-27,28,North
PROD-0050,2024-07-27,21,Central
PROD-0077,2024-07-27,28,Central
PROD-0066,2024-07-27,9,North
PROD-0011,2024-07-27,23,East
PROD-0056,2024-07-27,28,North
PROD-0017,2024-07-27,8,East
PROD-0093,2024-07-27,25,Central
PROD-0085,2024-07-27,0,Central
PROD-0063,2024-07-27,30,West
PROD-0061,2024-07-27,24,North
PROD-0098,2024-07-27,23,West
PROD-0013,2024-07-27,23,West
PROD-0029,2024-07-27,22,West
PROD-0072,2024-07-27,5,East
PROD-0078,2024-07-27,13,South
PROD-0022,2024-07-27,21,East
PROD-0081,2024-07-27,4,South
PROD-0005,2024-07-27,14,West
PROD-0012,2024-07-27,24,East
PROD-0027,2024-07-27,20,North
PROD-0015,2024-07-27,12,East
PROD-0052,2024-07-27,1,West
PROD-0095,2024-07-27,8,East
PROD-0026,2024-07-27,29,West
PROD-0088,2024-07-27,29,West
PROD-0092,2024-07-27,12,Central
PROD-0023,2024-07-27,0,Central
PROD-0042,2024-07-27,12,West
PROD-0040,2024-07-27,24,South
PROD-0047,2024-07-27,22,East
PROD-0003,2024-07-27,26,North
PROD-0097,2024-07-27,13,Central
PROD-0062,2024-07-27,24,Central
PROD-0004,2024-07-27,1,South
PROD-0059,2024-07-27,25,West
PROD-0094,2024-07-27,0,South
PROD-0030,2024-07-27,27,Central
PROD-0048,2024-07-27,10,East
PROD-0099,2024-07-27,6,North
PROD-0060,2024-07-27,9,North
PROD-0091,2024-07-27,13,Central
PROD-0025,2024-07-27,23,South
PROD-0057,2024-07-27,13,Central
PROD-0037,2024-07-27,10,Central
PROD-0041,2024-07-27,1,West
PROD-0089,2024-07-27,7,East
PROD-0079,2024-07-27,6,North
PROD-0024,2024-07-27,9,North
PROD-0034,2024-07-27,22,West
PROD-0036,2024-07-27,25,West
PROD-0039,2024-07-27,18,East
PROD-0014,2024-07-27,21,West
PROD-0010,2024-07-27,18,East
PROD-0096,2024-07-27,24,East
PROD-0044,2024-07-27,4,East
PROD-0053,2024-07-27,3,Central
PROD-0028,2024-07-27,16,East
PROD-0090,2024-07-27,26,Central
PROD-0087,2024-07-27,28,South
PROD-0076,2024-07-27,7,North
PROD-0049,2024-07-27,19,Central
PROD-0073,2024-07-27,29,South
PROD-0074,2024-07-27,23,East
PROD-0033,2024-07-27,25,Central
PROD-0022,2024-07-28,27,Central
PROD-0062,2024-07-28,10,North
PROD-0053,2024-07-28,22,West
PROD-0011,2024-07-28,6,South
PROD-0079,2024-07-28,25,South
PROD-0027,2024-07-28,6,West
PROD-0003,2024-07-28,1,East
PROD-0044,2024-07-28,28,Central
PROD-0093,2024-07-28,15,Central
PROD-0050,2024-07-28,29,East
PROD-0020,2024-07-28,6,West
PROD-0040,2024-07-28,16,West
PROD-0080,2024-07-28,11,Central
PROD-0070,2024-07-28,8,North
PROD-0100,2024-07-28,17,South
PROD-0097,2024-07-28,27,North
PROD-0087,2024-07-28,15,West
PROD-0028,2024-07-28,7,Central
PROD-0039,2024-07-28,8,North
PROD-0063,2024-07-28,14,North
PROD-0094,2024-07-28,20,North
PROD-0060,2024-07-28,18,Central
PROD-0005,2024-07-28,19,South
PROD-0092,2024-07-28,11,South
PROD-0059,2024-07-28,15,East
PROD-0023,2024-07-28,13,Central
PROD-0057,2024-07-28,12,West
PROD-0089,2024-07-28,24,Central
PROD-0007,2024-07-28,22,North
PROD-0024,2024-07-28,16,South
PROD-0088,2024-07-28,9,South
PROD-0036,2024-07-28,18,South
PROD-0099,2024-07-28,9,West
PROD-0025,2024-07-28,4,West
PROD-0067,2024-07-28,24,Central
PROD-0004,2024-07-28,22,North
PROD-0043,2024-07-28,6,South
PROD-0019,2024-07-28,9,West
PROD-0091,2024-07-28,26,Central
PROD-0066,2024-07-28,2,North
PROD-0076,2024-07-28,27,West
PROD-0016,2024-07-28,12,East
PROD-0013,2024-07-28,27,Central
PROD-0030,2024-07-28,24,West
PROD-0082,2024-07-28,2,Central
PROD-0064,2024-07-28,10,West
PROD-0045,2024-07-28,17,Central
PROD-0029,2024-07-28,12,East
PROD-0090,2024-07-28,3,West
PROD-0069,2024-07-28,16,West
PROD-0001,2024-07-28,12,East
PROD-0081,2024-07-28,7,Central
PROD-0047,2024-07-28,20,North
PROD-0074,2024-07-28,21,Central
PROD-0095,2024-07-28,24,North
PROD-0051,2024-07-28,17,South
PROD-0065,2024-07-28,18,Central
PROD-0049,2024-07-28,3,East
PROD-0042,2024-07-28,22,North
PROD-0015,2024-07-28,12,West
PROD-0041,2024-07-28,23,North
PROD-0006,2024-07-28,21,Central
PROD-0037,2024-07-28,12,East
PROD-0031,2024-07-28,19,Central
PROD-0026,2024-07-28,29,West
PROD-0018,2024-07-28,6,West
PROD-0038,2024-07-28,21,South
PROD-0012,2024-07-28,19,East
PROD-0073,2024-07-28,21,Central
PROD-0056,2024-07-28,17,West
PROD-0083,2024-07-28,8,Central
PROD-0048,2024-07-28,1,South
PROD-0017,2024-07-28,1,West
PROD-0061,2024-07-28,15,North
PROD-0002,2024-07-28,6,South
PROD-0078,2024-07-28,22,West
PROD-0084,2024-07-28,26,North
PROD-0092,2024-07-29,41,Central
PROD-0052,2024-07-29,2,East
PROD-0028,2024-07-29,48,North
PROD-0095,2024-07-29,36,Central
PROD-0023,2024-07-29,7,South
PROD-0004,2024-07-29,37,Central
PROD-0058,2024-07-29,34,West
PROD-0070,2024-07-29,42,North
PROD-0065,2024-07-29,33,South
PROD-0061,2024-07-29,2,West
PROD-0066,2024-07-29,1,West
PROD-0021,2024-07-29,25,Central
PROD-0002,2024-07-29,3,North
PROD-0049,2024-07-29,4,West
PROD-0097,2024-07-29,38,South
PROD-0018,2024-07-29,15,West
PROD-0001,2024-07-29,50,South
PROD-0096,2024-07-29,38,Central
PROD-0071,2024-07-29,10,West
PROD-0098,2024-07-29,36,Central
PROD-0027,2024-07-29,15,South
PROD-0090,2024-07-29,18,Central
PROD-0081,2024-07-29,43,West
PROD-0078,2024-07-29,43,East
PROD-0017,2024-07-29,39,West
PROD-0039,2024-07-29,3,South
PROD-0063,2024-07-29,46,East
PROD-0025,2024-07-29,3,West
PROD-0046,2024-07-29,32,East
PROD-0038,2024-07-29,30,Central
PROD-0074,2024-07-29,40,West
PROD-0100,2024-07-29,34,South
PROD-0037,2024-07-29,13,East
PROD-0015,2024-07-29,23,West
PROD-0033,2024-07-29,1,West
PROD-0047,2024-07-29,29,South
PROD-0034,2024-07-29,48,North
PROD-0005,2024-07-29,50,South
PROD-0055,2024-07-29,43,South
PROD-0006,2024-07-29,7,East
PROD-0041,2024-07-29,22,East
PROD-0013,2024-07-29,41,North
PROD-0042,2024-07-29,44,East
PROD-0051,2024-07-29,29,North
PROD-0008,2024-07-29,23,South
PROD-0048,2024-07-29,42,North
PROD-0040,2024-07-29,34,West
PROD-0085,2024-07-29,40,Central
PROD-0080,2024-07-29,44,South
PROD-0043,2024-07-29,34,East
PROD-0035,2024-07-29,46,East
PROD-0019,2024-07-29,17,North
PROD-0032,2024-07-29,20,East
PROD-0086,2024-07-29,33,Central
PROD-0016,2024-07-29,14,North
PROD-0022,2024-07-29,5,East
PROD-0075,2024-07-29,5,East
PROD-0056,2024-07-29,31,North
PROD-0099,2024-07-29,42,North
PROD-0060,2024-07-29,49,South
PROD-0012,2024-07-29,15,East
PROD-0024,2024-07-29,4,South
PROD-0069,2024-07-29,26,Central
PROD-0100,2024-07-30,8,East
PROD-0006,2024-07-30,41,West
PROD-0035,2024-07-30,50,Central
PROD-0067,2024-07-30,39,North
PROD-0032,2024-07-30,48,North
PROD-0097,2024-07-30,38,West
PROD-0013,2024-07-30,29,Central
PROD-0083,2024-07-30,29,Central
PROD-0026,2024-07-30,4,South
PROD-0040,2024-07-30,15,East
PROD-0082,2024-07-30,50,East
PROD-0007,2024-07-30,23,West
PROD-0012,2024-07-30,33,East
PROD-0060,2024-07-30,17,West
PROD-0039,2024-07-30,31,Central
PROD-0008,2024-07-30,19,North
PROD-0094,2024-07-30,49,South
PROD-0095,2024-07-30,50,West
PROD-0090,2024-07-30,47,West
PROD-0059,2024-07-30,20,North
PROD-0099,2024-07-30,5,West
PROD-0078,2024-07-30,14,South
PROD-0081,2024-07-30,40,East
PROD-0052,2024-07-30,31,South
PROD-0071,2024-07-30,49,West
PROD-0087,2024-07-30,33,South
PROD-0003,2024-07-30,8,East
PROD-0031,2024-07-30,38,West
PROD-0038,2024-07-30,24,West
PROD-0077,2024-07-30,46,South
PROD-0041,2024-07-30,39,South
PROD-0002,2024-07-30,43,West
PROD-0018,2024-07-30,15,North
PROD-0045,2024-07-30,33,West
PROD-0037,2024-07-30,36,South
PROD-0088,2024-07-30,46,North
PROD-0047,2024-07-30,9,Central
PROD-0053,2024-07-30,6,East
PROD-0072,2024-07-30,36,East
PROD-0049,2024-07-30,46,East
PROD-0089,2024-07-30,42,South
PROD-0016,2024-07-30,15,South
PROD-0096,2024-07-30,12,East
PROD-0027,2024-07-30,6,West
PROD-0048,2024-07-30,48,East
PROD-0005,2024-07-30,5,Central
PROD-0068,2024-07-30,23,East
PROD-0029,2024-07-30,35,South
PROD-0036,2024-07-30,38,West
PROD-0015,2024-07-30,25,North
PROD-0076,2024-07-30,30,South
PROD-0051,2024-07-30,20,East
PROD-0069,2024-07-30,25,West
PROD-0004,2024-07-30,46,East
PROD-0084,2024-07-30,25,South
PROD-0022,2024-07-30,47,North
PROD-0064,2024-07-30,23,Central
PROD-0065,2024-07-30,23,Central
PROD-0056,2024-07-30,19,North
PROD-0009,2024-07-30,41,West
PROD-0057,2024-07-30,18,Central
PROD-0023,2024-07-30,8,West
PROD-0066,2024-07-30,5,West
PROD-0075,2024-07-30,1,East
PROD-0001,2024-07-30,1,South
PROD-0062,2024-07-30,11,North
PROD-0061,2024-07-30,33,North
PROD-0046,2024-07-30,26,Central
PROD-0074,2024-07-30,36,North
PROD-0033,2024-07-30,42,East
PROD-0085,2024-07-30,7,South
PROD-0092,2024-07-30,49,East
PROD-0034,2024-07-30,18,West
PROD-0058,2024-07-30,25,North
PROD-0021,2024-07-30,46,Central
PROD-0010,2024-07-30,17,Central
PROD-0073,2024-07-30,14,West
PROD-0055,2024-07-30,29,East
PROD-0050,2024-07-30,2,South
PROD-0089,2024-07-31,47,South
PROD-0082,2024-07-31,35,West
PROD-0002,2024-07-31,19,South
PROD-0045,2024-07-31,13,North
PROD-0049,2024-07-31,10,West
PROD-0100,2024-07-31,41,East
PROD-0043,2024-07-31,48,North
PROD-0039,2024-07-31,37,Central
PROD-0028,2024-07-31,25,South
PROD-0069,2024-07-31,8,Central
PROD-0056,2024-07-31,13,West
PROD-0099,2024-07-31,25,West
PROD-0079,2024-07-31,30,North
PROD-0020,2024-07-31,39,West
PROD-0021,2024-07-31,27,West
PROD-0027,2024-07-31,28,North
PROD-0064,2024-07-31,1,South
PROD-0050,2024-07-31,21,West
PROD-0022,2024-07-31,16,East
PROD-0057,2024-07-31,12,North
PROD-0031,2024-07-31,9,South
PROD-0092,2024-07-31,9,South
PROD-0011,2024-07-31,18,Central
PROD-0061,2024-07-31,38,Central
PROD-0004,2024-07-31,3,North
PROD-0052,2024-07-31,14,West
PROD-0037,2024-07-31,28,Central
PROD-0098,2024-07-31,15,West
PROD-0075,2024-07-31,32,East
PROD-0094,2024-07-31,40,North
PROD-0048,2024-07-31,7,West
PROD-0096,2024-07-31,29,Central
PROD-0085,2024-07-31,5,East
PROD-0058,2024-07-31,10,East
PROD-0074,2024-07-31,18,West
PROD-0060,2024-07-31,8,East
PROD-0018,2024-07-31,19,North
PROD-0080,2024-07-31,40,South
PROD-0029,2024-07-31,14,South
PROD-0083,2024-07-31,50,East
PROD-0005,2024-07-31,5,West
PROD-0078,2024-07-31,20,West
PROD-0034,2024-07-31,24,West
PROD-0017,2024-07-31,20,South
PROD-0077,2024-07-31,25,North
PROD-0003,2024-07-31,8,Central
PROD-0008,2024-07-31,25,South
PROD-0001,2024-07-31,32,South
PROD-0036,2024-07-31,25,South
PROD-0054,2024-07-31,5,Central
PROD-0015,2024-07-31,38,East
PROD-0046,2024-07-31,48,West
PROD-0010,2024-07-31,40,East
PROD-0023,2024-07-31,23,Central
PROD-0084,2024-07-31,49,South
PROD-0097,2024-07-31,41,South
PROD-0093,2024-07-31,32,West
PROD-0070,2024-07-31,25,East
PROD-0090,2024-07-31,6,East
PROD-0030,2024-07-31,39,North
PROD-0032,2024-07-31,2,South
PROD-0024,2024-07-31,36,East
PROD-0044,2024-07-31,1,South
PROD-0086,2024-07-31,48,East
PROD-0013,2024-07-31,22,North
PROD-0095,2024-07-31,47,South
PROD-0091,2024-07-31,18,East
PROD-0065,2024-07-31,44,East
PROD-0076,2024-07-31,36,West
PROD-0088,2024-07-31,31,South
PROD-0019,2024-07-31,12,Central
PROD-0065,2024-08-01,15,Central
PROD-0060,2024-08-01,1,East
PROD-0005,2024-08-01,31,South
PROD-0063,2024-08-01,15,North
PROD-0069,2024-08-01,17,East
PROD-0037,2024-08-01,18,West
PROD-0076,2024-08-01,47,North
PROD-0093,2024-08-01,24,West
PROD-0080,2024-08-01,19,Central
PROD-0032,2024-08-01,13,South
PROD-0077,2024-08-01,23,North
PROD-0087,2024-08-01,8,East
PROD-0068,2024-08-01,45,Central
PROD-0097,2024-08-01,30,Central
PROD-0043,2024-08-01,34,West
PROD-0079,2024-08-01,38,East
PROD-0059,2024-08-01,14,North
PROD-0010,2024-08-01,9,North
PROD-0083,2024-08-01,19,North
PROD-0088,2024-08-01,38,East
PROD-0040,2024-08-01,19,South
PROD-0084,2024-08-01,29,West
PROD-0041,2024-08-01,42,West
PROD-0057,2024-08-01,28,North
PROD-0066,2024-08-01,33,South
PROD-0051,2024-08-01,4,Central
PROD-0054,2024-08-01,24,Central
PROD-0029,2024-08-01,4,North
PROD-0031,2024-08-01,7,Central
PROD-0020,2024-08-01,31,South
PROD-0086,2024-08-01,6,East
PROD-0025,2024-08-01,14,Central
PROD-0035,2024-08-01,6,East
PROD-0028,2024-08-01,6,North
PROD-0100,2024-08-01,17,South
PROD-0016,2024-08-01,28,West
PROD-0095,2024-08-01,35,West
PROD-0071,2024-08-01,11,North
PROD-0073,2024-08-01,1,West
PROD-0009,2024-08-01,36,North
PROD-0056,2024-08-01,36,West
PROD-0023,2024-08-01,7,North
PROD-0061,2024-08-01,40,West
PROD-0070,2024-08-01,41,Central
PROD-0017,2024-08-01,21,West
PROD-0014,2024-08-01,20,South
PROD-0090,2024-08-01,22,West
PROD-0004,2024-08-01,4,West
PROD-0024,2024-08-01,42,Central
PROD-0044,2024-08-01,42,North
PROD-0053,2024-08-01,10,West
PROD-0034,2024-08-01,38,South
PROD-0012,2024-08-01,16,North
PROD-0052,2024-08-01,24,East
PROD-0039,2024-08-01,12,South
PROD-0099,2024-08-01,1,West
PROD-0072,2024-08-01,3,North
PROD-0064,2024-08-01,12,South
PROD-0049,2024-08-01,4,South
PROD-0019,2024-08-01,33,West
PROD-0078,2024-08-01,22,East
PROD-0018,2024-08-01,45,North
PROD-0048,2024-08-01,44,East
PROD-0050,2024-08-01,9,South
PROD-0042,2024-08-01,19,North
PROD-0006,2024-08-01,7,East
PROD-0036,2024-08-01,10,North
PROD-0081,2024-08-01,26,West
PROD-0091,2024-08-01,31,North
PROD-0094,2024-08-01,7,East
PROD-0008,2024-08-01,5,East
PROD-0030,2024-08-01,21,Central
PROD-0021,2024-08-01,37,South
PROD-0085,2024-08-01,2,North
PROD-0001,2024-08-01,26,West
PROD-0082,2024-08-01,16,South
PROD-0092,2024-08-01,48,Central
PROD-0038,2024-08-01,10,South
PROD-0007,2024-08-02,9,East
PROD-0014,2024-08-02,3,North
PROD-0096,2024-08-02,21,South
PROD-0032,2024-08-02,38,South
PROD-0001,2024-08-02,12,South
PROD-0064,2024-08-02,4,East
PROD-0021,2024-08-02,25,South
PROD-0084,2024-08-02,42,North
PROD-0005,2024-08-02,7,Central
PROD-0072,2024-08-02,49,North
PROD-0098,2024-08-02,5,North
PROD-0085,2024-08-02,49,South
PROD-0027,2024-08-02,17,Central
PROD-0097,2024-08-02,20,South
PROD-0002,2024-08-02,15,Central
PROD-0066,2024-08-02,7,South
PROD-0099,2024-08-02,15,South
PROD-0026,2024-08-02,24,South
PROD-0039,2024-08-02,34,West
PROD-0048,2024-08-02,8,South
PROD-0006,2024-08-02,11,South
PROD-0043,2024-08-02,47,Central
PROD-0034,2024-08-02,17,East
PROD-0036,2024-08-02,27,East
PROD-0033,2024-08-02,22,South
PROD-0015,2024-08-02,14,East
PROD-0086,2024-08-02,12,Central
PROD-0035,2024-08-02,26,East
PROD-0067,2024-08-02,50,East
PROD-0079,2024-08-02,40,West
PROD-0024,2024-08-02,28,North
PROD-0022,2024-08-02,12,East
PROD-0053,2024-08-02,38,Central
PROD-0011,2024-08-02,28,West
PROD-0093,2024-08-02,13,East
PROD-0071,2024-08-02,12,North
PROD-0018,2024-08-02,47,Central
PROD-0029,2024-08-02,23,South
PROD-0082,2024-08-02,28,West
PROD-0030,2024-08-02,41,West
PROD-0061,2024-08-02,41,South
PROD-0019,2024-08-02,18,Central
PROD-0017,2024-08-02,36,East
PROD-0046,2024-08-02,12,Central
PROD-0049,2024-08-02,31,South
PROD-0076,2024-08-02,23,West
PROD-0091,2024-08-02,50,North
PROD-0058,2024-08-02,22,South
PROD-0045,2024-08-02,25,West
PROD-0080,2024-08-02,24,East
PROD-0025,2024-08-02,37,North
PROD-0031,2024-08-02,18,West
PROD-0088,2024-08-02,49,West
PROD-0073,2024-08-02,11,East
PROD-0062,2024-08-02,16,Central
PROD-0003,2024-08-02,4,Central
PROD-0077,2024-08-02,27,West
PROD-0087,2024-08-02,20,North
PROD-0068,2024-08-02,18,West
PROD-0056,2024-08-02,24,South
PROD-0060,2024-08-02,16,West
PROD-0009,2024-08-02,38,East
PROD-0042,2024-08-03,17,East
PROD-0065,2024-08-03,29,West
PROD-0011,2024-08-03,16,East
PROD-0068,2024-08-03,25,South
PROD-0026,2024-08-03,13,South
PROD-0085,2024-08-03,21,Central
PROD-0021,2024-08-03,27,West
PROD-0077,2024-08-03,5,Central
PROD-0054,2024-08-03,21,East
PROD-0093,2024-08-03,28,South
PROD-0016,2024-08-03,6,East
PROD-0052,2024-08-03,7,West
PROD-0030,2024-08-03,19,Central
PROD-0038,2024-08-03,6,East
PROD-0045,2024-08-03,4,East
PROD-0091,2024-08-03,18,North
PROD-0041,2024-08-03,6,West
PROD-0018,2024-08-03,25,West
PROD-0092,2024-08-03,7,Central
PROD-0069,2024-08-03,9,East
PROD-0060,2024-08-03,10,South
PROD-0031,2024-08-03,25,East
PROD-0067,2024-08-03,16,Central
PROD-0056,2024-08-03,13,Central
PROD-0024,2024-08-03,28,West
PROD-0088,2024-08-03,9,Central
PROD-0095,2024-08-03,1,West
PROD-0050,2024-08-03,4,West
PROD-0039,2024-08-03,28,Central
PROD-0089,2024-08-03,6,East
PROD-0008,2024-08-03,22,West
PROD-0059,2024-08-03,22,South
PROD-0090,2024-08-03,24,Central
PROD-0032,2024-08-03,29,Central
PROD-0014,2024-08-03,25,North
PROD-0027,2024-08-03,16,North
PROD-0023,2024-08-03,13,South
PROD-0025,2024-08-03,26,Central
PROD-0003,2024-08-03,3,North
PROD-0051,2024-08-03,15,Central
PROD-0057,2024-08-03,25,South
PROD-0079,2024-08-03,27,West
PROD-0049,2024-08-03,3,North
PROD-0034,2024-08-03,9,North
PROD-0083,2024-08-03,19,South
PROD-0084,2024-08-03,18,South
PROD-0062,2024-08-03,15,North
PROD-0044,2024-08-03,18,South
PROD-0082,2024-08-03,30,North
PROD-0053,2024-08-03,4,East
PROD-0004,2024-08-03,21,Central
PROD-0017,2024-08-03,16,West
PROD-0094,2024-08-03,21,North
PROD-0043,2024-08-03,21,South
PROD-0012,2024-08-03,15,East
PROD-0072,2024-08-03,22,South
PROD-0010,2024-08-03,4,South
PROD-0076,2024-08-03,4,East
PROD-0099,2024-08-03,15,South
PROD-0098,2024-08-03,22,East
PROD-0033,2024-08-03,30,West
PROD-0013,2024-08-03,15,South
PROD-0055,2024-08-03,12,East
PROD-0079,2024-08-04,28,Central
PROD-0022,2024-08-04,24,South
PROD-0064,2024-08-04,15,East
PROD-0016,2024-08-04,13,West
PROD-0060,2024-08-04,8,South
PROD-0092,2024-08-04,23,North
PROD-0033,2024-08-04,18,South
PROD-0071,2024-08-04,28,Central
PROD-0040,2024-08-04,22,East
PROD-0032,2024-08-04,0,South
PROD-0052,2024-08-04,15,Central
PROD-0088,2024-08-04,10,Central
PROD-0065,2024-08-04,25,North
PROD-0025,2024-08-04,25,North
PROD-0008,2024-08-04,7,West
PROD-0024,2024-08-04,27,West
PROD-0066,2024-08-04,27,East
PROD-0047,2024-08-04,22,West
PROD-0003,2024-08-04,3,Central
PROD-0012,2024-08-04,16,West
PROD-0074,2024-08-04,26,North
PROD-0026,2024-08-04,16,Central
PROD-0006,2024-08-04,9,South
PROD-0030,2024-08-04,13,South
PROD-0007,2024-08-04,23,North
PROD-0042,2024-08-04,1,North
PROD-0015,2024-08-04,15,North
PROD-0017,2024-08-04,6,East
PROD-0029,2024-08-04,30,Central
PROD-0018,2024-08-04,1,North
PROD-0034,2024-08-04,15,South
PROD-0009,2024-08-04,22,Central
PROD-0046,2024-08-04,10,Central
PROD-0075,2024-08-04,1,North
PROD-0023,2024-08-04,7,South
PROD-0091,2024-08-04,9,East
PROD-0043,2024-08-04,10,South
PROD-0061,2024-08-04,18,West
PROD-0054,2024-08-04,18,South
PROD-0031,2024-08-04,26,East
PROD-0097,2024-08-04,21,North
PROD-0068,2024-08-04,11,North
PROD-0069,2024-08-04,22,Central
PROD-0073,2024-08-04,27,East
PROD-0004,2024-08-04,3,North
PROD-0076,2024-08-04,3,West
PROD-0038,2024-08-04,19,Central
PROD-0062,2024-08-04,8,North
PROD-0085,2024-08-04,3,East
PROD-0077,2024-08-04,21,North
PROD-0011,2024-08-04,4,West
PROD-0083,2024-08-04,0,East
PROD-0020,2024-08-04,22,Central
PROD-0082,2024-08-04,25,North
PROD-0037,2024-08-04,30,North
PROD-0063,2024-08-04,2,East
PROD-0053,2024-08-04,25,South
PROD-0067,2024-08-04,1,South
PROD-0078,2024-08-04,20,Central
PROD-0086,2024-08-04,16,West
PROD-0036,2024-08-04,4,West
PROD-0028,2024-08-04,21,North
PROD-0058,2024-08-04,28,North
PROD-0084,2024-08-04,24,Central
PROD-0100,2024-08-04,1,South
PROD-0005,2024-08-04,11,South
PROD-0035,2024-08-04,4,South
PROD-0099,2024-08-04,10,Central
PROD-0049,2024-08-04,28,East
PROD-0070,2024-08-04,12,Central
PROD-0096,2024-08-04,10,South
PROD-0057,2024-08-04,2,South
PROD-0055,2024-08-04,12,South
PROD-0021,2024-08-04,3,West
PROD-0039,2024-08-04,2,West
PROD-0059,2024-08-04,22,North
PROD-0026,2024-08-05,38,North
PROD-0068,2024-08-05,14,Central
PROD-0016,2024-08-05,25,North
PROD-0089,2024-08-05,6,East
PROD-0064,2024-08-05,31,North
PROD-0079,2024-08-05,45,North
PROD-0007,2024-08-05,32,North
PROD-0088,2024-08-05,14,South
PROD-0050,2024-08-05,46,North
PROD-0055,2024-08-05,38,East
PROD-0036,2024-08-05,2,South
PROD-0023,2024-08-05,20,West
PROD-0029,2024-08-05,43,North
PROD-0037,2024-08-05,11,Central
PROD-0091,2024-08-05,36,North
PROD-0073,2024-08-05,19,North
PROD-0002,2024-08-05,8,South
PROD-0053,2024-08-05,35,West
PROD-0028,2024-08-05,41,East
PROD-0004,2024-08-05,21,South
PROD-0014,2024-08-05,32,North
PROD-0040,2024-08-05,50,Central
PROD-0015,2024-08-05,14,West
PROD-0077,2024-08-05,31,Central
PROD-0020,2024-08-05,24,West
PROD-0005,2024-08-05,25,East
PROD-0074,2024-08-05,28,South
PROD-0047,2024-08-05,39,North
PROD-0046,2024-08-05,16,Central
PROD-0099,2024-08-05,6,North
PROD-0097,2024-08-05,41,West
PROD-0019,2024-08-05,20,Central
PROD-0063,2024-08-05,8,West
PROD-0001,2024-08-05,8,Central
PROD-0044,2024-08-05,19,South
PROD-0052,2024-08-05,16,South
PROD-0043,2024-08-05,8,East
PROD-0033,2024-08-05,19,North
PROD-0082,2024-08-05,5,South
PROD-0021,2024-08-05,6,East
PROD-0057,2024-08-05,14,East
PROD-0100,2024-08-05,4,West
PROD-0094,2024-08-05,39,West
PROD-0049,2024-08-05,43,South
PROD-0027,2024-08-05,25,North
PROD-0067,2024-08-05,27,Central
PROD-0042,2024-08-05,17,East
PROD-0096,2024-08-05,22,South
PROD-0070,2024-08-05,21,South
PROD-0012,2024-08-05,49,West
PROD-0034,2024-08-05,48,East
PROD-0060,2024-08-05,5,North
PROD-0017,2024-08-05,9,East
PROD-0038,2024-08-05,19,West
PROD-0035,2024-08-05,47,North
PROD-0058,2024-08-05,46,West
PROD-0041,2024-08-05,38,Central
PROD-0061,2024-08-05,39,Central
PROD-0095,2024-08-05,18,Central
PROD-0098,2024-08-05,34,East
PROD-0069,2024-08-05,28,West
PROD-0013,2024-08-05,39,East
PROD-0092,2024-08-05,33,Central
PROD-0075,2024-08-05,39,South
PROD-0032,2024-08-05,4,North
PROD-0006,2024-08-05,24,North
PROD-0011,2024-08-05,38,East
PROD-0090,2024-08-05,28,West
PROD-0083,2024-08-05,23,West
PROD-0043,2024-08-06,24,Central
PROD-0070,2024-08-06,19,South
PROD-0082,2024-08-06,12,West
PROD-0001,2024-08-06,41,North
PROD-0066,2024-08-06,30,South
PROD-0076,2024-08-06,25,West
PROD-0098,2024-08-06,9,East
PROD-0032,2024-08-06,26,East
PROD-0028,2024-08-06,2,East
PROD-0013,2024-08-06,25,North
PROD-0037,2024-08-06,31,North
PROD-0004,2024-08-06,43,North
PROD-0021,2024-08-06,6,East
PROD-0084,2024-08-06,42,East
PROD-0067,2024-08-06,8,South
PROD-0071,2024-08-06,1,West
PROD-0053,2024-08-06,33,West
PROD-0094,2024-08-06,12,East
PROD-0040,2024-08-06,3,Central
PROD-0100,2024-08-06,29,North
PROD-0035,2024-08-06,1,North
PROD-0041,2024-08-06,41,West
PROD-0039,2024-08-06,27,Central
PROD-0090,2024-08-06,39,North
PROD-0083,2024-08-06,44,East
PROD-0088,2024-08-06,49,North
PROD-0038,2024-08-06,32,South
PROD-0018,2024-08-06,35,South
PROD-0075,2024-08-06,1,West
PROD-0059,2024-08-06,27,South
PROD-0047,2024-08-06,13,Central
PROD-0085,2024-08-06,47,North
PROD-0052,2024-08-06,8,East
PROD-0099,2024-08-06,43,South
PROD-0073,2024-08-06,9,South
PROD-0023,2024-08-06,10,Central
PROD-0069,2024-08-06,10,South
PROD-0030,2024-08-06,12,Central
PROD-0033,2024-08-06,10,East
PROD-0096,2024-08-06,1,Central
PROD-0093,2024-08-06,18,West
PROD-0063,2024-08-06,21,South
PROD-0044,2024-08-06,34,South
PROD-0005,2024-08-06,23,Central
PROD-0012,2024-08-06,38,Central
PROD-0061,2024-08-06,20,North
PROD-0077,2024-08-06,1,East
PROD-0007,2024-08-06,6,North
PROD-0006,2024-08-06,47,Central
PROD-0022,2024-08-06,18,West
PROD-0072,2024-08-06,39,North
PROD-0048,2024-08-06,15,East
PROD-0056,2024-08-06,7,North
PROD-0024,2024-08-06,16,East
PROD-0042,2024-08-06,43,North
PROD-0017,2024-08-06,50,East
PROD-0054,2024-08-06,13,East
PROD-0091,2024-08-06,50,West
PROD-0068,2024-08-06,10,South
PROD-0051,2024-08-06,50,Central
PROD-0011,2024-08-06,38,South
PROD-0065,2024-08-06,1,West
PROD-0060,2024-08-06,19,North
PROD-0025,2024-08-06,41,East
PROD-0015,2024-08-07,36,North
PROD-0078,2024-08-07,39,West
PROD-0048,2024-08-07,34,South
PROD-0053,2024-08-07,2,South
PROD-0030,2024-08-07,35,North
PROD-0042,2024-08-07,5,North
PROD-0061,2024-08-07,20,North
PROD-0011,2024-08-07,40,East
PROD-0100,2024-08-07,46,East
PROD-0007,2024-08-07,16,East
PROD-0032,2024-08-07,5,Central
PROD-0096,2024-08-07,22,South
PROD-0077,2024-08-07,49,Central
PROD-0058,2024-08-07,49,North
PROD-0072,2024-08-07,42,East
PROD-0089,2024-08-07,19,West
PROD-0008,2024-08-07,36,West
PROD-0038,2024-08-07,30,East
PROD-0098,2024-08-07,47,South
PROD-0087,2024-08-07,36,North
PROD-0083,2024-08-07,12,North
PROD-0043,2024-08-07,42,Central
PROD-0028,2024-08-07,44,Central
PROD-0073,2024-08-07,40,South
PROD-0081,2024-08-07,2,West
PROD-0059,2024-08-07,15,East
PROD-0084,2024-08-07,32,Central
PROD-0009,2024-08-07,42,North
PROD-0070,2024-08-07,44,South
PROD-0026,2024-08-07,30,Central
PROD-0019,2024-08-07,38,North
PROD-0035,2024-08-07,43,South
PROD-0065,2024-08-07,7,South
PROD-0055,2024-08-07,43,Central
PROD-0067,2024-08-07,47,West
PROD-0002,2024-08-07,17,South
PROD-0079,2024-08-07,47,West
PROD-0014,2024-08-07,39,Central
PROD-0050,2024-08-07,1,East
PROD-0093,2024-08-07,22,Central
PROD-0064,2024-08-07,21,East
PROD-0057,2024-08-07,32,East
PROD-0041,2024-08-07,38,Central
PROD-0024,2024-08-07,20,North
PROD-0044,2024-08-07,35,East
PROD-0051,2024-08-07,12,Central
PROD-0046,2024-08-07,48,North
PROD-0020,2024-08-07,27,Central
PROD-0082,2024-08-07,28,Central
PROD-0056,2024-08-07,41,North
PROD-0013,2024-08-07,45,East
PROD-0023,2024-08-07,23,South
PROD-0099,2024-08-07,34,Central
PROD-0075,2024-08-07,35,West
PROD-0094,2024-08-07,1,West
PROD-0047,2024-08-07,5,North
PROD-0003,2024-08-07,25,East
PROD-0037,2024-08-07,27,West
PROD-0066,2024-08-07,16,South
PROD-0040,2024-08-07,29,East
PROD-0021,2024-08-07,24,West
PROD-0001,2024-08-07,3,North
PROD-0052,2024-08-07,26,East
PROD-0010,2024-08-07,10,West
PROD-0004,2024-08-07,27,North
PROD-0039,2024-08-07,15,West
PROD-0069,2024-08-07,43,Central
PROD-0071,2024-08-07,5,East
PROD-0036,2024-08-07,38,Central
PROD-0005,2024-08-07,4,South
PROD-0086,2024-08-07,23,South
PROD-0060,2024-08-07,41,North
PROD-0034,2024-08-07,33,East
PROD-0088,2024-08-07,13,West
PROD-0027,2024-08-07,47,West
PROD-0054,2024-08-07,40,Central
PROD-0085,2024-08-07,11,Central
PROD-0090,2024-08-07,26,East
PROD-0033,2024-08-07,18,East
PROD-0095,2024-08-08,32,South
PROD-0011,2024-08-08,21,North
PROD-0035,2024-08-08,35,East
PROD-0076,2024-08-08,44,South
PROD-0043,2024-08-08,16,South
PROD-0022,2024-08-08,17,South
PROD-0096,2024-08-08,14,East
PROD-0067,2024-08-08,33,North
PROD-0040,2024-08-08,50,North
PROD-0064,2024-08-08,18,North
PROD-0072,2024-08-08,30,South
PROD-0075,2024-08-08,20,North
PROD-0015,2024-08-08,47,East
PROD-0070,2024-08-08,22,South
PROD-0073,2024-08-08,26,Central
PROD-0002,2024-08-08,7,East
PROD-0089,2024-08-08,35,East
PROD-0021,2024-08-08,21,West
PROD-0059,2024-08-08,19,Central
PROD-0041,2024-08-08,2,West
PROD-0009,2024-08-08,12,West
PROD-0091,2024-08-08,37,West
PROD-0054,2024-08-08,1,South
PROD-0034,2024-08-08,18,South
PROD-0097,2024-08-08,24,West
PROD-0099,2024-08-08,4,South
PROD-0083,2024-08-08,49,South
PROD-0027,2024-08-08,15,South
PROD-0055,2024-08-08,40,East
PROD-0044,2024-08-08,44,Central
PROD-0047,2024-08-08,19,East
PROD-0010,2024-08-08,12,South
PROD-0025,2024-08-08,6,East
PROD-0082,2024-08-08,41,Central
PROD-0062,2024-08-08,9,Central
PROD-0039,2024-08-08,25,South
PROD-0042,2024-08-08,3,East
PROD-0079,2024-08-08,2,South
PROD-0077,2024-08-08,39,West
PROD-0078,2024-08-08,26,South
PROD-0057,2024-08-08,45,Central
PROD-0051,2024-08-08,39,North
PROD-0087,2024-08-08,29,South
PROD-0023,2024-08-08,7,West
PROD-0092,2024-08-08,19,South
PROD-0006,2024-08-08,39,South
PROD-0003,2024-08-08,9,North
PROD-0056,2024-08-08,20,North
PROD-0038,2024-08-08,27,West
PROD-0031,2024-08-08,35,South
PROD-0068,2024-08-08,8,East
PROD-0020,2024-08-08,44,South
PROD-0004,2024-08-08,38,South
PROD-0050,2024-08-08,26,West
PROD-0100,2024-08-08,39,South
PROD-0071,2024-08-08,31,North
PROD-0001,2024-08-08,26,South
PROD-0007,2024-08-08,9,East
PROD-0066,2024-08-08,49,North
PROD-0048,2024-08-08,14,North
PROD-0049,2024-08-08,15,Central
PROD-0080,2024-08-08,11,Central
PROD-0032,2024-08-08,3,East
PROD-0061,2024-08-08,35,East
PROD-0058,2024-08-08,1,South
PROD-0069,2024-08-08,10,North
PROD-0093,2024-08-08,27,North
PROD-0036,2024-08-08,43,Central
PROD-0018,2024-08-08,4,North
PROD-0029,2024-08-09,42,South
PROD-0094,2024-08-09,14,East
PROD-0088,2024-08-09,40,South
PROD-0091,2024-08-09,32,Central
PROD-0096,2024-08-09,32,North
PROD-0025,2024-08-09,39,North
PROD-0018,2024-08-09,1,North
PROD-0008,2024-08-09,42,North
PROD-0027,2024-08-09,12,Central
PROD-0036,2024-08-09,42,East
PROD-0051,2024-08-09,28,North
PROD-0062,2024-08-09,25,South
PROD-0075,2024-08-09,12,East
PROD-0057,2024-08-09,25,East
PROD-0085,2024-08-09,45,West
PROD-0058,2024-08-09,5,Central
PROD-0093,2024-08-09,48,East
PROD-0024,2024-08-09,23,Central
PROD-0080,2024-08-09,20,North
PROD-0019,2024-08-09,47,West
PROD-0063,2024-08-09,38,Central
PROD-0076,2024-08-09,10,South
PROD-0010,2024-08-09,1,East
PROD-0095,2024-08-09,50,East
PROD-0011,2024-08-09,47,South
PROD-0015,2024-08-09,9,South
PROD-0041,2024-08-09,6,West
PROD-0046,2024-08-09,42,West
PROD-0005,2024-08-09,30,Central
PROD-0050,2024-08-09,50,North
PROD-0079,2024-08-09,19,East
PROD-0031,2024-08-09,25,East
PROD-0004,2024-08-09,29,East
PROD-0035,2024-08-09,16,West
PROD-0061,2024-08-09,1,North
PROD-0089,2024-08-09,40,East
PROD-0039,2024-08-09,49,East
PROD-0001,2024-08-09,13,Central
PROD-0048,2024-08-09,45,North
PROD-0100,2024-08-09,6,West
PROD-0056,2024-08-09,32,West
PROD-0043,2024-08-09,27,West
PROD-0071,2024-08-09,22,North
PROD-0045,2024-08-09,23,South
PROD-0030,2024-08-09,43,West
PROD-0052,2024-08-09,42,West
PROD-0009,2024-08-09,5,South
PROD-0092,2024-08-09,2,Central
PROD-0074,2024-08-09,11,Central
PROD-0014,2024-08-09,6,East
PROD-0087,2024-08-09,31,Central
PROD-0081,2024-08-09,4,West
PROD-0055,2024-08-09,43,North
PROD-0007,2024-08-09,47,Central
PROD-0067,2024-08-09,4,South
PROD-0065,2024-08-09,9,South
PROD-0013,2024-08-09,5,North
PROD-0078,2024-08-09,26,West
PROD-0049,2024-08-09,41,Central
PROD-0072,2024-08-09,44,West
PROD-0086,2024-08-09,2,West
PROD-0064,2024-08-09,41,West
PROD-0038,2024-08-09,41,West
PROD-0017,2024-08-09,14,East
PROD-0032,2024-08-09,16,South
PROD-0069,2024-08-09,10,South
PROD-0022,2024-08-09,44,West
PROD-0073,2024-08-09,8,Central
PROD-0006,2024-08-09,23,Central
PROD-0037,2024-08-09,10,North
PROD-0083,2024-08-09,9,West
PROD-0043,2024-08-10,20,East
PROD-0022,2024-08-10,25,Central
PROD-0094,2024-08-10,14,West
PROD-0075,2024-08-10,9,West
PROD-0097,2024-08-10,3,North
PROD-0096,2024-08-10,11,South
PROD-0087,2024-08-10,23,East
PROD-0056,2024-08-10,7,North
PROD-0013,2024-08-10,1,North
PROD-0004,2024-08-10,28,South
PROD-0030,2024-08-10,18,East
PROD-0091,2024-08-10,30,South
PROD-0099,2024-08-10,22,Central
PROD-0017,2024-08-10,22,South
PROD-0057,2024-08-10,9,North
PROD-0083,2024-08-10,8,South
PROD-0085,2024-08-10,10,West
PROD-0053,2024-08-10,13,Central
PROD-0071,2024-08-10,25,Central
PROD-0045,2024-08-10,15,West
PROD-0077,2024-08-10,24,South
PROD-0047,2024-08-10,5,West
PROD-0086,2024-08-10,29,Central
PROD-0073,2024-08-10,27,East
PROD-0046,2024-08-10,4,West
PROD-0016,2024-08-10,25,Central
PROD-0029,2024-08-10,7,West
PROD-0067,2024-08-10,16,East
PROD-0098,2024-08-10,22,North
PROD-0072,2024-08-10,13,South
PROD-0064,2024-08-10,20,South
PROD-0063,2024-08-10,1,North
PROD-0040,2024-08-10,4,East
PROD-0009,2024-08-10,25,North
PROD-0021,2024-08-10,15,East
PROD-0082,2024-08-10,6,West
PROD-0037,2024-08-10,15,East
PROD-0076,2024-08-10,7,West
PROD-0052,2024-08-10,17,South
PROD-0044,2024-08-10,14,North
PROD-0019,2024-08-10,6,West
PROD-0078,2024-08-10,7,East
PROD-0066,2024-08-10,12,East
PROD-0061,2024-08-10,9,South
PROD-0023,2024-08-10,19,East
PROD-0031,2024-08-10,26,West
PROD-0006,2024-08-10,12,West
PROD-0084,2024-08-10,24,West
PROD-0035,2024-08-10,16,East
PROD-0002,2024-08-10,20,West
PROD-0041,2024-08-10,19,East
PROD-0062,2024-08-10,22,West
PROD-0074,2024-08-10,6,South
PROD-0026,2024-08-10,10,Central
PROD-0042,2024-08-10,11,East
PROD-0079,2024-08-10,4,North
PROD-0033,2024-08-10,12,West
PROD-0032,2024-08-10,24,South
PROD-0090,2024-08-10,12,North
PROD-0028,2024-08-10,16,Central
PROD-0012,2024-08-10,5,Central
PROD-0050,2024-08-10,16,East
PROD-0010,2024-08-10,15,Central
PROD-0027,2024-08-10,13,North
PROD-0025,2024-08-10,6,North
PROD-0060,2024-08-10,16,South
PROD-0093,2024-08-10,29,West
PROD-0065,2024-08-10,16,West
PROD-0001,2024-08-10,7,Central
PROD-0100,2024-08-10,9,East
PROD-0058,2024-08-10,27,North
PROD-0081,2024-08-10,24,West
PROD-0036,2024-08-10,22,South
PROD-0055,2024-08-10,10,East
PROD-0020,2024-08-10,5,North
PROD-0011,2024-08-10,5,Central
PROD-0016,2024-08-11,16,East
PROD-0082,2024-08-11,0,South
PROD-0077,2024-08-11,6,South
PROD-0059,2024-08-11,11,West
PROD-0028,2024-08-11,18,Central
PROD-0047,2024-08-11,27,North
PROD-0050,2024-08-11,11,East
PROD-0078,2024-08-11,19,Central
PROD-0002,2024-08-11,18,South
PROD-0041,2024-08-11,14,North
PROD-0071,2024-08-11,20,East
PROD-0072,2024-08-11,27,North
PROD-0073,2024-08-11,18,North
PROD-0085,2024-08-11,8,South
PROD-0007,2024-08-11,25,Central
PROD-0048,2024-08-11,20,South
PROD-0040,2024-08-11,3,East
PROD-0076,2024-08-11,17,Central
PROD-0090,2024-08-11,26,South
PROD-0100,2024-08-11,30,South
PROD-0006,2024-08-11,7,West
PROD-0080,2024-08-11,25,South
PROD-0037,2024-08-11,27,North
PROD-0086,2024-08-11,22,East
PROD-0044,2024-08-11,12,North
PROD-0004,2024-08-11,27,West
PROD-0012,2024-08-11,19,West
PROD-0075,2024-08-11,30,West
PROD-0005,2024-08-11,0,West
PROD-0053,2024-08-11,7,West
PROD-0067,2024-08-11,24,South
PROD-0019,2024-08-11,25,South
PROD-0018,2024-08-11,20,West
PROD-0049,2024-08-11,7,North
PROD-0022,2024-08-11,4,North
PROD-0011,2024-08-11,5,South
PROD-0042,2024-08-11,1,North
PROD-0009,2024-08-11,28,Central
PROD-0098,2024-08-11,11,Central
PROD-0026,2024-08-11,10,South
PROD-0038,2024-08-11,15,East
PROD-0083,2024-08-11,30,Central
PROD-0093,2024-08-11,8,South
PROD-0015,2024-08-11,29,South
PROD-0003,2024-08-11,16,West
PROD-0097,2024-08-11,26,Central
PROD-0021,2024-08-11,15,North
PROD-0017,2024-08-11,19,South
PROD-0034,2024-08-11,27,Central
PROD-0045,2024-08-11,23,West
PROD-0089,2024-08-11,19,North
PROD-0014,2024-08-11,27,South
PROD-0033,2024-08-11,15,North
PROD-0066,2024-08-11,13,East
PROD-0074,2024-08-11,23,East
PROD-0039,2024-08-11,16,Central
PROD-0079,2024-08-11,5,North
PROD-0069,2024-08-11,21,East
PROD-0043,2024-08-11,16,East
PROD-0031,2024-08-11,22,North
PROD-0027,2024-08-11,4,South
PROD-0046,2024-08-11,6,East
PROD-0027,2024-08-12,49,North
PROD-0068,2024-08-12,37,South
PROD-0060,2024-08-12,24,North
PROD-0053,2024-08-12,42,North
PROD-0028,2024-08-12,5,North
PROD-0057,2024-08-12,22,East
PROD-0088,2024-08-12,26,North
PROD-0020,2024-08-12,31,East
PROD-0075,2024-08-12,34,North
PROD-0048,2024-08-12,35,North
PROD-0081,2024-08-12,14,Central
PROD-0099,2024-08-12,47,Central
PROD-0016,2024-08-12,37,North
PROD-0018,2024-08-12,19,East
PROD-0036,2024-08-12,41,North
PROD-0033,2024-08-12,4,East
PROD-0055,2024-08-12,4,East
PROD-0039,2024-08-12,16,North
PROD-0062,2024-08-12,23,West
PROD-0034,2024-08-12,25,Central
PROD-0029,2024-08-12,22,North
PROD-0080,2024-08-12,44,South
PROD-0019,2024-08-12,22,South
PROD-0063,2024-08-12,34,North
PROD-0071,2024-08-12,18,Central
PROD-0031,2024-08-12,42,South
PROD-0096,2024-08-12,31,East
PROD-0022,2024-08-12,30,East
PROD-0024,2024-08-12,23,Central
PROD-0025,2024-08-12,4,South
PROD-0044,2024-08-12,3,Central
PROD-0090,2024-08-12,41,North
PROD-0093,2024-08-12,7,West
PROD-0056,2024-08-12,34,East
PROD-0005,2024-08-12,25,East
PROD-0091,2024-08-12,29,North
PROD-0030,2024-08-12,32,West
PROD-0050,2024-08-12,36,East
PROD-0084,2024-08-12,3,North
PROD-0023,2024-08-12,39,North
PROD-0078,2024-08-12,10,West
PROD-0045,2024-08-12,43,North
PROD-0032,2024-08-12,26,Central
PROD-0083,2024-08-12,34,Central
PROD-0067,2024-08-12,42,South
PROD-0038,2024-08-12,31,North
PROD-0100,2024-08-12,28,North
PROD-0049,2024-08-12,7,East
PROD-0085,2024-08-12,34,West
PROD-0066,2024-08-12,28,Central
PROD-0035,2024-08-12,28,North
PROD-0051,2024-08-12,6,Central
PROD-0074,2024-08-12,37,West
PROD-0040,2024-08-12,25,West
PROD-0026,2024-08-12,23,Central
PROD-0077,2024-08-12,48,Central
PROD-0082,2024-08-12,13,South
PROD-0054,2024-08-12,11,West
PROD-0079,2024-08-12,5,West
PROD-0015,2024-08-12,3,East
PROD-0069,2024-08-12,2,East
PROD-0007,2024-08-12,35,South
PROD-0061,2024-08-12,24,South
PROD-0011,2024-08-12,17,East
PROD-0059,2024-08-12,42,Central
PROD-0046,2024-08-12,5,Central
PROD-0065,2024-08-12,23,West
PROD-0098,2024-08-12,21,West
PROD-0002,2024-08-12,46,South
PROD-0004,2024-08-12,35,East
PROD-0014,2024-08-12,16,East
PROD-0009,2024-08-12,16,South
PROD-0094,2024-08-13,38,Central
PROD-0084,2024-08-13,11,East
PROD-0055,2024-08-13,11,West
PROD-0008,2024-08-13,26,South
PROD-0054,2024-08-13,7,West
PROD-0044,2024-08-13,50,West
PROD-0027,2024-08-13,22,Central
PROD-0029,2024-08-13,3,North
PROD-0070,2024-08-13,44,East
PROD-0018,2024-08-13,35,East
PROD-0087,2024-08-13,28,West
PROD-0072,2024-08-13,36,West
PROD-0019,2024-08-13,39,South
PROD-0003,2024-08-13,1,South
PROD-0079,2024-08-13,1,South
PROD-0076,2024-08-13,33,East
PROD-0033,2024-08-13,14,South
PROD-0020,2024-08-13,30,South
PROD-0016,2024-08-13,31,West
PROD-0036,2024-08-13,28,Central
PROD-0001,2024-08-13,36,South
PROD-0010,2024-08-13,17,East
PROD-0004,2024-08-13,5,East
PROD-0082,2024-08-13,48,North
PROD-0093,2024-08-13,11,East
PROD-0012,2024-08-13,9,Central
PROD-0039,2024-08-13,24,East
PROD-0092,2024-08-13,28,North
PROD-0060,2024-08-13,16,North
PROD-0061,2024-08-13,35,West
PROD-0089,2024-08-13,13,North
PROD-0095,2024-08-13,35,Central
PROD-0009,2024-08-13,31,South
PROD-0041,2024-08-13,47,North
PROD-0046,2024-08-13,41,West
PROD-0100,2024-08-13,49,South
PROD-0049,2024-08-13,36,South
PROD-0050,2024-08-13,31,West
PROD-0048,2024-08-13,31,West
PROD-0085,2024-08-13,48,North
PROD-0067,2024-08-13,8,Central
PROD-0062,2024-08-13,19,South
PROD-0066,2024-08-13,21,South
PROD-0014,2024-08-13,45,West
PROD-0024,2024-08-13,42,Central
PROD-0047,2024-08-13,25,South
PROD-0011,2024-08-13,1,Central
PROD-0098,2024-08-13,4,North
PROD-0002,2024-08-13,29,North
PROD-0065,2024-08-13,10,North
PROD-0038,2024-08-13,4,South
PROD-0013,2024-08-13,46,East
PROD-0088,2024-08-13,10,South
PROD-0025,2024-08-13,19,East
PROD-0071,2024-08-13,32,South
PROD-0056,2024-08-13,44,North
PROD-0034,2024-08-13,23,West
PROD-0006,2024-08-13,45,West
PROD-0080,2024-08-13,31,North
PROD-0026,2024-08-13,49,Central
PROD-0099,2024-08-13,46,West
PROD-0077,2024-08-13,8,Central
PROD-0074,2024-08-13,38,West
PROD-0053,2024-08-13,7,West
PROD-0064,2024-08-13,24,Central
PROD-0030,2024-08-13,28,East
PROD-0035,2024-08-13,50,West
PROD-0058,2024-08-13,26,West
PROD-0083,2024-08-13,27,East
PROD-0031,2024-08-13,3,Central
PROD-0032,2024-08-13,40,West
PROD-0072,2024-08-14,16,South
PROD-0071,2024-08-14,19,East
PROD-0052,2024-08-14,2,North
PROD-0069,2024-08-14,40,East
PROD-0078,2024-08-14,10,South
PROD-0089,2024-08-14,19,South
PROD-0077,2024-08-14,44,West
PROD-0074,2024-08-14,44,East
PROD-0080,2024-08-14,13,West
PROD-0013,2024-08-14,40,South
PROD-0067,2024-08-14,45,South
PROD-0096,2024-08-14,9,North
PROD-0086,2024-08-14,38,North
PROD-0003,2024-08-14,49,East
PROD-0027,2024-08-14,16,Central
PROD-0019,2024-08-14,46,North
PROD-0093,2024-08-14,30,North
PROD-0044,2024-08-14,24,East
PROD-0054,2024-08-14,31,South
PROD-0011,2024-08-14,27,North
PROD-0014,2024-08-14,49,North
PROD-0040,2024-08-14,22,West
PROD-0025,2024-08-14,41,Central
PROD-0037,2024-08-14,8,North
PROD-0038,2024-08-14,22,North
PROD-0031,2024-08-14,48,North
PROD-0006,2024-08-14,3,North
PROD-0042,2024-08-14,26,South
PROD-0049,2024-08-14,27,North
PROD-0079,2024-08-14,2,Central
PROD-0047,2024-08-14,3,South
PROD-0046,2024-08-14,26,East
PROD-0020,2024-08-14,36,Central
PROD-0097,2024-08-14,46,South
PROD-0030,2024-08-14,43,East
PROD-0098,2024-08-14,30,East
PROD-0012,2024-08-14,39,West
PROD-0092,2024-08-14,36,South
PROD-0035,2024-08-14,15,East
PROD-0029,2024-08-14,19,Central
PROD-0032,2024-08-14,33,South
PROD-0076,2024-08-14,23,West
PROD-0061,2024-08-14,6,Central
PROD-0100,2024-08-14,12,North
PROD-0010,2024-08-14,19,Central
PROD-0045,2024-08-14,26,West
PROD-0007,2024-08-14,37,North
PROD-0017,2024-08-14,17,West
PROD-0018,2024-08-14,16,Central
PROD-0065,2024-08-14,27,West
PROD-0024,2024-08-14,19,South
PROD-0015,2024-08-14,10,North
PROD-0082,2024-08-14,14,North
PROD-0075,2024-08-14,32,South
PROD-0095,2024-08-14,43,West
PROD-0099,2024-08-14,28,East
PROD-0056,2024-08-14,10,Central
PROD-0053,2024-08-14,10,East
PROD-0060,2024-08-14,26,Central
PROD-0016,2024-08-14,22,East
PROD-0002,2024-08-14,38,South
PROD-0048,2024-08-14,47,West
PROD-0004,2024-08-14,43,South
PROD-0081,2024-08-14,19,North
PROD-0063,2024-08-14,3,North
PROD-0041,2024-08-14,45,South
PROD-0005,2024-08-14,2,Central
PROD-0001,2024-08-14,26,North
PROD-0084,2024-08-14,6,East
PROD-0059,2024-08-14,43,West
PROD-0035,2024-08-15,21,North
PROD-0016,2024-08-15,38,North
PROD-0077,2024-08-15,36,East
PROD-0010,2024-08-15,18,South
PROD-0060,2024-08-15,10,West
PROD-0028,2024-08-15,8,West
PROD-0023,2024-08-15,42,South
PROD-0007,2024-08-15,47,North
PROD-0067,2024-08-15,42,South
PROD-0008,2024-08-15,16,East
PROD-0061,2024-08-15,27,South
PROD-0002,2024-08-15,25,Central
PROD-0100,2024-08-15,46,South
PROD-0062,2024-08-15,1,North
PROD-0024,2024-08-15,4,North
PROD-0080,2024-08-15,47,North
PROD-0019,2024-08-15,38,North
PROD-0037,2024-08-15,34,Central
PROD-0034,2024-08-15,38,South
PROD-0003,2024-08-15,5,Central
PROD-0087,2024-08-15,29,Central
PROD-0049,2024-08-15,8,North
PROD-0096,2024-08-15,20,Central
PROD-0045,2024-08-15,3,South
PROD-0064,2024-08-15,34,South
PROD-0085,2024-08-15,22,East
PROD-0088,2024-08-15,5,East
PROD-0072,2024-08-15,35,Central
PROD-0086,2024-08-15,49,South
PROD-0048,2024-08-15,40,North
PROD-0009,2024-08-15,40,South
PROD-0004,2024-08-15,4,East
PROD-0027,2024-08-15,46,South
PROD-0001,2024-08-15,41,West
PROD-0078,2024-08-15,27,West
PROD-0039,2024-08-15,6,South
PROD-0051,2024-08-15,50,West
PROD-0026,2024-08-15,26,South
PROD-0050,2024-08-15,35,North
PROD-0076,2024-08-15,33,North
PROD-0032,2024-08-15,9,South
PROD-0089,2024-08-15,44,West
PROD-0038,2024-08-15,34,North
PROD-0017,2024-08-15,23,Central
PROD-0065,2024-08-15,20,West
PROD-0018,2024-08-15,45,East
PROD-0093,2024-08-15,50,West
PROD-0070,2024-08-15,1,East
PROD-0071,2024-08-15,46,South
PROD-0047,2024-08-15,5,North
PROD-0098,2024-08-15,3,East
PROD-0040,2024-08-15,44,Central
PROD-0092,2024-08-15,14,South
PROD-0057,2024-08-15,1,Central
PROD-0020,2024-08-15,28,West
PROD-0046,2024-08-15,13,Central
PROD-0022,2024-08-15,29,Central
PROD-0058,2024-08-15,33,East
PROD-0055,2024-08-15,9,North
PROD-0036,2024-08-15,36,Central
PROD-0091,2024-08-15,8,East
PROD-0030,2024-08-15,9,West
PROD-0083,2024-08-15,39,South
PROD-0084,2024-08-15,31,West
PROD-0054,2024-08-15,47,East
PROD-0021,2024-08-15,42,North
PROD-0029,2024-08-15,49,North
PROD-0033,2024-08-15,26,West
PROD-0079,2024-08-15,28,West
PROD-0099,2024-08-15,45,North
PROD-0031,2024-08-15,33,West
PROD-0042,2024-08-15,31,West
PROD-0015,2024-08-15,9,Central
PROD-0006,2024-08-15,35,South
PROD-0074,2024-08-15,27,South
PROD-0071,2024-08-16,34,East
PROD-0041,2024-08-16,2,North
PROD-0079,2024-08-16,47,West
PROD-0022,2024-08-16,50,South
PROD-0033,2024-08-16,30,West
PROD-0032,2024-08-16,12,Central
PROD-0062,2024-08-16,11,South
PROD-0037,2024-08-16,28,West
PROD-0001,2024-08-16,28,West
PROD-0085,2024-08-16,33,Central
PROD-0087,2024-08-16,1,Central
PROD-0066,2024-08-16,45,South
PROD-0050,2024-08-16,29,West
PROD-0096,2024-08-16,6,West
PROD-0013,2024-08-16,21,South
PROD-0081,2024-08-16,12,Central
PROD-0082,2024-08-16,42,Central
PROD-0054,2024-08-16,44,Central
PROD-0045,2024-08-16,39,North
PROD-0057,2024-08-16,30,East
PROD-0016,2024-08-16,38,Central
PROD-0059,2024-08-16,16,East
PROD-0039,2024-08-16,37,Central
PROD-0034,2024-08-16,7,South
PROD-0058,2024-08-16,21,East
PROD-0035,2024-08-16,40,West
PROD-0097,2024-08-16,31,West
PROD-0042,2024-08-16,10,West
PROD-0094,2024-08-16,21,Central
PROD-0025,2024-08-16,32,West
PROD-0031,2024-08-16,19,North
PROD-0056,2024-08-16,36,South
PROD-0009,2024-08-16,36,East
PROD-0008,2024-08-16,48,Central
PROD-0021,2024-08-16,2,East
PROD-0023,2024-08-16,2,North
PROD-0088,2024-08-16,46,East
PROD-0036,2024-08-16,8,West
PROD-0014,2024-08-16,7,West
PROD-0027,2024-08-16,22,West
PROD-0065,2024-08-16,36,Central
PROD-0010,2024-08-16,13,Central
PROD-0020,2024-08-16,5,South
PROD-0029,2024-08-16,38,East
PROD-0073,2024-08-16,26,East
PROD-0038,2024-08-16,6,Central
PROD-0044,2024-08-16,35,West
PROD-0026,2024-08-16,6,North
PROD-0084,2024-08-16,20,Central
PROD-0047,2024-08-16,28,North
PROD-0049,2024-08-16,4,East
PROD-0070,2024-08-16,50,North
PROD-0004,2024-08-16,1,Central
PROD-0072,2024-08-16,12,East
PROD-0098,2024-08-16,18,Central
PROD-0076,2024-08-16,46,South
PROD-0018,2024-08-16,34,West
PROD-0086,2024-08-16,36,West
PROD-0061,2024-08-16,23,West
PROD-0040,2024-08-16,4,South
PROD-0007,2024-08-16,42,North
PROD-0068,2024-08-16,50,South
PROD-0046,2024-08-16,38,South
PROD-0063,2024-08-16,2,North
PROD-0048,2024-08-16,7,South
PROD-0080,2024-08-16,22,North
PROD-0011,2024-08-16,5,Central
PROD-0095,2024-08-16,26,North
PROD-0087,2024-08-17,6,Central
PROD-0052,2024-08-17,29,North
PROD-0067,2024-08-17,15,Central
PROD-0061,2024-08-17,13,South
PROD-0026,2024-08-17,7,South
PROD-0092,2024-08-17,9,South
PROD-0036,2024-08-17,16,Central
PROD-0021,2024-08-17,8,North
PROD-0019,2024-08-17,24,Central
PROD-0082,2024-08-17,1,West
PROD-0068,2024-08-17,6,North
PROD-0040,2024-08-17,0,West
PROD-0017,2024-08-17,24,South
PROD-0033,2024-08-17,1,South
PROD-0074,2024-08-17,10,South
PROD-0028,2024-08-17,15,West
PROD-0029,2024-08-17,5,East
PROD-0080,2024-08-17,27,Central
PROD-0002,2024-08-17,17,East
PROD-0073,2024-08-17,9,West
PROD-0003,2024-08-17,28,East
PROD-0097,2024-08-17,1,East
PROD-0051,2024-08-17,19,North
PROD-0045,2024-08-17,25,East
PROD-0024,2024-08-17,12,West
PROD-0066,2024-08-17,25,Central
PROD-0075,2024-08-17,14,West
PROD-0001,2024-08-17,26,West
PROD-0076,2024-08-17,10,North
PROD-0046,2024-08-17,28,West
PROD-0095,2024-08-17,21,West
PROD-0094,2024-08-17,8,East
PROD-0063,2024-08-17,25,East
PROD-0049,2024-08-17,10,East
PROD-0090,2024-08-17,9,East
PROD-0084,2024-08-17,13,North
PROD-0034,2024-08-17,10,West
PROD-0022,2024-08-17,25,West
PROD-0011,2024-08-17,21,Central
PROD-0009,2024-08-17,25,West
PROD-0093,2024-08-17,13,Central
PROD-0015,2024-08-17,7,East
PROD-0053,2024-08-17,19,South
PROD-0007,2024-08-17,11,Central
PROD-0037,2024-08-17,28,South
PROD-0062,2024-08-17,25,East
PROD-0027,2024-08-17,25,Central
PROD-0091,2024-08-17,16,South
PROD-0048,2024-08-17,16,West
PROD-0081,2024-08-17,8,West
PROD-0072,2024-08-17,15,East
PROD-0050,2024-08-17,20,East
PROD-0005,2024-08-17,9,South
PROD-0023,2024-08-17,1,West
PROD-0025,2024-08-17,18,East
PROD-0064,2024-08-17,20,West
PROD-0032,2024-08-17,0,Central
PROD-0020,2024-08-17,23,East
PROD-0069,2024-08-17,9,South
PROD-0083,2024-08-17,30,West
PROD-0096,2024-08-17,30,Central
PROD-0056,2024-08-17,21,South
PROD-0057,2024-08-17,25,East
PROD-0042,2024-08-17,12,South
PROD-0098,2024-08-17,28,West
PROD-0018,2024-08-17,23,East
PROD-0089,2024-08-17,21,North
PROD-0078,2024-08-17,13,North
PROD-0030,2024-08-17,29,East
PROD-0049,2024-08-18,2,East
PROD-0009,2024-08-18,28,North
PROD-0046,2024-08-18,23,South
PROD-0099,2024-08-18,21,East
PROD-0080,2024-08-18,15,West
PROD-0042,2024-08-18,6,North
PROD-0034,2024-08-18,2,West
PROD-0054,2024-08-18,7,East
PROD-0014,2024-08-18,7,Central
PROD-0008,2024-08-18,29,South
PROD-0007,2024-08-18,22,North
PROD-0100,2024-08-18,27,West
PROD-0062,2024-08-18,17,South
PROD-0005,2024-08-18,28,West
PROD-0051,2024-08-18,6,Central
PROD-0058,2024-08-18,12,East
PROD-0037,2024-08-18,24,East
PROD-0052,2024-08-18,25,North
PROD-0029,2024-08-18,9,Central
PROD-0040,2024-08-18,1,North
PROD-0043,2024-08-18,16,South
PROD-0018,2024-08-18,13,Central
PROD-0087,2024-08-18,13,North
PROD-0001,2024-08-18,13,North
PROD-0068,2024-08-18,26,South
PROD-0004,2024-08-18,27,North
PROD-0020,2024-08-18,12,East
PROD-0074,2024-08-18,1,South
PROD-0066,2024-08-18,21,North
PROD-0015,2024-08-18,12,South
PROD-0030,2024-08-18,13,South
PROD-0050,2024-08-18,3,South
PROD-0002,2024-08-18,18,Central
PROD-0088,2024-08-18,10,South
PROD-0084,2024-08-18,9,West
PROD-0047,2024-08-18,24,East
PROD-0012,2024-08-18,7,North
PROD-0003,2024-08-18,28,North
PROD-0021,2024-08-18,4,South
PROD-0031,2024-08-18,9,East
PROD-0093,2024-08-18,22,North
PROD-0083,2024-08-18,10,South
PROD-0026,2024-08-18,15,East
PROD-0032,2024-08-18,7,West
PROD-0079,2024-08-18,10,South
PROD-0082,2024-08-18,21,West
PROD-0045,2024-08-18,26,West
PROD-0077,2024-08-18,7,East
PROD-0006,2024-08-18,4,North
PROD-0076,2024-08-18,20,East
PROD-0075,2024-08-18,19,South
PROD-0044,2024-08-18,20,South
PROD-0064,2024-08-18,21,East
PROD-0071,2024-08-18,13,East
PROD-0072,2024-08-18,13,North
PROD-0038,2024-08-18,10,West
PROD-0024,2024-08-18,1,Central
PROD-0069,2024-08-18,24,North
PROD-0096,2024-08-18,22,South
PROD-0011,2024-08-18,12,North
PROD-0091,2024-08-18,3,West
PROD-0013,2024-08-18,25,East
PROD-0097,2024-08-18,13,East
PROD-0017,2024-08-18,12,South
PROD-0025,2024-08-18,27,West
PROD-0092,2024-08-18,27,North
PROD-0053,2024-08-19,27,South
PROD-0069,2024-08-19,31,South
PROD-0029,2024-08-19,35,North
PROD-0055,2024-08-19,27,West
PROD-0013,2024-08-19,13,South
PROD-0039,2024-08-19,29,East
PROD-0041,2024-08-19,25,North
PROD-0021,2024-08-19,9,North
PROD-0065,2024-08-19,43,East
PROD-0049,2024-08-19,31,East
PROD-0066,2024-08-19,28,South
PROD-0094,2024-08-19,49,West
PROD-0026,2024-08-19,17,North
PROD-0038,2024-08-19,12,West
PROD-0062,2024-08-19,2,Central
PROD-0006,2024-08-19,17,Central
PROD-0080,2024-08-19,8,Central
PROD-0007,2024-08-19,42,West
PROD-0037,2024-08-19,26,South
PROD-0096,2024-08-19,1,Central
PROD-0009,2024-08-19,40,North
PROD-0040,2024-08-19,28,Central
PROD-0004,2024-08-19,15,North
PROD-0077,2024-08-19,39,West
PROD-0060,2024-08-19,16,North
PROD-0070,2024-08-19,16,Central
PROD-0047,2024-08-19,39,East
PROD-0098,2024-08-19,5,West
PROD-0044,2024-08-19,48,West
PROD-0052,2024-08-19,4,East
PROD-0074,2024-08-19,22,North
PROD-0054,2024-08-19,46,East
PROD-0086,2024-08-19,47,Central
PROD-0057,2024-08-19,38,Central
PROD-0030,2024-08-19,10,South
PROD-0072,2024-08-19,44,West
PROD-0019,2024-08-19,29,South
PROD-0045,2024-08-19,44,North
PROD-0005,2024-08-19,12,South
PROD-0003,2024-08-19,18,South
PROD-0093,2024-08-19,50,Central
PROD-0036,2024-08-19,36,Central
PROD-0025,2024-08-19,3,East
PROD-0081,2024-08-19,33,East
PROD-0001,2024-08-19,6,East
PROD-0089,2024-08-19,42,South
PROD-0031,2024-08-19,4,South
PROD-0087,2024-08-19,24,Central
PROD-0091,2024-08-19,16,West
PROD-0022,2024-08-19,20,East
PROD-0027,2024-08-19,3,South
PROD-0008,2024-08-19,36,South
PROD-0035,2024-08-19,47,South
PROD-0058,2024-08-19,7,South
PROD-0028,2024-08-19,17,South
PROD-0042,2024-08-19,31,East
PROD-0012,2024-08-19,50,East
PROD-0048,2024-08-19,29,West
PROD-0050,2024-08-19,30,South
PROD-0073,2024-08-19,39,Central
PROD-0095,2024-08-19,5,North
PROD-0046,2024-08-19,46,East
PROD-0084,2024-08-19,19,Central
PROD-0011,2024-08-19,2,East
PROD-0020,2024-08-19,41,East
PROD-0061,2024-08-19,13,North
PROD-0018,2024-08-19,34,South
PROD-0064,2024-08-19,42,East
PROD-0092,2024-08-19,16,West
PROD-0068,2024-08-19,40,East
PROD-0033,2024-08-19,15,North
PROD-0071,2024-08-19,3,South
PROD-0075,2024-08-19,43,Central
PROD-0078,2024-08-19,31,West
PROD-0090,2024-08-19,8,North
PROD-0085,2024-08-19,21,North
PROD-0032,2024-08-19,27,South
PROD-0016,2024-08-19,44,Central
PROD-0020,2024-08-20,44,West
PROD-0035,2024-08-20,39,South
PROD-0086,2024-08-20,25,East
PROD-0033,2024-08-20,5,West
PROD-0008,2024-08-20,14,South
PROD-0024,2024-08-20,33,North
PROD-0097,2024-08-20,28,South
PROD-0077,2024-08-20,44,Central
PROD-0082,2024-08-20,6,North
PROD-0092,2024-08-20,47,Central
PROD-0083,2024-08-20,32,South
PROD-0063,2024-08-20,40,South
PROD-0031,2024-08-20,11,North
PROD-0060,2024-08-20,38,Central
PROD-0030,2024-08-20,16,West
PROD-0021,2024-08-20,37,North
PROD-0089,2024-08-20,21,West
PROD-0061,2024-08-20,14,West
PROD-0100,2024-08-20,28,West
PROD-0073,2024-08-20,8,North
PROD-0056,2024-08-20,23,South
PROD-0036,2024-08-20,37,Central
PROD-0074,2024-08-20,44,West
PROD-0071,2024-08-20,32,North
PROD-0006,2024-08-20,29,East
PROD-0090,2024-08-20,23,Central
PROD-0014,2024-08-20,48,Central
PROD-0057,2024-08-20,47,North
PROD-0011,2024-08-20,24,South
PROD-0026,2024-08-20,4,East
PROD-0007,2024-08-20,18,East
PROD-0070,2024-08-20,4,North
PROD-0065,2024-08-20,12,North
PROD-0049,2024-08-20,9,West
PROD-0091,2024-08-20,48,Central
PROD-0048,2024-08-20,16,Central
PROD-0053,2024-08-20,32,Central
PROD-0010,2024-08-20,40,North
PROD-0003,2024-08-20,14,East
PROD-0004,2024-08-20,41,East
PROD-0098,2024-08-20,4,South
PROD-0019,2024-08-20,39,East
PROD-0001,2024-08-20,33,West
PROD-0093,2024-08-20,29,West
PROD-0072,2024-08-20,4,South
PROD-0028,2024-08-20,42,North
PROD-0088,2024-08-20,18,North
PROD-0058,2024-08-20,39,South
PROD-0039,2024-08-20,18,West
PROD-0095,2024-08-20,44,West
PROD-0017,2024-08-20,44,East
PROD-0087,2024-08-20,20,North
PROD-0046,2024-08-20,35,South
PROD-0064,2024-08-20,16,West
PROD-0099,2024-08-20,35,Central
PROD-0032,2024-08-20,7,North
PROD-0076,2024-08-20,5,South
PROD-0041,2024-08-20,36,South
PROD-0051,2024-08-20,29,South
PROD-0066,2024-08-20,5,North
PROD-0016,2024-08-20,49,East
PROD-0034,2024-08-20,7,South
PROD-0020,2024-08-21,25,North
PROD-0022,2024-08-21,7,Central
PROD-0057,2024-08-21,20,South
PROD-0089,2024-08-21,10,North
PROD-0076,2024-08-21,7,South
PROD-0029,2024-08-21,35,Central
PROD-0074,2024-08-21,11,East
PROD-0071,2024-08-21,16,South
PROD-0011,2024-08-21,3,Central
PROD-0072,2024-08-21,48,South
PROD-0067,2024-08-21,44,North
PROD-0040,2024-08-21,49,West
PROD-0031,2024-08-21,34,North
PROD-0099,2024-08-21,47,West
PROD-0018,2024-08-21,15,West
PROD-0050,2024-08-21,1,South
PROD-0056,2024-08-21,35,Central
PROD-0006,2024-08-21,44,North
PROD-0096,2024-08-21,42,West
PROD-0092,2024-08-21,16,West
PROD-0033,2024-08-21,39,North
PROD-0019,2024-08-21,30,Central
PROD-0007,2024-08-21,38,East
PROD-0042,2024-08-21,42,West
PROD-0027,2024-08-21,28,West
PROD-0077,2024-08-21,12,North
PROD-0025,2024-08-21,3,North
PROD-0095,2024-08-21,23,South
PROD-0039,2024-08-21,6,East
PROD-0024,2024-08-21,45,North
PROD-0064,2024-08-21,50,North
PROD-0034,2024-08-21,31,North
PROD-0001,2024-08-21,30,North
PROD-0088,2024-08-21,28,South
PROD-0087,2024-08-21,18,Central
PROD-0082,2024-08-21,24,North
PROD-0086,2024-08-21,42,Central
PROD-0030,2024-08-21,39,East
PROD-0075,2024-08-21,7,South
PROD-0013,2024-08-21,14,West
PROD-0023,2024-08-21,1,Central
PROD-0014,2024-08-21,24,North
PROD-0062,2024-08-21,49,North
PROD-0053,2024-08-21,50,Central
PROD-0068,2024-08-21,49,North
PROD-0005,2024-08-21,40,East
PROD-0080,2024-08-21,42,East
PROD-0093,2024-08-21,24,East
PROD-0002,2024-08-21,24,West
PROD-0055,2024-08-21,39,West
PROD-0047,2024-08-21,10,Central
PROD-0037,2024-08-21,26,East
PROD-0069,2024-08-21,22,West
PROD-0078,2024-08-21,8,Central
PROD-0084,2024-08-21,12,West
PROD-0041,2024-08-21,28,West
PROD-0065,2024-08-21,6,South
PROD-0038,2024-08-21,29,West
PROD-0043,2024-08-21,47,North
PROD-0079,2024-08-21,45,Central
PROD-0036,2024-08-21,33,West
PROD-0066,2024-08-21,49,South
PROD-0063,2024-08-21,28,South
PROD-0026,2024-08-21,38,East
PROD-0039,2024-08-22,9,West
PROD-0014,2024-08-22,49,West
PROD-0046,2024-08-22,50,West
PROD-0065,2024-08-22,35,South
PROD-0052,2024-08-22,2,East
PROD-0087,2024-08-22,24,West
PROD-0033,2024-08-22,14,West
PROD-0064,2024-08-22,7,South
PROD-0092,2024-08-22,35,Central
PROD-0030,2024-08-22,31,East
PROD-0055,2024-08-22,3,South
PROD-0048,2024-08-22,47,South
PROD-0019,2024-08-22,14,East
PROD-0004,2024-08-22,43,West
PROD-0009,2024-08-22,5,East
PROD-0001,2024-08-22,20,West
PROD-0054,2024-08-22,25,South
PROD-0056,2024-08-22,32,West
PROD-0006,2024-08-22,14,South
PROD-0080,2024-08-22,1,East
PROD-0070,2024-08-22,44,North
PROD-0083,2024-08-22,5,West
PROD-0062,2024-08-22,27,North
PROD-0059,2024-08-22,44,East
PROD-0037,2024-08-22,12,North
PROD-0040,2024-08-22,24,South
PROD-0078,2024-08-22,19,Central
PROD-0097,2024-08-22,15,North
PROD-0002,2024-08-22,39,West
PROD-0073,2024-08-22,35,West
PROD-0023,2024-08-22,14,West
PROD-0010,2024-08-22,17,West
PROD-0034,2024-08-22,2,East
PROD-0067,2024-08-22,25,East
PROD-0091,2024-08-22,25,Central
PROD-0005,2024-08-22,37,West
PROD-0094,2024-08-22,38,Central
PROD-0081,2024-08-22,31,North
PROD-0099,2024-08-22,14,West
PROD-0041,2024-08-22,36,Central
PROD-0077,2024-08-22,50,South
PROD-0044,2024-08-22,1,North
PROD-0027,2024-08-22,18,Central
PROD-0032,2024-08-22,15,West
PROD-0024,2024-08-22,44,Central
PROD-0036,2024-08-22,42,South
PROD-0088,2024-08-22,26,South
PROD-0007,2024-08-22,45,North
PROD-0021,2024-08-22,49,East
PROD-0089,2024-08-22,37,South
PROD-0035,2024-08-22,48,South
PROD-0093,2024-08-22,50,Central
PROD-0072,2024-08-22,8,South
PROD-0068,2024-08-22,31,North
PROD-0025,2024-08-22,25,East
PROD-0050,2024-08-22,39,South
PROD-0018,2024-08-22,18,North
PROD-0045,2024-08-22,3,East
PROD-0075,2024-08-22,4,West
PROD-0011,2024-08-22,48,South
PROD-0076,2024-08-22,38,North
PROD-0061,2024-08-22,6,Central
PROD-0085,2024-08-22,29,South
PROD-0013,2024-08-22,9,Central
PROD-0095,2024-08-22,11,East
PROD-0053,2024-08-22,31,North
PROD-0038,2024-08-22,34,South
PROD-0086,2024-08-22,2,North
PROD-0067,2024-08-23,29,Central
PROD-0052,2024-08-23,50,West
PROD-0100,2024-08-23,42,North
PROD-0056,2024-08-23,31,East
PROD-0095,2024-08-23,44,West
PROD-0008,2024-08-23,34,Central
PROD-0093,2024-08-23,47,Central
PROD-0069,2024-08-23,42,East
PROD-0074,2024-08-23,37,West
PROD-0077,2024-08-23,19,Central
PROD-0072,2024-08-23,40,West
PROD-0084,2024-08-23,40,Central
PROD-0029,2024-08-23,4,East
PROD-0040,2024-08-23,11,South
PROD-0001,2024-08-23,7,West
PROD-0092,2024-08-23,8,North
PROD-0057,2024-08-23,18,Central
PROD-0048,2024-08-23,27,East
PROD-0086,2024-08-23,27,East
PROD-0073,2024-08-23,34,North
PROD-0062,2024-08-23,36,Central
PROD-0025,2024-08-23,35,North
PROD-0053,2024-08-23,1,West
PROD-0054,2024-08-23,5,West
PROD-0041,2024-08-23,14,East
PROD-0083,2024-08-23,27,South
PROD-0080,2024-08-23,7,West
PROD-0075,2024-08-23,13,North
PROD-0070,2024-08-23,11,Central
PROD-0038,2024-08-23,30,East
PROD-0064,2024-08-23,23,West
PROD-0058,2024-08-23,12,West
PROD-0033,2024-08-23,7,West
PROD-0036,2024-08-23,39,East
PROD-0042,2024-08-23,39,West
PROD-0007,2024-08-23,14,West
PROD-0026,2024-08-23,36,Central
PROD-0018,2024-08-23,5,North
PROD-0028,2024-08-23,37,South
PROD-0047,2024-08-23,34,Central
PROD-0043,2024-08-23,42,Central
PROD-0082,2024-08-23,38,North
PROD-0046,2024-08-23,26,Central
PROD-0020,2024-08-23,11,North
PROD-0010,2024-08-23,8,South
PROD-0016,2024-08-23,42,North
PROD-0049,2024-08-23,32,North
PROD-0011,2024-08-23,28,West
PROD-0096,2024-08-23,23,South
PROD-0013,2024-08-23,44,South
PROD-0009,2024-08-23,8,West
PROD-0027,2024-08-23,15,South
PROD-0045,2024-08-23,27,North
PROD-0097,2024-08-23,16,North
PROD-0002,2024-08-23,31,Central
PROD-0063,2024-08-23,34,East
PROD-0006,2024-08-23,18,Central
PROD-0003,2024-08-23,3,North
PROD-0021,2024-08-23,20,Central
PROD-0051,2024-08-23,4,South
PROD-0019,2024-08-23,31,South
PROD-0031,2024-08-23,39,East
PROD-0032,2024-08-23,48,East
PROD-0094,2024-08-23,24,Central
PROD-0098,2024-08-23,50,East
PROD-0024,2024-08-23,33,South
PROD-0060,2024-08-23,22,West
PROD-0066,2024-08-23,16,Central
PROD-0076,2024-08-23,38,Central
PROD-0090,2024-08-23,49,North
PROD-0023,2024-08-24,10,South
PROD-0095,2024-08-24,23,South
PROD-0071,2024-08-24,6,East
PROD-0065,2024-08-24,30,East
PROD-0021,2024-08-24,4,West
PROD-0036,2024-08-24,10,North
PROD-0063,2024-08-24,23,South
PROD-0091,2024-08-24,12,Central
PROD-0015,2024-08-24,3,East
PROD-0009,2024-08-24,19,West
PROD-0026,2024-08-24,7,North
PROD-0085,2024-08-24,27,South
PROD-0055,2024-08-24,27,South
PROD-0051,2024-08-24,15,North
PROD-0024,2024-08-24,4,Central
PROD-0067,2024-08-24,15,South
PROD-0059,2024-08-24,22,Central
PROD-0050,2024-08-24,10,East
PROD-0100,2024-08-24,10,North
PROD-0094,2024-08-24,8,Central
PROD-0060,2024-08-24,10,East
PROD-0076,2024-08-24,9,North
PROD-0002,2024-08-24,12,West
PROD-0035,2024-08-24,8,North
PROD-0020,2024-08-24,23,South
PROD-0099,2024-08-24,0,West
PROD-0014,2024-08-24,23,West
PROD-0031,2024-08-24,20,East
PROD-0064,2024-08-24,30,Central
PROD-0077,2024-08-24,1,Central
PROD-0037,2024-08-24,16,East
PROD-0066,2024-08-24,14,Central
PROD-0010,2024-08-24,21,West
PROD-0090,2024-08-24,5,East
PROD-0013,2024-08-24,28,North
PROD-0092,2024-08-24,21,Central
PROD-0034,2024-08-24,23,South
PROD-0073,2024-08-24,27,North
PROD-0042,2024-08-24,18,West
PROD-0072,2024-08-24,24,South
PROD-0030,2024-08-24,13,North
PROD-0052,2024-08-24,16,West
PROD-0082,2024-08-24,19,North
PROD-0056,2024-08-24,3,South
PROD-0044,2024-08-24,8,Central
PROD-0061,2024-08-24,18,South
PROD-0046,2024-08-24,16,West
PROD-0001,2024-08-24,1,West
PROD-0098,2024-08-24,27,South
PROD-0045,2024-08-24,4,West
PROD-0019,2024-08-24,25,South
PROD-0032,2024-08-24,27,East
PROD-0088,2024-08-24,0,South
PROD-0068,2024-08-24,12,South
PROD-0081,2024-08-24,25,South
PROD-0084,2024-08-24,25,South
PROD-0022,2024-08-24,28,East
PROD-0075,2024-08-24,4,Central
PROD-0080,2024-08-24,20,South
PROD-0062,2024-08-24,2,West
PROD-0041,2024-08-24,26,South
PROD-0058,2024-08-24,7,South
PROD-0029,2024-08-24,16,East
PROD-0009,2024-08-25,0,North
PROD-0012,2024-08-25,21,North
PROD-0010,2024-08-25,25,East
PROD-0062,2024-08-25,11,East
PROD-0075,2024-08-25,6,East
PROD-0004,2024-08-25,29,Central
PROD-0047,2024-08-25,10,South
PROD-0018,2024-08-25,25,North
PROD-0059,2024-08-25,6,East
PROD-0044,2024-08-25,9,East
PROD-0025,2024-08-25,0,Central
PROD-0023,2024-08-25,12,West
PROD-0013,2024-08-25,16,East
PROD-0067,2024-08-25,27,North
PROD-0054,2024-08-25,4,Central
PROD-0053,2024-08-25,16,North
PROD-0008,2024-08-25,13,West
PROD-0002,2024-08-25,10,North
PROD-0015,2024-08-25,24,Central
PROD-0064,2024-08-25,11,North
PROD-0070,2024-08-25,12,West
PROD-0071,2024-08-25,13,South
PROD-0046,2024-08-25,24,Central
PROD-0055,2024-08-25,24,North
PROD-0081,2024-08-25,7,West
PROD-0096,2024-08-25,1,East
PROD-0100,2024-08-25,12,South
PROD-0065,2024-08-25,12,East
PROD-0089,2024-08-25,3,Central
PROD-0041,2024-08-25,2,Central
PROD-0028,2024-08-25,7,West
PROD-0098,2024-08-25,3,North
PROD-0032,2024-08-25,1,South
PROD-0068,2024-08-25,12,West
PROD-0095,2024-08-25,12,Central
PROD-0027,2024-08-25,10,South
PROD-0074,2024-08-25,28,Central
PROD-0021,2024-08-25,22,South
PROD-0022,2024-08-25,1,South
PROD-0049,2024-08-25,9,West
PROD-0033,2024-08-25,15,West
PROD-0099,2024-08-25,16,Central
PROD-0079,2024-08-25,25,West
PROD-0045,2024-08-25,23,South
PROD-0030,2024-08-25,30,South
PROD-0057,2024-08-25,22,East
PROD-0005,2024-08-25,9,South
PROD-0076,2024-08-25,21,West
PROD-0020,2024-08-25,3,Central
PROD-0036,2024-08-25,10,North
PROD-0058,2024-08-25,3,Central
PROD-0011,2024-08-25,29,South
PROD-0007,2024-08-25,23,North
PROD-0088,2024-08-25,24,South
PROD-0034,2024-08-25,12,South
PROD-0038,2024-08-25,10,South
PROD-0072,2024-08-25,11,North
PROD-0078,2024-08-25,15,West
PROD-0001,2024-08-25,26,South
PROD-0080,2024-08-25,19,South
PROD-0006,2024-08-25,10,West
PROD-0084,2024-08-25,7,South
PROD-0069,2024-08-25,12,Central
PROD-0090,2024-08-25,21,Central
PROD-0056,2024-08-25,9,South
PROD-0035,2024-08-25,10,South
PROD-0041,2024-08-26,7,Central
PROD-0038,2024-08-26,25,West
PROD-0033,2024-08-26,40,East
PROD-0009,2024-08-26,47,North
PROD-0011,2024-08-26,33,West
PROD-0034,2024-08-26,50,East
PROD-0090,2024-08-26,19,South
PROD-0087,2024-08-26,19,South
PROD-0091,2024-08-26,47,Central
PROD-0073,2024-08-26,12,West
PROD-0056,2024-08-26,40,South
PROD-0067,2024-08-26,36,East
PROD-0062,2024-08-26,22,North
PROD-0059,2024-08-26,29,East
PROD-0100,2024-08-26,14,East
PROD-0053,2024-08-26,2,Central
PROD-0098,2024-08-26,23,South
PROD-0065,2024-08-26,49,Central
PROD-0044,2024-08-26,41,Central
PROD-0079,2024-08-26,40,East
PROD-0042,2024-08-26,39,East
PROD-0047,2024-08-26,31,North
PROD-0003,2024-08-26,16,Central
PROD-0075,2024-08-26,28,Central
PROD-0078,2024-08-26,28,East
PROD-0072,2024-08-26,21,South
PROD-0096,2024-08-26,21,Central
PROD-0089,2024-08-26,7,West
PROD-0046,2024-08-26,26,East
PROD-0097,2024-08-26,3,East
PROD-0052,2024-08-26,30,North
PROD-0083,2024-08-26,36,Central
PROD-0058,2024-08-26,13,North
PROD-0032,2024-08-26,3,Central
PROD-0004,2024-08-26,38,East
PROD-0040,2024-08-26,18,South
PROD-0060,2024-08-26,36,Central
PROD-0037,2024-08-26,30,South
PROD-0001,2024-08-26,18,East
PROD-0039,2024-08-26,48,Central
PROD-0022,2024-08-26,42,West
PROD-0068,2024-08-26,43,West
PROD-0012,2024-08-26,34,West
PROD-0028,2024-08-26,28,West
PROD-0045,2024-08-26,38,Central
PROD-0017,2024-08-26,40,Central
PROD-0018,2024-08-26,17,West
PROD-0013,2024-08-26,2,West
PROD-0031,2024-08-26,45,North
PROD-0099,2024-08-26,30,North
PROD-0082,2024-08-26,28,Central
PROD-0014,2024-08-26,4,North
PROD-0069,2024-08-26,17,Central
PROD-0016,2024-08-26,29,North
PROD-0029,2024-08-26,6,North
PROD-0005,2024-08-26,49,South
PROD-0007,2024-08-26,34,East
PROD-0036,2024-08-26,46,West
PROD-0064,2024-08-26,7,East
PROD-0021,2024-08-26,26,West
PROD-0024,2024-08-26,23,West
PROD-0063,2024-08-26,28,East
PROD-0076,2024-08-26,1,East
PROD-0049,2024-08-26,5,Central
PROD-0050,2024-08-26,47,Central
PROD-0057,2024-08-26,28,North
PROD-0008,2024-08-26,44,North
PROD-0095,2024-08-26,25,West
PROD-0085,2024-08-26,43,East
PROD-0046,2024-08-27,47,South
PROD-0059,2024-08-27,14,East
PROD-0093,2024-08-27,45,South
PROD-0024,2024-08-27,24,Central
PROD-0095,2024-08-27,41,West
PROD-0077,2024-08-27,37,Central
PROD-0088,2024-08-27,21,North
PROD-0080,2024-08-27,18,East
PROD-0001,2024-08-27,49,North
PROD-0021,2024-08-27,42,East
PROD-0061,2024-08-27,27,West
PROD-0032,2024-08-27,46,Central
PROD-0056,2024-08-27,15,West
PROD-0052,2024-08-27,22,East
PROD-0005,2024-08-27,3,South
PROD-0062,2024-08-27,46,East
PROD-0048,2024-08-27,12,Central
PROD-0019,2024-08-27,28,North
PROD-0029,2024-08-27,31,Central
PROD-0018,2024-08-27,38,South
PROD-0060,2024-08-27,22,West
PROD-0031,2024-08-27,8,East
PROD-0084,2024-08-27,3,South
PROD-0025,2024-08-27,22,North
PROD-0026,2024-08-27,44,South
PROD-0067,2024-08-27,35,East
PROD-0044,2024-08-27,46,West
PROD-0035,2024-08-27,28,South
PROD-0045,2024-08-27,49,West
PROD-0068,2024-08-27,20,Central
PROD-0076,2024-08-27,5,West
PROD-0051,2024-08-27,49,South
PROD-0078,2024-08-27,34,East
PROD-0020,2024-08-27,37,South
PROD-0085,2024-08-27,49,West
PROD-0012,2024-08-27,36,North
PROD-0006,2024-08-27,43,West
PROD-0009,2024-08-27,13,East
PROD-0007,2024-08-27,33,East
PROD-0075,2024-08-27,15,North
PROD-0058,2024-08-27,47,North
PROD-0070,2024-08-27,2,North
PROD-0072,2024-08-27,49,South
PROD-0042,2024-08-27,29,Central
PROD-0098,2024-08-27,37,West
PROD-0055,2024-08-27,39,East
PROD-0040,2024-08-27,6,Central
PROD-0049,2024-08-27,42,South
PROD-0097,2024-08-27,1,East
PROD-0027,2024-08-27,42,Central
PROD-0022,2024-08-27,24,South
PROD-0100,2024-08-27,46,West
PROD-0073,2024-08-27,30,East
PROD-0090,2024-08-27,34,West
PROD-0069,2024-08-27,49,West
PROD-0047,2024-08-27,4,South
PROD-0094,2024-08-27,25,East
PROD-0091,2024-08-27,27,South
PROD-0011,2024-08-27,4,South
PROD-0083,2024-08-27,48,West
PROD-0028,2024-08-27,14,East
PROD-0082,2024-08-27,20,East
PROD-0004,2024-08-27,14,Central
PROD-0099,2024-08-27,17,West
PROD-0065,2024-08-27,33,Central
PROD-0036,2024-08-28,48,South
PROD-0068,2024-08-28,15,North
PROD-0027,2024-08-28,35,North
PROD-0019,2024-08-28,44,South
PROD-0081,2024-08-28,13,South
PROD-0002,2024-08-28,24,West
PROD-0039,2024-08-28,44,West
PROD-0048,2024-08-28,6,West
PROD-0051,2024-08-28,46,North
PROD-0099,2024-08-28,29,South
PROD-0100,2024-08-28,8,West
PROD-0032,2024-08-28,20,East
PROD-0034,2024-08-28,23,West
PROD-0078,2024-08-28,30,West
PROD-0088,2024-08-28,12,West
PROD-0097,2024-08-28,9,West
PROD-0043,2024-08-28,16,West
PROD-0071,2024-08-28,29,Central
PROD-0073,2024-08-28,21,North
PROD-0029,2024-08-28,33,Central
PROD-0028,2024-08-28,36,Central
PROD-0049,2024-08-28,32,West
PROD-0013,2024-08-28,17,West
PROD-0017,2024-08-28,50,East
PROD-0003,2024-08-28,40,East
PROD-0087,2024-08-28,44,East
PROD-0020,2024-08-28,42,South
PROD-0041,2024-08-28,19,Central
PROD-0026,2024-08-28,46,East
PROD-0004,2024-08-28,9,Central
PROD-0077,2024-08-28,23,South
PROD-0014,2024-08-28,29,West
PROD-0058,2024-08-28,17,North
PROD-0046,2024-08-28,49,South
PROD-0095,2024-08-28,31,West
PROD-0047,2024-08-28,30,West
PROD-0009,2024-08-28,36,West
PROD-0079,2024-08-28,19,North
PROD-0012,2024-08-28,17,South
PROD-0005,2024-08-28,2,West
PROD-0089,2024-08-28,27,West
PROD-0093,2024-08-28,23,North
PROD-0021,2024-08-28,20,Central
PROD-0025,2024-08-28,29,East
PROD-0096,2024-08-28,13,East
PROD-0065,2024-08-28,6,North
PROD-0053,2024-08-28,21,West
PROD-0030,2024-08-28,50,South
PROD-0082,2024-08-28,42,South
PROD-0031,2024-08-28,4,Central
PROD-0057,2024-08-28,38,North
PROD-0084,2024-08-28,3,North
PROD-0037,2024-08-28,37,East
PROD-0016,2024-08-28,48,North
PROD-0023,2024-08-28,27,East
PROD-0052,2024-08-28,26,East
PROD-0085,2024-08-28,47,Central
PROD-0091,2024-08-28,10,South
PROD-0024,2024-08-28,48,East
PROD-0050,2024-08-28,47,East
PROD-0011,2024-08-28,22,South
PROD-0040,2024-08-28,34,East
PROD-0033,2024-08-28,42,West
PROD-0056,2024-08-28,24,South
PROD-0080,2024-08-28,22,South
PROD-0006,2024-08-28,13,South
PROD-0055,2024-08-28,27,West
PROD-0029,2024-08-29,41,North
PROD-0031,2024-08-29,3,East
PROD-0048,2024-08-29,30,North
PROD-0013,2024-08-29,37,North
PROD-0083,2024-08-29,5,North
PROD-0021,2024-08-29,48,South
PROD-0067,2024-08-29,20,Central
PROD-0063,2024-08-29,49,East
PROD-0052,2024-08-29,27,North
PROD-0094,2024-08-29,6,Central
PROD-0086,2024-08-29,45,Central
PROD-0041,2024-08-29,33,Central
PROD-0015,2024-08-29,38,West
PROD-0039,2024-08-29,21,North
PROD-0033,2024-08-29,6,Central
PROD-0099,2024-08-29,7,East
PROD-0074,2024-08-29,33,South
PROD-0085,2024-08-29,48,West
PROD-0089,2024-08-29,18,West
PROD-0030,2024-08-29,28,North
PROD-0072,2024-08-29,20,East
PROD-0079,2024-08-29,31,West
PROD-0045,2024-08-29,28,North
PROD-0006,2024-08-29,33,West
PROD-0057,2024-08-29,33,West
PROD-0093,2024-08-29,43,North
PROD-0097,2024-08-29,18,West
PROD-0043,2024-08-29,47,Central
PROD-0037,2024-08-29,27,West
PROD-0046,2024-08-29,43,West
PROD-0055,2024-08-29,36,South
PROD-0036,2024-08-29,46,Central
PROD-0010,2024-08-29,2,East
PROD-0092,2024-08-29,46,South
PROD-0047,2024-08-29,24,West
PROD-0054,2024-08-29,22,Central
PROD-0064,2024-08-29,38,East
PROD-0069,2024-08-29,2,Central
PROD-0078,2024-08-29,42,Central
PROD-0077,2024-08-29,5,East
PROD-0011,2024-08-29,46,South
PROD-0005,2024-08-29,45,South
PROD-0008,2024-08-29,45,South
PROD-0044,2024-08-29,1,South
PROD-0026,2024-08-29,37,South
PROD-0095,2024-08-29,32,West
PROD-0082,2024-08-29,19,North
PROD-0056,2024-08-29,21,East
PROD-0003,2024-08-29,31,South
PROD-0058,2024-08-29,40,Central
PROD-0087,2024-08-29,28,South
PROD-0062,2024-08-29,10,North
PROD-0051,2024-08-29,17,North
PROD-0032,2024-08-29,23,North
PROD-0091,2024-08-29,14,North
PROD-0084,2024-08-29,35,West
PROD-0023,2024-08-29,25,North
PROD-0025,2024-08-29,20,West
PROD-0012,2024-08-29,20,West
PROD-0038,2024-08-29,16,South
PROD-0076,2024-08-29,36,Central
PROD-0024,2024-08-29,6,East
PROD-0040,2024-08-29,30,Central
PROD-0019,2024-08-29,22,South
PROD-0017,2024-08-29,17,West
PROD-0081,2024-08-29,20,East
PROD-0073,2024-08-29,9,North
PROD-0098,2024-08-29,13,East
PROD-0068,2024-08-29,39,East
PROD-0075,2024-08-29,19,North
PROD-0027,2024-08-29,2,South
PROD-0009,2024-08-29,47,South
PROD-0049,2024-08-29,33,West
PROD-0007,2024-08-29,42,South
PROD-0002,2024-08-29,23,North
PROD-0020,2024-08-29,35,West
PROD-0035,2024-08-29,27,East
PROD-0071,2024-08-29,32,West
PROD-0066,2024-08-29,20,North
PROD-0021,2024-08-30,14,East
PROD-0078,2024-08-30,5,Central
PROD-0063,2024-08-30,44,South
PROD-0081,2024-08-30,1,South
PROD-0066,2024-08-30,23,Central
PROD-0068,2024-08-30,24,South
PROD-0005,2024-08-30,18,West
PROD-0026,2024-08-30,50,East
PROD-0070,2024-08-30,35,North
PROD-0044,2024-08-30,23,South
PROD-0099,2024-08-30,40,Central
PROD-0037,2024-08-30,50,Central
PROD-0094,2024-08-30,24,South
PROD-0027,2024-08-30,45,North
PROD-0069,2024-08-30,32,Central
PROD-0036,2024-08-30,39,East
PROD-0052,2024-08-30,22,Central
PROD-0097,2024-08-30,40,North
PROD-0017,2024-08-30,37,Central
PROD-0013,2024-08-30,20,North
PROD-0031,2024-08-30,11,Central
PROD-0073,2024-08-30,25,East
PROD-0032,2024-08-30,24,Central
PROD-0095,2024-08-30,8,West
PROD-0071,2024-08-30,30,East
PROD-0006,2024-08-30,49,Central
PROD-0050,2024-08-30,12,South
PROD-0098,2024-08-30,35,South
PROD-0089,2024-08-30,7,Central
PROD-0030,2024-08-30,15,East
PROD-0065,2024-08-30,35,Central
PROD-0091,2024-08-30,6,Central
PROD-0059,2024-08-30,46,North
PROD-0038,2024-08-30,47,North
PROD-0100,2024-08-30,13,Central
PROD-0042,2024-08-30,5,East
PROD-0043,2024-08-30,25,South
PROD-0062,2024-08-30,17,South
PROD-0004,2024-08-30,46,Central
PROD-0054,2024-08-30,12,East
PROD-0049,2024-08-30,11,North
PROD-0009,2024-08-30,45,Central
PROD-0088,2024-08-30,24,Central
PROD-0034,2024-08-30,30,South
PROD-0022,2024-08-30,49,North
PROD-0020,2024-08-30,38,North
PROD-0067,2024-08-30,12,North
PROD-0079,2024-08-30,33,East
PROD-0085,2024-08-30,10,West
PROD-0047,2024-08-30,13,East
PROD-0029,2024-08-30,6,North
PROD-0014,2024-08-30,19,West
PROD-0077,2024-08-30,6,South
PROD-0002,2024-08-30,16,North
PROD-0003,2024-08-30,22,East
PROD-0028,2024-08-30,24,South
PROD-0008,2024-08-30,4,North
PROD-0035,2024-08-30,21,South
PROD-0057,2024-08-30,3,South
PROD-0011,2024-08-30,4,East
PROD-0045,2024-08-30,19,North
PROD-0093,2024-08-30,29,West
PROD-0075,2024-08-30,35,North
PROD-0010,2024-08-30,43,North
PROD-0054,2024-08-31,24,West
PROD-0083,2024-08-31,14,Central
PROD-0067,2024-08-31,21,East
PROD-0063,2024-08-31,25,East
PROD-0044,2024-08-31,12,West
PROD-0045,2024-08-31,16,West
PROD-0053,2024-08-31,9,East
PROD-0058,2024-08-31,12,East
PROD-0070,2024-08-31,4,Central
PROD-0008,2024-08-31,28,South
PROD-0065,2024-08-31,23,Central
PROD-0087,2024-08-31,4,South
PROD-0039,2024-08-31,16,Central
PROD-0036,2024-08-31,23,East
PROD-0093,2024-08-31,13,South
PROD-0012,2024-08-31,2,West
PROD-0010,2024-08-31,12,North
PROD-0029,2024-08-31,24,North
PROD-0072,2024-08-31,1,West
PROD-0066,2024-08-31,4,West
PROD-0001,2024-08-31,25,West
PROD-0056,2024-08-31,27,Central
PROD-0075,2024-08-31,3,North
PROD-0073,2024-08-31,2,Central
PROD-0096,2024-08-31,24,South
PROD-0051,2024-08-31,6,East
PROD-0030,2024-08-31,5,North
PROD-0023,2024-08-31,15,Central
PROD-0003,2024-08-31,6,West
PROD-0009,2024-08-31,19,South
PROD-0028,2024-08-31,6,North
PROD-0088,2024-08-31,24,West
PROD-0035,2024-08-31,13,West
PROD-0080,2024-08-31,6,West
PROD-0024,2024-08-31,24,Central
PROD-0094,2024-08-31,30,West
PROD-0055,2024-08-31,6,North
PROD-0016,2024-08-31,20,South
PROD-0068,2024-08-31,24,East
PROD-0020,2024-08-31,19,Central
PROD-0040,2024-08-31,27,North
PROD-0061,2024-08-31,28,North
PROD-0021,2024-08-31,0,East
PROD-0076,2024-08-31,22,South
PROD-0091,2024-08-31,5,East
PROD-0042,2024-08-31,19,South
PROD-0064,2024-08-31,29,South
PROD-0002,2024-08-31,21,West
PROD-0006,2024-08-31,2,South
PROD-0031,2024-08-31,6,South
PROD-0018,2024-08-31,1,North
PROD-0048,2024-08-31,25,West
PROD-0007,2024-08-31,10,Central
PROD-0037,2024-08-31,13,Central
PROD-0078,2024-08-31,19,South
PROD-0027,2024-08-31,10,South
PROD-0085,2024-08-31,21,West
PROD-0097,2024-08-31,4,South
PROD-0099,2024-08-31,24,East
PROD-0017,2024-08-31,3,East
PROD-0052,2024-08-31,13,South
PROD-0026,2024-08-31,27,North
PROD-0038,2024-08-31,13,Central
PROD-0098,2024-08-31,25,North
PROD-0032,2024-08-31,27,South
PROD-0043,2024-08-31,24,Central
PROD-0022,2024-08-31,15,North
PROD-0077,2024-08-31,15,North
PROD-0069,2024-08-31,11,Central
PROD-0092,2024-08-31,1,South
PROD-0015,2024-08-31,7,East
PROD-0057,2024-08-31,0,West
PROD-0019,2024-08-31,13,East
PROD-0033,2024-08-31,18,East
PROD-0025,2024-08-31,17,West
PROD-0062,2024-08-31,27,Central
PROD-0086,2024-08-31,13,North
PROD-0093,2024-09-01,1,East
PROD-0028,2024-09-01,3,Central
PROD-0054,2024-09-01,28,Central
PROD-0077,2024-09-01,19,East
PROD-0008,2024-09-01,16,West
PROD-0099,2024-09-01,27,East
PROD-0001,2024-09-01,8,North
PROD-0082,2024-09-01,4,West
PROD-0051,2024-09-01,13,East
PROD-0024,2024-09-01,16,South
PROD-0087,2024-09-01,9,Central
PROD-0060,2024-09-01,21,West
PROD-0048,2024-09-01,20,Central
PROD-0067,2024-09-01,19,West
PROD-0053,2024-09-01,28,West
PROD-0034,2024-09-01,13,West
PROD-0069,2024-09-01,27,Central
PROD-0081,2024-09-01,24,South
PROD-0041,2024-09-01,3,South
PROD-0002,2024-09-01,15,North
PROD-0066,2024-09-01,16,South
PROD-0019,2024-09-01,5,Central
PROD-0095,2024-09-01,1,North
PROD-0083,2024-09-01,4,South
PROD-0023,2024-09-01,21,West
PROD-0021,2024-09-01,0,East
PROD-0084,2024-09-01,18,Central
PROD-0009,2024-09-01,10,West
PROD-0032,2024-09-01,3,Central
PROD-0050,2024-09-01,24,North
PROD-0039,2024-09-01,8,Central
PROD-0031,2024-09-01,1,South
PROD-0079,2024-09-01,13,North
PROD-0046,2024-09-01,29,East
PROD-0030,2024-09-01,20,Central
PROD-0080,2024-09-01,29,East
PROD-0065,2024-09-01,28,South
PROD-0043,2024-09-01,21,South
PROD-0029,2024-09-01,27,Central
PROD-0037,2024-09-01,11,East
PROD-0075,2024-09-01,3,Central
PROD-0006,2024-09-01,27,North
PROD-0047,2024-09-01,10,West
PROD-0064,2024-09-01,22,North
PROD-0070,2024-09-01,14,South
PROD-0020,2024-09-01,12,West
PROD-0042,2024-09-01,5,Central
PROD-0098,2024-09-01,9,Central
PROD-0014,2024-09-01,13,North
PROD-0038,2024-09-01,28,West
PROD-0078,2024-09-01,18,South
PROD-0056,2024-09-01,24,North
PROD-0059,2024-09-01,22,East
PROD-0088,2024-09-01,28,South
PROD-0010,2024-09-01,5,West
PROD-0096,2024-09-01,19,North
PROD-0094,2024-09-01,21,East
PROD-0049,2024-09-01,19,Central
PROD-0003,2024-09-01,15,Central
PROD-0040,2024-09-01,28,West
PROD-0100,2024-09-01,13,West
PROD-0092,2024-09-01,27,South
PROD-0074,2024-09-01,22,South
PROD-0090,2024-09-01,14,Central
PROD-0011,2024-09-01,25,South
PROD-0012,2024-09-01,6,Central
PROD-0063,2024-09-01,6,Central
PROD-0057,2024-09-01,0,North
PROD-0076,2024-09-01,20,South
PROD-0018,2024-09-01,6,South
PROD-0061,2024-09-01,14,South
PROD-0072,2024-09-01,1,West
PROD-0025,2024-09-01,19,Central
PROD-0035,2024-09-01,13,West
PROD-0046,2024-09-02,20,West
PROD-0086,2024-09-02,32,West
PROD-0002,2024-09-02,41,West
PROD-0090,2024-09-02,33,North
PROD-0097,2024-09-02,40,West
PROD-0048,2024-09-02,18,East
PROD-0055,2024-09-02,36,South
PROD-0019,2024-09-02,31,East
PROD-0059,2024-09-02,47,East
PROD-0076,2024-09-02,37,East
PROD-0066,2024-09-02,37,West
PROD-0054,2024-09-02,22,South
PROD-0083,2024-09-02,6,South
PROD-0009,2024-09-02,23,South
PROD-0077,2024-09-02,6,West
PROD-0098,2024-09-02,21,East
PROD-0022,2024-09-02,44,East
PROD-0051,2024-09-02,39,South
PROD-0056,2024-09-02,33,Central
PROD-0001,2024-09-02,32,East
PROD-0036,2024-09-02,35,West
PROD-0015,2024-09-02,18,North
PROD-0064,2024-09-02,44,North
PROD-0060,2024-09-02,46,East
PROD-0008,2024-09-02,34,West
PROD-0067,2024-09-02,44,South
PROD-0099,2024-09-02,28,West
PROD-0063,2024-09-02,21,North
PROD-0041,2024-09-02,48,North
PROD-0087,2024-09-02,40,Central
PROD-0072,2024-09-02,32,West
PROD-0037,2024-09-02,17,East
PROD-0012,2024-09-02,15,East
PROD-0070,2024-09-02,40,West
PROD-0024,2024-09-02,23,East
PROD-0078,2024-09-02,5,East
PROD-0044,2024-09-02,50,West
PROD-0049,2024-09-02,20,North
PROD-0088,2024-09-02,40,West
PROD-0061,2024-09-02,29,Central
PROD-0084,2024-09-02,39,West
PROD-0073,2024-09-02,16,North
PROD-0016,2024-09-02,4,Central
PROD-0026,2024-09-02,14,East
PROD-0013,2024-09-02,48,Central
PROD-0028,2024-09-02,12,North
PROD-0040,2024-09-02,8,West
PROD-0039,2024-09-02,13,North
PROD-0074,2024-09-02,6,East
PROD-0068,2024-09-02,37,West
PROD-0100,2024-09-02,42,South
PROD-0047,2024-09-02,12,East
PROD-0032,2024-09-02,10,South
PROD-0050,2024-09-02,34,East
PROD-0005,2024-09-02,49,Central
PROD-0096,2024-09-02,48,South
PROD-0011,2024-09-02,20,Central
PROD-0092,2024-09-02,11,West
PROD-0058,2024-09-02,25,West
PROD-0069,2024-09-02,36,North
PROD-0029,2024-09-02,37,Central
PROD-0043,2024-09-02,50,East
PROD-0006,2024-09-02,28,North
PROD-0034,2024-09-02,6,Central
PROD-0003,2024-09-02,3,East
PROD-0030,2024-09-02,1,South
PROD-0021,2024-09-02,13,East
PROD-0052,2024-09-02,36,North
PROD-0081,2024-09-02,5,East
PROD-0031,2024-09-02,15,West
PROD-0002,2024-09-03,24,Central
PROD-0042,2024-09-03,26,West
PROD-0024,2024-09-03,48,West
PROD-0077,2024-09-03,7,East
PROD-0055,2024-09-03,21,East
PROD-0079,2024-09-03,18,West
PROD-0035,2024-09-03,2,East
PROD-0071,2024-09-03,16,Central
PROD-0032,2024-09-03,10,West
PROD-0095,2024-09-03,3,Central
PROD-0025,2024-09-03,28,West
PROD-0096,2024-09-03,18,West
PROD-0086,2024-09-03,41,South
PROD-0011,2024-09-03,32,South
PROD-0083,2024-09-03,4,East
PROD-0049,2024-09-03,48,South
PROD-0070,2024-09-03,26,East
PROD-0018,2024-09-03,40,Central
PROD-0026,2024-09-03,5,North
PROD-0041,2024-09-03,39,South
PROD-0068,2024-09-03,46,Central
PROD-0029,2024-09-03,23,West
PROD-0020,2024-09-03,29,South
PROD-0081,2024-09-03,33,East
PROD-0064,2024-09-03,48,North
PROD-0003,2024-09-03,11,North
PROD-0062,2024-09-03,23,East
PROD-0058,2024-09-03,47,South
PROD-0021,2024-09-03,36,South
PROD-0094,2024-09-03,2,West
PROD-0027,2024-09-03,30,East
PROD-0057,2024-09-03,21,Central
PROD-0051,2024-09-03,9,North
PROD-0069,2024-09-03,11,West
PROD-0004,2024-09-03,12,West
PROD-0056,2024-09-03,17,South
PROD-0043,2024-09-03,39,East
PROD-0066,2024-09-03,26,West
PROD-0084,2024-09-03,42,Central
PROD-0098,2024-09-03,18,East
PROD-0082,2024-09-03,48,West
PROD-0012,2024-09-03,1,West
PROD-0019,2024-09-03,36,Central
PROD-0013,2024-09-03,50,North
PROD-0034,2024-09-03,31,East
PROD-0089,2024-09-03,6,Central
PROD-0016,2024-09-03,45,Central
PROD-0074,2024-09-03,7,Central
PROD-0088,2024-09-03,33,North
PROD-0022,2024-09-03,30,West
PROD-0031,2024-09-03,24,East
PROD-0009,2024-09-03,5,South
PROD-0065,2024-09-03,37,East
PROD-0092,2024-09-03,20,North
PROD-0007,2024-09-03,20,Central
PROD-0073,2024-09-03,50,South
PROD-0080,2024-09-03,22,South
PROD-0059,2024-09-03,44,North
PROD-0005,2024-09-03,28,East
PROD-0093,2024-09-03,40,Central
PROD-0087,2024-09-03,12,Central
PROD-0048,2024-09-03,49,South
PROD-0099,2024-09-03,34,East
PROD-0040,2024-09-03,43,Central
PROD-0017,2024-09-03,31,East
PROD-0072,2024-09-03,29,West
PROD-0046,2024-09-03,28,East
PROD-0076,2024-09-03,25,East
PROD-0030,2024-09-03,38,North
PROD-0091,2024-09-03,31,North
PROD-0097,2024-09-03,24,East
PROD-0100,2024-09-03,20,Central
PROD-0006,2024-09-03,17,South
PROD-0052,2024-09-03,41,East
PROD-0038,2024-09-04,50,West
PROD-0098,2024-09-04,35,West
PROD-0029,2024-09-04,43,West
PROD-0061,2024-09-04,7,East
PROD-0089,2024-09-04,27,Central
PROD-0043,2024-09-04,12,South
PROD-0052,2024-09-04,47,North
PROD-0095,2024-09-04,38,East
PROD-0079,2024-09-04,50,Central
PROD-0010,2024-09-04,4,West
PROD-0082,2024-09-04,26,South
PROD-0055,2024-09-04,20,North
PROD-0031,2024-09-04,23,South
PROD-0001,2024-09-04,24,Central
PROD-0100,2024-09-04,30,West
PROD-0009,2024-09-04,8,North
PROD-0063,2024-09-04,43,North
PROD-0028,2024-09-04,8,North
PROD-0068,2024-09-04,22,East
PROD-0008,2024-09-04,30,West
PROD-0085,2024-09-04,15,East
PROD-0024,2024-09-04,40,East
PROD-0050,2024-09-04,16,North
PROD-0080,2024-09-04,43,East
PROD-0037,2024-09-04,45,Central
PROD-0065,2024-09-04,31,South
PROD-0091,2024-09-04,12,East
PROD-0056,2024-09-04,24,West
PROD-0064,2024-09-04,33,East
PROD-0045,2024-09-04,26,East
PROD-0015,2024-09-04,7,South
PROD-0088,2024-09-04,22,East
PROD-0022,2024-09-04,42,West
PROD-0097,2024-09-04,20,North
PROD-0011,2024-09-04,26,Central
PROD-0087,2024-09-04,22,East
PROD-0014,2024-09-04,30,South
PROD-0026,2024-09-04,40,East
PROD-0072,2024-09-04,10,South
PROD-0081,2024-09-04,10,Central
PROD-0027,2024-09-04,24,East
PROD-0076,2024-09-04,23,Central
PROD-0069,2024-09-04,2,Central
PROD-0071,2024-09-04,23,West
PROD-0034,2024-09-04,48,Central
PROD-0039,2024-09-04,20,West
PROD-0059,2024-09-04,24,Central
PROD-0090,2024-09-04,7,West
PROD-0073,2024-09-04,26,North
PROD-0077,2024-09-04,10,Central
PROD-0035,2024-09-04,50,East
PROD-0023,2024-09-04,41,North
PROD-0018,2024-09-04,50,South
PROD-0092,2024-09-04,27,South
PROD-0084,2024-09-04,16,South
PROD-0044,2024-09-04,48,East
PROD-0013,2024-09-04,29,North
PROD-0003,2024-09-04,20,North
PROD-0017,2024-09-04,30,North
PROD-0041,2024-09-04,17,West
PROD-0030,2024-09-04,38,West
PROD-0057,2024-09-04,41,North
PROD-0004,2024-09-04,17,West
PROD-0096,2024-09-04,43,Central
PROD-0058,2024-09-05,45,South
PROD-0026,2024-09-05,19,North
PROD-0004,2024-09-05,36,East
PROD-0055,2024-09-05,46,East
PROD-0036,2024-09-05,37,East
PROD-0046,2024-09-05,3,Central
PROD-0049,2024-09-05,46,South
PROD-0079,2024-09-05,32,East
PROD-0088,2024-09-05,24,West
PROD-0014,2024-09-05,3,North
PROD-0099,2024-09-05,30,North
PROD-0067,2024-09-05,13,Central
PROD-0017,2024-09-05,25,North
PROD-0016,2024-09-05,2,North
PROD-0077,2024-09-05,30,East
PROD-0082,2024-09-05,40,North
PROD-0003,2024-09-05,43,North
PROD-0057,2024-09-05,49,North
PROD-0056,2024-09-05,29,North
PROD-0071,2024-09-05,25,West
PROD-0027,2024-09-05,37,East
PROD-0043,2024-09-05,37,North
PROD-0018,2024-09-05,32,Central
PROD-0074,2024-09-05,28,Central
PROD-0008,2024-09-05,12,Central
PROD-0012,2024-09-05,21,East
PROD-0031,2024-09-05,44,North
PROD-0006,2024-09-05,26,South
PROD-0038,2024-09-05,8,East
PROD-0064,2024-09-05,38,South
PROD-0072,2024-09-05,43,Central
PROD-0053,2024-09-05,50,Central
PROD-0040,2024-09-05,28,West
PROD-0081,2024-09-05,26,South
PROD-0069,2024-09-05,23,South
PROD-0093,2024-09-05,28,West
PROD-0001,2024-09-05,16,East
PROD-0080,2024-09-05,44,East
PROD-0025,2024-09-05,46,Central
PROD-0013,2024-09-05,39,West
PROD-0021,2024-09-05,3,West
PROD-0048,2024-09-05,4,West
PROD-0066,2024-09-05,9,South
PROD-0063,2024-09-05,35,Central
PROD-0045,2024-09-05,14,East
PROD-0100,2024-09-05,50,North
PROD-0065,2024-09-05,14,South
PROD-0051,2024-09-05,23,North
PROD-0086,2024-09-05,49,South
PROD-0098,2024-09-05,40,North
PROD-0087,2024-09-05,5,East
PROD-0095,2024-09-05,13,North
PROD-0033,2024-09-05,39,West
PROD-0096,2024-09-05,20,South
PROD-0039,2024-09-05,32,East
PROD-0015,2024-09-05,40,South
PROD-0060,2024-09-05,28,West
PROD-0085,2024-09-05,44,South
PROD-0059,2024-09-05,21,West
PROD-0024,2024-09-05,46,Central
PROD-0068,2024-09-05,27,West
PROD-0009,2024-09-05,50,North
PROD-0030,2024-09-05,45,East
PROD-0094,2024-09-05,34,North
PROD-0042,2024-09-05,13,North
PROD-0011,2024-09-05,43,North
PROD-0032,2024-09-05,30,South
PROD-0028,2024-09-05,24,West
PROD-0054,2024-09-05,24,Central
PROD-0042,2024-09-06,25,North
PROD-0020,2024-09-06,33,South
PROD-0075,2024-09-06,22,South
PROD-0006,2024-09-06,43,West
PROD-0014,2024-09-06,16,West
PROD-0053,2024-09-06,38,East
PROD-0085,2024-09-06,46,North
PROD-0060,2024-09-06,10,Central
PROD-0065,2024-09-06,49,Central
PROD-0018,2024-09-06,25,West
PROD-0037,2024-09-06,38,North
PROD-0063,2024-09-06,6,South
PROD-0029,2024-09-06,44,South
PROD-0087,2024-09-06,13,South
PROD-0071,2024-09-06,5,East
PROD-0097,2024-09-06,41,South
PROD-0008,2024-09-06,21,South
PROD-0030,2024-09-06,25,North
PROD-0090,2024-09-06,7,Central
PROD-0052,2024-09-06,32,Central
PROD-0022,2024-09-06,37,South
PROD-0056,2024-09-06,22,Central
PROD-0003,2024-09-06,20,West
PROD-0045,2024-09-06,49,East
PROD-0050,2024-09-06,29,East
PROD-0099,2024-09-06,41,East
PROD-0062,2024-09-06,25,East
PROD-0077,2024-09-06,45,South
PROD-0012,2024-09-06,12,East
PROD-0046,2024-09-06,44,East
PROD-0083,2024-09-06,18,East
PROD-0051,2024-09-06,5,North
PROD-0040,2024-09-06,34,North
PROD-0031,2024-09-06,50,Central
PROD-0058,2024-09-06,43,East
PROD-0080,2024-09-06,6,South
PROD-0082,2024-09-06,25,West
PROD-0043,2024-09-06,13,Central
PROD-0092,2024-09-06,2,East
PROD-0091,2024-09-06,10,North
PROD-0064,2024-09-06,14,Central
PROD-0009,2024-09-06,42,Central
PROD-0094,2024-09-06,7,Central
PROD-0059,2024-09-06,14,West
PROD-0073,2024-09-06,47,West
PROD-0005,2024-09-06,33,East
PROD-0035,2024-09-06,50,North
PROD-0039,2024-09-06,35,East
PROD-0079,2024-09-06,32,North
PROD-0015,2024-09-06,17,West
PROD-0027,2024-09-06,43,South
PROD-0010,2024-09-06,11,North
PROD-0021,2024-09-06,5,East
PROD-0055,2024-09-06,43,Central
PROD-0028,2024-09-06,16,South
PROD-0074,2024-09-06,16,East
PROD-0041,2024-09-06,18,North
PROD-0093,2024-09-06,7,North
PROD-0070,2024-09-06,12,West
PROD-0054,2024-09-06,11,Central
PROD-0096,2024-09-06,14,West
PROD-0036,2024-09-06,1,South
PROD-0049,2024-09-06,1,Central
PROD-0033,2024-09-06,31,West
PROD-0044,2024-09-06,19,West
PROD-0007,2024-09-06,31,North
PROD-0100,2024-09-06,47,Central
PROD-0088,2024-09-06,1,West
PROD-0076,2024-09-06,43,West
PROD-0023,2024-09-06,28,North
PROD-0057,2024-09-06,35,South
PROD-0004,2024-09-06,50,West
PROD-0016,2024-09-06,25,South
PROD-0081,2024-09-06,48,Central
PROD-0066,2024-09-06,24,North
PROD-0002,2024-09-06,31,West
PROD-0033,2024-09-07,27,North
PROD-0089,2024-09-07,24,West
PROD-0032,2024-09-07,7,North
PROD-0047,2024-09-07,19,South
PROD-0034,2024-09-07,1,East
PROD-0094,2024-09-07,21,Central
PROD-0045,2024-09-07,20,West
PROD-0069,2024-09-07,21,North
PROD-0035,2024-09-07,25,East
PROD-0087,2024-09-07,4,Central
PROD-0009,2024-09-07,15,Central
PROD-0028,2024-09-07,9,North
PROD-0023,2024-09-07,9,South
PROD-0090,2024-09-07,15,East
PROD-0006,2024-09-07,25,East
PROD-0013,2024-09-07,15,East
PROD-0096,2024-09-07,24,West
PROD-0092,2024-09-07,18,East
PROD-0031,2024-09-07,4,Central
PROD-0065,2024-09-07,24,North
PROD-0073,2024-09-07,15,North
PROD-0016,2024-09-07,12,South
PROD-0049,2024-09-07,23,North
PROD-0091,2024-09-07,15,East
PROD-0050,2024-09-07,22,North
PROD-0071,2024-09-07,22,West
PROD-0018,2024-09-07,25,North
PROD-0098,2024-09-07,9,East
PROD-0026,2024-09-07,5,East
PROD-0017,2024-09-07,25,North
PROD-0048,2024-09-07,27,Central
PROD-0099,2024-09-07,17,North
PROD-0005,2024-09-07,4,Central
PROD-0042,2024-09-07,3,East
PROD-0051,2024-09-07,21,Central
PROD-0008,2024-09-07,4,South
PROD-0083,2024-09-07,15,Central
PROD-0003,2024-09-07,6,Central
PROD-0038,2024-09-07,15,West
PROD-0078,2024-09-07,0,West
PROD-0086,2024-09-07,10,South
PROD-0010,2024-09-07,4,East
PROD-0021,2024-09-07,9,North
PROD-0080,2024-09-07,23,South
PROD-0044,2024-09-07,24,West
PROD-0082,2024-09-07,28,South
PROD-0015,2024-09-07,30,East
PROD-0061,2024-09-07,6,West
PROD-0043,2024-09-07,0,South
PROD-0040,2024-09-07,7,North
PROD-0037,2024-09-07,16,Central
PROD-0077,2024-09-07,28,North
PROD-0012,2024-09-07,21,Central
PROD-0030,2024-09-07,18,East
PROD-0068,2024-09-07,10,Central
PROD-0001,2024-09-07,0,South
PROD-0024,2024-09-07,23,South
PROD-0093,2024-09-07,7,East
PROD-0029,2024-09-07,21,South
PROD-0056,2024-09-07,29,Central
PROD-0004,2024-09-07,12,South
PROD-0076,2024-09-07,26,Central
PROD-0095,2024-09-07,24,North
PROD-0064,2024-09-07,0,West
PROD-0022,2024-09-07,14,West
PROD-0020,2024-09-07,9,East
PROD-0072,2024-09-07,3,West
PROD-0057,2024-09-07,12,East
PROD-0002,2024-09-07,10,West
PROD-0100,2024-09-07,22,South
PROD-0036,2024-09-07,30,East
PROD-0060,2024-09-07,4,North
PROD-0097,2024-09-07,6,North
PROD-0011,2024-09-08,29,North
PROD-0017,2024-09-08,6,Central
PROD-0068,2024-09-08,9,South
PROD-0042,2024-09-08,3,Central
PROD-0032,2024-09-08,13,East
PROD-0077,2024-09-08,19,Central
PROD-0043,2024-09-08,27,West
PROD-0099,2024-09-08,22,Central
PROD-0082,2024-09-08,0,South
PROD-0078,2024-09-08,13,Central
PROD-0069,2024-09-08,18,North
PROD-0076,2024-09-08,19,West
PROD-0100,2024-09-08,3,West
PROD-0022,2024-09-08,27,North
PROD-0016,2024-09-08,7,North
PROD-0083,2024-09-08,13,West
PROD-0012,2024-09-08,19,West
PROD-0009,2024-09-08,2,Central
PROD-0054,2024-09-08,12,North
PROD-0084,2024-09-08,5,East
PROD-0057,2024-09-08,27,West
PROD-0014,2024-09-08,0,East
PROD-0035,2024-09-08,3,West
PROD-0003,2024-09-08,10,Central
PROD-0015,2024-09-08,9,Central
PROD-0062,2024-09-08,22,East
PROD-0008,2024-09-08,8,South
PROD-0010,2024-09-08,17,West
PROD-0079,2024-09-08,21,East
PROD-0089,2024-09-08,4,Central
PROD-0065,2024-09-08,18,West
PROD-0055,2024-09-08,18,West
PROD-0047,2024-09-08,25,West
PROD-0007,2024-09-08,2,North
PROD-0025,2024-09-08,15,East
PROD-0028,2024-09-08,9,East
PROD-0038,2024-09-08,12,Central
PROD-0058,2024-09-08,27,West
PROD-0070,2024-09-08,26,South
PROD-0090,2024-09-08,3,West
PROD-0030,2024-09-08,29,South
PROD-0061,2024-09-08,1,South
PROD-0074,2024-09-08,9,South
PROD-0031,2024-09-08,10,Central
PROD-0046,2024-09-08,16,West
PROD-0052,2024-09-08,13,West
PROD-0039,2024-09-08,10,East
PROD-0097,2024-09-08,4,North
PROD-0027,2024-09-08,12,Central
PROD-0002,2024-09-08,10,Central
PROD-0096,2024-09-08,1,Central
PROD-0086,2024-09-08,12,West
PROD-0072,2024-09-08,28,South
PROD-0034,2024-09-08,4,Central
PROD-0087,2024-09-08,3,East
PROD-0049,2024-09-08,15,North
PROD-0026,2024-09-08,13,East
PROD-0023,2024-09-08,6,West
PROD-0019,2024-09-08,2,West
PROD-0001,2024-09-08,23,Central
PROD-0071,2024-09-08,14,Central
PROD-0093,2024-09-08,27,East
PROD-0066,2024-09-08,18,West
PROD-0005,2024-09-08,4,North
PROD-0020,2024-09-08,4,North
PROD-0018,2024-09-08,18,Central
PROD-0086,2024-09-09,20,West
PROD-0002,2024-09-09,24,East
PROD-0080,2024-09-09,44,East
PROD-0092,2024-09-09,27,East
PROD-0007,2024-09-09,30,South
PROD-0100,2024-09-09,33,Central
PROD-0061,2024-09-09,30,South
PROD-0032,2024-09-09,11,West
PROD-0024,2024-09-09,44,Central
PROD-0083,2024-09-09,14,East
PROD-0064,2024-09-09,33,East
PROD-0084,2024-09-09,18,North
PROD-0055,2024-09-09,49,South
PROD-0005,2024-09-09,38,North
PROD-0058,2024-09-09,39,Central
PROD-0010,2024-09-09,17,West
PROD-0037,2024-09-09,34,East
PROD-0070,2024-09-09,48,West
PROD-0004,2024-09-09,1,West
PROD-0063,2024-09-09,25,Central
PROD-0054,2024-09-09,47,Central
PROD-0093,2024-09-09,12,West
PROD-0078,2024-09-09,5,South
PROD-0087,2024-09-09,34,South
PROD-0025,2024-09-09,27,Central
PROD-0014,2024-09-09,31,North
PROD-0011,2024-09-09,40,West
PROD-0095,2024-09-09,29,West
PROD-0043,2024-09-09,29,Central
PROD-0048,2024-09-09,24,West
PROD-0051,2024-09-09,3,South
PROD-0079,2024-09-09,37,Central
PROD-0034,2024-09-09,27,South
PROD-0085,2024-09-09,25,South
PROD-0028,2024-09-09,32,West
PROD-0050,2024-09-09,38,South
PROD-0003,2024-09-09,48,West
PROD-0075,2024-09-09,5,North
PROD-0044,2024-09-09,4,West
PROD-0021,2024-09-09,49,South
PROD-0065,2024-09-09,23,North
PROD-0074,2024-09-09,9,Central
PROD-0015,2024-09-09,39,West
PROD-0001,2024-09-09,12,South
PROD-0027,2024-09-09,43,North
PROD-0096,2024-09-09,27,Central
PROD-0018,2024-09-09,42,South
PROD-0033,2024-09-09,19,South
PROD-0077,2024-09-09,11,South
PROD-0073,2024-09-09,13,South
PROD-0071,2024-09-09,4,South
PROD-0091,2024-09-09,14,Central
PROD-0009,2024-09-09,38,South
PROD-0060,2024-09-09,17,East
PROD-0042,2024-09-09,25,North
PROD-0059,2024-09-09,26,North
PROD-0076,2024-09-09,25,Central
PROD-0099,2024-09-09,17,South
PROD-0006,2024-09-09,44,North
PROD-0036,2024-09-09,26,Central
PROD-0047,2024-09-09,23,South
PROD-0081,2024-09-09,13,East
PROD-0057,2024-09-09,29,Central
PROD-0040,2024-09-09,26,East
PROD-0052,2024-09-09,50,South
PROD-0008,2024-09-09,39,East
PROD-0035,2024-09-09,6,South
PROD-0020,2024-09-09,33,East
PROD-0072,2024-09-09,16,West
PROD-0016,2024-09-10,4,North
PROD-0036,2024-09-10,25,East
PROD-0044,2024-09-10,17,Central
PROD-0090,2024-09-10,36,East
PROD-0047,2024-09-10,19,Central
PROD-0062,2024-09-10,31,East
PROD-0042,2024-09-10,16,North
PROD-0083,2024-09-10,8,Central
PROD-0094,2024-09-10,41,Central
PROD-0076,2024-09-10,1,East
PROD-0014,2024-09-10,11,East
PROD-0019,2024-09-10,23,East
PROD-0084,2024-09-10,10,Central
PROD-0045,2024-09-10,1,East
PROD-0035,2024-09-10,16,West
PROD-0086,2024-09-10,27,East
PROD-0038,2024-09-10,9,East
PROD-0010,2024-09-10,22,North
PROD-0015,2024-09-10,31,Central
PROD-0040,2024-09-10,28,Central
PROD-0020,2024-09-10,34,West
PROD-0053,2024-09-10,35,West
PROD-0041,2024-09-10,2,South
PROD-0079,2024-09-10,3,South
PROD-0006,2024-09-10,47,Central
PROD-0056,2024-09-10,9,South
PROD-0025,2024-09-10,8,South
PROD-0024,2024-09-10,5,West
PROD-0001,2024-09-10,3,North
PROD-0069,2024-09-10,40,East
PROD-0052,2024-09-10,36,West
PROD-0078,2024-09-10,27,South
PROD-0005,2024-09-10,38,Central
PROD-0046,2024-09-10,43,South
PROD-0032,2024-09-10,35,West
PROD-0049,2024-09-10,37,Central
PROD-0026,2024-09-10,50,West
PROD-0075,2024-09-10,11,Central
PROD-0096,2024-09-10,32,South
PROD-0055,2024-09-10,45,North
PROD-0011,2024-09-10,17,South
PROD-0017,2024-09-10,20,Central
PROD-0080,2024-09-10,24,West
PROD-0068,2024-09-10,12,Central
PROD-0073,2024-09-10,8,West
PROD-0063,2024-09-10,43,Central
PROD-0099,2024-09-10,26,East
PROD-0043,2024-09-10,20,North
PROD-0066,2024-09-10,28,North
PROD-0008,2024-09-10,16,South
PROD-0018,2024-09-10,49,South
PROD-0058,2024-09-10,35,Central
PROD-0098,2024-09-10,33,North
PROD-0033,2024-09-10,31,North
PROD-0002,2024-09-10,2,East
PROD-0093,2024-09-10,6,North
PROD-0067,2024-09-10,12,Central
PROD-0007,2024-09-10,32,East
PROD-0031,2024-09-10,22,North
PROD-0009,2024-09-10,10,North
PROD-0081,2024-09-10,10,South
PROD-0059,2024-09-10,47,North
PROD-0060,2024-09-10,6,West
PROD-0034,2024-09-10,24,East
PROD-0013,2024-09-10,24,East
PROD-0012,2024-09-10,5,West
PROD-0065,2024-09-10,18,Central
PROD-0092,2024-09-10,32,Central
PROD-0061,2024-09-10,9,North
PROD-0003,2024-09-10,4,East
PROD-0004,2024-09-10,26,West
PROD-0023,2024-09-10,9,West
PROD-0089,2024-09-10,21,North
PROD-0097,2024-09-10,50,North
PROD-0060,2024-09-11,26,Central
PROD-0087,2024-09-11,29,East
PROD-0018,2024-09-11,18,South
PROD-0069,2024-09-11,4,South
PROD-0014,2024-09-11,47,West
PROD-0064,2024-09-11,4,West
PROD-0049,2024-09-11,35,East
PROD-0062,2024-09-11,19,Central
PROD-0099,2024-09-11,13,South
PROD-0078,2024-09-11,1,Central
PROD-0023,2024-09-11,24,Central
PROD-0009,2024-09-11,32,South
PROD-0061,2024-09-11,16,Central
PROD-0095,2024-09-11,14,West
PROD-0016,2024-09-11,35,North
PROD-0051,2024-09-11,28,North
PROD-0013,2024-09-11,6,East
PROD-0048,2024-09-11,22,West
PROD-0073,2024-09-11,39,South
PROD-0002,2024-09-11,15,South
PROD-0085,2024-09-11,26,West
PROD-0054,2024-09-11,5,East
PROD-0031,2024-09-11,48,Central
PROD-0027,2024-09-11,22,Central
PROD-0076,2024-09-11,46,North
PROD-0036,2024-09-11,40,West
PROD-0059,2024-09-11,1,North
PROD-0003,2024-09-11,24,North
PROD-0084,2024-09-11,47,North
PROD-0092,2024-09-11,37,West
PROD-0072,2024-09-11,32,Central
PROD-0047,2024-09-11,31,South
PROD-0096,2024-09-11,2,Central
PROD-0058,2024-09-11,9,East
PROD-0032,2024-09-11,5,Central
PROD-0082,2024-09-11,9,North
PROD-0015,2024-09-11,8,Central
PROD-0024,2024-09-11,10,Central
PROD-0043,2024-09-11,47,East
PROD-0037,2024-09-11,9,South
PROD-0086,2024-09-11,15,South
PROD-0090,2024-09-11,37,West
PROD-0029,2024-09-11,1,East
PROD-0063,2024-09-11,37,South
PROD-0012,2024-09-11,49,West
PROD-0021,2024-09-11,38,East
PROD-0088,2024-09-11,33,South
PROD-0089,2024-09-11,38,North
PROD-0044,2024-09-11,22,Central
PROD-0028,2024-09-11,41,East
PROD-0008,2024-09-11,21,North
PROD-0056,2024-09-11,5,West
PROD-0093,2024-09-11,14,Central
PROD-0011,2024-09-11,42,West
PROD-0081,2024-09-11,6,East
PROD-0050,2024-09-11,39,South
PROD-0075,2024-09-11,2,West
PROD-0097,2024-09-11,22,West
PROD-0055,2024-09-11,20,North
PROD-0004,2024-09-11,20,South
PROD-0070,2024-09-11,20,Central
PROD-0080,2024-09-11,30,South
PROD-0026,2024-09-11,38,West
PROD-0065,2024-09-11,11,West
PROD-0100,2024-09-11,9,East
PROD-0091,2024-09-11,39,North
PROD-0025,2024-09-11,34,Central
PROD-0023,2024-09-12,5,South
PROD-0073,2024-09-12,20,Central
PROD-0055,2024-09-12,31,West
PROD-0043,2024-09-12,16,West
PROD-0086,2024-09-12,46,West
PROD-0008,2024-09-12,31,South
PROD-0005,2024-09-12,49,East
PROD-0100,2024-09-12,20,South
PROD-0010,2024-09-12,41,East
PROD-0049,2024-09-12,13,East
PROD-0035,2024-09-12,20,Central
PROD-0058,2024-09-12,30,Central
PROD-0029,2024-09-12,32,South
PROD-0078,2024-09-12,39,West
PROD-0061,2024-09-12,24,West
PROD-0072,2024-09-12,8,East
PROD-0004,2024-09-12,26,East
PROD-0002,2024-09-12,15,Central
PROD-0066,2024-09-12,44,North
PROD-0071,2024-09-12,11,Central
PROD-0048,2024-09-12,37,North
PROD-0075,2024-09-12,49,South
PROD-0034,2024-09-12,18,Central
PROD-0020,2024-09-12,42,North
PROD-0024,2024-09-12,42,East
PROD-0046,2024-09-12,9,East
PROD-0099,2024-09-12,31,Central
PROD-0054,2024-09-12,27,North
PROD-0079,2024-09-12,41,North
PROD-0039,2024-09-12,47,North
PROD-0051,2024-09-12,37,East
PROD-0053,2024-09-12,1,Central
PROD-0090,2024-09-12,5,West
PROD-0080,2024-09-12,45,East
PROD-0050,2024-09-12,31,South
PROD-0019,2024-09-12,31,West
PROD-0022,2024-09-12,9,East
PROD-0082,2024-09-12,11,West
PROD-0016,2024-09-12,25,South
PROD-0089,2024-09-12,9,East
PROD-0021,2024-09-12,17,Central
PROD-0059,2024-09-12,10,North
PROD-0018,2024-09-12,15,West
PROD-0056,2024-09-12,39,South
PROD-0094,2024-09-12,4,Central
PROD-0036,2024-09-12,49,North
PROD-0032,2024-09-12,46,East
PROD-0030,2024-09-12,41,North
PROD-0060,2024-09-12,7,East
PROD-0069,2024-09-12,10,West
PROD-0065,2024-09-12,16,North
PROD-0038,2024-09-12,46,North
PROD-0052,2024-09-12,49,West
PROD-0012,2024-09-12,12,South
PROD-0007,2024-09-12,26,East
PROD-0074,2024-09-12,5,East
PROD-0011,2024-09-12,32,East
PROD-0015,2024-09-12,27,Central
PROD-0096,2024-09-12,1,North
PROD-0062,2024-09-12,41,North
PROD-0084,2024-09-12,34,East
PROD-0093,2024-09-12,9,Central
PROD-0088,2024-09-12,15,South
PROD-0068,2024-09-12,22,Central
PROD-0014,2024-09-13,48,East
PROD-0067,2024-09-13,29,East
PROD-0022,2024-09-13,11,South
PROD-0078,2024-09-13,37,Central
PROD-0033,2024-09-13,41,South
PROD-0042,2024-09-13,49,East
PROD-0043,2024-09-13,40,West
PROD-0095,2024-09-13,44,West
PROD-0068,2024-09-13,45,West
PROD-0037,2024-09-13,31,North
PROD-0054,2024-09-13,23,South
PROD-0086,2024-09-13,39,North
PROD-0049,2024-09-13,11,South
PROD-0027,2024-09-13,28,South
PROD-0030,2024-09-13,48,East
PROD-0041,2024-09-13,30,South
PROD-0097,2024-09-13,26,East
PROD-0026,2024-09-13,1,North
PROD-0089,2024-09-13,47,South
PROD-0047,2024-09-13,10,Central
PROD-0031,2024-09-13,37,North
PROD-0046,2024-09-13,37,North
PROD-0074,2024-09-13,46,North
PROD-0007,2024-09-13,28,East
PROD-0002,2024-09-13,30,West
PROD-0076,2024-09-13,5,East
PROD-0016,2024-09-13,20,South
PROD-0036,2024-09-13,29,Central
PROD-0082,2024-09-13,32,South
PROD-0066,2024-09-13,48,East
PROD-0050,2024-09-13,21,East
PROD-0032,2024-09-13,43,North
PROD-0099,2024-09-13,46,East
PROD-0070,2024-09-13,12,South
PROD-0039,2024-09-13,8,West
PROD-0065,2024-09-13,40,West
PROD-0025,2024-09-13,39,South
PROD-0061,2024-09-13,47,North
PROD-0009,2024-09-13,48,West
PROD-0018,2024-09-13,29,East
PROD-0056,2024-09-13,18,Central
PROD-0051,2024-09-13,15,Central
PROD-0091,2024-09-13,13,East
PROD-0079,2024-09-13,15,Central
PROD-0092,2024-09-13,26,Central
PROD-0062,2024-09-13,2,East
PROD-0084,2024-09-13,21,South
PROD-0077,2024-09-13,48,Central
PROD-0010,2024-09-13,12,East
PROD-0011,2024-09-13,12,Central
PROD-0094,2024-09-13,31,Central
PROD-0008,2024-09-13,45,South
PROD-0069,2024-09-13,22,West
PROD-0003,2024-09-13,13,South
PROD-0028,2024-09-13,33,North
PROD-0087,2024-09-13,15,South
PROD-0081,2024-09-13,2,West
PROD-0098,2024-09-13,15,East
PROD-0055,2024-09-13,22,South
PROD-0005,2024-09-13,41,South
PROD-0004,2024-09-13,4,South
PROD-0088,2024-09-13,15,West
PROD-0006,2024-09-13,20,North
PROD-0038,2024-09-13,12,South
PROD-0034,2024-09-13,19,West
PROD-0013,2024-09-13,17,North
PROD-0045,2024-09-13,41,Central
PROD-0083,2024-09-13,35,East
PROD-0023,2024-09-13,13,West
PROD-0035,2024-09-13,11,North
PROD-0026,2024-09-14,13,North
PROD-0091,2024-09-14,12,North
PROD-0058,2024-09-14,15,North
PROD-0098,2024-09-14,5,South
PROD-0037,2024-09-14,5,East
PROD-0060,2024-09-14,4,North
PROD-0084,2024-09-14,19,North
PROD-0011,2024-09-14,14,East
PROD-0052,2024-09-14,12,Central
PROD-0076,2024-09-14,19,North
PROD-0039,2024-09-14,22,East
PROD-0081,2024-09-14,24,North
PROD-0051,2024-09-14,10,South
PROD-0094,2024-09-14,6,East
PROD-0010,2024-09-14,13,West
PROD-0066,2024-09-14,12,North
PROD-0005,2024-09-14,3,Central
PROD-0034,2024-09-14,24,South
PROD-0038,2024-09-14,14,East
PROD-0006,2024-09-14,3,South
PROD-0007,2024-09-14,12,South
PROD-0070,2024-09-14,19,North
PROD-0093,2024-09-14,19,Central
PROD-0085,2024-09-14,3,Central
PROD-0073,2024-09-14,3,South
PROD-0059,2024-09-14,28,East
PROD-0024,2024-09-14,1,East
PROD-0002,2024-09-14,27,South
PROD-0065,2024-09-14,28,East
PROD-0064,2024-09-14,24,East
PROD-0097,2024-09-14,29,North
PROD-0100,2024-09-14,24,West
PROD-0077,2024-09-14,4,East
PROD-0008,2024-09-14,27,West
PROD-0016,2024-09-14,29,East
PROD-0012,2024-09-14,13,West
PROD-0032,2024-09-14,4,West
PROD-0057,2024-09-14,16,South
PROD-0035,2024-09-14,7,Central
PROD-0031,2024-09-14,24,South
PROD-0001,2024-09-14,10,West
PROD-0022,2024-09-14,9,North
PROD-0079,2024-09-14,16,North
PROD-0048,2024-09-14,28,West
PROD-0015,2024-09-14,5,North
PROD-0090,2024-09-14,25,Central
PROD-0003,2024-09-14,25,East
PROD-0056,2024-09-14,27,West
PROD-0042,2024-09-14,9,East
PROD-0021,2024-09-14,5,North
PROD-0083,2024-09-14,30,North
PROD-0019,2024-09-14,18,West
PROD-0092,2024-09-14,3,East
PROD-0044,2024-09-14,1,East
PROD-0025,2024-09-14,6,North
PROD-0086,2024-09-14,12,Central
PROD-0020,2024-09-14,21,West
PROD-0027,2024-09-14,19,East
PROD-0036,2024-09-14,25,West
PROD-0095,2024-09-14,23,West
PROD-0088,2024-09-14,18,North
PROD-0078,2024-09-14,12,South
PROD-0033,2024-09-14,26,South
PROD-0030,2024-09-14,27,West
PROD-0027,2024-09-15,19,North
PROD-0061,2024-09-15,28,Central
PROD-0074,2024-09-15,1,North
PROD-0051,2024-09-15,1,North
PROD-0020,2024-09-15,11,West
PROD-0006,2024-09-15,28,North
PROD-0073,2024-09-15,2,South
PROD-0049,2024-09-15,23,South
PROD-0033,2024-09-15,19,Central
PROD-0001,2024-09-15,20,Central
PROD-0067,2024-09-15,21,North
PROD-0078,2024-09-15,21,Central
PROD-0009,2024-09-15,8,North
PROD-0070,2024-09-15,10,West
PROD-0030,2024-09-15,25,North
PROD-0080,2024-09-15,15,South
PROD-0092,2024-09-15,21,Central
PROD-0022,2024-09-15,4,West
PROD-0060,2024-09-15,19,West
PROD-0029,2024-09-15,27,Central
PROD-0010,2024-09-15,28,East
PROD-0040,2024-09-15,3,Central
PROD-0056,2024-09-15,26,East
PROD-0062,2024-09-15,16,Central
PROD-0082,2024-09-15,1,East
PROD-0097,2024-09-15,24,North
PROD-0038,2024-09-15,25,Central
PROD-0100,2024-09-15,15,East
PROD-0042,2024-09-15,15,Central
PROD-0032,2024-09-15,21,South
PROD-0066,2024-09-15,15,West
PROD-0063,2024-09-15,7,Central
PROD-0072,2024-09-15,1,North
PROD-0089,2024-09-15,18,South
PROD-0023,2024-09-15,27,West
PROD-0069,2024-09-15,6,North
PROD-0024,2024-09-15,28,Central
PROD-0005,2024-09-15,4,East
PROD-0017,2024-09-15,17,South
PROD-0087,2024-09-15,24,South
PROD-0014,2024-09-15,18,South
PROD-0002,2024-09-15,13,West
PROD-0026,2024-09-15,11,North
PROD-0021,2024-09-15,18,Central
PROD-0050,2024-09-15,9,North
PROD-0068,2024-09-15,21,South
PROD-0058,2024-09-15,2,West
PROD-0085,2024-09-15,23,West
PROD-0008,2024-09-15,20,Central
PROD-0065,2024-09-15,22,Central
PROD-0031,2024-09-15,14,North
PROD-0079,2024-09-15,25,East
PROD-0083,2024-09-15,13,East
PROD-0007,2024-09-15,23,Central
PROD-0045,2024-09-15,8,West
PROD-0094,2024-09-15,18,North
PROD-0015,2024-09-15,10,West
PROD-0044,2024-09-15,18,East
PROD-0035,2024-09-15,22,North
PROD-0064,2024-09-15,16,West
PROD-0082,2024-09-16,47,West
PROD-0059,2024-09-16,29,East
PROD-0005,2024-09-16,5,Central
PROD-0047,2024-09-16,22,West
PROD-0044,2024-09-16,7,North
PROD-0009,2024-09-16,28,East
PROD-0008,2024-09-16,23,West
PROD-0077,2024-09-16,3,East
PROD-0054,2024-09-16,43,Central
PROD-0016,2024-09-16,24,West
PROD-0081,2024-09-16,14,East
PROD-0066,2024-09-16,16,North
PROD-0024,2024-09-16,33,North
PROD-0095,2024-09-16,41,West
PROD-0100,2024-09-16,14,Central
PROD-0037,2024-09-16,10,North
PROD-0027,2024-09-16,47,North
PROD-0052,2024-09-16,9,East
PROD-0029,2024-09-16,34,East
PROD-0041,2024-09-16,28,East
PROD-0083,2024-09-16,49,South
PROD-0085,2024-09-16,16,West
PROD-0055,2024-09-16,46,West
PROD-0033,2024-09-16,31,South
PROD-0057,2024-09-16,2,South
PROD-0014,2024-09-16,7,West
PROD-0093,2024-09-16,32,Central
PROD-0023,2024-09-16,31,North
PROD-0086,2024-09-16,38,South
PROD-0043,2024-09-16,27,North
PROD-0072,2024-09-16,24,East
PROD-0053,2024-09-16,36,West
PROD-0068,2024-09-16,44,South
PROD-0075,2024-09-16,1,North
PROD-0088,2024-09-16,10,East
PROD-0022,2024-09-16,43,North
PROD-0063,2024-09-16,9,East
PROD-0006,2024-09-16,19,East
PROD-0084,2024-09-16,21,North
PROD-0012,2024-09-16,43,North
PROD-0058,2024-09-16,22,East
PROD-0034,2024-09-16,38,North
PROD-0019,2024-09-16,33,North
PROD-0070,2024-09-16,43,Central
PROD-0056,2024-09-16,38,Central
PROD-0017,2024-09-16,14,Central
PROD-0010,2024-09-16,32,West
PROD-0049,2024-09-16,41,West
PROD-0060,2024-09-16,16,Central
PROD-0001,2024-09-16,33,West
PROD-0011,2024-09-16,9,East
PROD-0025,2024-09-16,25,North
PROD-0079,2024-09-16,26,South
PROD-0002,2024-09-16,1,South
PROD-0020,2024-09-16,50,East
PROD-0098,2024-09-16,16,Central
PROD-0071,2024-09-16,15,North
PROD-0032,2024-09-16,2,North
PROD-0039,2024-09-16,38,North
PROD-0048,2024-09-16,19,South
PROD-0051,2024-09-16,21,South
PROD-0069,2024-09-16,40,East
PROD-0013,2024-09-16,40,South
PROD-0045,2024-09-16,2,West
PROD-0004,2024-09-16,45,East
PROD-0028,2024-09-16,7,West
PROD-0062,2024-09-16,37,Central
PROD-0021,2024-09-16,42,West
PROD-0099,2024-09-16,21,East
PROD-0035,2024-09-16,27,West
PROD-0007,2024-09-17,40,West
PROD-0073,2024-09-17,45,South
PROD-0008,2024-09-17,23,North
PROD-0004,2024-09-17,34,Central
PROD-0011,2024-09-17,25,South
PROD-0077,2024-09-17,10,East
PROD-0014,2024-09-17,10,West
PROD-0026,2024-09-17,50,East
PROD-0010,2024-09-17,41,West
PROD-0044,2024-09-17,4,North
PROD-0060,2024-09-17,11,South
PROD-0100,2024-09-17,16,North
PROD-0095,2024-09-17,9,South
PROD-0042,2024-09-17,19,North
PROD-0038,2024-09-17,24,West
PROD-0047,2024-09-17,48,West
PROD-0045,2024-09-17,29,North
PROD-0048,2024-09-17,12,East
PROD-0081,2024-09-17,6,East
PROD-0085,2024-09-17,34,Central
PROD-0043,2024-09-17,48,North
PROD-0079,2024-09-17,17,North
PROD-0013,2024-09-17,34,South
PROD-0022,2024-09-17,50,Central
PROD-0032,2024-09-17,1,East
PROD-0091,2024-09-17,5,West
PROD-0033,2024-09-17,26,West
PROD-0023,2024-09-17,3,Central
PROD-0089,2024-09-17,8,South
PROD-0012,2024-09-17,14,Central
PROD-0084,2024-09-17,9,West
PROD-0069,2024-09-17,34,Central
PROD-0015,2024-09-17,19,East
PROD-0001,2024-09-17,32,Central
PROD-0024,2024-09-17,3,Central
PROD-0040,2024-09-17,36,West
PROD-0098,2024-09-17,13,West
PROD-0083,2024-09-17,6,East
PROD-0065,2024-09-17,9,West
PROD-0003,2024-09-17,26,Central
PROD-0080,2024-09-17,21,Central
PROD-0086,2024-09-17,19,East
PROD-0096,2024-09-17,20,South
PROD-0046,2024-09-17,1,South
PROD-0017,2024-09-17,11,East
PROD-0020,2024-09-17,45,Central
PROD-0093,2024-09-17,10,East
PROD-0055,2024-09-17,35,Central
PROD-0087,2024-09-17,26,South
PROD-0088,2024-09-17,47,North
PROD-0009,2024-09-17,16,West
PROD-0068,2024-09-17,16,West
PROD-0016,2024-09-17,5,East
PROD-0092,2024-09-17,24,North
PROD-0094,2024-09-17,15,North
PROD-0049,2024-09-17,8,Central
PROD-0052,2024-09-17,3,South
PROD-0018,2024-09-17,25,West
PROD-0050,2024-09-17,41,Central
PROD-0027,2024-09-17,8,East
PROD-0036,2024-09-17,8,Central
PROD-0066,2024-09-17,49,South
PROD-0039,2024-09-17,43,Central
PROD-0082,2024-09-18,25,North
PROD-0006,2024-09-18,2,East
PROD-0058,2024-09-18,30,North
PROD-0079,2024-09-18,33,Central
PROD-0044,2024-09-18,48,North
PROD-0050,2024-09-18,7,Central
PROD-0053,2024-09-18,40,South
PROD-0086,2024-09-18,47,East
PROD-0025,2024-09-18,25,Central
PROD-0028,2024-09-18,10,East
PROD-0065,2024-09-18,47,West
PROD-0059,2024-09-18,27,Central
PROD-0038,2024-09-18,36,South
PROD-0087,2024-09-18,19,North
PROD-0049,2024-09-18,3,South
PROD-0023,2024-09-18,17,North
PROD-0013,2024-09-18,18,North
PROD-0019,2024-09-18,13,North
PROD-0060,2024-09-18,34,North
PROD-0040,2024-09-18,8,Central
PROD-0070,2024-09-18,41,North
PROD-0095,2024-09-18,20,North
PROD-0091,2024-09-18,22,North
PROD-0045,2024-09-18,45,South
PROD-0031,2024-09-18,11,East
PROD-0034,2024-09-18,41,North
PROD-0069,2024-09-18,29,Central
PROD-0015,2024-09-18,43,North
PROD-0100,2024-09-18,20,East
PROD-0046,2024-09-18,29,North
PROD-0032,2024-09-18,33,East
PROD-0062,2024-09-18,27,North
PROD-0083,2024-09-18,37,East
PROD-0080,2024-09-18,4,West
PROD-0068,2024-09-18,30,North
PROD-0098,2024-09-18,19,Central
PROD-0085,2024-09-18,30,Central
PROD-0090,2024-09-18,14,North
PROD-0001,2024-09-18,2,South
PROD-0094,2024-09-18,7,East
PROD-0067,2024-09-18,23,West
PROD-0009,2024-09-18,18,East
PROD-0029,2024-09-18,31,South
PROD-0064,2024-09-18,49,South
PROD-0081,2024-09-18,30,East
PROD-0041,2024-09-18,43,West
PROD-0043,2024-09-18,39,East
PROD-0061,2024-09-18,4,West
PROD-0007,2024-09-18,47,East
PROD-0005,2024-09-18,2,South
PROD-0092,2024-09-18,14,West
PROD-0012,2024-09-18,17,East
PROD-0071,2024-09-18,40,Central
PROD-0037,2024-09-18,40,Central
PROD-0003,2024-09-18,29,North
PROD-0022,2024-09-18,39,South
PROD-0054,2024-09-18,16,Central
PROD-0024,2024-09-18,7,South
PROD-0011,2024-09-18,26,Central
PROD-0039,2024-09-18,19,North
PROD-0004,2024-09-18,12,West
PROD-0089,2024-09-18,20,North
PROD-0055,2024-09-18,1,West
PROD-0078,2024-09-18,2,South
PROD-0030,2024-09-18,11,West
PROD-0093,2024-09-18,49,West
PROD-0026,2024-09-18,23,South
PROD-0014,2024-09-18,5,Central
PROD-0044,2024-09-19,32,West
PROD-0009,2024-09-19,16,North
PROD-0089,2024-09-19,44,North
PROD-0070,2024-09-19,6,North
PROD-0063,2024-09-19,35,Central
PROD-0097,2024-09-19,26,East
PROD-0002,2024-09-19,19,West
PROD-0076,2024-09-19,7,South
PROD-0080,2024-09-19,21,South
PROD-0086,2024-09-19,26,North
PROD-0087,2024-09-19,25,East
PROD-0021,2024-09-19,2,North
PROD-0059,2024-09-19,18,West
PROD-0030,2024-09-19,19,Central
PROD-0057,2024-09-19,26,West
PROD-0099,2024-09-19,39,East
PROD-0077,2024-09-19,36,West
PROD-0013,2024-09-19,50,Central
PROD-0006,2024-09-19,34,Central
PROD-0058,2024-09-19,18,Central
PROD-0093,2024-09-19,17,Central
PROD-0004,2024-09-19,5,West
PROD-0027,2024-09-19,1,South
PROD-0003,2024-09-19,26,North
PROD-0025,2024-09-19,2,North
PROD-0094,2024-09-19,30,West
PROD-0041,2024-09-19,1,North
PROD-0052,2024-09-19,29,West
PROD-0029,2024-09-19,49,South
PROD-0085,2024-09-19,42,West
PROD-0079,2024-09-19,21,Central
PROD-0049,2024-09-19,20,Central
PROD-0054,2024-09-19,13,South
PROD-0064,2024-09-19,3,West
PROD-0028,2024-09-19,34,North
PROD-0098,2024-09-19,8,North
PROD-0036,2024-09-19,29,North
PROD-0047,2024-09-19,37,West
PROD-0001,2024-09-19,4,North
PROD-0067,2024-09-19,18,Central
PROD-0091,2024-09-19,2,South
PROD-0026,2024-09-19,6,East
PROD-0010,2024-09-19,19,East
PROD-0045,2024-09-19,6,East
PROD-0022,2024-09-19,22,Central
PROD-0005,2024-09-19,28,West
PROD-0014,2024-09-19,18,South
PROD-0074,2024-09-19,15,South
PROD-0095,2024-09-19,43,Central
PROD-0092,2024-09-19,20,Central
PROD-0056,2024-09-19,47,West
PROD-0061,2024-09-19,45,East
PROD-0046,2024-09-19,24,South
PROD-0069,2024-09-19,15,Central
PROD-0023,2024-09-19,7,West
PROD-0007,2024-09-19,50,North
PROD-0088,2024-09-19,14,South
PROD-0082,2024-09-19,24,South
PROD-0073,2024-09-19,1,North
PROD-0038,2024-09-19,20,Central
PROD-0047,2024-09-20,38,Central
PROD-0031,2024-09-20,12,West
PROD-0092,2024-09-20,41,West
PROD-0063,2024-09-20,23,South
PROD-0042,2024-09-20,47,West
PROD-0030,2024-09-20,46,North
PROD-0081,2024-09-20,48,Central
PROD-0025,2024-09-20,31,West
PROD-0070,2024-09-20,16,North
PROD-0095,2024-09-20,30,South
PROD-0004,2024-09-20,37,East
PROD-0005,2024-09-20,49,West
PROD-0017,2024-09-20,45,South
PROD-0058,2024-09-20,18,Central
PROD-0053,2024-09-20,32,South
PROD-0061,2024-09-20,13,Central
PROD-0068,2024-09-20,23,Central
PROD-0076,2024-09-20,25,East
PROD-0083,2024-09-20,43,South
PROD-0075,2024-09-20,40,South
PROD-0089,2024-09-20,31,West
PROD-0079,2024-09-20,36,West
PROD-0052,2024-09-20,43,North
PROD-0027,2024-09-20,17,North
PROD-0035,2024-09-20,16,East
PROD-0073,2024-09-20,37,South
PROD-0059,2024-09-20,8,West
PROD-0055,2024-09-20,39,West
PROD-0072,2024-09-20,29,North
PROD-0001,2024-09-20,28,North
PROD-0048,2024-09-20,24,East
PROD-0012,2024-09-20,36,North
PROD-0040,2024-09-20,31,South
PROD-0014,2024-09-20,21,West
PROD-0062,2024-09-20,39,South
PROD-0065,2024-09-20,8,North
PROD-0021,2024-09-20,25,South
PROD-0097,2024-09-20,22,North
PROD-0082,2024-09-20,26,Central
PROD-0084,2024-09-20,36,Central
PROD-0094,2024-09-20,13,East
PROD-0057,2024-09-20,49,East
PROD-0026,2024-09-20,26,East
PROD-0024,2024-09-20,26,South
PROD-0096,2024-09-20,38,Central
PROD-0060,2024-09-20,45,Central
PROD-0033,2024-09-20,29,North
PROD-0020,2024-09-20,7,East
PROD-0034,2024-09-20,43,East
PROD-0022,2024-09-20,24,West
PROD-0087,2024-09-20,1,South
PROD-0085,2024-09-20,39,South
PROD-0045,2024-09-20,17,South
PROD-0015,2024-09-20,31,North
PROD-0100,2024-09-20,47,Central
PROD-0077,2024-09-20,26,West
PROD-0010,2024-09-20,48,Central
PROD-0002,2024-09-20,10,East
PROD-0098,2024-09-20,21,South
PROD-0078,2024-09-20,39,North
PROD-0043,2024-09-20,22,North
PROD-0064,2024-09-20,40,South
PROD-0039,2024-09-20,25,North
PROD-0036,2024-09-20,1,North
PROD-0086,2024-09-20,43,North
PROD-0032,2024-09-20,8,North
PROD-0069,2024-09-20,6,East
PROD-0093,2024-09-20,28,North
PROD-0028,2024-09-20,27,North
PROD-0049,2024-09-20,38,West
PROD-0054,2024-09-20,13,Central
PROD-0003,2024-09-20,17,East
PROD-0066,2024-09-20,50,Central
PROD-0008,2024-09-21,3,South
PROD-0034,2024-09-21,3,South
PROD-0015,2024-09-21,0,North
PROD-0087,2024-09-21,26,Central
PROD-0009,2024-09-21,19,South
PROD-0076,2024-09-21,25,South
PROD-0046,2024-09-21,20,East
PROD-0058,2024-09-21,25,West
PROD-0054,2024-09-21,22,Central
PROD-0041,2024-09-21,2,Central
PROD-0083,2024-09-21,15,West
PROD-0010,2024-09-21,5,South
PROD-0047,2024-09-21,26,South
PROD-0069,2024-09-21,3,North
PROD-0065,2024-09-21,10,East
PROD-0007,2024-09-21,20,North
PROD-0001,2024-09-21,19,West
PROD-0022,2024-09-21,24,South
PROD-0061,2024-09-21,24,West
PROD-0030,2024-09-21,14,East
PROD-0028,2024-09-21,28,West
PROD-0026,2024-09-21,3,Central
PROD-0075,2024-09-21,5,South
PROD-0088,2024-09-21,3,Central
PROD-0090,2024-09-21,21,South
PROD-0055,2024-09-21,5,North
PROD-0017,2024-09-21,16,South
PROD-0070,2024-09-21,29,North
PROD-0043,2024-09-21,20,West
PROD-0095,2024-09-21,11,North
PROD-0012,2024-09-21,18,West
PROD-0091,2024-09-21,3,South
PROD-0084,2024-09-21,1,South
PROD-0019,2024-09-21,7,West
PROD-0064,2024-09-21,10,North
PROD-0056,2024-09-21,27,West
PROD-0085,2024-09-21,23,South
PROD-0082,2024-09-21,16,Central
PROD-0013,2024-09-21,7,East
PROD-0031,2024-09-21,24,Central
PROD-0006,2024-09-21,22,North
PROD-0036,2024-09-21,16,West
PROD-0016,2024-09-21,16,East
PROD-0063,2024-09-21,0,South
PROD-0050,2024-09-21,6,South
PROD-0025,2024-09-21,22,North
PROD-0003,2024-09-21,27,Central
PROD-0021,2024-09-21,28,South
PROD-0020,2024-09-21,25,South
PROD-0057,2024-09-21,13,South
PROD-0051,2024-09-21,21,South
PROD-0081,2024-09-21,24,West
PROD-0042,2024-09-21,18,North
PROD-0094,2024-09-21,7,West
PROD-0079,2024-09-21,23,South
PROD-0033,2024-09-21,18,Central
PROD-0073,2024-09-21,10,Central
PROD-0053,2024-09-21,24,Central
PROD-0062,2024-09-21,12,South
PROD-0059,2024-09-21,7,East
PROD-0067,2024-09-21,7,Central
PROD-0077,2024-09-21,16,East
PROD-0089,2024-09-21,10,East
PROD-0100,2024-09-21,26,Central
PROD-0080,2024-09-21,10,South
PROD-0027,2024-09-21,28,West
PROD-0018,2024-09-21,30,Central
PROD-0024,2024-09-21,16,Central
PROD-0066,2024-09-21,4,North
PROD-0092,2024-09-21,3,East
PROD-0014,2024-09-21,9,South
PROD-0096,2024-09-21,1,West
PROD-0030,2024-09-22,23,Central
PROD-0058,2024-09-22,1,East
PROD-0078,2024-09-22,21,West
PROD-0093,2024-09-22,18,North
PROD-0045,2024-09-22,13,East
PROD-0035,2024-09-22,27,East
PROD-0051,2024-09-22,23,North
PROD-0075,2024-09-22,30,West
PROD-0062,2024-09-22,27,South
PROD-0003,2024-09-22,30,West
PROD-0023,2024-09-22,20,West
PROD-0050,2024-09-22,24,North
PROD-0086,2024-09-22,6,East
PROD-0042,2024-09-22,22,North
PROD-0033,2024-09-22,27,South
PROD-0071,2024-09-22,1,East
PROD-0009,2024-09-22,15,South
PROD-0005,2024-09-22,18,South
PROD-0056,2024-09-22,4,West
PROD-0037,2024-09-22,7,West
PROD-0017,2024-09-22,15,North
PROD-0088,2024-09-22,8,South
PROD-0041,2024-09-22,7,East
PROD-0014,2024-09-22,19,East
PROD-0060,2024-09-22,3,Central
PROD-0004,2024-09-22,0,South
PROD-0084,2024-09-22,24,East
PROD-0024,2024-09-22,13,Central
PROD-0099,2024-09-22,22,Central
PROD-0029,2024-09-22,19,West
PROD-0087,2024-09-22,30,South
PROD-0021,2024-09-22,28,West
PROD-0026,2024-09-22,22,South
PROD-0072,2024-09-22,23,East
PROD-0002,2024-09-22,19,Central
PROD-0031,2024-09-22,12,East
PROD-0040,2024-09-22,3,Central
PROD-0089,2024-09-22,25,South
PROD-0043,2024-09-22,10,West
PROD-0027,2024-09-22,10,North
PROD-0028,2024-09-22,3,North
PROD-0092,2024-09-22,18,South
PROD-0097,2024-09-22,15,West
PROD-0053,2024-09-22,0,South
PROD-0038,2024-09-22,27,Central
PROD-0095,2024-09-22,16,South
PROD-0100,2024-09-22,13,West
PROD-0085,2024-09-22,25,West
PROD-0022,2024-09-22,16,North
PROD-0011,2024-09-22,4,South
PROD-0073,2024-09-22,14,Central
PROD-0048,2024-09-22,11,South
PROD-0057,2024-09-22,8,South
PROD-0054,2024-09-22,1,North
PROD-0018,2024-09-22,21,North
PROD-0020,2024-09-22,14,West
PROD-0082,2024-09-22,9,North
PROD-0070,2024-09-22,28,Central
PROD-0047,2024-09-22,27,South
PROD-0019,2024-09-22,22,South
PROD-0064,2024-09-22,24,East
PROD-0094,2024-09-22,24,Central
PROD-0098,2024-09-22,5,Central
PROD-0044,2024-09-22,18,South
PROD-0052,2024-09-22,6,North
PROD-0001,2024-09-23,31,Central
PROD-0071,2024-09-23,34,South
PROD-0054,2024-09-23,6,South
PROD-0009,2024-09-23,41,West
PROD-0056,2024-09-23,15,West
PROD-0096,2024-09-23,23,East
PROD-0068,2024-09-23,35,East
PROD-0073,2024-09-23,10,South
PROD-0003,2024-09-23,1,West
PROD-0016,2024-09-23,9,North
PROD-0034,2024-09-23,5,Central
PROD-0072,2024-09-23,29,North
PROD-0088,2024-09-23,36,East
PROD-0067,2024-09-23,9,Central
PROD-0023,2024-09-23,31,East
PROD-0076,2024-09-23,44,North
PROD-0066,2024-09-23,28,South
PROD-0026,2024-09-23,32,Central
PROD-0052,2024-09-23,45,West
PROD-0097,2024-09-23,49,South
PROD-0006,2024-09-23,41,West
PROD-0005,2024-09-23,21,North
PROD-0069,2024-09-23,11,Central
PROD-0087,2024-09-23,47,East
PROD-0030,2024-09-23,23,East
PROD-0038,2024-09-23,6,North
PROD-0035,2024-09-23,2,East
PROD-0021,2024-09-23,6,North
PROD-0020,2024-09-23,33,North
PROD-0002,2024-09-23,40,East
PROD-0095,2024-09-23,45,Central
PROD-0042,2024-09-23,50,East
PROD-0064,2024-09-23,46,South
PROD-0091,2024-09-23,9,West
PROD-0070,2024-09-23,12,South
PROD-0032,2024-09-23,45,North
PROD-0013,2024-09-23,1,South
PROD-0047,2024-09-23,27,North
PROD-0082,2024-09-23,29,South
PROD-0037,2024-09-23,9,South
PROD-0098,2024-09-23,21,North
PROD-0022,2024-09-23,10,Central
PROD-0099,2024-09-23,15,North
PROD-0007,2024-09-23,46,South
PROD-0014,2024-09-23,43,East
PROD-0010,2024-09-23,44,South
PROD-0085,2024-09-23,41,East
PROD-0046,2024-09-23,13,West
PROD-0074,2024-09-23,22,South
PROD-0086,2024-09-23,37,North
PROD-0049,2024-09-23,28,Central
PROD-0041,2024-09-23,10,Central
PROD-0024,2024-09-23,2,Central
PROD-0100,2024-09-23,8,West
PROD-0080,2024-09-23,46,West
PROD-0004,2024-09-23,15,North
PROD-0057,2024-09-23,28,West
PROD-0051,2024-09-23,40,West
PROD-0008,2024-09-23,36,West
PROD-0039,2024-09-23,47,East
PROD-0017,2024-09-24,14,North
PROD-0008,2024-09-24,17,East
PROD-0085,2024-09-24,18,East
PROD-0091,2024-09-24,5,North
PROD-0040,2024-09-24,25,North
PROD-0077,2024-09-24,28,West
PROD-0081,2024-09-24,17,Central
PROD-0011,2024-09-24,30,North
PROD-0020,2024-09-24,2,Central
PROD-0066,2024-09-24,19,East
PROD-0042,2024-09-24,48,East
PROD-0070,2024-09-24,36,North
PROD-0022,2024-09-24,7,East
PROD-0051,2024-09-24,47,North
PROD-0048,2024-09-24,32,West
PROD-0099,2024-09-24,20,South
PROD-0045,2024-09-24,38,West
PROD-0087,2024-09-24,45,South
PROD-0021,2024-09-24,34,North
PROD-0003,2024-09-24,38,South
PROD-0025,2024-09-24,19,North
PROD-0093,2024-09-24,8,East
PROD-0038,2024-09-24,1,East
PROD-0053,2024-09-24,2,Central
PROD-0062,2024-09-24,27,Central
PROD-0057,2024-09-24,37,West
PROD-0050,2024-09-24,7,South
PROD-0026,2024-09-24,8,East
PROD-0061,2024-09-24,11,East
PROD-0065,2024-09-24,24,South
PROD-0073,2024-09-24,45,South
PROD-0082,2024-09-24,45,South
PROD-0001,2024-09-24,9,Central
PROD-0049,2024-09-24,4,East
PROD-0079,2024-09-24,33,Central
PROD-0009,2024-09-24,13,West
PROD-0013,2024-09-24,42,West
PROD-0059,2024-09-24,41,East
PROD-0075,2024-09-24,16,East
PROD-0012,2024-09-24,18,North
PROD-0089,2024-09-24,45,East
PROD-0014,2024-09-24,32,West
PROD-0080,2024-09-24,12,East
PROD-0095,2024-09-24,48,South
PROD-0007,2024-09-24,39,East
PROD-0088,2024-09-24,3,North
PROD-0024,2024-09-24,6,North
PROD-0019,2024-09-24,22,South
PROD-0078,2024-09-24,21,East
PROD-0076,2024-09-24,33,West
PROD-0016,2024-09-24,12,West
PROD-0046,2024-09-24,29,Central
PROD-0037,2024-09-24,36,Central
PROD-0067,2024-09-24,12,West
PROD-0052,2024-09-24,3,South
PROD-0098,2024-09-24,6,West
PROD-0100,2024-09-24,18,Central
PROD-0092,2024-09-24,38,North
PROD-0023,2024-09-24,16,North
PROD-0064,2024-09-24,17,East
PROD-0029,2024-09-25,35,Central
PROD-0074,2024-09-25,1,Central
PROD-0091,2024-09-25,31,North
PROD-0100,2024-09-25,35,West
PROD-0035,2024-09-25,5,East
PROD-0039,2024-09-25,9,South
PROD-0089,2024-09-25,39,South
PROD-0083,2024-09-25,24,East
PROD-0058,2024-09-25,45,East
PROD-0012,2024-09-25,43,East
PROD-0001,2024-09-25,39,South
PROD-0097,2024-09-25,3,East
PROD-0004,2024-09-25,48,East
PROD-0085,2024-09-25,37,West
PROD-0016,2024-09-25,29,East
PROD-0077,2024-09-25,29,West
PROD-0065,2024-09-25,39,Central
PROD-0025,2024-09-25,6,North
PROD-0023,2024-09-25,44,South
PROD-0084,2024-09-25,29,Central
PROD-0096,2024-09-25,36,South
PROD-0009,2024-09-25,2,East
PROD-0042,2024-09-25,49,East
PROD-0068,2024-09-25,30,West
PROD-0066,2024-09-25,10,West
PROD-0052,2024-09-25,17,East
PROD-0073,2024-09-25,50,North
PROD-0051,2024-09-25,6,West
PROD-0003,2024-09-25,1,Central
PROD-0050,2024-09-25,37,East
PROD-0071,2024-09-25,34,Central
PROD-0064,2024-09-25,30,North
PROD-0088,2024-09-25,49,North
PROD-0038,2024-09-25,23,South
PROD-0032,2024-09-25,12,North
PROD-0028,2024-09-25,50,South
PROD-0005,2024-09-25,13,West
PROD-0024,2024-09-25,46,Central
PROD-0098,2024-09-25,39,West
PROD-0026,2024-09-25,4,North
PROD-0069,2024-09-25,33,South
PROD-0021,2024-09-25,18,West
PROD-0075,2024-09-25,28,North
PROD-0040,2024-09-25,9,Central
PROD-0061,2024-09-25,41,Central
PROD-0093,2024-09-25,34,Central
PROD-0043,2024-09-25,40,South
PROD-0045,2024-09-25,1,West
PROD-0018,2024-09-25,18,West
PROD-0020,2024-09-25,7,North
PROD-0054,2024-09-25,48,South
PROD-0036,2024-09-25,47,Central
PROD-0041,2024-09-25,39,West
PROD-0067,2024-09-25,37,Central
PROD-0063,2024-09-25,9,West
PROD-0092,2024-09-25,7,East
PROD-0086,2024-09-25,45,West
PROD-0062,2024-09-25,4,South
PROD-0008,2024-09-25,14,Central
PROD-0037,2024-09-25,44,West
PROD-0014,2024-09-25,48,Central
PROD-0082,2024-09-25,34,East
PROD-0057,2024-09-25,10,Central
PROD-0010,2024-09-25,24,Central
PROD-0059,2024-09-25,40,Central
PROD-0017,2024-09-25,26,Central
PROD-0055,2024-09-25,42,North
PROD-0013,2024-09-25,35,East
PROD-0095,2024-09-25,50,South
PROD-0078,2024-09-25,37,West
PROD-0076,2024-09-25,26,South
PROD-0015,2024-09-25,4,Central
PROD-0002,2024-09-25,1,North
PROD-0030,2024-09-25,31,South
PROD-0048,2024-09-25,32,Central
PROD-0081,2024-09-25,19,Central
PROD-0047,2024-09-26,40,East
PROD-0021,2024-09-26,18,East
PROD-0077,2024-09-26,30,East
PROD-0094,2024-09-26,20,East
PROD-0020,2024-09-26,8,North
PROD-0088,2024-09-26,29,West
PROD-0039,2024-09-26,38,South
PROD-0006,2024-09-26,48,West
PROD-0096,2024-09-26,9,West
PROD-0087,2024-09-26,41,East
PROD-0011,2024-09-26,19,South
PROD-0016,2024-09-26,20,West
PROD-0100,2024-09-26,23,Central
PROD-0058,2024-09-26,7,West
PROD-0052,2024-09-26,2,East
PROD-0003,2024-09-26,16,East
PROD-0029,2024-09-26,38,Central
PROD-0065,2024-09-26,14,Central
PROD-0061,2024-09-26,34,East
PROD-0086,2024-09-26,41,Central
PROD-0069,2024-09-26,48,North
PROD-0092,2024-09-26,30,Central
PROD-0026,2024-09-26,46,Central
PROD-0091,2024-09-26,28,East
PROD-0076,2024-09-26,33,East
PROD-0028,2024-09-26,29,Central
PROD-0048,2024-09-26,49,South
PROD-0042,2024-09-26,44,West
PROD-0040,2024-09-26,22,West
PROD-0024,2024-09-26,43,Central
PROD-0099,2024-09-26,5,West
PROD-0010,2024-09-26,31,Central
PROD-0054,2024-09-26,20,South
PROD-0025,2024-09-26,20,North
PROD-0075,2024-09-26,32,South
PROD-0098,2024-09-26,4,West
PROD-0007,2024-09-26,42,North
PROD-0063,2024-09-26,44,West
PROD-0019,2024-09-26,30,West
PROD-0017,2024-09-26,7,South
PROD-0090,2024-09-26,21,North
PROD-0012,2024-09-26,42,North
PROD-0001,2024-09-26,32,Central
PROD-0018,2024-09-26,35,South
PROD-0080,2024-09-26,25,Central
PROD-0046,2024-09-26,11,South
PROD-0095,2024-09-26,13,South
PROD-0014,2024-09-26,46,Central
PROD-0022,2024-09-26,21,East
PROD-0038,2024-09-26,1,South
PROD-0045,2024-09-26,13,West
PROD-0062,2024-09-26,38,Central
PROD-0053,2024-09-26,39,East
PROD-0070,2024-09-26,9,Central
PROD-0041,2024-09-26,22,North
PROD-0057,2024-09-26,47,South
PROD-0083,2024-09-26,15,North
PROD-0067,2024-09-26,49,South
PROD-0008,2024-09-26,44,West
PROD-0043,2024-09-26,21,South
PROD-0051,2024-09-26,11,West
PROD-0049,2024-09-26,16,East
PROD-0036,2024-09-26,45,East
PROD-0059,2024-09-26,8,East
PROD-0093,2024-09-26,40,West
PROD-0082,2024-09-26,10,East
PROD-0044,2024-09-26,39,North
PROD-0032,2024-09-26,13,South
PROD-0033,2024-09-26,9,South
PROD-0066,2024-09-26,18,West
PROD-0004,2024-09-26,32,North
PROD-0090,2024-09-27,40,East
PROD-0014,2024-09-27,3,Central
PROD-0042,2024-09-27,16,East
PROD-0049,2024-09-27,21,East
PROD-0088,2024-09-27,23,West
PROD-0025,2024-09-27,3,South
PROD-0050,2024-09-27,3,North
PROD-0069,2024-09-27,27,North
PROD-0029,2024-09-27,31,East
PROD-0099,2024-09-27,5,South
PROD-0011,2024-09-27,27,East
PROD-0044,2024-09-27,17,East
PROD-0091,2024-09-27,37,East
PROD-0024,2024-09-27,31,West
PROD-0098,2024-09-27,8,South
PROD-0075,2024-09-27,7,Central
PROD-0018,2024-09-27,37,South
PROD-0100,2024-09-27,43,Central
PROD-0081,2024-09-27,6,South
PROD-0074,2024-09-27,31,North
PROD-0039,2024-09-27,27,East
PROD-0004,2024-09-27,2,West
PROD-0038,2024-09-27,48,West
PROD-0076,2024-09-27,7,South
PROD-0032,2024-09-27,11,South
PROD-0027,2024-09-27,35,South
PROD-0030,2024-09-27,42,North
PROD-0056,2024-09-27,24,West
PROD-0058,2024-09-27,19,East
PROD-0084,2024-09-27,27,Central
PROD-0080,2024-09-27,45,East
PROD-0079,2024-09-27,16,North
PROD-0045,2024-09-27,17,East
PROD-0073,2024-09-27,24,East
PROD-0051,2024-09-27,22,Central
PROD-0070,2024-09-27,22,North
PROD-0023,2024-09-27,9,West
PROD-0037,2024-09-27,14,East
PROD-0096,2024-09-27,28,North
PROD-0003,2024-09-27,32,West
PROD-0001,2024-09-27,32,Central
PROD-0006,2024-09-27,39,East
PROD-0092,2024-09-27,14,South
PROD-0002,2024-09-27,42,South
PROD-0087,2024-09-27,32,West
PROD-0043,2024-09-27,13,Central
PROD-0083,2024-09-27,47,Central
PROD-0062,2024-09-27,4,East
PROD-0047,2024-09-27,44,West
PROD-0036,2024-09-27,3,North
PROD-0046,2024-09-27,34,South
PROD-0094,2024-09-27,45,South
PROD-0040,2024-09-27,26,Central
PROD-0095,2024-09-27,25,South
PROD-0022,2024-09-27,28,Central
PROD-0008,2024-09-27,2,South
PROD-0065,2024-09-27,44,South
PROD-0016,2024-09-27,10,North
PROD-0055,2024-09-27,37,West
PROD-0026,2024-09-27,24,East
PROD-0085,2024-09-27,44,North
PROD-0064,2024-09-27,26,North
PROD-0072,2024-09-27,30,Central
PROD-0007,2024-09-27,3,West
PROD-0057,2024-09-27,42,West
PROD-0083,2024-09-28,28,North
PROD-0057,2024-09-28,13,North
PROD-0070,2024-09-28,7,North
PROD-0006,2024-09-28,2,South
PROD-0053,2024-09-28,22,South
PROD-0028,2024-09-28,10,East
PROD-0067,2024-09-28,24,North
PROD-0095,2024-09-28,18,West
PROD-0061,2024-09-28,23,West
PROD-0014,2024-09-28,6,North
PROD-0039,2024-09-28,15,South
PROD-0026,2024-09-28,28,North
PROD-0060,2024-09-28,21,South
PROD-0071,2024-09-28,26,South
PROD-0092,2024-09-28,29,South
PROD-0023,2024-09-28,22,North
PROD-0037,2024-09-28,28,Central
PROD-0043,2024-09-28,6,Central
PROD-0087,2024-09-28,15,Central
PROD-0072,2024-09-28,6,North
PROD-0020,2024-09-28,0,East
PROD-0010,2024-09-28,9,North
PROD-0051,2024-09-28,18,North
PROD-0005,2024-09-28,6,South
PROD-0019,2024-09-28,16,North
PROD-0066,2024-09-28,2,Central
PROD-0009,2024-09-28,5,South
PROD-0084,2024-09-28,19,South
PROD-0077,2024-09-28,25,West
PROD-0050,2024-09-28,17,East
PROD-0079,2024-09-28,7,West
PROD-0068,2024-09-28,30,North
PROD-0055,2024-09-28,12,East
PROD-0074,2024-09-28,24,Central
PROD-0073,2024-09-28,12,West
PROD-0098,2024-09-28,28,Central
PROD-0099,2024-09-28,21,West
PROD-0013,2024-09-28,6,Central
PROD-0081,2024-09-28,6,North
PROD-0015,2024-09-28,15,South
PROD-0044,2024-09-28,6,South
PROD-0049,2024-09-28,27,Central
PROD-0062,2024-09-28,27,North
PROD-0035,2024-09-28,3,South
PROD-0004,2024-09-28,16,Central
PROD-0017,2024-09-28,21,North
PROD-0090,2024-09-28,11,East
PROD-0036,2024-09-28,16,West
PROD-0022,2024-09-28,14,Central
PROD-0016,2024-09-28,22,East
PROD-0086,2024-09-28,5,East
PROD-0064,2024-09-28,19,West
PROD-0093,2024-09-28,0,Central
PROD-0085,2024-09-28,16,North
PROD-0089,2024-09-28,25,West
PROD-0094,2024-09-28,10,West
PROD-0033,2024-09-28,6,East
PROD-0031,2024-09-28,13,South
PROD-0054,2024-09-28,14,West
PROD-0040,2024-09-28,8,West
PROD-0033,2024-09-29,27,East
PROD-0059,2024-09-29,18,West
PROD-0045,2024-09-29,21,Central
PROD-0040,2024-09-29,10,North
PROD-0044,2024-09-29,17,North
PROD-0028,2024-09-29,27,Central
PROD-0006,2024-09-29,10,West
PROD-0029,2024-09-29,12,West
PROD-0030,2024-09-29,18,West
PROD-0047,2024-09-29,30,North
PROD-0021,2024-09-29,16,North
PROD-0003,2024-09-29,6,Central
PROD-0017,2024-09-29,19,Central
PROD-0087,2024-09-29,23,West
PROD-0073,2024-09-29,6,Central
PROD-0062,2024-09-29,12,South
PROD-0052,2024-09-29,15,Central
PROD-0022,2024-09-29,2,Central
PROD-0072,2024-09-29,5,Central
PROD-0036,2024-09-29,6,West
PROD-0085,2024-09-29,26,North
PROD-0093,2024-09-29,27,West
PROD-0074,2024-09-29,10,North
PROD-0023,2024-09-29,17,North
PROD-0065,2024-09-29,0,East
PROD-0011,2024-09-29,7,West
PROD-0077,2024-09-29,3,Central
PROD-0007,2024-09-29,16,North
PROD-0002,2024-09-29,13,West
PROD-0037,2024-09-29,28,West
PROD-0078,2024-09-29,21,Central
PROD-0009,2024-09-29,0,South
PROD-0082,2024-09-29,3,West
PROD-0064,2024-09-29,15,East
PROD-0095,2024-09-29,18,Central
PROD-0089,2024-09-29,14,North
PROD-0005,2024-09-29,6,West
PROD-0019,2024-09-29,22,Central
PROD-0055,2024-09-29,7,North
PROD-0086,2024-09-29,7,East
PROD-0060,2024-09-29,5,Central
PROD-0100,2024-09-29,26,East
PROD-0088,2024-09-29,9,East
PROD-0092,2024-09-29,26,East
PROD-0068,2024-09-29,3,West
PROD-0016,2024-09-29,1,North
PROD-0057,2024-09-29,22,Central
PROD-0031,2024-09-29,3,Central
PROD-0090,2024-09-29,21,East
PROD-0014,2024-09-29,21,North
PROD-0096,2024-09-29,20,West
PROD-0025,2024-09-29,0,North
PROD-0067,2024-09-29,18,North
PROD-0038,2024-09-29,27,Central
PROD-0081,2024-09-29,30,West
PROD-0053,2024-09-29,19,North
PROD-0058,2024-09-29,14,South
PROD-0024,2024-09-29,1,West
PROD-0063,2024-09-29,18,North
PROD-0094,2024-09-29,28,North
PROD-0041,2024-09-29,18,East
PROD-0075,2024-09-29,2,East
PROD-0010,2024-09-29,9,South
PROD-0032,2024-09-29,16,Central
PROD-0084,2024-09-29,22,East
PROD-0079,2024-09-29,28,West
PROD-0046,2024-09-29,23,West
PROD-0076,2024-09-29,17,South
PROD-0020,2024-09-29,25,East
PROD-0070,2024-09-29,16,North
PROD-0050,2024-09-29,25,North
PROD-0095,2024-09-30,5,North
PROD-0088,2024-09-30,3,Central
PROD-0057,2024-09-30,1,North
PROD-0064,2024-09-30,44,West
PROD-0036,2024-09-30,4,North
PROD-0025,2024-09-30,32,Central
PROD-0051,2024-09-30,48,East
PROD-0077,2024-09-30,2,South
PROD-0058,2024-09-30,1,East
PROD-0094,2024-09-30,4,South
PROD-0046,2024-09-30,23,East
PROD-0083,2024-09-30,37,West
PROD-0098,2024-09-30,11,South
PROD-0096,2024-09-30,46,Central
PROD-0078,2024-09-30,12,North
PROD-0080,2024-09-30,6,North
PROD-0081,2024-09-30,44,South
PROD-0059,2024-09-30,40,West
PROD-0021,2024-09-30,24,Central
PROD-0053,2024-09-30,39,West
PROD-0038,2024-09-30,18,West
PROD-0086,2024-09-30,44,East
PROD-0084,2024-09-30,41,South
PROD-0004,2024-09-30,39,West
PROD-0018,2024-09-30,21,Central
PROD-0045,2024-09-30,48,West
PROD-0068,2024-09-30,48,East
PROD-0074,2024-09-30,17,South
PROD-0075,2024-09-30,23,South
PROD-0055,2024-09-30,25,Central
PROD-0067,2024-09-30,49,East
PROD-0042,2024-09-30,43,South
PROD-0017,2024-09-30,4,East
PROD-0065,2024-09-30,6,West
PROD-0006,2024-09-30,19,North
PROD-0032,2024-09-30,23,South
PROD-0037,2024-09-30,29,East
PROD-0026,2024-09-30,3,East
PROD-0090,2024-09-30,6,South
PROD-0097,2024-09-30,16,West
PROD-0062,2024-09-30,50,Central
PROD-0100,2024-09-30,50,South
PROD-0008,2024-09-30,29,West
PROD-0010,2024-09-30,49,West
PROD-0061,2024-09-30,48,Central
PROD-0071,2024-09-30,50,Central
PROD-0023,2024-09-30,29,West
PROD-0022,2024-09-30,35,North
PROD-0044,2024-09-30,48,West
PROD-0029,2024-09-30,50,North
PROD-0082,2024-09-30,34,East
PROD-0035,2024-09-30,22,West
PROD-0015,2024-09-30,50,North
PROD-0047,2024-09-30,30,East
PROD-0048,2024-09-30,39,North
PROD-0073,2024-09-30,24,Central
PROD-0089,2024-09-30,20,Central
PROD-0066,2024-09-30,47,West
PROD-0092,2024-09-30,34,Central
PROD-0040,2024-09-30,6,East
PROD-0063,2024-09-30,18,Central
PROD-0050,2024-09-30,40,North
PROD-0052,2024-09-30,33,North
PROD-0085,2024-09-30,14,East
PROD-0079,2024-09-30,33,West
PROD-0049,2024-09-30,11,East
PROD-0098,2024-10-01,44,East
PROD-0037,2024-10-01,29,East
PROD-0049,2024-10-01,17,East
PROD-0077,2024-10-01,2,Central
PROD-0089,2024-10-01,40,Central
PROD-0003,2024-10-01,36,West
PROD-0054,2024-10-01,14,South
PROD-0051,2024-10-01,17,East
PROD-0073,2024-10-01,49,South
PROD-0087,2024-10-01,21,South
PROD-0033,2024-10-01,29,Central
PROD-0088,2024-10-01,7,North
PROD-0044,2024-10-01,8,North
PROD-0066,2024-10-01,45,North
PROD-0086,2024-10-01,45,Central
PROD-0095,2024-10-01,24,North
PROD-0084,2024-10-01,35,East
PROD-0059,2024-10-01,27,West
PROD-0080,2024-10-01,33,Central
PROD-0058,2024-10-01,36,East
PROD-0005,2024-10-01,39,South
PROD-0010,2024-10-01,11,North
PROD-0046,2024-10-01,16,East
PROD-0002,2024-10-01,37,West
PROD-0079,2024-10-01,8,Central
PROD-0008,2024-10-01,43,South
PROD-0062,2024-10-01,4,West
PROD-0015,2024-10-01,47,South
PROD-0013,2024-10-01,42,East
PROD-0029,2024-10-01,45,Central
PROD-0065,2024-10-01,1,North
PROD-0060,2024-10-01,10,South
PROD-0067,2024-10-01,43,West
PROD-0001,2024-10-01,17,South
PROD-0068,2024-10-01,23,Central
PROD-0048,2024-10-01,32,South
PROD-0052,2024-10-01,1,East
PROD-0070,2024-10-01,22,East
PROD-0009,2024-10-01,35,South
PROD-0093,2024-10-01,37,Central
PROD-0017,2024-10-01,31,Central
PROD-0100,2024-10-01,7,Central
PROD-0039,2024-10-01,10,North
PROD-0024,2024-10-01,49,East
PROD-0092,2024-10-01,31,East
PROD-0081,2024-10-01,39,Central
PROD-0011,2024-10-01,18,West
PROD-0041,2024-10-01,20,West
PROD-0042,2024-10-01,1,East
PROD-0020,2024-10-01,12,Central
PROD-0090,2024-10-01,16,West
PROD-0035,2024-10-01,7,West
PROD-0016,2024-10-01,47,Central
PROD-0006,2024-10-01,17,West
PROD-0021,2024-10-01,12,North
PROD-0032,2024-10-01,17,West
PROD-0050,2024-10-01,6,West
PROD-0053,2024-10-01,12,West
PROD-0034,2024-10-01,22,Central
PROD-0072,2024-10-01,4,East
PROD-0007,2024-10-01,23,South
PROD-0064,2024-10-01,40,South
PROD-0061,2024-10-01,28,West
PROD-0085,2024-10-01,28,Central
PROD-0075,2024-10-01,33,Central
PROD-0074,2024-10-01,42,Central
PROD-0043,2024-10-01,30,Central
PROD-0028,2024-10-01,35,Central
PROD-0022,2024-10-01,30,West
PROD-0076,2024-10-01,22,East
PROD-0083,2024-10-01,18,East
PROD-0023,2024-10-01,33,East
PROD-0057,2024-10-01,29,East
PROD-0018,2024-10-01,5,South
PROD-0014,2024-10-02,8,Central
PROD-0086,2024-10-02,9,Central
PROD-0043,2024-10-02,45,South
PROD-0044,2024-10-02,27,North
PROD-0011,2024-10-02,45,East
PROD-0046,2024-10-02,39,West
PROD-0067,2024-10-02,12,West
PROD-0010,2024-10-02,22,North
PROD-0091,2024-10-02,45,Central
PROD-0034,2024-10-02,14,East
PROD-0045,2024-10-02,25,South
PROD-0040,2024-10-02,34,Central
PROD-0036,2024-10-02,2,North
PROD-0057,2024-10-02,10,East
PROD-0063,2024-10-02,34,East
PROD-0070,2024-10-02,19,West
PROD-0001,2024-10-02,39,South
PROD-0097,2024-10-02,28,East
PROD-0020,2024-10-02,27,North
PROD-0006,2024-10-02,5,East
PROD-0061,2024-10-02,27,Central
PROD-0051,2024-10-02,26,South
PROD-0094,2024-10-02,46,South
PROD-0064,2024-10-02,45,South
PROD-0092,2024-10-02,4,West
PROD-0083,2024-10-02,2,West
PROD-0041,2024-10-02,22,Central
PROD-0013,2024-10-02,17,Central
PROD-0089,2024-10-02,2,East
PROD-0096,2024-10-02,15,North
PROD-0072,2024-10-02,25,North
PROD-0024,2024-10-02,9,South
PROD-0073,2024-10-02,29,East
PROD-0042,2024-10-02,16,South
PROD-0060,2024-10-02,4,South
PROD-0009,2024-10-02,29,South
PROD-0076,2024-10-02,42,West
PROD-0004,2024-10-02,5,Central
PROD-0077,2024-10-02,27,South
PROD-0068,2024-10-02,19,East
PROD-0058,2024-10-02,30,East
PROD-0079,2024-10-02,27,South
PROD-0028,2024-10-02,5,North
PROD-0065,2024-10-02,9,North
PROD-0099,2024-10-02,14,Central
PROD-0037,2024-10-02,45,North
PROD-0027,2024-10-02,32,Central
PROD-0050,2024-10-02,12,Central
PROD-0005,2024-10-02,32,Central
PROD-0035,2024-10-02,49,North
PROD-0003,2024-10-02,26,West
PROD-0019,2024-10-02,5,East
PROD-0018,2024-10-02,45,East
PROD-0048,2024-10-02,23,Central
PROD-0038,2024-10-02,33,East
PROD-0080,2024-10-02,33,West
PROD-0069,2024-10-02,25,South
PROD-0033,2024-10-02,23,West
PROD-0012,2024-10-02,21,East
PROD-0095,2024-10-02,6,Central
PROD-0085,2024-10-02,2,South
PROD-0059,2024-10-02,41,Central
PROD-0008,2024-10-02,44,Central
PROD-0052,2024-10-02,12,East
PROD-0016,2024-10-02,9,North
PROD-0075,2024-10-03,43,Central
PROD-0044,2024-10-03,46,Central
PROD-0072,2024-10-03,25,West
PROD-0053,2024-10-03,38,North
PROD-0020,2024-10-03,21,Central
PROD-0061,2024-10-03,18,West
PROD-0048,2024-10-03,38,Central
PROD-0032,2024-10-03,34,East
PROD-0087,2024-10-03,12,Central
PROD-0035,2024-10-03,33,South
PROD-0004,2024-10-03,45,Central
PROD-0030,2024-10-03,19,West
PROD-0058,2024-10-03,3,East
PROD-0069,2024-10-03,10,North
PROD-0054,2024-10-03,16,North
PROD-0026,2024-10-03,43,South
PROD-0083,2024-10-03,44,South
PROD-0023,2024-10-03,40,Central
PROD-0093,2024-10-03,36,West
PROD-0024,2024-10-03,6,South
PROD-0033,2024-10-03,14,South
PROD-0040,2024-10-03,2,South
PROD-0022,2024-10-03,28,West
PROD-0080,2024-10-03,34,West
PROD-0031,2024-10-03,19,South
PROD-0034,2024-10-03,29,West
PROD-0084,2024-10-03,35,West
PROD-0097,2024-10-03,9,West
PROD-0038,2024-10-03,35,East
PROD-0021,2024-10-03,12,West
PROD-0076,2024-10-03,10,Central
PROD-0071,2024-10-03,30,West
PROD-0091,2024-10-03,2,South
PROD-0064,2024-10-03,10,North
PROD-0079,2024-10-03,33,West
PROD-0081,2024-10-03,29,Central
PROD-0017,2024-10-03,15,East
PROD-0074,2024-10-03,29,North
PROD-0006,2024-10-03,48,North
PROD-0025,2024-10-03,27,South
PROD-0073,2024-10-03,43,Central
PROD-0039,2024-10-03,15,South
PROD-0015,2024-10-03,18,East
PROD-0062,2024-10-03,49,East
PROD-0043,2024-10-03,31,South
PROD-0057,2024-10-03,22,West
PROD-0051,2024-10-03,12,South
PROD-0001,2024-10-03,42,South
PROD-0090,2024-10-03,29,West
PROD-0100,2024-10-03,42,North
PROD-0065,2024-10-03,4,East
PROD-0013,2024-10-03,22,South
PROD-0092,2024-10-03,22,Central
PROD-0068,2024-10-03,23,Central
PROD-0028,2024-10-03,31,South
PROD-0010,2024-10-03,4,South
PROD-0066,2024-10-03,50,West
PROD-0052,2024-10-03,15,South
PROD-0060,2024-10-03,11,Central
PROD-0042,2024-10-03,23,West
PROD-0012,2024-10-03,2,East
PROD-0056,2024-10-03,46,South
PROD-0047,2024-10-03,17,North
PROD-0002,2024-10-03,49,South
PROD-0005,2024-10-03,22,East
PROD-0094,2024-10-03,22,East
PROD-0041,2024-10-03,27,Central
PROD-0086,2024-10-03,39,South
PROD-0027,2024-10-03,38,West
PROD-0085,2024-10-03,30,North
PROD-0050,2024-10-03,19,North
PROD-0070,2024-10-03,7,West
PROD-0096,2024-10-03,31,Central
PROD-0046,2024-10-03,35,North
PROD-0049,2024-10-03,24,Central
PROD-0082,2024-10-03,27,East
PROD-0088,2024-10-03,26,West
PROD-0029,2024-10-03,15,Central
PROD-0098,2024-10-04,22,West
PROD-0060,2024-10-04,39,North
PROD-0086,2024-10-04,20,East
PROD-0041,2024-10-04,33,East
PROD-0072,2024-10-04,48,West
PROD-0078,2024-10-04,32,South
PROD-0022,2024-10-04,14,South
PROD-0033,2024-10-04,46,South
PROD-0075,2024-10-04,40,North
PROD-0059,2024-10-04,45,South
PROD-0010,2024-10-04,19,Central
PROD-0039,2024-10-04,39,East
PROD-0014,2024-10-04,23,Central
PROD-0045,2024-10-04,30,West
PROD-0025,2024-10-04,2,North
PROD-0008,2024-10-04,43,West
PROD-0013,2024-10-04,11,South
PROD-0030,2024-10-04,44,Central
PROD-0031,2024-10-04,17,East
PROD-0081,2024-10-04,38,Central
PROD-0046,2024-10-04,44,East
PROD-0058,2024-10-04,11,West
PROD-0091,2024-10-04,18,North
PROD-0080,2024-10-04,32,West
PROD-0096,2024-10-04,2,Central
PROD-0062,2024-10-04,39,East
PROD-0082,2024-10-04,14,North
PROD-0056,2024-10-04,6,South
PROD-0063,2024-10-04,46,North
PROD-0054,2024-10-04,15,South
PROD-0021,2024-10-04,37,Central
PROD-0007,2024-10-04,2,North
PROD-0034,2024-10-04,16,Central
PROD-0042,2024-10-04,32,North
PROD-0057,2024-10-04,49,West
PROD-0048,2024-10-04,10,Central
PROD-0084,2024-10-04,15,South
PROD-0097,2024-10-04,23,West
PROD-0044,2024-10-04,36,Central
PROD-0020,2024-10-04,4,East
PROD-0099,2024-10-04,36,North
PROD-0038,2024-10-04,3,Central
PROD-0017,2024-10-04,44,North
PROD-0006,2024-10-04,8,East
PROD-0066,2024-10-04,14,South
PROD-0094,2024-10-04,30,East
PROD-0018,2024-10-04,13,East
PROD-0095,2024-10-04,26,West
PROD-0049,2024-10-04,2,South
PROD-0069,2024-10-04,41,West
PROD-0015,2024-10-04,32,South
PROD-0005,2024-10-04,33,West
PROD-0079,2024-10-04,5,East
PROD-0037,2024-10-04,25,East
PROD-0047,2024-10-04,39,West
PROD-0016,2024-10-04,43,Central
PROD-0004,2024-10-04,24,West
PROD-0052,2024-10-04,45,Central
PROD-0085,2024-10-04,43,East
PROD-0040,2024-10-04,23,West
PROD-0029,2024-10-04,22,Central
PROD-0077,2024-10-04,22,Central
PROD-0076,2024-10-04,37,East
PROD-0089,2024-10-04,24,North
PROD-0092,2024-10-04,22,East
PROD-0026,2024-10-04,42,South
PROD-0001,2024-10-04,45,West
PROD-0089,2024-10-05,27,North
PROD-0098,2024-10-05,17,North
PROD-0085,2024-10-05,12,Central
PROD-0069,2024-10-05,14,East
PROD-0028,2024-10-05,3,Central
PROD-0053,2024-10-05,9,Central
PROD-0074,2024-10-05,13,South
PROD-0031,2024-10-05,27,East
PROD-0030,2024-10-05,5,East
PROD-0039,2024-10-05,6,North
PROD-0047,2024-10-05,18,Central
PROD-0024,2024-10-05,25,Central
PROD-0082,2024-10-05,6,North
PROD-0078,2024-10-05,15,East
PROD-0041,2024-10-05,4,North
PROD-0007,2024-10-05,24,South
PROD-0056,2024-10-05,3,East
PROD-0066,2024-10-05,14,West
PROD-0040,2024-10-05,11,East
PROD-0042,2024-10-05,12,South
PROD-0077,2024-10-05,2,South
PROD-0096,2024-10-05,1,South
PROD-0057,2024-10-05,18,West
PROD-0050,2024-10-05,29,Central
PROD-0060,2024-10-05,10,West
PROD-0073,2024-10-05,7,North
PROD-0018,2024-10-05,19,Central
PROD-0035,2024-10-05,6,East
PROD-0048,2024-10-05,2,South
PROD-0083,2024-10-05,28,East
PROD-0001,2024-10-05,26,South
PROD-0054,2024-10-05,7,North
PROD-0052,2024-10-05,6,East
PROD-0011,2024-10-05,11,North
PROD-0023,2024-10-05,28,South
PROD-0063,2024-10-05,22,South
PROD-0014,2024-10-05,30,West
PROD-0019,2024-10-05,9,East
PROD-0034,2024-10-05,25,North
PROD-0010,2024-10-05,22,East
PROD-0095,2024-10-05,3,South
PROD-0099,2024-10-05,27,North
PROD-0016,2024-10-05,21,North
PROD-0043,2024-10-05,14,South
PROD-0006,2024-10-05,13,West
PROD-0070,2024-10-05,22,East
PROD-0086,2024-10-05,22,Central
PROD-0064,2024-10-05,2,North
PROD-0068,2024-10-05,11,West
PROD-0032,2024-10-05,23,East
PROD-0094,2024-10-05,3,South
PROD-0087,2024-10-05,25,South
PROD-0075,2024-10-05,6,East
PROD-0002,2024-10-05,12,West
PROD-0065,2024-10-05,0,North
PROD-0071,2024-10-05,21,Central
PROD-0038,2024-10-05,3,North
PROD-0015,2024-10-05,8,East
PROD-0012,2024-10-05,28,South
PROD-0046,2024-10-05,10,Central
PROD-0062,2024-10-05,27,East
PROD-0027,2024-10-05,18,North
PROD-0061,2024-10-06,23,Central
PROD-0017,2024-10-06,16,South
PROD-0090,2024-10-06,18,West
PROD-0070,2024-10-06,21,West
PROD-0096,2024-10-06,3,South
PROD-0087,2024-10-06,19,South
PROD-0064,2024-10-06,11,South
PROD-0020,2024-10-06,4,North
PROD-0077,2024-10-06,6,North
PROD-0094,2024-10-06,30,South
PROD-0009,2024-10-06,24,North
PROD-0091,2024-10-06,27,South
PROD-0062,2024-10-06,19,North
PROD-0057,2024-10-06,9,North
PROD-0049,2024-10-06,3,East
PROD-0043,2024-10-06,22,East
PROD-0042,2024-10-06,21,North
PROD-0034,2024-10-06,6,Central
PROD-0024,2024-10-06,20,Central
PROD-0097,2024-10-06,2,Central
PROD-0067,2024-10-06,21,Central
PROD-0012,2024-10-06,27,North
PROD-0081,2024-10-06,22,West
PROD-0027,2024-10-06,26,West
PROD-0074,2024-10-06,12,East
PROD-0010,2024-10-06,6,South
PROD-0035,2024-10-06,4,Central
PROD-0058,2024-10-06,4,Central
PROD-0063,2024-10-06,22,North
PROD-0053,2024-10-06,19,South
PROD-0044,2024-10-06,3,South
PROD-0038,2024-10-06,7,East
PROD-0015,2024-10-06,15,Central
PROD-0006,2024-10-06,28,South
PROD-0093,2024-10-06,4,West
PROD-0083,2024-10-06,6,South
PROD-0060,2024-10-06,29,West
PROD-0092,2024-10-06,24,West
PROD-0089,2024-10-06,19,North
PROD-0025,2024-10-06,12,North
PROD-0013,2024-10-06,18,North
PROD-0029,2024-10-06,0,South
PROD-0036,2024-10-06,27,Central
PROD-0008,2024-10-06,22,North
PROD-0030,2024-10-06,24,North
PROD-0023,2024-10-06,19,West
PROD-0078,2024-10-06,11,North
PROD-0098,2024-10-06,12,North
PROD-0003,2024-10-06,4,South
PROD-0005,2024-10-06,28,South
PROD-0019,2024-10-06,6,North
PROD-0032,2024-10-06,29,South
PROD-0002,2024-10-06,10,East
PROD-0055,2024-10-06,22,East
PROD-0011,2024-10-06,16,North
PROD-0001,2024-10-06,19,North
PROD-0080,2024-10-06,10,Central
PROD-0085,2024-10-06,18,West
PROD-0088,2024-10-06,13,North
PROD-0037,2024-10-06,27,West
PROD-0048,2024-10-06,18,East
PROD-0095,2024-10-06,29,South
PROD-0100,2024-10-06,13,West
PROD-0084,2024-10-06,6,South
PROD-0068,2024-10-07,25,South
PROD-0032,2024-10-07,8,West
PROD-0020,2024-10-07,2,South
PROD-0077,2024-10-07,43,West
PROD-0092,2024-10-07,42,Central
PROD-0071,2024-10-07,47,North
PROD-0070,2024-10-07,6,North
PROD-0003,2024-10-07,21,West
PROD-0062,2024-10-07,2,South
PROD-0093,2024-10-07,49,Central
PROD-0002,2024-10-07,40,West
PROD-0076,2024-10-07,50,South
PROD-0028,2024-10-07,4,West
PROD-0069,2024-10-07,26,West
PROD-0046,2024-10-07,2,North
PROD-0051,2024-10-07,23,Central
PROD-0040,2024-10-07,39,East
PROD-0013,2024-10-07,26,Central
PROD-0006,2024-10-07,26,West
PROD-0067,2024-10-07,44,Central
PROD-0044,2024-10-07,16,South
PROD-0078,2024-10-07,50,South
PROD-0079,2024-10-07,14,West
PROD-0050,2024-10-07,4,North
PROD-0074,2024-10-07,32,North
PROD-0091,2024-10-07,48,East
PROD-0087,2024-10-07,34,North
PROD-0045,2024-10-07,2,Central
PROD-0065,2024-10-07,32,North
PROD-0088,2024-10-07,18,North
PROD-0080,2024-10-07,36,West
PROD-0100,2024-10-07,13,South
PROD-0021,2024-10-07,12,South
PROD-0048,2024-10-07,20,South
PROD-0016,2024-10-07,2,West
PROD-0085,2024-10-07,22,Central
PROD-0034,2024-10-07,50,West
PROD-0064,2024-10-07,19,East
PROD-0098,2024-10-07,45,Central
PROD-0072,2024-10-07,45,Central
PROD-0059,2024-10-07,36,South
PROD-0018,2024-10-07,40,South
PROD-0014,2024-10-07,16,West
PROD-0099,2024-10-07,22,Central
PROD-0012,2024-10-07,47,North
PROD-0001,2024-10-07,37,West
PROD-0017,2024-10-07,12,South
PROD-0081,2024-10-07,34,East
PROD-0075,2024-10-07,35,South
PROD-0083,2024-10-07,44,East
PROD-0023,2024-10-07,36,East
PROD-0073,2024-10-07,48,East
PROD-0053,2024-10-07,23,East
PROD-0004,2024-10-07,8,South
PROD-0058,2024-10-07,40,North
PROD-0095,2024-10-07,37,West
PROD-0033,2024-10-07,2,South
PROD-0054,2024-10-07,20,Central
PROD-0061,2024-10-07,11,South
PROD-0037,2024-10-07,28,West
PROD-0010,2024-10-07,35,Central
PROD-0014,2024-10-08,36,West
PROD-0016,2024-10-08,13,West
PROD-0001,2024-10-08,37,South
PROD-0036,2024-10-08,10,South
PROD-0040,2024-10-08,35,North
PROD-0086,2024-10-08,3,East
PROD-0057,2024-10-08,45,South
PROD-0081,2024-10-08,27,East
PROD-0067,2024-10-08,29,East
PROD-0099,2024-10-08,34,East
PROD-0044,2024-10-08,27,West
PROD-0092,2024-10-08,18,Central
PROD-0028,2024-10-08,28,West
PROD-0063,2024-10-08,46,East
PROD-0053,2024-10-08,7,West
PROD-0030,2024-10-08,15,West
PROD-0013,2024-10-08,50,North
PROD-0094,2024-10-08,9,North
PROD-0010,2024-10-08,26,South
PROD-0026,2024-10-08,7,West
PROD-0046,2024-10-08,22,East
PROD-0009,2024-10-08,11,Central
PROD-0062,2024-10-08,29,West
PROD-0055,2024-10-08,26,North
PROD-0073,2024-10-08,8,East
PROD-0100,2024-10-08,23,Central
PROD-0029,2024-10-08,20,North
PROD-0075,2024-10-08,33,North
PROD-0060,2024-10-08,8,East
PROD-0004,2024-10-08,17,North
PROD-0079,2024-10-08,24,West
PROD-0076,2024-10-08,12,Central
PROD-0006,2024-10-08,8,East
PROD-0087,2024-10-08,46,South
PROD-0082,2024-10-08,45,West
PROD-0065,2024-10-08,5,North
PROD-0037,2024-10-08,27,Central
PROD-0091,2024-10-08,25,North
PROD-0090,2024-10-08,7,East
PROD-0084,2024-10-08,25,North
PROD-0061,2024-10-08,13,West
PROD-0093,2024-10-08,5,North
PROD-0066,2024-10-08,34,Central
PROD-0068,2024-10-08,11,West
PROD-0058,2024-10-08,48,North
PROD-0039,2024-10-08,22,East
PROD-0070,2024-10-08,22,East
PROD-0021,2024-10-08,25,East
PROD-0098,2024-10-08,17,South
PROD-0023,2024-10-08,48,West
PROD-0052,2024-10-08,33,South
PROD-0064,2024-10-08,25,Central
PROD-0015,2024-10-08,49,East
PROD-0049,2024-10-08,50,South
PROD-0025,2024-10-08,32,West
PROD-0035,2024-10-08,6,East
PROD-0056,2024-10-08,2,South
PROD-0085,2024-10-08,19,East
PROD-0080,2024-10-08,41,East
PROD-0012,2024-10-08,18,East
PROD-0038,2024-10-08,37,East
PROD-0051,2024-10-08,44,West
PROD-0089,2024-10-08,28,North
PROD-0019,2024-10-08,1,South
PROD-0059,2024-10-08,1,North
PROD-0027,2024-10-08,6,Central
PROD-0033,2024-10-08,27,South
PROD-0078,2024-10-08,10,West
PROD-0050,2024-10-08,50,South
PROD-0034,2024-10-08,15,Central
PROD-0024,2024-10-08,25,Central
PROD-0069,2024-10-08,31,East
PROD-0097,2024-10-08,44,South
PROD-0017,2024-10-08,45,North
PROD-0071,2024-10-08,42,West
PROD-0045,2024-10-08,48,South
PROD-0083,2024-10-08,25,Central
PROD-0042,2024-10-08,15,Central
PROD-0010,2024-10-09,4,Central
PROD-0005,2024-10-09,21,West
PROD-0013,2024-10-09,2,Central
PROD-0057,2024-10-09,13,East
PROD-0078,2024-10-09,2,Central
PROD-0047,2024-10-09,37,North
PROD-0044,2024-10-09,27,East
PROD-0004,2024-10-09,3,Central
PROD-0081,2024-10-09,8,North
PROD-0059,2024-10-09,13,West
PROD-0042,2024-10-09,45,East
PROD-0048,2024-10-09,49,North
PROD-0055,2024-10-09,16,East
PROD-0063,2024-10-09,34,East
PROD-0064,2024-10-09,36,East
PROD-0082,2024-10-09,13,West
PROD-0016,2024-10-09,30,North
PROD-0087,2024-10-09,1,West
PROD-0019,2024-10-09,12,West
PROD-0032,2024-10-09,37,East
PROD-0033,2024-10-09,46,Central
PROD-0066,2024-10-09,22,North
PROD-0065,2024-10-09,20,South
PROD-0068,2024-10-09,39,East
PROD-0039,2024-10-09,17,East
PROD-0017,2024-10-09,40,West
PROD-0074,2024-10-09,28,Central
PROD-0026,2024-10-09,22,East
PROD-0034,2024-10-09,9,North
PROD-0040,2024-10-09,48,West
PROD-0050,2024-10-09,45,East
PROD-0003,2024-10-09,28,South
PROD-0036,2024-10-09,31,East
PROD-0098,2024-10-09,11,Central
PROD-0046,2024-10-09,1,North
PROD-0030,2024-10-09,8,West
PROD-0095,2024-10-09,48,North
PROD-0085,2024-10-09,42,West
PROD-0012,2024-10-09,14,East
PROD-0071,2024-10-09,20,West
PROD-0045,2024-10-09,38,East
PROD-0022,2024-10-09,45,East
PROD-0086,2024-10-09,38,South
PROD-0058,2024-10-09,15,East
PROD-0024,2024-10-09,44,North
PROD-0094,2024-10-09,27,South
PROD-0079,2024-10-09,36,South
PROD-0080,2024-10-09,11,West
PROD-0075,2024-10-09,18,Central
PROD-0073,2024-10-09,39,West
PROD-0096,2024-10-09,46,North
PROD-0020,2024-10-09,44,North
PROD-0070,2024-10-09,4,North
PROD-0052,2024-10-09,29,North
PROD-0067,2024-10-09,30,Central
PROD-0099,2024-10-09,7,South
PROD-0091,2024-10-09,44,Central
PROD-0025,2024-10-09,19,East
PROD-0072,2024-10-09,29,West
PROD-0060,2024-10-09,5,South
PROD-0027,2024-10-09,3,East
PROD-0061,2024-10-09,50,Central
PROD-0001,2024-10-09,20,Central
PROD-0077,2024-10-09,19,North
PROD-0083,2024-10-09,45,East
PROD-0049,2024-10-09,12,South
PROD-0014,2024-10-09,21,East
PROD-0025,2024-10-10,35,South
PROD-0042,2024-10-10,41,South
PROD-0076,2024-10-10,31,South
PROD-0024,2024-10-10,44,Central
PROD-0071,2024-10-10,31,East
PROD-0069,2024-10-10,26,West
PROD-0058,2024-10-10,37,Central
PROD-0015,2024-10-10,8,South
PROD-0008,2024-10-10,4,South
PROD-0047,2024-10-10,27,East
PROD-0060,2024-10-10,25,East
PROD-0013,2024-10-10,41,West
PROD-0057,2024-10-10,46,West
PROD-0005,2024-10-10,7,North
PROD-0083,2024-10-10,22,Central
PROD-0098,2024-10-10,36,South
PROD-0052,2024-10-10,47,North
PROD-0077,2024-10-10,34,West
PROD-0021,2024-10-10,3,Central
PROD-0048,2024-10-10,39,East
PROD-0082,2024-10-10,5,North
PROD-0034,2024-10-10,32,Central
PROD-0010,2024-10-10,8,North
PROD-0051,2024-10-10,27,North
PROD-0016,2024-10-10,5,East
PROD-0094,2024-10-10,26,East
PROD-0028,2024-10-10,17,West
PROD-0012,2024-10-10,46,North
PROD-0054,2024-10-10,7,Central
PROD-0081,2024-10-10,33,South
PROD-0073,2024-10-10,4,Central
PROD-0067,2024-10-10,30,East
PROD-0041,2024-10-10,20,South
PROD-0065,2024-10-10,47,East
PROD-0029,2024-10-10,32,South
PROD-0100,2024-10-10,47,Central
PROD-0023,2024-10-10,35,East
PROD-0078,2024-10-10,46,South
PROD-0075,2024-10-10,16,West
PROD-0084,2024-10-10,47,West
PROD-0086,2024-10-10,19,Central
PROD-0035,2024-10-10,44,West
PROD-0066,2024-10-10,30,North
PROD-0074,2024-10-10,4,West
PROD-0079,2024-10-10,36,Central
PROD-0038,2024-10-10,8,South
PROD-0026,2024-10-10,22,South
PROD-0014,2024-10-10,12,East
PROD-0039,2024-10-10,7,South
PROD-0088,2024-10-10,6,Central
PROD-0020,2024-10-10,2,Central
PROD-0011,2024-10-10,11,South
PROD-0080,2024-10-10,26,West
PROD-0090,2024-10-10,37,Central
PROD-0097,2024-10-10,4,Central
PROD-0070,2024-10-10,27,West
PROD-0040,2024-10-10,27,North
PROD-0022,2024-10-10,10,Central
PROD-0004,2024-10-10,28,East
PROD-0089,2024-10-10,47,South
PROD-0062,2024-10-10,36,South
PROD-0068,2024-10-10,37,East
PROD-0036,2024-10-10,30,North
PROD-0027,2024-10-10,27,East
PROD-0093,2024-10-10,26,Central
PROD-0046,2024-10-10,9,North
PROD-0017,2024-10-10,50,North
PROD-0006,2024-10-10,1,South
PROD-0053,2024-10-10,44,West
PROD-0064,2024-10-10,1,Central
PROD-0092,2024-10-10,2,West
PROD-0087,2024-10-10,3,South
PROD-0050,2024-10-10,32,Central
PROD-0091,2024-10-10,50,North
PROD-0072,2024-10-10,34,Central
PROD-0066,2024-10-11,27,West
PROD-0007,2024-10-11,49,Central
PROD-0064,2024-10-11,15,South
PROD-0022,2024-10-11,3,West
PROD-0056,2024-10-11,49,North
PROD-0083,2024-10-11,37,Central
PROD-0029,2024-10-11,16,East
PROD-0030,2024-10-11,33,East
PROD-0035,2024-10-11,39,South
PROD-0070,2024-10-11,44,West
PROD-0054,2024-10-11,32,East
PROD-0059,2024-10-11,35,West
PROD-0081,2024-10-11,27,South
PROD-0099,2024-10-11,40,West
PROD-0026,2024-10-11,23,North
PROD-0067,2024-10-11,31,East
PROD-0034,2024-10-11,44,East
PROD-0048,2024-10-11,22,West
PROD-0071,2024-10-11,21,West
PROD-0094,2024-10-11,9,West
PROD-0025,2024-10-11,31,West
PROD-0021,2024-10-11,24,East
PROD-0090,2024-10-11,6,Central
PROD-0009,2024-10-11,33,South
PROD-0076,2024-10-11,33,North
PROD-0032,2024-10-11,29,Central
PROD-0063,2024-10-11,18,West
PROD-0015,2024-10-11,31,Central
PROD-0055,2024-10-11,23,North
PROD-0060,2024-10-11,3,South
PROD-0065,2024-10-11,20,East
PROD-0047,2024-10-11,49,South
PROD-0092,2024-10-11,49,South
PROD-0043,2024-10-11,4,South
PROD-0086,2024-10-11,28,South
PROD-0011,2024-10-11,26,Central
PROD-0041,2024-10-11,15,North
PROD-0039,2024-10-11,14,South
PROD-0001,2024-10-11,48,West
PROD-0080,2024-10-11,43,East
PROD-0049,2024-10-11,23,South
PROD-0073,2024-10-11,24,West
PROD-0087,2024-10-11,15,South
PROD-0074,2024-10-11,1,Central
PROD-0078,2024-10-11,46,North
PROD-0079,2024-10-11,30,East
PROD-0051,2024-10-11,50,North
PROD-0089,2024-10-11,47,West
PROD-0036,2024-10-11,15,East
PROD-0002,2024-10-11,6,West
PROD-0082,2024-10-11,33,East
PROD-0044,2024-10-11,10,South
PROD-0004,2024-10-11,18,West
PROD-0020,2024-10-11,26,West
PROD-0085,2024-10-11,24,North
PROD-0038,2024-10-11,9,East
PROD-0008,2024-10-11,46,Central
PROD-0058,2024-10-11,13,West
PROD-0013,2024-10-11,49,Central
PROD-0053,2024-10-11,38,North
PROD-0037,2024-10-11,4,East
PROD-0057,2024-10-11,14,West
PROD-0031,2024-10-11,47,West
PROD-0097,2024-10-11,39,South
PROD-0050,2024-10-11,13,South
PROD-0033,2024-10-11,32,West
PROD-0006,2024-10-11,15,South
PROD-0027,2024-10-11,17,South
PROD-0091,2024-10-11,10,Central
PROD-0061,2024-10-11,23,West
PROD-0014,2024-10-11,11,Central
PROD-0096,2024-10-11,15,West
PROD-0018,2024-10-11,9,South
PROD-0062,2024-10-11,32,South
PROD-0077,2024-10-11,12,East
PROD-0092,2024-10-12,8,North
PROD-0043,2024-10-12,1,South
PROD-0063,2024-10-12,9,West
PROD-0029,2024-10-12,30,North
PROD-0058,2024-10-12,0,Central
PROD-0017,2024-10-12,27,Central
PROD-0038,2024-10-12,12,South
PROD-0003,2024-10-12,25,South
PROD-0047,2024-10-12,10,North
PROD-0059,2024-10-12,8,West
PROD-0096,2024-10-12,0,East
PROD-0005,2024-10-12,7,South
PROD-0064,2024-10-12,9,South
PROD-0085,2024-10-12,26,North
PROD-0061,2024-10-12,24,Central
PROD-0056,2024-10-12,19,South
PROD-0001,2024-10-12,21,East
PROD-0076,2024-10-12,14,West
PROD-0006,2024-10-12,24,North
PROD-0040,2024-10-12,5,East
PROD-0052,2024-10-12,25,West
PROD-0083,2024-10-12,21,North
PROD-0021,2024-10-12,10,West
PROD-0036,2024-10-12,9,West
PROD-0018,2024-10-12,4,Central
PROD-0091,2024-10-12,20,East
PROD-0008,2024-10-12,29,North
PROD-0086,2024-10-12,18,West
PROD-0051,2024-10-12,22,West
PROD-0024,2024-10-12,21,North
PROD-0027,2024-10-12,25,West
PROD-0055,2024-10-12,11,East
PROD-0015,2024-10-12,27,East
PROD-0007,2024-10-12,12,East
PROD-0025,2024-10-12,28,South
PROD-0014,2024-10-12,4,East
PROD-0087,2024-10-12,19,Central
PROD-0057,2024-10-12,9,West
PROD-0031,2024-10-12,24,South
PROD-0095,2024-10-12,16,East
PROD-0067,2024-10-12,1,East
PROD-0042,2024-10-12,8,South
PROD-0013,2024-10-12,24,West
PROD-0030,2024-10-12,7,Central
PROD-0062,2024-10-12,16,Central
PROD-0100,2024-10-12,20,East
PROD-0041,2024-10-12,24,South
PROD-0065,2024-10-12,10,South
PROD-0045,2024-10-12,20,Central
PROD-0026,2024-10-12,8,Central
PROD-0081,2024-10-12,1,South
PROD-0053,2024-10-12,23,West
PROD-0050,2024-10-12,24,Central
PROD-0089,2024-10-12,18,Central
PROD-0048,2024-10-12,8,South
PROD-0082,2024-10-12,3,East
PROD-0019,2024-10-12,1,South
PROD-0079,2024-10-12,6,North
PROD-0078,2024-10-12,23,Central
PROD-0094,2024-10-12,14,Central
PROD-0012,2024-10-12,26,West
PROD-0090,2024-10-12,13,East
PROD-0084,2024-10-12,30,North
PROD-0020,2024-10-12,26,North
PROD-0071,2024-10-12,5,East
PROD-0009,2024-10-12,0,West
PROD-0075,2024-10-12,16,West
PROD-0046,2024-10-12,28,Central
PROD-0080,2024-10-12,15,North
PROD-0002,2024-10-12,15,West
PROD-0044,2024-10-12,9,East
PROD-0073,2024-10-12,19,West
PROD-0060,2024-10-12,18,North
PROD-0093,2024-10-12,12,Central
PROD-0054,2024-10-12,22,Central
PROD-0064,2024-10-13,6,Central
PROD-0001,2024-10-13,22,East
PROD-0079,2024-10-13,28,Central
PROD-0067,2024-10-13,3,North
PROD-0097,2024-10-13,9,Central
PROD-0038,2024-10-13,13,South
PROD-0066,2024-10-13,12,South
PROD-0091,2024-10-13,18,West
PROD-0054,2024-10-13,6,South
PROD-0006,2024-10-13,4,East
PROD-0028,2024-10-13,13,Central
PROD-0076,2024-10-13,29,West
PROD-0095,2024-10-13,9,West
PROD-0003,2024-10-13,11,South
PROD-0100,2024-10-13,22,West
PROD-0042,2024-10-13,9,Central
PROD-0060,2024-10-13,23,East
PROD-0040,2024-10-13,24,East
PROD-0024,2024-10-13,23,East
PROD-0087,2024-10-13,0,South
PROD-0017,2024-10-13,21,Central
PROD-0053,2024-10-13,13,East
PROD-0069,2024-10-13,28,East
PROD-0048,2024-10-13,16,East
PROD-0082,2024-10-13,16,East
PROD-0096,2024-10-13,7,North
PROD-0099,2024-10-13,18,North
PROD-0083,2024-10-13,19,West
PROD-0046,2024-10-13,8,North
PROD-0080,2024-10-13,2,South
PROD-0068,2024-10-13,28,North
PROD-0016,2024-10-13,1,South
PROD-0005,2024-10-13,28,West
PROD-0071,2024-10-13,8,West
PROD-0020,2024-10-13,25,West
PROD-0073,2024-10-13,9,South
PROD-0034,2024-10-13,13,West
PROD-0039,2024-10-13,25,West
PROD-0086,2024-10-13,8,South
PROD-0049,2024-10-13,6,South
PROD-0037,2024-10-13,11,Central
PROD-0011,2024-10-13,17,East
PROD-0033,2024-10-13,22,South
PROD-0025,2024-10-13,23,North
PROD-0075,2024-10-13,16,West
PROD-0027,2024-10-13,0,North
PROD-0032,2024-10-13,22,North
PROD-0047,2024-10-13,1,Central
PROD-0009,2024-10-13,0,East
PROD-0088,2024-10-13,21,Central
PROD-0035,2024-10-13,16,West
PROD-0029,2024-10-13,28,North
PROD-0093,2024-10-13,28,West
PROD-0045,2024-10-13,8,South
PROD-0077,2024-10-13,16,East
PROD-0063,2024-10-13,12,West
PROD-0062,2024-10-13,30,Central
PROD-0070,2024-10-13,22,South
PROD-0022,2024-10-13,25,West
PROD-0089,2024-10-13,19,East
PROD-0036,2024-10-13,24,East
PROD-0041,2024-10-13,24,East
PROD-0031,2024-10-13,3,West
PROD-0061,2024-10-13,16,North
PROD-0055,2024-10-13,24,North
PROD-0085,2024-10-13,23,South
PROD-0013,2024-10-13,19,North
PROD-0065,2024-10-13,16,East
PROD-0003,2024-10-14,50,East
PROD-0044,2024-10-14,41,Central
PROD-0082,2024-10-14,7,North
PROD-0071,2024-10-14,19,East
PROD-0018,2024-10-14,49,West
PROD-0074,2024-10-14,16,East
PROD-0002,2024-10-14,27,West
PROD-0008,2024-10-14,37,East
PROD-0041,2024-10-14,17,West
PROD-0083,2024-10-14,14,South
PROD-0047,2024-10-14,35,West
PROD-0056,2024-10-14,50,Central
PROD-0020,2024-10-14,4,East
PROD-0054,2024-10-14,9,Central
PROD-0084,2024-10-14,37,North
PROD-0070,2024-10-14,43,East
PROD-0053,2024-10-14,25,West
PROD-0050,2024-10-14,23,North
PROD-0033,2024-10-14,36,South
PROD-0011,2024-10-14,29,Central
PROD-0087,2024-10-14,20,West
PROD-0100,2024-10-14,29,North
PROD-0093,2024-10-14,38,Central
PROD-0088,2024-10-14,49,Central
PROD-0043,2024-10-14,33,South
PROD-0036,2024-10-14,29,East
PROD-0004,2024-10-14,16,East
PROD-0021,2024-10-14,23,North
PROD-0062,2024-10-14,39,West
PROD-0001,2024-10-14,33,East
PROD-0078,2024-10-14,40,South
PROD-0055,2024-10-14,33,North
PROD-0007,2024-10-14,26,South
PROD-0005,2024-10-14,48,East
PROD-0025,2024-10-14,4,South
PROD-0086,2024-10-14,16,North
PROD-0016,2024-10-14,33,Central
PROD-0089,2024-10-14,42,Central
PROD-0081,2024-10-14,44,West
PROD-0094,2024-10-14,18,West
PROD-0049,2024-10-14,39,South
PROD-0014,2024-10-14,17,South
PROD-0079,2024-10-14,20,South
PROD-0006,2024-10-14,23,East
PROD-0080,2024-10-14,34,West
PROD-0061,2024-10-14,39,East
PROD-0034,2024-10-14,12,North
PROD-0097,2024-10-14,12,North
PROD-0052,2024-10-14,44,East
PROD-0048,2024-10-14,25,North
PROD-0046,2024-10-14,16,Central
PROD-0051,2024-10-14,29,North
PROD-0032,2024-10-14,1,Central
PROD-0015,2024-10-14,35,North
PROD-0039,2024-10-14,14,East
PROD-0092,2024-10-14,20,West
PROD-0038,2024-10-14,40,East
PROD-0073,2024-10-14,25,West
PROD-0042,2024-10-14,1,East
PROD-0024,2024-10-14,38,North
PROD-0067,2024-10-14,14,West
PROD-0022,2024-10-14,26,East
PROD-0064,2024-10-14,29,East
PROD-0029,2024-10-14,30,West
PROD-0090,2024-10-14,48,Central
PROD-0072,2024-10-14,8,North
PROD-0085,2024-10-14,28,North
PROD-0012,2024-10-14,12,South
PROD-0060,2024-10-14,8,East
PROD-0057,2024-10-14,3,South
PROD-0095,2024-10-14,47,Central
PROD-0027,2024-10-14,44,West
PROD-0019,2024-10-14,45,East
PROD-0069,2024-10-14,23,Central
PROD-0037,2024-10-14,27,Central
PROD-0045,2024-10-14,46,North
PROD-0099,2024-10-14,41,Central
PROD-0076,2024-10-14,41,North
PROD-0040,2024-10-15,20,North
PROD-0021,2024-10-15,21,Central
PROD-0080,2024-10-15,39,South
PROD-0012,2024-10-15,14,South
PROD-0100,2024-10-15,24,South
PROD-0041,2024-10-15,35,West
PROD-0078,2024-10-15,46,West
PROD-0027,2024-10-15,1,North
PROD-0017,2024-10-15,15,Central
PROD-0099,2024-10-15,21,East
PROD-0016,2024-10-15,48,North
PROD-0083,2024-10-15,50,North
PROD-0026,2024-10-15,11,Central
PROD-0084,2024-10-15,22,West
PROD-0001,2024-10-15,13,Central
PROD-0037,2024-10-15,1,North
PROD-0047,2024-10-15,2,North
PROD-0048,2024-10-15,12,East
PROD-0064,2024-10-15,23,West
PROD-0073,2024-10-15,7,Central
PROD-0019,2024-10-15,6,East
PROD-0015,2024-10-15,36,North
PROD-0068,2024-10-15,25,North
PROD-0024,2024-10-15,39,East
PROD-0033,2024-10-15,39,Central
PROD-0049,2024-10-15,50,Central
PROD-0082,2024-10-15,8,South
PROD-0056,2024-10-15,26,East
PROD-0014,2024-10-15,3,East
PROD-0018,2024-10-15,22,North
PROD-0044,2024-10-15,37,North
PROD-0074,2024-10-15,43,Central
PROD-0061,2024-10-15,15,Central
PROD-0079,2024-10-15,27,Central
PROD-0009,2024-10-15,29,North
PROD-0006,2024-10-15,33,West
PROD-0086,2024-10-15,43,West
PROD-0020,2024-10-15,5,West
PROD-0095,2024-10-15,1,Central
PROD-0076,2024-10-15,1,East
PROD-0060,2024-10-15,40,South
PROD-0091,2024-10-15,39,South
PROD-0010,2024-10-15,46,South
PROD-0066,2024-10-15,49,Central
PROD-0087,2024-10-15,46,East
PROD-0057,2024-10-15,2,West
PROD-0090,2024-10-15,45,North
PROD-0070,2024-10-15,39,West
PROD-0034,2024-10-15,6,South
PROD-0058,2024-10-15,38,South
PROD-0053,2024-10-15,14,South
PROD-0028,2024-10-15,5,South
PROD-0097,2024-10-15,18,Central
PROD-0003,2024-10-15,23,South
PROD-0005,2024-10-15,9,North
PROD-0081,2024-10-15,37,East
PROD-0063,2024-10-15,3,North
PROD-0051,2024-10-15,14,West
PROD-0030,2024-10-15,44,North
PROD-0088,2024-10-15,31,West
PROD-0009,2024-10-16,36,East
PROD-0077,2024-10-16,25,South
PROD-0070,2024-10-16,46,West
PROD-0085,2024-10-16,17,Central
PROD-0045,2024-10-16,1,West
PROD-0021,2024-10-16,26,North
PROD-0100,2024-10-16,5,South
PROD-0095,2024-10-16,27,South
PROD-0081,2024-10-16,47,North
PROD-0041,2024-10-16,42,South
PROD-0030,2024-10-16,4,West
PROD-0050,2024-10-16,38,East
PROD-0084,2024-10-16,5,West
PROD-0083,2024-10-16,21,West
PROD-0019,2024-10-16,44,North
PROD-0029,2024-10-16,11,North
PROD-0068,2024-10-16,8,Central
PROD-0094,2024-10-16,28,North
PROD-0010,2024-10-16,42,North
PROD-0028,2024-10-16,35,North
PROD-0059,2024-10-16,8,South
PROD-0093,2024-10-16,43,South
PROD-0087,2024-10-16,44,Central
PROD-0008,2024-10-16,39,South
PROD-0020,2024-10-16,13,North
PROD-0065,2024-10-16,12,East
PROD-0014,2024-10-16,23,Central
PROD-0004,2024-10-16,48,Central
PROD-0017,2024-10-16,50,West
PROD-0032,2024-10-16,38,South
PROD-0011,2024-10-16,4,West
PROD-0042,2024-10-16,10,South
PROD-0033,2024-10-16,8,East
PROD-0040,2024-10-16,43,East
PROD-0001,2024-10-16,39,West
PROD-0069,2024-10-16,36,Central
PROD-0024,2024-10-16,45,Central
PROD-0013,2024-10-16,7,North
PROD-0052,2024-10-16,38,West
PROD-0051,2024-10-16,41,North
PROD-0098,2024-10-16,37,West
PROD-0006,2024-10-16,36,North
PROD-0099,2024-10-16,19,East
PROD-0023,2024-10-16,2,East
PROD-0034,2024-10-16,11,North
PROD-0097,2024-10-16,5,South
PROD-0089,2024-10-16,49,North
PROD-0064,2024-10-16,14,West
PROD-0025,2024-10-16,1,Central
PROD-0035,2024-10-16,8,West
PROD-0071,2024-10-16,18,North
PROD-0038,2024-10-16,45,Central
PROD-0060,2024-10-16,50,North
PROD-0082,2024-10-16,17,East
PROD-0027,2024-10-16,48,West
PROD-0063,2024-10-16,3,Central
PROD-0048,2024-10-16,45,North
PROD-0057,2024-10-16,45,Central
PROD-0005,2024-10-16,32,North
PROD-0075,2024-10-16,17,North
PROD-0039,2024-10-16,50,Central
PROD-0091,2024-10-16,16,East
PROD-0073,2024-10-16,28,Central
PROD-0022,2024-10-16,21,East
PROD-0055,2024-10-16,18,Central
PROD-0066,2024-10-16,23,North
PROD-0044,2024-10-16,26,North
PROD-0003,2024-10-17,48,East
PROD-0078,2024-10-17,33,North
PROD-0013,2024-10-17,27,South
PROD-0005,2024-10-17,45,West
PROD-0077,2024-10-17,17,East
PROD-0081,2024-10-17,26,West
PROD-0008,2024-10-17,39,Central
PROD-0011,2024-10-17,15,Central
PROD-0072,2024-10-17,41,Central
PROD-0018,2024-10-17,23,Central
PROD-0093,2024-10-17,42,North
PROD-0099,2024-10-17,32,East
PROD-0043,2024-10-17,10,Central
PROD-0079,2024-10-17,18,North
PROD-0025,2024-10-17,20,South
PROD-0094,2024-10-17,43,Central
PROD-0048,2024-10-17,43,North
PROD-0007,2024-10-17,19,Central
PROD-0024,2024-10-17,23,West
PROD-0046,2024-10-17,42,West
PROD-0035,2024-10-17,28,South
PROD-0067,2024-10-17,21,South
PROD-0068,2024-10-17,44,Central
PROD-0036,2024-10-17,19,West
PROD-0039,2024-10-17,26,West
PROD-0026,2024-10-17,39,North
PROD-0023,2024-10-17,39,East
PROD-0058,2024-10-17,13,North
PROD-0075,2024-10-17,7,West
PROD-0092,2024-10-17,19,West
PROD-0022,2024-10-17,9,Central
PROD-0071,2024-10-17,41,West
PROD-0086,2024-10-17,8,West
PROD-0080,2024-10-17,19,West
PROD-0055,2024-10-17,34,East
PROD-0064,2024-10-17,38,North
PROD-0070,2024-10-17,9,West
PROD-0053,2024-10-17,9,Central
PROD-0090,2024-10-17,29,West
PROD-0097,2024-10-17,6,North
PROD-0062,2024-10-17,49,West
PROD-0096,2024-10-17,25,South
PROD-0095,2024-10-17,50,Central
PROD-0027,2024-10-17,26,West
PROD-0054,2024-10-17,1,South
PROD-0038,2024-10-17,20,Central
PROD-0019,2024-10-17,34,South
PROD-0100,2024-10-17,18,West
PROD-0015,2024-10-17,36,Central
PROD-0029,2024-10-17,41,West
PROD-0074,2024-10-17,31,North
PROD-0014,2024-10-17,8,West
PROD-0089,2024-10-17,24,West
PROD-0009,2024-10-17,11,West
PROD-0032,2024-10-17,48,West
PROD-0020,2024-10-17,44,East
PROD-0060,2024-10-17,3,South
PROD-0066,2024-10-17,5,East
PROD-0061,2024-10-17,32,South
PROD-0044,2024-10-17,14,North
PROD-0069,2024-10-17,46,South
PROD-0028,2024-10-17,21,South
PROD-0033,2024-10-17,18,South
PROD-0040,2024-10-17,13,East
PROD-0057,2024-10-17,10,East
PROD-0056,2024-10-17,48,West
PROD-0042,2024-10-17,3,North
PROD-0045,2024-10-17,34,East
PROD-0082,2024-10-17,48,Central
PROD-0088,2024-10-17,40,East
PROD-0052,2024-10-17,39,West
PROD-0025,2024-10-18,29,South
PROD-0036,2024-10-18,7,East
PROD-0028,2024-10-18,4,East
PROD-0017,2024-10-18,50,South
PROD-0024,2024-10-18,1,East
PROD-0019,2024-10-18,47,South
PROD-0044,2024-10-18,22,South
PROD-0096,2024-10-18,50,North
PROD-0048,2024-10-18,13,North
PROD-0016,2024-10-18,33,East
PROD-0086,2024-10-18,24,West
PROD-0051,2024-10-18,2,East
PROD-0069,2024-10-18,40,Central
PROD-0013,2024-10-18,15,East
PROD-0074,2024-10-18,43,South
PROD-0053,2024-10-18,16,South
PROD-0009,2024-10-18,9,North
PROD-0031,2024-10-18,1,Central
PROD-0056,2024-10-18,6,South
PROD-0042,2024-10-18,38,East
PROD-0087,2024-10-18,17,South
PROD-0014,2024-10-18,47,North
PROD-0052,2024-10-18,18,North
PROD-0094,2024-10-18,18,North
PROD-0072,2024-10-18,35,West
PROD-0057,2024-10-18,33,South
PROD-0082,2024-10-18,17,South
PROD-0021,2024-10-18,44,West
PROD-0078,2024-10-18,31,Central
PROD-0007,2024-10-18,49,Central
PROD-0037,2024-10-18,10,East
PROD-0022,2024-10-18,3,South
PROD-0039,2024-10-18,7,North
PROD-0058,2024-10-18,28,Central
PROD-0076,2024-10-18,10,South
PROD-0063,2024-10-18,6,South
PROD-0098,2024-10-18,32,Central
PROD-0027,2024-10-18,37,Central
PROD-0073,2024-10-18,6,Central
PROD-0026,2024-10-18,7,North
PROD-0041,2024-10-18,3,Central
PROD-0010,2024-10-18,25,South
PROD-0001,2024-10-18,20,South
PROD-0065,2024-10-18,27,East
PROD-0097,2024-10-18,30,Central
PROD-0038,2024-10-18,50,Central
PROD-0100,2024-10-18,49,West
PROD-0081,2024-10-18,14,East
PROD-0002,2024-10-18,24,Central
PROD-0068,2024-10-18,31,West
PROD-0061,2024-10-18,19,East
PROD-0088,2024-10-18,9,West
PROD-0003,2024-10-18,14,East
PROD-0059,2024-10-18,33,Central
PROD-0064,2024-10-18,35,South
PROD-0047,2024-10-18,13,West
PROD-0079,2024-10-18,41,South
PROD-0084,2024-10-18,21,East
PROD-0070,2024-10-18,19,South
PROD-0092,2024-10-18,9,East
PROD-0023,2024-10-18,13,East
PROD-0035,2024-10-18,8,North
PROD-0049,2024-10-18,30,Central
PROD-0090,2024-10-18,44,Central
PROD-0011,2024-10-18,49,South
PROD-0095,2024-10-18,36,North
PROD-0054,2024-10-18,22,North
PROD-0066,2024-10-18,16,East
PROD-0050,2024-10-18,22,East
PROD-0005,2024-10-18,15,Central
PROD-0040,2024-10-18,48,Central
PROD-0015,2024-10-18,12,Central
PROD-0033,2024-10-18,31,South
PROD-0085,2024-10-18,1,East
PROD-0034,2024-10-18,29,West
PROD-0093,2024-10-18,31,West
PROD-0089,2024-10-18,25,West
PROD-0066,2024-10-19,21,South
PROD-0091,2024-10-19,21,Central
PROD-0083,2024-10-19,19,East
PROD-0089,2024-10-19,12,Central
PROD-0094,2024-10-19,17,North
PROD-0003,2024-10-19,28,South
PROD-0070,2024-10-19,2,West
PROD-0026,2024-10-19,12,South
PROD-0031,2024-10-19,3,South
PROD-0047,2024-10-19,27,West
PROD-0018,2024-10-19,21,East
PROD-0086,2024-10-19,23,South
PROD-0020,2024-10-19,4,East
PROD-0055,2024-10-19,30,South
PROD-0074,2024-10-19,15,South
PROD-0050,2024-10-19,4,North
PROD-0046,2024-10-19,18,East
PROD-0053,2024-10-19,27,North
PROD-0030,2024-10-19,10,East
PROD-0092,2024-10-19,9,North
PROD-0001,2024-10-19,24,North
PROD-0011,2024-10-19,0,West
PROD-0087,2024-10-19,3,East
PROD-0099,2024-10-19,11,East
PROD-0073,2024-10-19,6,Central
PROD-0061,2024-10-19,23,West
PROD-0022,2024-10-19,12,East
PROD-0051,2024-10-19,27,West
PROD-0036,2024-10-19,12,East
PROD-0025,2024-10-19,8,South
PROD-0097,2024-10-19,3,Central
PROD-0081,2024-10-19,24,West
PROD-0028,2024-10-19,4,North
PROD-0080,2024-10-19,26,East
PROD-0044,2024-10-19,9,South
PROD-0077,2024-10-19,9,East
PROD-0004,2024-10-19,22,West
PROD-0084,2024-10-19,6,Central
PROD-0015,2024-10-19,16,Central
PROD-0005,2024-10-19,18,North
PROD-0067,2024-10-19,3,North
PROD-0100,2024-10-19,29,North
PROD-0043,2024-10-19,28,South
PROD-0007,2024-10-19,24,East
PROD-0093,2024-10-19,9,East
PROD-0056,2024-10-19,12,Central
PROD-0076,2024-10-19,23,West
PROD-0098,2024-10-19,14,Central
PROD-0012,2024-10-19,27,East
PROD-0023,2024-10-19,21,West
PROD-0095,2024-10-19,24,North
PROD-0021,2024-10-19,28,Central
PROD-0090,2024-10-19,20,Central
PROD-0059,2024-10-19,3,West
PROD-0048,2024-10-19,19,West
PROD-0063,2024-10-19,2,South
PROD-0057,2024-10-19,4,East
PROD-0072,2024-10-19,22,Central
PROD-0096,2024-10-19,6,West
PROD-0045,2024-10-19,23,East
PROD-0065,2024-10-19,8,West
PROD-0035,2024-10-19,16,South
PROD-0006,2024-10-19,19,South
PROD-0060,2024-10-19,19,East
PROD-0085,2024-10-19,22,North
PROD-0088,2024-10-19,8,South
PROD-0016,2024-10-19,4,South
PROD-0002,2024-10-19,6,South
PROD-0027,2024-10-19,9,Central
PROD-0013,2024-10-19,12,East
PROD-0040,2024-10-19,21,North
PROD-0071,2024-10-19,17,North
PROD-0008,2024-10-19,11,West
PROD-0019,2024-10-19,8,North
PROD-0055,2024-10-20,28,Central
PROD-0031,2024-10-20,8,West
PROD-0034,2024-10-20,21,West
PROD-0062,2024-10-20,12,West
PROD-0001,2024-10-20,18,West
PROD-0094,2024-10-20,10,North
PROD-0073,2024-10-20,18,North
PROD-0051,2024-10-20,9,West
PROD-0092,2024-10-20,15,West
PROD-0022,2024-10-20,29,East
PROD-0093,2024-10-20,15,North
PROD-0086,2024-10-20,0,West
PROD-0082,2024-10-20,15,South
PROD-0100,2024-10-20,6,Central
PROD-0032,2024-10-20,6,North
PROD-0072,2024-10-20,7,Central
PROD-0054,2024-10-20,5,North
PROD-0088,2024-10-20,22,South
PROD-0049,2024-10-20,19,West
PROD-0038,2024-10-20,21,South
PROD-0033,2024-10-20,18,Central
PROD-0036,2024-10-20,10,West
PROD-0053,2024-10-20,5,West
PROD-0030,2024-10-20,10,South
PROD-0016,2024-10-20,23,South
PROD-0083,2024-10-20,7,North
PROD-0046,2024-10-20,12,East
PROD-0005,2024-10-20,25,Central
PROD-0087,2024-10-20,16,Central
PROD-0028,2024-10-20,6,North
PROD-0010,2024-10-20,15,West
PROD-0019,2024-10-20,25,West
PROD-0074,2024-10-20,1,East
PROD-0067,2024-10-20,21,East
PROD-0058,2024-10-20,9,North
PROD-0047,2024-10-20,7,South
PROD-0021,2024-10-20,10,East
PROD-0020,2024-10-20,8,East
PROD-0018,2024-10-20,20,East
PROD-0004,2024-10-20,22,Central
PROD-0002,2024-10-20,3,North
PROD-0003,2024-10-20,20,East
PROD-0090,2024-10-20,16,East
PROD-0063,2024-10-20,4,South
PROD-0096,2024-10-20,10,South
PROD-0079,2024-10-20,4,North
PROD-0014,2024-10-20,15,South
PROD-0037,2024-10-20,18,Central
PROD-0065,2024-10-20,26,North
PROD-0050,2024-10-20,18,North
PROD-0076,2024-10-20,12,Central
PROD-0059,2024-10-20,27,South
PROD-0099,2024-10-20,15,East
PROD-0080,2024-10-20,24,Central
PROD-0012,2024-10-20,4,North
PROD-0007,2024-10-20,27,West
PROD-0071,2024-10-20,28,East
PROD-0070,2024-10-20,22,East
PROD-0029,2024-10-20,14,Central
PROD-0035,2024-10-20,24,East
PROD-0011,2024-10-20,22,East
PROD-0042,2024-10-20,6,North
PROD-0057,2024-10-20,24,South
PROD-0098,2024-10-20,19,Central
PROD-0024,2024-10-20,29,South
PROD-0009,2024-10-20,4,South
PROD-0041,2024-10-20,29,West
PROD-0078,2024-10-20,7,West
PROD-0089,2024-10-20,13,Central
PROD-0095,2024-10-20,19,South
PROD-0085,2024-10-20,19,West
PROD-0077,2024-10-20,18,West
PROD-0056,2024-10-20,20,West
PROD-0026,2024-10-20,18,West
PROD-0069,2024-10-20,14,Central
PROD-0075,2024-10-20,8,East
PROD-0040,2024-10-20,21,West
PROD-0017,2024-10-20,3,South
PROD-0097,2024-10-20,30,East
PROD-0052,2024-10-21,17,Central
PROD-0089,2024-10-21,5,Central
PROD-0077,2024-10-21,23,South
PROD-0056,2024-10-21,50,Central
PROD-0032,2024-10-21,2,Central
PROD-0096,2024-10-21,42,Central
PROD-0042,2024-10-21,20,South
PROD-0026,2024-10-21,28,West
PROD-0098,2024-10-21,9,South
PROD-0037,2024-10-21,13,Central
PROD-0064,2024-10-21,39,North
PROD-0003,2024-10-21,44,West
PROD-0074,2024-10-21,26,North
PROD-0022,2024-10-21,24,North
PROD-0078,2024-10-21,3,North
PROD-0038,2024-10-21,5,North
PROD-0039,2024-10-21,15,Central
PROD-0090,2024-10-21,7,East
PROD-0079,2024-10-21,20,Central
PROD-0029,2024-10-21,1,East
PROD-0062,2024-10-21,19,South
PROD-0085,2024-10-21,48,South
PROD-0014,2024-10-21,27,East
PROD-0016,2024-10-21,32,Central
PROD-0012,2024-10-21,11,North
PROD-0005,2024-10-21,17,Central
PROD-0041,2024-10-21,39,North
PROD-0033,2024-10-21,6,North
PROD-0008,2024-10-21,47,Central
PROD-0035,2024-10-21,26,North
PROD-0045,2024-10-21,25,East
PROD-0073,2024-10-21,30,Central
PROD-0046,2024-10-21,2,East
PROD-0076,2024-10-21,41,Central
PROD-0050,2024-10-21,37,North
PROD-0061,2024-10-21,22,West
PROD-0023,2024-10-21,15,Central
PROD-0095,2024-10-21,43,North
PROD-0021,2024-10-21,25,West
PROD-0082,2024-10-21,40,Central
PROD-0099,2024-10-21,25,West
PROD-0001,2024-10-21,43,South
PROD-0072,2024-10-21,25,West
PROD-0024,2024-10-21,12,North
PROD-0100,2024-10-21,38,West
PROD-0088,2024-10-21,8,North
PROD-0002,2024-10-21,12,South
PROD-0068,2024-10-21,30,South
PROD-0093,2024-10-21,28,East
PROD-0091,2024-10-21,15,South
PROD-0049,2024-10-21,4,East
PROD-0087,2024-10-21,33,West
PROD-0057,2024-10-21,37,Central
PROD-0020,2024-10-21,29,South
PROD-0081,2024-10-21,18,East
PROD-0048,2024-10-21,40,West
PROD-0053,2024-10-21,7,East
PROD-0007,2024-10-21,24,West
PROD-0055,2024-10-21,40,South
PROD-0025,2024-10-21,11,West
PROD-0047,2024-10-21,30,North
PROD-0093,2024-10-22,44,East
PROD-0025,2024-10-22,20,Central
PROD-0012,2024-10-22,7,West
PROD-0061,2024-10-22,44,West
PROD-0054,2024-10-22,14,South
PROD-0096,2024-10-22,47,West
PROD-0084,2024-10-22,1,Central
PROD-0005,2024-10-22,28,Central
PROD-0097,2024-10-22,22,West
PROD-0015,2024-10-22,33,Central
PROD-0095,2024-10-22,45,Central
PROD-0006,2024-10-22,42,Central
PROD-0086,2024-10-22,27,North
PROD-0020,2024-10-22,3,Central
PROD-0050,2024-10-22,22,Central
PROD-0066,2024-10-22,31,South
PROD-0081,2024-10-22,23,Central
PROD-0035,2024-10-22,25,West
PROD-0030,2024-10-22,38,East
PROD-0046,2024-10-22,14,South
PROD-0038,2024-10-22,27,East
PROD-0067,2024-10-22,18,West
PROD-0021,2024-10-22,4,South
PROD-0040,2024-10-22,25,South
PROD-0033,2024-10-22,10,West
PROD-0074,2024-10-22,26,West
PROD-0042,2024-10-22,43,West
PROD-0010,2024-10-22,49,East
PROD-0047,2024-10-22,39,West
PROD-0083,2024-10-22,17,East
PROD-0036,2024-10-22,34,West
PROD-0056,2024-10-22,42,West
PROD-0022,2024-10-22,25,Central
PROD-0064,2024-10-22,17,Central
PROD-0053,2024-10-22,41,East
PROD-0017,2024-10-22,29,North
PROD-0007,2024-10-22,23,East
PROD-0060,2024-10-22,41,South
PROD-0065,2024-10-22,18,West
PROD-0087,2024-10-22,17,East
PROD-0080,2024-10-22,42,North
PROD-0004,2024-10-22,46,South
PROD-0094,2024-10-22,17,North
PROD-0049,2024-10-22,50,East
PROD-0011,2024-10-22,16,West
PROD-0029,2024-10-22,32,South
PROD-0016,2024-10-22,39,North
PROD-0069,2024-10-22,36,East
PROD-0002,2024-10-22,44,Central
PROD-0044,2024-10-22,40,West
PROD-0039,2024-10-22,21,South
PROD-0031,2024-10-22,42,Central
PROD-0070,2024-10-22,17,East
PROD-0024,2024-10-22,2,South
PROD-0088,2024-10-22,29,East
PROD-0048,2024-10-22,18,Central
PROD-0099,2024-10-22,3,West
PROD-0058,2024-10-22,34,North
PROD-0057,2024-10-22,24,South
PROD-0009,2024-10-22,35,South
PROD-0037,2024-10-22,13,Central
PROD-0075,2024-10-22,24,West
PROD-0044,2024-10-23,12,Central
PROD-0017,2024-10-23,8,South
PROD-0027,2024-10-23,27,Central
PROD-0094,2024-10-23,25,East
PROD-0060,2024-10-23,48,Central
PROD-0031,2024-10-23,3,East
PROD-0079,2024-10-23,50,North
PROD-0071,2024-10-23,31,South
PROD-0064,2024-10-23,30,South
PROD-0058,2024-10-23,4,East
PROD-0028,2024-10-23,6,East
PROD-0038,2024-10-23,1,West
PROD-0003,2024-10-23,14,South
PROD-0025,2024-10-23,46,East
PROD-0061,2024-10-23,2,East
PROD-0065,2024-10-23,7,North
PROD-0034,2024-10-23,48,South
PROD-0055,2024-10-23,27,East
PROD-0001,2024-10-23,34,South
PROD-0056,2024-10-23,35,West
PROD-0006,2024-10-23,41,Central
PROD-0016,2024-10-23,28,South
PROD-0039,2024-10-23,13,East
PROD-0080,2024-10-23,26,West
PROD-0043,2024-10-23,18,West
PROD-0054,2024-10-23,18,West
PROD-0072,2024-10-23,28,North
PROD-0051,2024-10-23,16,South
PROD-0041,2024-10-23,9,West
PROD-0070,2024-10-23,13,Central
PROD-0093,2024-10-23,40,West
PROD-0066,2024-10-23,17,North
PROD-0023,2024-10-23,22,Central
PROD-0089,2024-10-23,10,North
PROD-0020,2024-10-23,46,Central
PROD-0082,2024-10-23,19,North
PROD-0053,2024-10-23,4,North
PROD-0084,2024-10-23,2,South
PROD-0074,2024-10-23,41,West
PROD-0030,2024-10-23,28,North
PROD-0009,2024-10-23,31,Central
PROD-0018,2024-10-23,8,Central
PROD-0095,2024-10-23,21,North
PROD-0042,2024-10-23,26,East
PROD-0040,2024-10-23,34,East
PROD-0099,2024-10-23,38,West
PROD-0035,2024-10-23,31,Central
PROD-0050,2024-10-23,41,West
PROD-0096,2024-10-23,13,Central
PROD-0010,2024-10-23,13,South
PROD-0007,2024-10-23,2,West
PROD-0063,2024-10-23,6,East
PROD-0076,2024-10-23,17,South
PROD-0033,2024-10-23,21,West
PROD-0036,2024-10-23,42,East
PROD-0005,2024-10-23,18,West
PROD-0046,2024-10-23,34,Central
PROD-0026,2024-10-23,14,East
PROD-0004,2024-10-23,2,East
PROD-0062,2024-10-23,43,South
PROD-0045,2024-10-23,27,North
PROD-0011,2024-10-23,12,West
PROD-0069,2024-10-23,2,West
PROD-0052,2024-10-23,34,West
PROD-0049,2024-10-23,22,West
PROD-0024,2024-10-23,49,West
PROD-0014,2024-10-23,4,West
PROD-0081,2024-10-23,6,Central
PROD-0032,2024-10-23,44,North
PROD-0057,2024-10-23,11,Central
PROD-0019,2024-10-23,12,South
PROD-0018,2024-10-24,26,North
PROD-0094,2024-10-24,14,Central
PROD-0040,2024-10-24,8,South
PROD-0093,2024-10-24,13,West
PROD-0011,2024-10-24,30,East
PROD-0058,2024-10-24,24,Central
PROD-0064,2024-10-24,42,Central
PROD-0055,2024-10-24,34,East
PROD-0089,2024-10-24,44,North
PROD-0026,2024-10-24,45,South
PROD-0099,2024-10-24,16,West
PROD-0004,2024-10-24,27,Central
PROD-0016,2024-10-24,29,North
PROD-0080,2024-10-24,22,Central
PROD-0028,2024-10-24,50,North
PROD-0077,2024-10-24,32,Central
PROD-0054,2024-10-24,5,North
PROD-0065,2024-10-24,41,West
PROD-0069,2024-10-24,42,East
PROD-0014,2024-10-24,8,North
PROD-0066,2024-10-24,28,East
PROD-0012,2024-10-24,3,West
PROD-0056,2024-10-24,3,West
PROD-0070,2024-10-24,34,South
PROD-0086,2024-10-24,49,Central
PROD-0095,2024-10-24,44,East
PROD-0047,2024-10-24,29,Central
PROD-0081,2024-10-24,47,East
PROD-0027,2024-10-24,33,South
PROD-0001,2024-10-24,1,South
PROD-0091,2024-10-24,17,Central
PROD-0008,2024-10-24,50,East
PROD-0059,2024-10-24,30,South
PROD-0078,2024-10-24,28,East
PROD-0073,2024-10-24,43,East
PROD-0023,2024-10-24,45,North
PROD-0030,2024-10-24,19,East
PROD-0097,2024-10-24,40,South
PROD-0098,2024-10-24,31,South
PROD-0036,2024-10-24,33,North
PROD-0049,2024-10-24,40,North
PROD-0075,2024-10-24,13,North
PROD-0007,2024-10-24,29,Central
PROD-0062,2024-10-24,33,South
PROD-0017,2024-10-24,43,West
PROD-0021,2024-10-24,17,South
PROD-0072,2024-10-24,48,North
PROD-0100,2024-10-24,28,West
PROD-0037,2024-10-24,48,Central
PROD-0050,2024-10-24,21,Central
PROD-0019,2024-10-24,33,East
PROD-0063,2024-10-24,17,East
PROD-0009,2024-10-24,3,Central
PROD-0071,2024-10-24,36,Central
PROD-0035,2024-10-24,21,Central
PROD-0002,2024-10-24,14,North
PROD-0045,2024-10-24,13,South
PROD-0031,2024-10-24,41,North
PROD-0060,2024-10-24,30,East
PROD-0029,2024-10-24,28,North
PROD-0053,2024-10-24,46,East
PROD-0074,2024-10-24,10,West
PROD-0022,2024-10-24,40,Central
PROD-0052,2024-10-24,50,North
PROD-0067,2024-10-24,8,East
PROD-0038,2024-10-24,11,South
PROD-0039,2024-10-24,42,North
PROD-0015,2024-10-24,9,Central
PROD-0090,2024-10-24,39,Central
PROD-0051,2024-10-24,26,West
PROD-0079,2024-10-24,13,South
PROD-0046,2024-10-24,2,Central
PROD-0043,2024-10-24,11,South
PROD-0088,2024-10-24,23,West
PROD-0076,2024-10-24,23,East
PROD-0082,2024-10-24,1,South
PROD-0025,2024-10-24,2,West
PROD-0080,2024-10-25,38,North
PROD-0076,2024-10-25,23,East
PROD-0074,2024-10-25,4,South
PROD-0007,2024-10-25,44,West
PROD-0044,2024-10-25,14,South
PROD-0022,2024-10-25,2,North
PROD-0073,2024-10-25,10,Central
PROD-0100,2024-10-25,23,South
PROD-0057,2024-10-25,6,Central
PROD-0050,2024-10-25,21,North
PROD-0092,2024-10-25,2,East
PROD-0033,2024-10-25,9,South
PROD-0036,2024-10-25,6,Central
PROD-0052,2024-10-25,9,North
PROD-0042,2024-10-25,49,West
PROD-0083,2024-10-25,34,South
PROD-0037,2024-10-25,4,East
PROD-0010,2024-10-25,34,North
PROD-0082,2024-10-25,45,North
PROD-0053,2024-10-25,37,South
PROD-0024,2024-10-25,4,East
PROD-0041,2024-10-25,20,Central
PROD-0059,2024-10-25,19,West
PROD-0019,2024-10-25,14,Central
PROD-0008,2024-10-25,23,West
PROD-0067,2024-10-25,49,West
PROD-0035,2024-10-25,39,West
PROD-0078,2024-10-25,14,Central
PROD-0038,2024-10-25,34,South
PROD-0012,2024-10-25,18,East
PROD-0026,2024-10-25,41,East
PROD-0011,2024-10-25,16,Central
PROD-0021,2024-10-25,7,East
PROD-0009,2024-10-25,6,Central
PROD-0077,2024-10-25,11,West
PROD-0070,2024-10-25,10,South
PROD-0017,2024-10-25,49,Central
PROD-0060,2024-10-25,9,West
PROD-0095,2024-10-25,18,South
PROD-0005,2024-10-25,38,East
PROD-0039,2024-10-25,7,Central
PROD-0001,2024-10-25,22,South
PROD-0064,2024-10-25,24,East
PROD-0094,2024-10-25,42,West
PROD-0088,2024-10-25,44,West
PROD-0047,2024-10-25,50,Central
PROD-0096,2024-10-25,34,North
PROD-0055,2024-10-25,22,East
PROD-0068,2024-10-25,38,North
PROD-0091,2024-10-25,16,North
PROD-0032,2024-10-25,33,North
PROD-0063,2024-10-25,37,West
PROD-0049,2024-10-25,47,Central
PROD-0054,2024-10-25,22,East
PROD-0027,2024-10-25,17,Central
PROD-0040,2024-10-25,30,West
PROD-0051,2024-10-25,7,East
PROD-0002,2024-10-25,1,East
PROD-0045,2024-10-25,33,Central
PROD-0071,2024-10-25,19,Central
PROD-0025,2024-10-25,48,North
PROD-0089,2024-10-25,46,East
PROD-0015,2024-10-25,48,North
PROD-0018,2024-10-25,33,Central
PROD-0098,2024-10-25,9,East
PROD-0056,2024-10-25,19,West
PROD-0034,2024-10-25,46,East
PROD-0014,2024-10-25,3,South
PROD-0072,2024-10-25,22,North
PROD-0065,2024-10-25,29,West
PROD-0030,2024-10-25,39,East
PROD-0072,2024-10-26,13,Central
PROD-0062,2024-10-26,27,South
PROD-0100,2024-10-26,14,East
PROD-0020,2024-10-26,19,Central
PROD-0077,2024-10-26,3,North
PROD-0078,2024-10-26,19,South
PROD-0029,2024-10-26,25,South
PROD-0014,2024-10-26,17,West
PROD-0065,2024-10-26,30,East
PROD-0025,2024-10-26,12,West
PROD-0039,2024-10-26,30,West
PROD-0093,2024-10-26,24,West
PROD-0050,2024-10-26,19,East
PROD-0005,2024-10-26,14,Central
PROD-0043,2024-10-26,7,East
PROD-0022,2024-10-26,11,North
PROD-0049,2024-10-26,5,South
PROD-0007,2024-10-26,19,West
PROD-0069,2024-10-26,6,East
PROD-0096,2024-10-26,28,Central
PROD-0090,2024-10-26,9,West
PROD-0027,2024-10-26,23,West
PROD-0013,2024-10-26,24,North
PROD-0071,2024-10-26,1,West
PROD-0083,2024-10-26,2,East
PROD-0070,2024-10-26,13,East
PROD-0080,2024-10-26,23,East
PROD-0073,2024-10-26,21,East
PROD-0066,2024-10-26,22,West
PROD-0034,2024-10-26,18,East
PROD-0055,2024-10-26,28,North
PROD-0001,2024-10-26,16,West
PROD-0075,2024-10-26,5,South
PROD-0092,2024-10-26,26,Central
PROD-0019,2024-10-26,13,West
PROD-0079,2024-10-26,25,West
PROD-0033,2024-10-26,4,South
PROD-0091,2024-10-26,13,East
PROD-0046,2024-10-26,22,South
PROD-0099,2024-10-26,13,North
PROD-0058,2024-10-26,6,West
PROD-0063,2024-10-26,16,West
PROD-0012,2024-10-26,10,Central
PROD-0016,2024-10-26,28,North
PROD-0028,2024-10-26,15,East
PROD-0059,2024-10-26,4,South
PROD-0068,2024-10-26,30,South
PROD-0023,2024-10-26,19,South
PROD-0088,2024-10-26,26,West
PROD-0006,2024-10-26,15,East
PROD-0047,2024-10-26,7,North
PROD-0089,2024-10-26,11,East
PROD-0010,2024-10-26,4,South
PROD-0060,2024-10-26,10,North
PROD-0011,2024-10-26,19,North
PROD-0098,2024-10-26,2,East
PROD-0008,2024-10-26,11,East
PROD-0082,2024-10-26,13,Central
PROD-0037,2024-10-26,9,East
PROD-0054,2024-10-26,13,East
PROD-0084,2024-10-26,24,East
PROD-0032,2024-10-26,14,West
PROD-0064,2024-10-26,7,North
PROD-0021,2024-10-26,16,Central
PROD-0067,2024-10-26,25,South
PROD-0086,2024-10-26,8,East
PROD-0020,2024-10-27,25,West
PROD-0050,2024-10-27,27,West
PROD-0049,2024-10-27,16,Central
PROD-0065,2024-10-27,2,Central
PROD-0087,2024-10-27,24,East
PROD-0094,2024-10-27,29,North
PROD-0001,2024-10-27,12,Central
PROD-0067,2024-10-27,3,North
PROD-0072,2024-10-27,19,West
PROD-0054,2024-10-27,29,North
PROD-0008,2024-10-27,11,South
PROD-0034,2024-10-27,3,West
PROD-0061,2024-10-27,3,East
PROD-0098,2024-10-27,13,West
PROD-0031,2024-10-27,21,East
PROD-0079,2024-10-27,30,South
PROD-0035,2024-10-27,3,Central
PROD-0046,2024-10-27,18,Central
PROD-0076,2024-10-27,9,South
PROD-0074,2024-10-27,15,Central
PROD-0080,2024-10-27,15,North
PROD-0059,2024-10-27,30,Central
PROD-0085,2024-10-27,26,South
PROD-0021,2024-10-27,3,West
PROD-0013,2024-10-27,1,Central
PROD-0092,2024-10-27,22,Central
PROD-0089,2024-10-27,19,Central
PROD-0025,2024-10-27,13,North
PROD-0069,2024-10-27,3,North
PROD-0045,2024-10-27,14,East
PROD-0095,2024-10-27,29,Central
PROD-0057,2024-10-27,7,Central
PROD-0028,2024-10-27,3,North
PROD-0084,2024-10-27,4,East
PROD-0064,2024-10-27,8,South
PROD-0086,2024-10-27,1,South
PROD-0026,2024-10-27,15,East
PROD-0011,2024-10-27,2,North
PROD-0010,2024-10-27,24,South
PROD-0002,2024-10-27,26,South
PROD-0058,2024-10-27,27,South
PROD-0075,2024-10-27,22,West
PROD-0041,2024-10-27,9,West
PROD-0014,2024-10-27,22,North
PROD-0100,2024-10-27,7,North
PROD-0097,2024-10-27,25,South
PROD-0004,2024-10-27,21,Central
PROD-0068,2024-10-27,24,West
PROD-0083,2024-10-27,20,South
PROD-0099,2024-10-27,25,North
PROD-0009,2024-10-27,21,Central
PROD-0053,2024-10-27,24,South
PROD-0055,2024-10-27,20,East
PROD-0062,2024-10-27,11,West
PROD-0012,2024-10-27,20,North
PROD-0006,2024-10-27,29,West
PROD-0071,2024-10-27,30,West
PROD-0047,2024-10-27,16,West
PROD-0005,2024-10-27,9,East
PROD-0018,2024-10-27,5,North
PROD-0091,2024-10-27,21,South
PROD-0051,2024-10-27,12,Central
PROD-0038,2024-10-27,27,North
PROD-0043,2024-10-27,7,East
PROD-0044,2024-10-27,7,West
PROD-0066,2024-10-27,16,East
PROD-0030,2024-10-27,18,East
PROD-0070,2024-10-27,6,West
PROD-0033,2024-10-27,12,East
PROD-0016,2024-10-27,1,East
PROD-0090,2024-10-27,18,Central
PROD-0056,2024-10-27,7,South
PROD-0060,2024-10-27,29,West
PROD-0029,2024-10-27,23,West
PROD-0063,2024-10-27,16,South
PROD-0095,2024-10-28,42,East
PROD-0066,2024-10-28,34,North
PROD-0003,2024-10-28,44,Central
PROD-0042,2024-10-28,31,West
PROD-0012,2024-10-28,20,East
PROD-0050,2024-10-28,40,Central
PROD-0094,2024-10-28,11,East
PROD-0018,2024-10-28,25,Central
PROD-0005,2024-10-28,29,North
PROD-0045,2024-10-28,20,East
PROD-0076,2024-10-28,25,Central
PROD-0043,2024-10-28,14,Central
PROD-0072,2024-10-28,40,East
PROD-0075,2024-10-28,16,North
PROD-0067,2024-10-28,21,East
PROD-0034,2024-10-28,28,West
PROD-0093,2024-10-28,20,South
PROD-0055,2024-10-28,13,Central
PROD-0021,2024-10-28,18,North
PROD-0070,2024-10-28,10,West
PROD-0039,2024-10-28,38,North
PROD-0071,2024-10-28,36,Central
PROD-0060,2024-10-28,25,East
PROD-0041,2024-10-28,50,Central
PROD-0008,2024-10-28,25,West
PROD-0023,2024-10-28,27,Central
PROD-0091,2024-10-28,5,North
PROD-0013,2024-10-28,43,Central
PROD-0086,2024-10-28,12,South
PROD-0047,2024-10-28,37,South
PROD-0059,2024-10-28,16,South
PROD-0097,2024-10-28,18,West
PROD-0028,2024-10-28,36,West
PROD-0054,2024-10-28,9,South
PROD-0080,2024-10-28,4,South
PROD-0068,2024-10-28,30,South
PROD-0009,2024-10-28,15,West
PROD-0052,2024-10-28,46,Central
PROD-0051,2024-10-28,50,East
PROD-0089,2024-10-28,4,West
PROD-0033,2024-10-28,44,North
PROD-0010,2024-10-28,14,Central
PROD-0063,2024-10-28,27,West
PROD-0081,2024-10-28,20,Central
PROD-0065,2024-10-28,21,West
PROD-0057,2024-10-28,33,South
PROD-0031,2024-10-28,4,East
PROD-0001,2024-10-28,22,East
PROD-0087,2024-10-28,38,West
PROD-0062,2024-10-28,44,East
PROD-0040,2024-10-28,44,West
PROD-0016,2024-10-28,43,West
PROD-0030,2024-10-28,42,East
PROD-0083,2024-10-28,30,Central
PROD-0007,2024-10-28,25,Central
PROD-0078,2024-10-28,44,North
PROD-0004,2024-10-28,4,East
PROD-0017,2024-10-28,22,North
PROD-0048,2024-10-28,48,South
PROD-0084,2024-10-28,26,West
PROD-0020,2024-10-28,42,West
PROD-0064,2024-10-28,17,East
PROD-0022,2024-10-28,39,East
PROD-0002,2024-10-28,14,West
PROD-0027,2024-10-28,15,South
PROD-0011,2024-10-28,30,North
PROD-0079,2024-10-28,24,West
PROD-0058,2024-10-28,7,East
PROD-0057,2024-10-29,23,South
PROD-0051,2024-10-29,17,East
PROD-0043,2024-10-29,12,North
PROD-0010,2024-10-29,4,East
PROD-0086,2024-10-29,10,North
PROD-0066,2024-10-29,44,Central
PROD-0069,2024-10-29,28,West
PROD-0052,2024-10-29,17,West
PROD-0046,2024-10-29,46,North
PROD-0012,2024-10-29,24,South
PROD-0096,2024-10-29,4,South
PROD-0077,2024-10-29,21,North
PROD-0023,2024-10-29,41,Central
PROD-0032,2024-10-29,6,Central
PROD-0034,2024-10-29,34,East
PROD-0026,2024-10-29,43,North
PROD-0027,2024-10-29,22,West
PROD-0063,2024-10-29,24,North
PROD-0053,2024-10-29,16,South
PROD-0021,2024-10-29,21,Central
PROD-0030,2024-10-29,21,North
PROD-0017,2024-10-29,35,North
PROD-0031,2024-10-29,41,East
PROD-0007,2024-10-29,13,South
PROD-0074,2024-10-29,12,Central
PROD-0028,2024-10-29,33,West
PROD-0049,2024-10-29,28,West
PROD-0002,2024-10-29,46,South
PROD-0059,2024-10-29,12,West
PROD-0093,2024-10-29,43,Central
PROD-0071,2024-10-29,45,North
PROD-0081,2024-10-29,50,East
PROD-0006,2024-10-29,9,South
PROD-0090,2024-10-29,14,Central
PROD-0048,2024-10-29,7,North
PROD-0015,2024-10-29,26,North
PROD-0056,2024-10-29,48,Central
PROD-0060,2024-10-29,40,North
PROD-0009,2024-10-29,48,West
PROD-0024,2024-10-29,3,North
PROD-0038,2024-10-29,24,South
PROD-0065,2024-10-29,9,Central
PROD-0029,2024-10-29,6,Central
PROD-0050,2024-10-29,18,East
PROD-0016,2024-10-29,30,East
PROD-0099,2024-10-29,38,West
PROD-0100,2024-10-29,24,Central
PROD-0055,2024-10-29,39,North
PROD-0033,2024-10-29,22,South
PROD-0058,2024-10-29,31,North
PROD-0084,2024-10-29,46,South
PROD-0098,2024-10-29,23,Central
PROD-0019,2024-10-29,40,West
PROD-0014,2024-10-29,7,North
PROD-0022,2024-10-29,19,South
PROD-0097,2024-10-29,21,Central
PROD-0076,2024-10-29,13,North
PROD-0092,2024-10-29,20,North
PROD-0083,2024-10-29,41,West
PROD-0068,2024-10-29,31,East
PROD-0070,2024-10-29,8,South
PROD-0075,2024-10-29,3,West
PROD-0061,2024-10-29,5,North
PROD-0073,2024-10-29,39,South
PROD-0039,2024-10-29,9,North
PROD-0080,2024-10-29,26,Central
PROD-0078,2024-10-29,38,West
PROD-0085,2024-10-29,19,East
PROD-0087,2024-10-29,13,West
PROD-0067,2024-10-29,8,East
PROD-0020,2024-10-29,29,South
PROD-0079,2024-10-29,10,North
PROD-0037,2024-10-29,19,South
PROD-0003,2024-10-29,6,Central
PROD-0072,2024-10-29,9,West
PROD-0062,2024-10-29,19,South
PROD-0089,2024-10-29,6,South
PROD-0005,2024-10-29,27,West
PROD-0041,2024-10-29,27,East
PROD-0018,2024-10-30,3,South
PROD-0055,2024-10-30,15,South
PROD-0056,2024-10-30,26,North
PROD-0067,2024-10-30,27,East
PROD-0046,2024-10-30,22,Central
PROD-0008,2024-10-30,2,West
PROD-0086,2024-10-30,49,South
PROD-0053,2024-10-30,17,West
PROD-0009,2024-10-30,21,East
PROD-0051,2024-10-30,22,South
PROD-0014,2024-10-30,27,West
PROD-0042,2024-10-30,9,North
PROD-0039,2024-10-30,44,South
PROD-0060,2024-10-30,26,West
PROD-0044,2024-10-30,48,North
PROD-0099,2024-10-30,10,West
PROD-0015,2024-10-30,47,East
PROD-0081,2024-10-30,8,North
PROD-0032,2024-10-30,1,East
PROD-0097,2024-10-30,48,West
PROD-0064,2024-10-30,36,West
PROD-0043,2024-10-30,3,West
PROD-0038,2024-10-30,38,North
PROD-0016,2024-10-30,21,West
PROD-0024,2024-10-30,5,North
PROD-0054,2024-10-30,12,North
PROD-0011,2024-10-30,45,Central
PROD-0093,2024-10-30,6,West
PROD-0041,2024-10-30,30,Central
PROD-0005,2024-10-30,13,South
PROD-0047,2024-10-30,16,East
PROD-0010,2024-10-30,13,Central
PROD-0049,2024-10-30,15,South
PROD-0072,2024-10-30,2,East
PROD-0091,2024-10-30,18,Central
PROD-0017,2024-10-30,19,Central
PROD-0069,2024-10-30,45,East
PROD-0074,2024-10-30,6,West
PROD-0036,2024-10-30,22,West
PROD-0085,2024-10-30,4,West
PROD-0045,2024-10-30,38,East
PROD-0058,2024-10-30,13,South
PROD-0073,2024-10-30,7,Central
PROD-0082,2024-10-30,15,North
PROD-0034,2024-10-30,10,East
PROD-0028,2024-10-30,12,West
PROD-0029,2024-10-30,44,East
PROD-0100,2024-10-30,27,Central
PROD-0027,2024-10-30,22,East
PROD-0065,2024-10-30,48,North
PROD-0080,2024-10-30,37,North
PROD-0057,2024-10-30,10,North
PROD-0079,2024-10-30,20,North
PROD-0002,2024-10-30,50,North
PROD-0096,2024-10-30,21,East
PROD-0070,2024-10-30,35,Central
PROD-0084,2024-10-30,3,East
PROD-0052,2024-10-30,7,North
PROD-0063,2024-10-30,39,South
PROD-0048,2024-10-30,13,East
PROD-0066,2024-10-30,26,East
PROD-0030,2024-10-30,47,South
PROD-0019,2024-10-30,15,West
PROD-0075,2024-10-30,13,South
PROD-0059,2024-10-30,1,East
PROD-0071,2024-10-30,31,East
PROD-0062,2024-10-30,45,East
PROD-0025,2024-10-31,45,North
PROD-0031,2024-10-31,1,Central
PROD-0074,2024-10-31,35,East
PROD-0066,2024-10-31,8,West
PROD-0058,2024-10-31,50,East
PROD-0063,2024-10-31,15,West
PROD-0002,2024-10-31,29,North
PROD-0026,2024-10-31,41,South
PROD-0079,2024-10-31,7,West
PROD-0018,2024-10-31,1,East
PROD-0019,2024-10-31,29,North
PROD-0022,2024-10-31,8,South
PROD-0093,2024-10-31,22,Central
PROD-0069,2024-10-31,11,Central
PROD-0040,2024-10-31,44,South
PROD-0059,2024-10-31,14,Central
PROD-0045,2024-10-31,48,West
PROD-0088,2024-10-31,6,West
PROD-0054,2024-10-31,42,Central
PROD-0043,2024-10-31,24,West
PROD-0061,2024-10-31,34,North
PROD-0033,2024-10-31,30,West
PROD-0023,2024-10-31,39,West
PROD-0010,2024-10-31,24,North
PROD-0096,2024-10-31,23,Central
PROD-0028,2024-10-31,7,West
PROD-0030,2024-10-31,48,South
PROD-0049,2024-10-31,45,Central
PROD-0099,2024-10-31,16,North
PROD-0094,2024-10-31,49,North
PROD-0055,2024-10-31,4,East
PROD-0009,2024-10-31,47,East
PROD-0068,2024-10-31,38,North
PROD-0098,2024-10-31,50,West
PROD-0047,2024-10-31,39,Central
PROD-0032,2024-10-31,13,South
PROD-0087,2024-10-31,46,North
PROD-0011,2024-10-31,32,Central
PROD-0038,2024-10-31,14,West
PROD-0070,2024-10-31,19,West
PROD-0082,2024-10-31,2,Central
PROD-0090,2024-10-31,39,East
PROD-0015,2024-10-31,47,East
PROD-0017,2024-10-31,3,West
PROD-0036,2024-10-31,23,East
PROD-0078,2024-10-31,23,South
PROD-0095,2024-10-31,48,East
PROD-0003,2024-10-31,37,South
PROD-0081,2024-10-31,24,West
PROD-0057,2024-10-31,2,West
PROD-0076,2024-10-31,25,East
PROD-0020,2024-10-31,1,Central
PROD-0073,2024-10-31,17,West
PROD-0092,2024-10-31,12,North
PROD-0042,2024-10-31,31,Central
PROD-0051,2024-10-31,42,East
PROD-0089,2024-10-31,28,South
PROD-0001,2024-10-31,42,South
PROD-0013,2024-10-31,29,North
PROD-0071,2024-10-31,38,South
PROD-0075,2024-10-31,27,North
PROD-0037,2024-10-31,49,South
PROD-0065,2024-10-31,41,West
PROD-0099,2024-11-01,6,North
PROD-0054,2024-11-01,46,West
PROD-0072,2024-11-01,42,North
PROD-0010,2024-11-01,62,North
PROD-0012,2024-11-01,2,Central
PROD-0003,2024-11-01,19,West
PROD-0096,2024-11-01,1,Central
PROD-0038,2024-11-01,54,North
PROD-0076,2024-11-01,49,East
PROD-0075,2024-11-01,48,North
PROD-0008,2024-11-01,46,North
PROD-0028,2024-11-01,54,West
PROD-0034,2024-11-01,5,North
PROD-0090,2024-11-01,16,South
PROD-0058,2024-11-01,41,West
PROD-0025,2024-11-01,55,South
PROD-0074,2024-11-01,44,North
PROD-0088,2024-11-01,29,Central
PROD-0098,2024-11-01,39,West
PROD-0021,2024-11-01,41,West
PROD-0007,2024-11-01,5,North
PROD-0002,2024-11-01,23,Central
PROD-0079,2024-11-01,39,South
PROD-0059,2024-11-01,58,West
PROD-0004,2024-11-01,42,South
PROD-0055,2024-11-01,9,North
PROD-0042,2024-11-01,48,East
PROD-0044,2024-11-01,36,Central
PROD-0051,2024-11-01,33,East
PROD-0081,2024-11-01,36,North
PROD-0068,2024-11-01,41,West
PROD-0057,2024-11-01,16,East
PROD-0026,2024-11-01,50,East
PROD-0056,2024-11-01,32,Central
PROD-0018,2024-11-01,57,North
PROD-0091,2024-11-01,49,South
PROD-0053,2024-11-01,13,North
PROD-0030,2024-11-01,29,North
PROD-0048,2024-11-01,18,East
PROD-0097,2024-11-01,33,South
PROD-0063,2024-11-01,61,Central
PROD-0033,2024-11-01,62,West
PROD-0024,2024-11-01,24,Central
PROD-0078,2024-11-01,55,Central
PROD-0009,2024-11-01,15,East
PROD-0040,2024-11-01,3,North
PROD-0069,2024-11-01,41,East
PROD-0006,2024-11-01,9,West
PROD-0014,2024-11-01,39,East
PROD-0095,2024-11-01,61,Central
PROD-0093,2024-11-01,35,West
PROD-0036,2024-11-01,16,East
PROD-0084,2024-11-01,45,North
PROD-0065,2024-11-01,46,South
PROD-0046,2024-11-01,61,North
PROD-0080,2024-11-01,41,West
PROD-0086,2024-11-01,22,Central
PROD-0052,2024-11-01,37,East
PROD-0050,2024-11-01,41,West
PROD-0013,2024-11-01,50,South
PROD-0022,2024-11-01,31,Central
PROD-0066,2024-11-01,52,East
PROD-0073,2024-11-01,54,Central
PROD-0062,2024-11-01,26,South
PROD-0029,2024-11-01,45,South
PROD-0005,2024-11-01,31,West
PROD-0070,2024-11-01,50,Central
PROD-0043,2024-11-01,49,West
PROD-0061,2024-11-01,63,North
PROD-0015,2024-11-01,15,East
PROD-0077,2024-11-01,13,North
PROD-0092,2024-11-01,7,Central
PROD-0060,2024-11-01,16,North
PROD-0083,2024-11-01,58,West
PROD-0067,2024-11-01,22,West
PROD-0090,2024-11-02,5,South
PROD-0040,2024-11-02,19,West
PROD-0068,2024-11-02,5,Central
PROD-0048,2024-11-02,3,Central
PROD-0046,2024-11-02,20,Central
PROD-0030,2024-11-02,28,South
PROD-0044,2024-11-02,10,East
PROD-0072,2024-11-02,11,North
PROD-0022,2024-11-02,10,North
PROD-0018,2024-11-02,11,Central
PROD-0086,2024-11-02,23,Central
PROD-0053,2024-11-02,10,North
PROD-0034,2024-11-02,15,West
PROD-0008,2024-11-02,26,South
PROD-0010,2024-11-02,24,West
PROD-0041,2024-11-02,18,South
PROD-0071,2024-11-02,11,East
PROD-0082,2024-11-02,16,South
PROD-0002,2024-11-02,20,South
PROD-0063,2024-11-02,2,South
PROD-0013,2024-11-02,29,East
PROD-0045,2024-11-02,39,Central
PROD-0099,2024-11-02,24,East
PROD-0006,2024-11-02,23,Central
PROD-0029,2024-11-02,5,North
PROD-0017,2024-11-02,9,Central
PROD-0005,2024-11-02,7,West
PROD-0050,2024-11-02,28,Central
PROD-0069,2024-11-02,9,East
PROD-0004,2024-11-02,36,East
PROD-0096,2024-11-02,5,West
PROD-0056,2024-11-02,11,Central
PROD-0033,2024-11-02,7,South
PROD-0052,2024-11-02,6,Central
PROD-0075,2024-11-02,11,North
PROD-0009,2024-11-02,22,West
PROD-0092,2024-11-02,24,West
PROD-0084,2024-11-02,16,North
PROD-0038,2024-11-02,11,Central
PROD-0007,2024-11-02,32,East
PROD-0049,2024-11-02,33,West
PROD-0024,2024-11-02,18,North
PROD-0088,2024-11-02,15,East
PROD-0023,2024-11-02,23,West
PROD-0001,2024-11-02,36,West
PROD-0074,2024-11-02,39,Central
PROD-0016,2024-11-02,3,West
PROD-0087,2024-11-02,15,South
PROD-0025,2024-11-02,3,South
PROD-0047,2024-11-02,32,East
PROD-0077,2024-11-02,10,East
PROD-0059,2024-11-02,32,East
PROD-0076,2024-11-02,10,East
PROD-0078,2024-11-02,11,Central
PROD-0098,2024-11-02,35,North
PROD-0070,2024-11-02,3,East
PROD-0085,2024-11-02,24,East
PROD-0037,2024-11-02,1,Central
PROD-0097,2024-11-02,7,West
PROD-0079,2024-11-02,7,North
PROD-0036,2024-11-02,31,East
PROD-0064,2024-11-02,24,North
PROD-0089,2024-11-02,36,South
PROD-0051,2024-11-02,19,Central
PROD-0021,2024-11-02,35,East
PROD-0066,2024-11-02,22,East
PROD-0080,2024-11-02,20,South
PROD-0057,2024-11-02,31,East
PROD-0026,2024-11-02,9,South
PROD-0061,2024-11-02,28,North
PROD-0031,2024-11-02,20,Central
PROD-0062,2024-11-02,19,West
PROD-0075,2024-11-03,26,Central
PROD-0063,2024-11-03,15,East
PROD-0046,2024-11-03,1,West
PROD-0042,2024-11-03,28,East
PROD-0088,2024-11-03,11,Central
PROD-0009,2024-11-03,32,East
PROD-0026,2024-11-03,13,North
PROD-0037,2024-11-03,2,North
PROD-0043,2024-11-03,1,East
PROD-0030,2024-11-03,7,West
PROD-0054,2024-11-03,39,Central
PROD-0014,2024-11-03,23,East
PROD-0058,2024-11-03,31,South
PROD-0072,2024-11-03,16,East
PROD-0018,2024-11-03,28,South
PROD-0083,2024-11-03,5,North
PROD-0008,2024-11-03,5,Central
PROD-0094,2024-11-03,3,Central
PROD-0035,2024-11-03,27,Central
PROD-0060,2024-11-03,20,Central
PROD-0049,2024-11-03,31,North
PROD-0005,2024-11-03,10,South
PROD-0092,2024-11-03,37,Central
PROD-0024,2024-11-03,11,East
PROD-0091,2024-11-03,22,East
PROD-0034,2024-11-03,10,Central
PROD-0100,2024-11-03,15,Central
PROD-0076,2024-11-03,31,North
PROD-0032,2024-11-03,5,North
PROD-0015,2024-11-03,15,West
PROD-0053,2024-11-03,1,South
PROD-0056,2024-11-03,15,West
PROD-0093,2024-11-03,18,West
PROD-0096,2024-11-03,2,North
PROD-0097,2024-11-03,20,East
PROD-0038,2024-11-03,33,South
PROD-0004,2024-11-03,19,South
PROD-0020,2024-11-03,15,East
PROD-0065,2024-11-03,15,East
PROD-0050,2024-11-03,20,South
PROD-0047,2024-11-03,0,South
PROD-0064,2024-11-03,5,South
PROD-0006,2024-11-03,16,East
PROD-0041,2024-11-03,19,Central
PROD-0098,2024-11-03,35,South
PROD-0077,2024-11-03,7,South
PROD-0062,2024-11-03,28,East
PROD-0023,2024-11-03,0,West
PROD-0085,2024-11-03,3,West
PROD-0016,2024-11-03,11,East
PROD-0068,2024-11-03,11,East
PROD-0057,2024-11-03,19,West
PROD-0031,2024-11-03,2,Central
PROD-0001,2024-11-03,16,East
PROD-0013,2024-11-03,23,North
PROD-0011,2024-11-03,36,North
PROD-0033,2024-11-03,20,North
PROD-0081,2024-11-03,11,Central
PROD-0025,2024-11-03,26,North
PROD-0044,2024-11-03,2,West
PROD-0095,2024-11-03,28,East
PROD-0066,2024-11-03,5,West
PROD-0067,2024-11-03,9,East
PROD-0036,2024-11-03,6,North
PROD-0055,2024-11-03,13,North
PROD-0010,2024-11-03,36,South
PROD-0051,2024-11-03,0,South
PROD-0080,2024-11-03,7,East
PROD-0003,2024-11-03,31,North
PROD-0087,2024-11-03,24,East
PROD-0082,2024-11-03,19,North
PROD-0099,2024-11-03,19,Central
PROD-0012,2024-11-03,1,Central
PROD-0073,2024-11-03,16,West
PROD-0019,2024-11-03,13,North
PROD-0048,2024-11-03,26,East
PROD-0052,2024-11-03,13,North
PROD-0061,2024-11-03,9,South
PROD-0007,2024-11-03,33,South
PROD-0043,2024-11-04,31,North
PROD-0025,2024-11-04,11,Central
PROD-0065,2024-11-04,28,Central
PROD-0060,2024-11-04,6,East
PROD-0004,2024-11-04,36,East
PROD-0052,2024-11-04,46,North
PROD-0076,2024-11-04,37,Central
PROD-0055,2024-11-04,9,East
PROD-0061,2024-11-04,61,West
PROD-0096,2024-11-04,46,South
PROD-0070,2024-11-04,48,North
PROD-0078,2024-11-04,59,East
PROD-0054,2024-11-04,15,East
PROD-0026,2024-11-04,49,South
PROD-0031,2024-11-04,14,North
PROD-0016,2024-11-04,49,North
PROD-0085,2024-11-04,54,North
PROD-0059,2024-11-04,54,East
PROD-0022,2024-11-04,14,Central
PROD-0041,2024-11-04,49,Central
PROD-0081,2024-11-04,23,Central
PROD-0064,2024-11-04,10,East
PROD-0044,2024-11-04,10,East
PROD-0089,2024-11-04,1,North
PROD-0091,2024-11-04,18,Central
PROD-0068,2024-11-04,31,West
PROD-0071,2024-11-04,48,Central
PROD-0092,2024-11-04,16,Central
PROD-0033,2024-11-04,10,East
PROD-0047,2024-11-04,14,West
PROD-0058,2024-11-04,27,South
PROD-0099,2024-11-04,1,North
PROD-0083,2024-11-04,14,North
PROD-0017,2024-11-04,9,West
PROD-0046,2024-11-04,26,North
PROD-0049,2024-11-04,13,North
PROD-0006,2024-11-04,52,Central
PROD-0008,2024-11-04,54,East
PROD-0082,2024-11-04,58,East
PROD-0021,2024-11-04,36,Central
PROD-0015,2024-11-04,42,Central
PROD-0032,2024-11-04,44,West
PROD-0037,2024-11-04,33,East
PROD-0056,2024-11-04,52,East
PROD-0013,2024-11-04,45,North
PROD-0074,2024-11-04,58,Central
PROD-0077,2024-11-04,13,West
PROD-0010,2024-11-04,15,Central
PROD-0029,2024-11-04,10,South
PROD-0012,2024-11-04,55,West
PROD-0094,2024-11-04,39,East
PROD-0075,2024-11-04,50,North
PROD-0034,2024-11-04,35,East
PROD-0062,2024-11-04,23,Central
PROD-0063,2024-11-04,10,East
PROD-0042,2024-11-04,16,South
PROD-0088,2024-11-04,61,North
PROD-0045,2024-11-04,46,North
PROD-0051,2024-11-04,9,North
PROD-0053,2024-11-04,16,North
PROD-0028,2024-11-04,44,East
PROD-0087,2024-11-04,11,South
PROD-0035,2024-11-04,9,East
PROD-0024,2024-11-04,33,Central
PROD-0098,2024-11-04,65,South
PROD-0020,2024-11-04,20,East
PROD-0072,2024-11-04,15,Central
PROD-0093,2024-11-04,22,North
PROD-0097,2024-11-05,13,East
PROD-0072,2024-11-05,33,South
PROD-0067,2024-11-05,33,West
PROD-0004,2024-11-05,7,South
PROD-0068,2024-11-05,65,South
PROD-0053,2024-11-05,1,South
PROD-0034,2024-11-05,27,South
PROD-0094,2024-11-05,63,East
PROD-0082,2024-11-05,14,South
PROD-0071,2024-11-05,45,West
PROD-0079,2024-11-05,37,North
PROD-0035,2024-11-05,37,West
PROD-0091,2024-11-05,32,North
PROD-0056,2024-11-05,26,South
PROD-0089,2024-11-05,52,South
PROD-0087,2024-11-05,54,Central
PROD-0002,2024-11-05,63,Central
PROD-0012,2024-11-05,41,West
PROD-0043,2024-11-05,59,West
PROD-0065,2024-11-05,40,East
PROD-0064,2024-11-05,5,Central
PROD-0048,2024-11-05,58,West
PROD-0046,2024-11-05,41,South
PROD-0040,2024-11-05,6,North
PROD-0003,2024-11-05,37,East
PROD-0042,2024-11-05,15,East
PROD-0069,2024-11-05,58,North
PROD-0011,2024-11-05,2,South
PROD-0075,2024-11-05,18,North
PROD-0031,2024-11-05,31,North
PROD-0074,2024-11-05,2,Central
PROD-0013,2024-11-05,59,West
PROD-0030,2024-11-05,13,East
PROD-0093,2024-11-05,39,South
PROD-0098,2024-11-05,29,East
PROD-0080,2024-11-05,15,West
PROD-0010,2024-11-05,29,East
PROD-0018,2024-11-05,6,West
PROD-0084,2024-11-05,62,Central
PROD-0001,2024-11-05,49,South
PROD-0059,2024-11-05,49,South
PROD-0070,2024-11-05,41,West
PROD-0076,2024-11-05,63,South
PROD-0078,2024-11-05,49,Central
PROD-0015,2024-11-05,27,South
PROD-0021,2024-11-05,19,Central
PROD-0054,2024-11-05,55,North
PROD-0083,2024-11-05,46,South
PROD-0081,2024-11-05,42,Central
PROD-0039,2024-11-05,16,West
PROD-0014,2024-11-05,54,South
PROD-0051,2024-11-05,55,South
PROD-0008,2024-11-05,65,West
PROD-0073,2024-11-05,46,West
PROD-0066,2024-11-05,44,North
PROD-0096,2024-11-05,40,North
PROD-0050,2024-11-05,23,South
PROD-0088,2024-11-05,54,South
PROD-0020,2024-11-05,29,West
PROD-0038,2024-11-05,65,South
PROD-0044,2024-11-05,7,Central
PROD-0062,2024-11-05,52,Central
PROD-0092,2024-11-05,31,Central
PROD-0027,2024-11-05,20,North
PROD-0022,2024-11-05,7,West
PROD-0047,2024-11-05,57,Central
PROD-0025,2024-11-05,49,South
PROD-0090,2024-11-05,57,North
PROD-0032,2024-11-05,54,South
PROD-0017,2024-11-05,27,South
PROD-0085,2024-11-05,26,West
PROD-0095,2024-11-05,61,North
PROD-0055,2024-11-05,29,North
PROD-0041,2024-11-05,40,North
PROD-0007,2024-11-06,31,North
PROD-0062,2024-11-06,61,Central
PROD-0075,2024-11-06,46,East
PROD-0094,2024-11-06,48,East
PROD-0002,2024-11-06,55,Central
PROD-0031,2024-11-06,52,Central
PROD-0100,2024-11-06,33,South
PROD-0096,2024-11-06,29,West
PROD-0027,2024-11-06,32,Central
PROD-0043,2024-11-06,35,West
PROD-0081,2024-11-06,11,North
PROD-0025,2024-11-06,20,Central
PROD-0023,2024-11-06,1,East
PROD-0017,2024-11-06,49,East
PROD-0029,2024-11-06,6,Central
PROD-0010,2024-11-06,65,East
PROD-0054,2024-11-06,46,East
PROD-0015,2024-11-06,62,East
PROD-0080,2024-11-06,23,South
PROD-0034,2024-11-06,14,East
PROD-0070,2024-11-06,49,East
PROD-0037,2024-11-06,28,North
PROD-0040,2024-11-06,16,South
PROD-0074,2024-11-06,59,North
PROD-0079,2024-11-06,62,East
PROD-0052,2024-11-06,52,North
PROD-0004,2024-11-06,29,East
PROD-0047,2024-11-06,9,Central
PROD-0028,2024-11-06,35,South
PROD-0083,2024-11-06,55,East
PROD-0053,2024-11-06,10,North
PROD-0063,2024-11-06,2,Central
PROD-0092,2024-11-06,35,West
PROD-0076,2024-11-06,26,East
PROD-0061,2024-11-06,9,South
PROD-0050,2024-11-06,36,South
PROD-0099,2024-11-06,33,East
PROD-0072,2024-11-06,61,Central
PROD-0020,2024-11-06,1,East
PROD-0060,2024-11-06,61,North
PROD-0084,2024-11-06,22,North
PROD-0021,2024-11-06,41,South
PROD-0008,2024-11-06,41,South
PROD-0059,2024-11-06,13,South
PROD-0009,2024-11-06,22,South
PROD-0016,2024-11-06,35,West
PROD-0090,2024-11-06,42,West
PROD-0097,2024-11-06,3,South
PROD-0039,2024-11-06,57,South
PROD-0069,2024-11-06,18,Central
PROD-0071,2024-11-06,10,South
PROD-0006,2024-11-06,44,North
PROD-0064,2024-11-06,37,North
PROD-0038,2024-11-06,44,Central
PROD-0051,2024-11-06,54,Central
PROD-0014,2024-11-06,63,South
PROD-0024,2024-11-06,29,East
PROD-0067,2024-11-06,57,West
PROD-0005,2024-11-06,62,East
PROD-0049,2024-11-06,11,North
PROD-0018,2024-11-06,6,South
PROD-0056,2024-11-06,37,East
PROD-0055,2024-11-06,49,West
PROD-0003,2024-11-06,20,West
PROD-0087,2024-11-06,18,North
PROD-0086,2024-11-06,7,East
PROD-0048,2024-11-06,50,South
PROD-0078,2024-11-06,20,North
PROD-0011,2024-11-06,2,Central
PROD-0004,2024-11-07,14,South
PROD-0047,2024-11-07,5,West
PROD-0002,2024-11-07,61,East
PROD-0035,2024-11-07,49,East
PROD-0066,2024-11-07,57,North
PROD-0027,2024-11-07,2,South
PROD-0029,2024-11-07,45,North
PROD-0055,2024-11-07,42,North
PROD-0008,2024-11-07,20,West
PROD-0083,2024-11-07,26,Central
PROD-0089,2024-11-07,31,North
PROD-0026,2024-11-07,57,North
PROD-0098,2024-11-07,3,South
PROD-0006,2024-11-07,6,Central
PROD-0045,2024-11-07,13,East
PROD-0082,2024-11-07,6,East
PROD-0010,2024-11-07,2,Central
PROD-0020,2024-11-07,7,West
PROD-0063,2024-11-07,3,South
PROD-0059,2024-11-07,44,East
PROD-0034,2024-11-07,36,North
PROD-0084,2024-11-07,36,Central
PROD-0043,2024-11-07,40,Central
PROD-0012,2024-11-07,37,South
PROD-0065,2024-11-07,15,North
PROD-0097,2024-11-07,24,Central
PROD-0038,2024-11-07,50,Central
PROD-0056,2024-11-07,40,North
PROD-0068,2024-11-07,18,South
PROD-0030,2024-11-07,2,East
PROD-0001,2024-11-07,16,East
PROD-0050,2024-11-07,55,West
PROD-0003,2024-11-07,22,South
PROD-0044,2024-11-07,61,South
PROD-0007,2024-11-07,26,East
PROD-0052,2024-11-07,11,North
PROD-0087,2024-11-07,3,West
PROD-0005,2024-11-07,31,North
PROD-0061,2024-11-07,3,North
PROD-0099,2024-11-07,24,West
PROD-0015,2024-11-07,1,North
PROD-0100,2024-11-07,1,East
PROD-0076,2024-11-07,10,South
PROD-0095,2024-11-07,10,South
PROD-0069,2024-11-07,28,East
PROD-0019,2024-11-07,28,West
PROD-0036,2024-11-07,48,East
PROD-0064,2024-11-07,11,North
PROD-0062,2024-11-07,61,West
PROD-0028,2024-11-07,63,South
PROD-0072,2024-11-07,57,South
PROD-0070,2024-11-07,57,South
PROD-0053,2024-11-07,50,East
PROD-0048,2024-11-07,36,West
PROD-0079,2024-11-07,11,North
PROD-0094,2024-11-07,41,West
PROD-0033,2024-11-07,65,North
PROD-0075,2024-11-07,59,Central
PROD-0039,2024-11-07,63,Central
PROD-0041,2024-11-07,63,Central
PROD-0023,2024-11-07,49,Central
PROD-0011,2024-11-07,41,Central
PROD-0031,2024-11-07,39,West
PROD-0024,2024-11-07,36,West
PROD-0016,2024-11-07,62,West
PROD-0054,2024-11-07,31,North
PROD-0025,2024-11-07,18,Central
PROD-0017,2024-11-07,40,West
PROD-0013,2024-11-07,55,North
PROD-0018,2024-11-07,11,South
PROD-0074,2024-11-08,7,Central
PROD-0045,2024-11-08,48,South
PROD-0075,2024-11-08,52,West
PROD-0036,2024-11-08,54,South
PROD-0080,2024-11-08,3,East
PROD-0081,2024-11-08,42,West
PROD-0048,2024-11-08,19,North
PROD-0002,2024-11-08,23,East
PROD-0019,2024-11-08,10,Central
PROD-0005,2024-11-08,22,East
PROD-0060,2024-11-08,28,Central
PROD-0085,2024-11-08,35,Central
PROD-0089,2024-11-08,7,West
PROD-0087,2024-11-08,61,South
PROD-0058,2024-11-08,23,North
PROD-0070,2024-11-08,45,Central
PROD-0079,2024-11-08,57,North
PROD-0012,2024-11-08,41,Central
PROD-0021,2024-11-08,55,West
PROD-0039,2024-11-08,65,East
PROD-0088,2024-11-08,61,North
PROD-0026,2024-11-08,20,North
PROD-0011,2024-11-08,29,West
PROD-0061,2024-11-08,27,Central
PROD-0004,2024-11-08,28,Central
PROD-0047,2024-11-08,16,Central
PROD-0014,2024-11-08,9,Central
PROD-0015,2024-11-08,53,East
PROD-0003,2024-11-08,20,West
PROD-0069,2024-11-08,61,South
PROD-0065,2024-11-08,3,East
PROD-0046,2024-11-08,23,East
PROD-0023,2024-11-08,50,South
PROD-0097,2024-11-08,65,South
PROD-0043,2024-11-08,49,South
PROD-0078,2024-11-08,37,North
PROD-0016,2024-11-08,57,Central
PROD-0099,2024-11-08,27,East
PROD-0098,2024-11-08,2,West
PROD-0091,2024-11-08,19,Central
PROD-0055,2024-11-08,27,West
PROD-0057,2024-11-08,39,North
PROD-0035,2024-11-08,11,North
PROD-0059,2024-11-08,62,West
PROD-0001,2024-11-08,53,North
PROD-0093,2024-11-08,65,East
PROD-0033,2024-11-08,16,West
PROD-0067,2024-11-08,46,East
PROD-0092,2024-11-08,15,North
PROD-0077,2024-11-08,57,East
PROD-0017,2024-11-08,29,East
PROD-0020,2024-11-08,61,East
PROD-0050,2024-11-08,63,South
PROD-0008,2024-11-08,57,East
PROD-0049,2024-11-08,23,East
PROD-0041,2024-11-08,63,North
PROD-0024,2024-11-08,37,Central
PROD-0040,2024-11-08,59,Central
PROD-0056,2024-11-08,57,West
PROD-0090,2024-11-08,39,West
PROD-0086,2024-11-08,58,Central
PROD-0096,2024-11-08,44,Central
PROD-0076,2024-11-08,49,South
PROD-0010,2024-11-08,54,South
PROD-0071,2024-11-08,9,North
PROD-0062,2024-11-08,62,North
PROD-0042,2024-11-08,39,South
PROD-0031,2024-11-08,57,North
PROD-0022,2024-11-08,23,North
PROD-0038,2024-11-08,65,Central
PROD-0064,2024-11-08,26,West
PROD-0082,2024-11-08,63,North
PROD-0079,2024-11-09,9,East
PROD-0034,2024-11-09,19,North
PROD-0035,2024-11-09,35,West
PROD-0039,2024-11-09,18,West
PROD-0040,2024-11-09,27,North
PROD-0097,2024-11-09,13,North
PROD-0065,2024-11-09,1,East
PROD-0036,2024-11-09,27,West
PROD-0080,2024-11-09,20,West
PROD-0006,2024-11-09,3,Central
PROD-0003,2024-11-09,20,East
PROD-0031,2024-11-09,13,South
PROD-0004,2024-11-09,20,South
PROD-0041,2024-11-09,39,East
PROD-0050,2024-11-09,15,West
PROD-0062,2024-11-09,2,East
PROD-0054,2024-11-09,28,Central
PROD-0082,2024-11-09,20,West
PROD-0069,2024-11-09,3,North
PROD-0056,2024-11-09,1,North
PROD-0099,2024-11-09,24,West
PROD-0022,2024-11-09,23,North
PROD-0064,2024-11-09,11,South
PROD-0066,2024-11-09,7,East
PROD-0074,2024-11-09,23,North
PROD-0043,2024-11-09,35,East
PROD-0001,2024-11-09,32,East
PROD-0061,2024-11-09,11,North
PROD-0013,2024-11-09,23,South
PROD-0049,2024-11-09,6,East
PROD-0073,2024-11-09,19,West
PROD-0019,2024-11-09,39,Central
PROD-0002,2024-11-09,28,Central
PROD-0011,2024-11-09,23,East
PROD-0052,2024-11-09,29,North
PROD-0015,2024-11-09,37,South
PROD-0048,2024-11-09,31,North
PROD-0042,2024-11-09,13,South
PROD-0076,2024-11-09,24,North
PROD-0030,2024-11-09,23,West
PROD-0008,2024-11-09,31,Central
PROD-0024,2024-11-09,36,Central
PROD-0032,2024-11-09,28,Central
PROD-0017,2024-11-09,7,East
PROD-0091,2024-11-09,19,Central
PROD-0047,2024-11-09,7,East
PROD-0026,2024-11-09,23,North
PROD-0027,2024-11-09,14,Central
PROD-0070,2024-11-09,5,North
PROD-0012,2024-11-09,33,South
PROD-0100,2024-11-09,2,North
PROD-0077,2024-11-09,24,West
PROD-0095,2024-11-09,39,East
PROD-0093,2024-11-09,11,South
PROD-0094,2024-11-09,11,North
PROD-0085,2024-11-09,13,East
PROD-0016,2024-11-09,35,West
PROD-0045,2024-11-09,18,North
PROD-0081,2024-11-09,24,North
PROD-0033,2024-11-09,7,West
PROD-0023,2024-11-09,18,Central
PROD-0007,2024-11-09,3,West
PROD-0075,2024-11-09,2,North
PROD-0092,2024-11-09,11,East
PROD-0058,2024-11-09,11,West
PROD-0014,2024-11-09,13,South
PROD-0096,2024-11-09,36,South
PROD-0044,2024-11-09,16,West
PROD-0005,2024-11-09,33,West
PROD-0063,2024-11-09,14,North
PROD-0018,2024-11-09,35,East
PROD-0088,2024-11-09,10,West
PROD-0055,2024-11-09,6,East
PROD-0089,2024-11-09,3,South
PROD-0084,2024-11-09,10,North
PROD-0046,2024-11-09,3,East
PROD-0078,2024-11-09,13,North
PROD-0028,2024-11-09,31,North
PROD-0060,2024-11-09,5,Central
PROD-0022,2024-11-10,1,South
PROD-0007,2024-11-10,1,West
PROD-0006,2024-11-10,0,West
PROD-0009,2024-11-10,5,South
PROD-0066,2024-11-10,36,West
PROD-0058,2024-11-10,32,Central
PROD-0100,2024-11-10,10,North
PROD-0074,2024-11-10,1,East
PROD-0023,2024-11-10,6,South
PROD-0071,2024-11-10,3,East
PROD-0069,2024-11-10,13,South
PROD-0052,2024-11-10,32,West
PROD-0091,2024-11-10,22,South
PROD-0077,2024-11-10,36,East
PROD-0062,2024-11-10,9,Central
PROD-0079,2024-11-10,13,South
PROD-0097,2024-11-10,15,West
PROD-0010,2024-11-10,5,North
PROD-0040,2024-11-10,20,North
PROD-0096,2024-11-10,33,East
PROD-0012,2024-11-10,32,Central
PROD-0043,2024-11-10,28,Central
PROD-0049,2024-11-10,15,East
PROD-0089,2024-11-10,36,South
PROD-0099,2024-11-10,20,North
PROD-0051,2024-11-10,27,East
PROD-0032,2024-11-10,16,East
PROD-0048,2024-11-10,10,West
PROD-0004,2024-11-10,37,East
PROD-0050,2024-11-10,27,South
PROD-0017,2024-11-10,19,Central
PROD-0094,2024-11-10,6,Central
PROD-0081,2024-11-10,18,North
PROD-0059,2024-11-10,27,North
PROD-0088,2024-11-10,13,Central
PROD-0085,2024-11-10,28,East
PROD-0008,2024-11-10,1,South
PROD-0068,2024-11-10,9,South
PROD-0026,2024-11-10,9,East
PROD-0018,2024-11-10,27,East
PROD-0027,2024-11-10,28,South
PROD-0065,2024-11-10,16,Central
PROD-0057,2024-11-10,2,South
PROD-0001,2024-11-10,32,East
PROD-0024,2024-11-10,32,South
PROD-0055,2024-11-10,24,Central
PROD-0047,2024-11-10,1,East
PROD-0013,2024-11-10,1,West
PROD-0084,2024-11-10,15,North
PROD-0015,2024-11-10,24,Central
PROD-0098,2024-11-10,3,Central
PROD-0030,2024-11-10,33,West
PROD-0063,2024-11-10,10,East
PROD-0073,2024-11-10,13,East
PROD-0035,2024-11-10,6,East
PROD-0042,2024-11-10,9,East
PROD-0056,2024-11-10,35,West
PROD-0014,2024-11-10,24,West
PROD-0033,2024-11-10,23,East
PROD-0039,2024-11-10,14,East
PROD-0053,2024-11-10,28,West
PROD-0044,2024-11-10,13,Central
PROD-0086,2024-11-10,11,North
PROD-0034,2024-11-10,15,West
PROD-0045,2024-11-10,14,North
PROD-0016,2024-11-10,2,West
PROD-0029,2024-11-10,0,West
PROD-0067,2024-11-10,28,Central
PROD-0095,2024-11-10,24,South
PROD-0075,2024-11-10,19,East
PROD-0083,2024-11-10,27,West
PROD-0031,2024-11-10,6,West
PROD-0011,2024-11-10,18,East
PROD-0082,2024-11-10,10,West
PROD-0060,2024-11-10,23,Central
PROD-0070,2024-11-10,11,Central
PROD-0055,2024-11-11,54,East
PROD-0015,2024-11-11,54,West
PROD-0026,2024-11-11,2,Central
PROD-0029,2024-11-11,9,South
PROD-0009,2024-11-11,10,North
PROD-0030,2024-11-11,22,North
PROD-0024,2024-11-11,39,South
PROD-0012,2024-11-11,31,East
PROD-0073,2024-11-11,29,South
PROD-0028,2024-11-11,50,West
PROD-0022,2024-11-11,3,North
PROD-0050,2024-11-11,63,West
PROD-0069,2024-11-11,5,Central
PROD-0059,2024-11-11,52,South
PROD-0070,2024-11-11,13,East
PROD-0006,2024-11-11,39,North
PROD-0074,2024-11-11,37,Central
PROD-0033,2024-11-11,13,West
PROD-0098,2024-11-11,11,East
PROD-0063,2024-11-11,55,North
PROD-0061,2024-11-11,59,West
PROD-0081,2024-11-11,24,South
PROD-0096,2024-11-11,10,West
PROD-0099,2024-11-11,65,North
PROD-0093,2024-11-11,18,South
PROD-0041,2024-11-11,31,North
PROD-0092,2024-11-11,54,South
PROD-0079,2024-11-11,62,Central
PROD-0004,2024-11-11,26,South
PROD-0057,2024-11-11,57,Central
PROD-0094,2024-11-11,42,Central
PROD-0043,2024-11-11,22,East
PROD-0014,2024-11-11,13,West
PROD-0091,2024-11-11,46,Central
PROD-0072,2024-11-11,29,South
PROD-0056,2024-11-11,57,South
PROD-0019,2024-11-11,36,North
PROD-0046,2024-11-11,41,Central
PROD-0039,2024-11-11,22,Central
PROD-0017,2024-11-11,35,East
PROD-0044,2024-11-11,28,East
PROD-0066,2024-11-11,50,East
PROD-0027,2024-11-11,59,Central
PROD-0045,2024-11-11,29,West
PROD-0068,2024-11-11,61,Central
PROD-0038,2024-11-11,10,South
PROD-0052,2024-11-11,37,South
PROD-0018,2024-11-11,61,North
PROD-0032,2024-11-11,41,East
PROD-0036,2024-11-11,57,South
PROD-0021,2024-11-11,37,North
PROD-0034,2024-11-11,44,South
PROD-0035,2024-11-11,11,South
PROD-0082,2024-11-11,57,East
PROD-0020,2024-11-11,2,South
PROD-0100,2024-11-11,18,Central
PROD-0016,2024-11-11,18,West
PROD-0090,2024-11-11,55,South
PROD-0010,2024-11-11,40,West
PROD-0053,2024-11-11,9,West
PROD-0086,2024-11-11,35,East
PROD-0031,2024-11-11,59,North
PROD-0083,2024-11-11,65,East
PROD-0002,2024-11-11,3,East
PROD-0080,2024-11-11,61,West
PROD-0064,2024-11-11,28,East
PROD-0003,2024-11-11,9,North
PROD-0051,2024-11-12,32,South
PROD-0021,2024-11-12,42,North
PROD-0019,2024-11-12,10,North
PROD-0024,2024-11-12,29,North
PROD-0065,2024-11-12,11,South
PROD-0016,2024-11-12,45,Central
PROD-0093,2024-11-12,14,North
PROD-0006,2024-11-12,40,East
PROD-0033,2024-11-12,57,East
PROD-0031,2024-11-12,49,East
PROD-0084,2024-11-12,14,Central
PROD-0049,2024-11-12,59,South
PROD-0001,2024-11-12,37,West
PROD-0056,2024-11-12,41,West
PROD-0073,2024-11-12,23,South
PROD-0035,2024-11-12,18,Central
PROD-0095,2024-11-12,18,East
PROD-0061,2024-11-12,58,East
PROD-0077,2024-11-12,18,South
PROD-0027,2024-11-12,53,West
PROD-0078,2024-11-12,16,South
PROD-0008,2024-11-12,59,West
PROD-0044,2024-11-12,44,South
PROD-0041,2024-11-12,50,West
PROD-0012,2024-11-12,65,Central
PROD-0007,2024-11-12,15,North
PROD-0100,2024-11-12,29,North
PROD-0020,2024-11-12,3,North
PROD-0052,2024-11-12,11,West
PROD-0086,2024-11-12,1,West
PROD-0090,2024-11-12,37,South
PROD-0053,2024-11-12,6,East
PROD-0081,2024-11-12,16,East
PROD-0096,2024-11-12,58,Central
PROD-0025,2024-11-12,32,Central
PROD-0005,2024-11-12,55,West
PROD-0062,2024-11-12,28,South
PROD-0026,2024-11-12,41,North
PROD-0067,2024-11-12,31,East
PROD-0002,2024-11-12,40,South
PROD-0063,2024-11-12,10,North
PROD-0072,2024-11-12,29,South
PROD-0050,2024-11-12,1,Central
PROD-0010,2024-11-12,48,Central
PROD-0079,2024-11-12,16,North
PROD-0047,2024-11-12,46,West
PROD-0040,2024-11-12,19,North
PROD-0069,2024-11-12,55,Central
PROD-0087,2024-11-12,31,North
PROD-0013,2024-11-12,40,Central
PROD-0004,2024-11-12,18,South
PROD-0058,2024-11-12,39,West
PROD-0071,2024-11-12,19,North
PROD-0043,2024-11-12,11,Central
PROD-0003,2024-11-12,40,South
PROD-0046,2024-11-12,23,North
PROD-0066,2024-11-12,62,East
PROD-0023,2024-11-12,44,East
PROD-0045,2024-11-12,5,South
PROD-0085,2024-11-12,57,West
PROD-0034,2024-11-12,55,East
PROD-0037,2024-11-12,50,North
PROD-0038,2024-11-12,44,South
PROD-0053,2024-11-13,59,North
PROD-0063,2024-11-13,1,Central
PROD-0034,2024-11-13,5,West
PROD-0057,2024-11-13,13,South
PROD-0046,2024-11-13,2,Central
PROD-0002,2024-11-13,54,West
PROD-0031,2024-11-13,7,South
PROD-0068,2024-11-13,63,North
PROD-0033,2024-11-13,44,Central
PROD-0007,2024-11-13,63,East
PROD-0022,2024-11-13,29,South
PROD-0060,2024-11-13,20,Central
PROD-0078,2024-11-13,54,East
PROD-0075,2024-11-13,48,West
PROD-0043,2024-11-13,65,North
PROD-0097,2024-11-13,11,South
PROD-0084,2024-11-13,18,North
PROD-0042,2024-11-13,27,Central
PROD-0100,2024-11-13,65,Central
PROD-0036,2024-11-13,44,West
PROD-0047,2024-11-13,29,North
PROD-0041,2024-11-13,39,East
PROD-0092,2024-11-13,37,Central
PROD-0001,2024-11-13,2,South
PROD-0091,2024-11-13,14,South
PROD-0090,2024-11-13,1,Central
PROD-0094,2024-11-13,44,Central
PROD-0005,2024-11-13,5,West
PROD-0082,2024-11-13,1,Central
PROD-0080,2024-11-13,24,North
PROD-0018,2024-11-13,39,East
PROD-0019,2024-11-13,1,South
PROD-0058,2024-11-13,61,East
PROD-0035,2024-11-13,10,South
PROD-0098,2024-11-13,2,North
PROD-0093,2024-11-13,37,Central
PROD-0013,2024-11-13,53,Central
PROD-0096,2024-11-13,36,West
PROD-0056,2024-11-13,54,East
PROD-0095,2024-11-13,44,West
PROD-0023,2024-11-13,27,East
PROD-0079,2024-11-13,57,Central
PROD-0089,2024-11-13,28,North
PROD-0067,2024-11-13,49,East
PROD-0055,2024-11-13,48,North
PROD-0066,2024-11-13,26,East
PROD-0048,2024-11-13,3,East
PROD-0040,2024-11-13,52,West
PROD-0077,2024-11-13,15,South
PROD-0039,2024-11-13,33,West
PROD-0051,2024-11-13,52,East
PROD-0009,2024-11-13,57,West
PROD-0045,2024-11-13,11,West
PROD-0025,2024-11-13,15,Central
PROD-0076,2024-11-13,36,East
PROD-0071,2024-11-13,9,Central
PROD-0020,2024-11-13,10,East
PROD-0011,2024-11-13,65,South
PROD-0032,2024-11-13,3,East
PROD-0030,2024-11-13,19,Central
PROD-0085,2024-11-13,23,East
PROD-0069,2024-11-13,3,East
PROD-0008,2024-11-13,33,South
PROD-0083,2024-11-13,9,West
PROD-0087,2024-11-13,32,East
PROD-0003,2024-11-13,55,South
PROD-0012,2024-11-13,24,Central
PROD-0044,2024-11-13,16,Central
PROD-0004,2024-11-14,9,West
PROD-0028,2024-11-14,59,West
PROD-0086,2024-11-14,37,East
PROD-0046,2024-11-14,3,West
PROD-0073,2024-11-14,46,Central
PROD-0067,2024-11-14,57,West
PROD-0083,2024-11-14,48,Central
PROD-0031,2024-11-14,62,East
PROD-0033,2024-11-14,45,East
PROD-0006,2024-11-14,37,East
PROD-0068,2024-11-14,52,North
PROD-0090,2024-11-14,63,North
PROD-0050,2024-11-14,5,West
PROD-0041,2024-11-14,54,West
PROD-0026,2024-11-14,39,South
PROD-0039,2024-11-14,36,East
PROD-0052,2024-11-14,7,Central
PROD-0007,2024-11-14,37,Central
PROD-0063,2024-11-14,20,Central
PROD-0096,2024-11-14,37,Central
PROD-0037,2024-11-14,52,East
PROD-0059,2024-11-14,18,West
PROD-0060,2024-11-14,40,North
PROD-0078,2024-11-14,6,South
PROD-0058,2024-11-14,23,Central
PROD-0057,2024-11-14,18,North
PROD-0072,2024-11-14,36,East
PROD-0043,2024-11-14,29,Central
PROD-0029,2024-11-14,44,South
PROD-0032,2024-11-14,22,South
PROD-0045,2024-11-14,37,Central
PROD-0069,2024-11-14,1,East
PROD-0087,2024-11-14,37,North
PROD-0030,2024-11-14,24,North
PROD-0062,2024-11-14,40,Central
PROD-0017,2024-11-14,16,West
PROD-0056,2024-11-14,29,North
PROD-0019,2024-11-14,42,West
PROD-0088,2024-11-14,31,West
PROD-0003,2024-11-14,49,South
PROD-0038,2024-11-14,36,Central
PROD-0051,2024-11-14,11,North
PROD-0097,2024-11-14,65,South
PROD-0025,2024-11-14,55,South
PROD-0084,2024-11-14,40,South
PROD-0066,2024-11-14,28,West
PROD-0001,2024-11-14,10,South
PROD-0009,2024-11-14,31,West
PROD-0095,2024-11-14,40,South
PROD-0042,2024-11-14,6,South
PROD-0034,2024-11-14,20,North
PROD-0071,2024-11-14,2,Central
PROD-0093,2024-11-14,65,East
PROD-0044,2024-11-14,39,Central
PROD-0008,2024-11-14,48,East
PROD-0013,2024-11-14,49,North
PROD-0098,2024-11-14,31,South
PROD-0099,2024-11-14,13,East
PROD-0064,2024-11-14,15,East
PROD-0035,2024-11-14,65,West
PROD-0094,2024-11-14,32,North
PROD-0014,2024-11-14,1,Central
PROD-0076,2024-11-14,45,North
PROD-0027,2024-11-14,28,West
PROD-0075,2024-11-14,45,South
PROD-0036,2024-11-14,35,Central
PROD-0012,2024-11-14,3,South
PROD-0092,2024-11-14,2,South
PROD-0081,2024-11-14,23,North
PROD-0053,2024-11-14,20,West
PROD-0070,2024-11-14,28,South
PROD-0002,2024-11-14,11,Central
PROD-0089,2024-11-14,42,East
PROD-0091,2024-11-14,36,Central
PROD-0023,2024-11-14,23,Central
PROD-0024,2024-11-14,57,Central
PROD-0055,2024-11-14,37,West
PROD-0077,2024-11-14,2,West
PROD-0003,2024-11-15,36,North
PROD-0096,2024-11-15,2,West
PROD-0033,2024-11-15,23,West
PROD-0071,2024-11-15,9,East
PROD-0095,2024-11-15,20,South
PROD-0048,2024-11-15,37,North
PROD-0083,2024-11-15,5,East
PROD-0023,2024-11-15,61,Central
PROD-0005,2024-11-15,7,West
PROD-0094,2024-11-15,26,East
PROD-0049,2024-11-15,16,West
PROD-0098,2024-11-15,46,West
PROD-0008,2024-11-15,7,West
PROD-0014,2024-11-15,20,Central
PROD-0074,2024-11-15,58,West
PROD-0059,2024-11-15,36,South
PROD-0051,2024-11-15,7,East
PROD-0039,2024-11-15,40,West
PROD-0078,2024-11-15,26,North
PROD-0081,2024-11-15,62,East
PROD-0016,2024-11-15,22,East
PROD-0019,2024-11-15,42,West
PROD-0043,2024-11-15,36,North
PROD-0072,2024-11-15,44,South
PROD-0054,2024-11-15,24,Central
PROD-0036,2024-11-15,61,West
PROD-0093,2024-11-15,26,North
PROD-0080,2024-11-15,23,South
PROD-0075,2024-11-15,41,Central
PROD-0090,2024-11-15,31,South
PROD-0029,2024-11-15,53,North
PROD-0056,2024-11-15,22,North
PROD-0037,2024-11-15,61,Central
PROD-0097,2024-11-15,42,Central
PROD-0089,2024-11-15,40,South
PROD-0100,2024-11-15,35,South
PROD-0065,2024-11-15,59,East
PROD-0011,2024-11-15,57,Central
PROD-0034,2024-11-15,15,North
PROD-0041,2024-11-15,53,South
PROD-0073,2024-11-15,11,South
PROD-0046,2024-11-15,59,South
PROD-0062,2024-11-15,48,Central
PROD-0079,2024-11-15,44,South
PROD-0024,2024-11-15,10,East
PROD-0045,2024-11-15,48,North
PROD-0015,2024-11-15,1,West
PROD-0032,2024-11-15,58,North
PROD-0002,2024-11-15,18,South
PROD-0092,2024-11-15,55,North
PROD-0055,2024-11-15,24,East
PROD-0027,2024-11-15,42,East
PROD-0088,2024-11-15,65,East
PROD-0007,2024-11-15,35,West
PROD-0035,2024-11-15,40,North
PROD-0021,2024-11-15,31,East
PROD-0087,2024-11-15,10,West
PROD-0040,2024-11-15,54,West
PROD-0022,2024-11-15,32,North
PROD-0063,2024-11-15,24,East
PROD-0069,2024-11-15,35,Central
PROD-0010,2024-11-15,49,South
PROD-0058,2024-11-15,48,North
PROD-0067,2024-11-15,9,West
PROD-0026,2024-11-15,57,East
PROD-0086,2024-11-15,31,West
PROD-0061,2024-11-15,54,West
PROD-0064,2024-11-15,41,West
PROD-0012,2024-11-15,63,West
PROD-0031,2024-11-15,31,West
PROD-0025,2024-11-15,61,West
PROD-0077,2024-11-15,32,West
PROD-0082,2024-11-15,22,West
PROD-0091,2024-11-15,33,North
PROD-0060,2024-11-15,46,East
PROD-0050,2024-11-15,11,North
PROD-0059,2024-11-16,36,East
PROD-0099,2024-11-16,32,South
PROD-0045,2024-11-16,28,West
PROD-0007,2024-11-16,15,East
PROD-0091,2024-11-16,15,South
PROD-0020,2024-11-16,3,West
PROD-0021,2024-11-16,18,North
PROD-0001,2024-11-16,14,Central
PROD-0055,2024-11-16,31,Central
PROD-0003,2024-11-16,26,West
PROD-0026,2024-11-16,26,South
PROD-0018,2024-11-16,28,Central
PROD-0062,2024-11-16,24,West
PROD-0056,2024-11-16,7,West
PROD-0065,2024-11-16,18,East
PROD-0080,2024-11-16,36,East
PROD-0025,2024-11-16,7,South
PROD-0030,2024-11-16,0,West
PROD-0023,2024-11-16,3,Central
PROD-0040,2024-11-16,18,North
PROD-0008,2024-11-16,20,Central
PROD-0017,2024-11-16,7,Central
PROD-0024,2024-11-16,27,West
PROD-0042,2024-11-16,33,South
PROD-0090,2024-11-16,32,Central
PROD-0081,2024-11-16,20,East
PROD-0093,2024-11-16,1,North
PROD-0057,2024-11-16,19,West
PROD-0084,2024-11-16,6,East
PROD-0039,2024-11-16,20,West
PROD-0082,2024-11-16,9,Central
PROD-0086,2024-11-16,1,South
PROD-0088,2024-11-16,7,North
PROD-0016,2024-11-16,13,South
PROD-0067,2024-11-16,2,South
PROD-0043,2024-11-16,3,Central
PROD-0015,2024-11-16,35,South
PROD-0049,2024-11-16,28,South
PROD-0027,2024-11-16,11,North
PROD-0033,2024-11-16,3,North
PROD-0031,2024-11-16,5,Central
PROD-0095,2024-11-16,13,North
PROD-0019,2024-11-16,19,East
PROD-0077,2024-11-16,13,Central
PROD-0064,2024-11-16,27,East
PROD-0089,2024-11-16,16,Central
PROD-0097,2024-11-16,24,East
PROD-0029,2024-11-16,18,South
PROD-0002,2024-11-16,35,East
PROD-0044,2024-11-16,16,South
PROD-0022,2024-11-16,28,West
PROD-0076,2024-11-16,5,East
PROD-0070,2024-11-16,3,East
PROD-0028,2024-11-16,9,West
PROD-0066,2024-11-16,29,West
PROD-0038,2024-11-16,13,East
PROD-0036,2024-11-16,23,Central
PROD-0035,2024-11-16,10,East
PROD-0046,2024-11-16,3,West
PROD-0092,2024-11-16,28,Central
PROD-0073,2024-11-16,9,Central
PROD-0068,2024-11-16,23,North
PROD-0083,2024-11-16,32,South
PROD-0047,2024-11-16,16,East
PROD-0075,2024-11-16,19,West
PROD-0048,2024-11-16,31,West
PROD-0041,2024-11-16,11,South
PROD-0094,2024-11-16,27,Central
PROD-0054,2024-11-16,16,Central
PROD-0078,2024-11-16,20,East
PROD-0013,2024-11-17,32,Central
PROD-0088,2024-11-17,7,East
PROD-0066,2024-11-17,33,West
PROD-0049,2024-11-17,1,North
PROD-0050,2024-11-17,29,Central
PROD-0060,2024-11-17,36,Central
PROD-0071,2024-11-17,5,West
PROD-0068,2024-11-17,6,East
PROD-0052,2024-11-17,20,Central
PROD-0022,2024-11-17,15,West
PROD-0042,2024-11-17,20,South
PROD-0090,2024-11-17,28,South
PROD-0001,2024-11-17,19,Central
PROD-0064,2024-11-17,14,South
PROD-0097,2024-11-17,20,Central
PROD-0094,2024-11-17,18,North
PROD-0098,2024-11-17,24,Central
PROD-0078,2024-11-17,23,South
PROD-0039,2024-11-17,20,West
PROD-0018,2024-11-17,28,Central
PROD-0095,2024-11-17,2,North
PROD-0099,2024-11-17,0,South
PROD-0004,2024-11-17,32,West
PROD-0073,2024-11-17,3,Central
PROD-0014,2024-11-17,37,North
PROD-0067,2024-11-17,33,Central
PROD-0025,2024-11-17,15,South
PROD-0076,2024-11-17,0,South
PROD-0029,2024-11-17,27,West
PROD-0055,2024-11-17,7,North
PROD-0034,2024-11-17,6,North
PROD-0008,2024-11-17,39,East
PROD-0047,2024-11-17,31,North
PROD-0036,2024-11-17,28,North
PROD-0026,2024-11-17,31,East
PROD-0002,2024-11-17,16,West
PROD-0003,2024-11-17,7,East
PROD-0012,2024-11-17,36,East
PROD-0005,2024-11-17,20,South
PROD-0075,2024-11-17,7,North
PROD-0011,2024-11-17,5,West
PROD-0037,2024-11-17,16,West
PROD-0077,2024-11-17,20,South
PROD-0017,2024-11-17,31,South
PROD-0083,2024-11-17,29,South
PROD-0038,2024-11-17,33,East
PROD-0057,2024-11-17,1,Central
PROD-0021,2024-11-17,7,East
PROD-0033,2024-11-17,9,South
PROD-0087,2024-11-17,19,South
PROD-0100,2024-11-17,15,South
PROD-0061,2024-11-17,33,Central
PROD-0070,2024-11-17,3,East
PROD-0024,2024-11-17,0,South
PROD-0053,2024-11-17,2,West
PROD-0006,2024-11-17,15,East
PROD-0046,2024-11-17,29,Central
PROD-0093,2024-11-17,14,North
PROD-0091,2024-11-17,33,East
PROD-0081,2024-11-17,7,North
PROD-0074,2024-11-17,7,East
PROD-0093,2024-11-18,16,East
PROD-0017,2024-11-18,5,West
PROD-0030,2024-11-18,23,East
PROD-0076,2024-11-18,1,Central
PROD-0014,2024-11-18,18,South
PROD-0068,2024-11-18,15,Central
PROD-0066,2024-11-18,5,Central
PROD-0025,2024-11-18,53,Central
PROD-0040,2024-11-18,50,West
PROD-0091,2024-11-18,2,South
PROD-0087,2024-11-18,22,East
PROD-0069,2024-11-18,1,East
PROD-0001,2024-11-18,16,North
PROD-0075,2024-11-18,2,Central
PROD-0010,2024-11-18,1,West
PROD-0034,2024-11-18,40,North
PROD-0006,2024-11-18,55,Central
PROD-0045,2024-11-18,15,South
PROD-0079,2024-11-18,57,East
PROD-0032,2024-11-18,58,South
PROD-0088,2024-11-18,11,West
PROD-0058,2024-11-18,40,South
PROD-0094,2024-11-18,41,West
PROD-0073,2024-11-18,29,East
PROD-0098,2024-11-18,22,West
PROD-0033,2024-11-18,33,North
PROD-0046,2024-11-18,37,South
PROD-0047,2024-11-18,37,East
PROD-0065,2024-11-18,40,South
PROD-0036,2024-11-18,28,East
PROD-0018,2024-11-18,26,Central
PROD-0092,2024-11-18,9,East
PROD-0059,2024-11-18,39,North
PROD-0083,2024-11-18,15,West
PROD-0084,2024-11-18,35,West
PROD-0035,2024-11-18,9,East
PROD-0026,2024-11-18,57,South
PROD-0062,2024-11-18,49,South
PROD-0060,2024-11-18,65,Central
PROD-0064,2024-11-18,62,South
PROD-0043,2024-11-18,50,East
PROD-0038,2024-11-18,15,West
PROD-0097,2024-11-18,59,North
PROD-0005,2024-11-18,11,North
PROD-0050,2024-11-18,29,North
PROD-0044,2024-11-18,54,North
PROD-0027,2024-11-18,18,East
PROD-0071,2024-11-18,19,South
PROD-0020,2024-11-18,48,North
PROD-0099,2024-11-18,36,South
PROD-0042,2024-11-18,40,Central
PROD-0016,2024-11-18,62,Central
PROD-0090,2024-11-18,52,East
PROD-0053,2024-11-18,42,South
PROD-0067,2024-11-18,24,West
PROD-0095,2024-11-18,40,South
PROD-0054,2024-11-18,18,Central
PROD-0056,2024-11-18,6,South
PROD-0085,2024-11-18,50,Central
PROD-0049,2024-11-18,3,South
PROD-0100,2024-11-18,37,North
PROD-0063,2024-11-18,58,Central
PROD-0013,2024-11-18,10,South
PROD-0002,2024-11-18,37,East
PROD-0011,2024-11-18,50,South
PROD-0082,2024-11-18,48,East
PROD-0096,2024-11-18,27,West
PROD-0039,2024-11-18,55,North
PROD-0061,2024-11-18,24,South
PROD-0074,2024-11-18,7,North
PROD-0035,2024-11-19,57,South
PROD-0091,2024-11-19,15,North
PROD-0037,2024-11-19,59,West
PROD-0071,2024-11-19,54,East
PROD-0029,2024-11-19,50,North
PROD-0065,2024-11-19,3,North
PROD-0093,2024-11-19,59,East
PROD-0059,2024-11-19,22,South
PROD-0086,2024-11-19,33,East
PROD-0023,2024-11-19,18,West
PROD-0064,2024-11-19,23,East
PROD-0066,2024-11-19,22,South
PROD-0072,2024-11-19,14,Central
PROD-0007,2024-11-19,35,Central
PROD-0042,2024-11-19,7,East
PROD-0092,2024-11-19,13,South
PROD-0006,2024-11-19,58,North
PROD-0022,2024-11-19,53,North
PROD-0039,2024-11-19,39,South
PROD-0062,2024-11-19,14,West
PROD-0068,2024-11-19,33,Central
PROD-0078,2024-11-19,20,East
PROD-0079,2024-11-19,14,West
PROD-0057,2024-11-19,42,North
PROD-0087,2024-11-19,53,Central
PROD-0001,2024-11-19,37,Central
PROD-0032,2024-11-19,27,West
PROD-0099,2024-11-19,9,North
PROD-0030,2024-11-19,50,South
PROD-0073,2024-11-19,16,Central
PROD-0069,2024-11-19,63,East
PROD-0077,2024-11-19,18,North
PROD-0031,2024-11-19,1,North
PROD-0076,2024-11-19,49,North
PROD-0004,2024-11-19,5,West
PROD-0034,2024-11-19,18,South
PROD-0013,2024-11-19,28,Central
PROD-0088,2024-11-19,61,West
PROD-0027,2024-11-19,54,West
PROD-0047,2024-11-19,37,East
PROD-0038,2024-11-19,24,West
PROD-0043,2024-11-19,31,Central
PROD-0095,2024-11-19,35,North
PROD-0052,2024-11-19,40,South
PROD-0028,2024-11-19,46,East
PROD-0081,2024-11-19,39,North
PROD-0044,2024-11-19,20,East
PROD-0084,2024-11-19,23,West
PROD-0015,2024-11-19,53,South
PROD-0024,2024-11-19,19,South
PROD-0063,2024-11-19,59,East
PROD-0033,2024-11-19,32,East
PROD-0016,2024-11-19,54,West
PROD-0021,2024-11-19,44,East
PROD-0085,2024-11-19,65,North
PROD-0082,2024-11-19,28,East
PROD-0060,2024-11-19,62,West
PROD-0075,2024-11-19,62,South
PROD-0058,2024-11-19,28,North
PROD-0020,2024-11-19,39,East
PROD-0009,2024-11-19,41,South
PROD-0003,2024-11-19,27,North
PROD-0005,2024-11-19,42,East
PROD-0045,2024-11-19,9,West
PROD-0080,2024-11-19,33,Central
PROD-0090,2024-11-19,57,West
PROD-0070,2024-11-19,29,Central
PROD-0014,2024-11-19,31,Central
PROD-0020,2024-11-20,35,North
PROD-0058,2024-11-20,3,South
PROD-0087,2024-11-20,59,South
PROD-0021,2024-11-20,37,East
PROD-0048,2024-11-20,13,South
PROD-0025,2024-11-20,48,West
PROD-0029,2024-11-20,62,East
PROD-0081,2024-11-20,44,East
PROD-0005,2024-11-20,53,South
PROD-0071,2024-11-20,7,North
PROD-0066,2024-11-20,48,South
PROD-0086,2024-11-20,15,South
PROD-0049,2024-11-20,27,North
PROD-0009,2024-11-20,61,East
PROD-0022,2024-11-20,28,East
PROD-0036,2024-11-20,40,Central
PROD-0002,2024-11-20,53,East
PROD-0044,2024-11-20,61,South
PROD-0089,2024-11-20,39,South
PROD-0038,2024-11-20,19,West
PROD-0027,2024-11-20,33,West
PROD-0028,2024-11-20,3,East
PROD-0054,2024-11-20,6,East
PROD-0053,2024-11-20,13,West
PROD-0023,2024-11-20,26,South
PROD-0007,2024-11-20,5,South
PROD-0006,2024-11-20,52,West
PROD-0073,2024-11-20,3,Central
PROD-0072,2024-11-20,6,South
PROD-0001,2024-11-20,41,South
PROD-0045,2024-11-20,15,Central
PROD-0059,2024-11-20,46,South
PROD-0077,2024-11-20,10,North
PROD-0033,2024-11-20,52,South
PROD-0062,2024-11-20,31,South
PROD-0018,2024-11-20,26,South
PROD-0013,2024-11-20,50,South
PROD-0092,2024-11-20,14,Central
PROD-0050,2024-11-20,53,East
PROD-0083,2024-11-20,3,North
PROD-0056,2024-11-20,59,East
PROD-0100,2024-11-20,48,West
PROD-0043,2024-11-20,11,Central
PROD-0024,2024-11-20,22,North
PROD-0095,2024-11-20,39,West
PROD-0030,2024-11-20,57,Central
PROD-0084,2024-11-20,28,South
PROD-0085,2024-11-20,50,North
PROD-0097,2024-11-20,45,West
PROD-0004,2024-11-20,45,South
PROD-0096,2024-11-20,55,East
PROD-0090,2024-11-20,63,West
PROD-0008,2024-11-20,33,West
PROD-0037,2024-11-20,57,Central
PROD-0069,2024-11-20,2,North
PROD-0064,2024-11-20,37,Central
PROD-0031,2024-11-20,13,East
PROD-0012,2024-11-20,26,West
PROD-0093,2024-11-20,36,West
PROD-0026,2024-11-20,32,Central
PROD-0091,2024-11-20,26,Central
PROD-0098,2024-11-20,19,West
PROD-0055,2024-11-20,57,North
PROD-0082,2024-11-20,57,Central
PROD-0046,2024-11-20,53,East
PROD-0094,2024-11-20,18,Central
PROD-0003,2024-11-20,35,Central
PROD-0016,2024-11-20,14,East
PROD-0046,2024-11-21,2,Central
PROD-0004,2024-11-21,27,East
PROD-0094,2024-11-21,49,South
PROD-0053,2024-11-21,28,West
PROD-0072,2024-11-21,14,Central
PROD-0031,2024-11-21,40,South
PROD-0095,2024-11-21,32,West
PROD-0002,2024-11-21,48,South
PROD-0078,2024-11-21,18,South
PROD-0064,2024-11-21,27,West
PROD-0008,2024-11-21,62,South
PROD-0014,2024-11-21,41,South
PROD-0047,2024-11-21,53,East
PROD-0049,2024-11-21,59,West
PROD-0076,2024-11-21,45,Central
PROD-0018,2024-11-21,59,South
PROD-0016,2024-11-21,40,North
PROD-0039,2024-11-21,61,East
PROD-0086,2024-11-21,39,South
PROD-0010,2024-11-21,16,South
PROD-0030,2024-11-21,22,East
PROD-0090,2024-11-21,36,West
PROD-0050,2024-11-21,33,North
PROD-0022,2024-11-21,3,East
PROD-0083,2024-11-21,9,East
PROD-0060,2024-11-21,50,West
PROD-0080,2024-11-21,7,Central
PROD-0020,2024-11-21,5,West
PROD-0054,2024-11-21,42,West
PROD-0067,2024-11-21,14,Central
PROD-0085,2024-11-21,46,West
PROD-0068,2024-11-21,63,Central
PROD-0077,2024-11-21,58,Central
PROD-0084,2024-11-21,40,Central
PROD-0052,2024-11-21,14,East
PROD-0040,2024-11-21,22,Central
PROD-0097,2024-11-21,22,North
PROD-0007,2024-11-21,63,South
PROD-0001,2024-11-21,57,Central
PROD-0044,2024-11-21,31,North
PROD-0100,2024-11-21,44,West
PROD-0069,2024-11-21,52,East
PROD-0035,2024-11-21,35,North
PROD-0019,2024-11-21,19,East
PROD-0037,2024-11-21,23,North
PROD-0017,2024-11-21,46,Central
PROD-0088,2024-11-21,19,South
PROD-0005,2024-11-21,9,Central
PROD-0061,2024-11-21,20,Central
PROD-0098,2024-11-21,2,North
PROD-0091,2024-11-21,33,Central
PROD-0058,2024-11-21,62,South
PROD-0062,2024-11-21,23,West
PROD-0043,2024-11-21,35,Central
PROD-0073,2024-11-21,6,South
PROD-0079,2024-11-21,54,South
PROD-0041,2024-11-21,41,West
PROD-0075,2024-11-21,50,South
PROD-0089,2024-11-21,53,Central
PROD-0015,2024-11-21,46,North
PROD-0093,2024-11-21,7,South
PROD-0013,2024-11-21,14,North
PROD-0096,2024-11-21,6,West
PROD-0074,2024-11-21,18,North
PROD-0048,2024-11-21,42,East
PROD-0006,2024-11-21,15,North
PROD-0003,2024-11-21,1,South
PROD-0057,2024-11-21,20,Central
PROD-0092,2024-11-21,9,East
PROD-0029,2024-11-21,13,South
PROD-0042,2024-11-21,6,South
PROD-0070,2024-11-21,20,West
PROD-0055,2024-11-21,53,South
PROD-0038,2024-11-21,57,North
PROD-0033,2024-11-21,24,North
PROD-0023,2024-11-21,49,Central
PROD-0027,2024-11-21,15,North
PROD-0011,2024-11-21,14,West
PROD-0093,2024-11-22,20,North
PROD-0049,2024-11-22,46,Central
PROD-0070,2024-11-22,36,West
PROD-0076,2024-11-22,15,North
PROD-0015,2024-11-22,10,South
PROD-0006,2024-11-22,52,East
PROD-0052,2024-11-22,50,North
PROD-0022,2024-11-22,20,North
PROD-0086,2024-11-22,55,West
PROD-0017,2024-11-22,41,East
PROD-0002,2024-11-22,33,Central
PROD-0019,2024-11-22,58,North
PROD-0084,2024-11-22,1,North
PROD-0020,2024-11-22,58,North
PROD-0074,2024-11-22,54,Central
PROD-0031,2024-11-22,53,North
PROD-0075,2024-11-22,39,West
PROD-0008,2024-11-22,28,South
PROD-0098,2024-11-22,63,South
PROD-0037,2024-11-22,24,East
PROD-0021,2024-11-22,44,South
PROD-0062,2024-11-22,22,South
PROD-0047,2024-11-22,42,West
PROD-0079,2024-11-22,10,East
PROD-0025,2024-11-22,6,East
PROD-0073,2024-11-22,24,West
PROD-0044,2024-11-22,26,West
PROD-0095,2024-11-22,52,North
PROD-0018,2024-11-22,10,West
PROD-0057,2024-11-22,53,North
PROD-0099,2024-11-22,59,Central
PROD-0058,2024-11-22,37,North
PROD-0092,2024-11-22,11,West
PROD-0033,2024-11-22,13,Central
PROD-0038,2024-11-22,15,North
PROD-0087,2024-11-22,22,North
PROD-0085,2024-11-22,3,Central
PROD-0056,2024-11-22,20,Central
PROD-0016,2024-11-22,1,Central
PROD-0048,2024-11-22,61,South
PROD-0051,2024-11-22,24,Central
PROD-0012,2024-11-22,54,North
PROD-0011,2024-11-22,15,South
PROD-0023,2024-11-22,14,North
PROD-0089,2024-11-22,32,North
PROD-0061,2024-11-22,2,East
PROD-0064,2024-11-22,50,South
PROD-0055,2024-11-22,15,East
PROD-0030,2024-11-22,58,North
PROD-0045,2024-11-22,45,South
PROD-0078,2024-11-22,11,East
PROD-0077,2024-11-22,15,West
PROD-0026,2024-11-22,32,South
PROD-0072,2024-11-22,31,South
PROD-0040,2024-11-22,54,North
PROD-0009,2024-11-22,14,North
PROD-0060,2024-11-22,19,North
PROD-0068,2024-11-22,9,West
PROD-0039,2024-11-22,39,Central
PROD-0069,2024-11-22,29,East
PROD-0054,2024-11-23,36,South
PROD-0007,2024-11-23,7,West
PROD-0064,2024-11-23,24,North
PROD-0088,2024-11-23,5,North
PROD-0082,2024-11-23,19,West
PROD-0035,2024-11-23,24,North
PROD-0075,2024-11-23,5,West
PROD-0006,2024-11-23,23,Central
PROD-0073,2024-11-23,20,South
PROD-0014,2024-11-23,29,North
PROD-0010,2024-11-23,9,East
PROD-0027,2024-11-23,5,East
PROD-0033,2024-11-23,9,Central
PROD-0009,2024-11-23,19,East
PROD-0045,2024-11-23,37,South
PROD-0021,2024-11-23,20,West
PROD-0050,2024-11-23,11,North
PROD-0003,2024-11-23,7,South
PROD-0072,2024-11-23,1,Central
PROD-0083,2024-11-23,28,East
PROD-0052,2024-11-23,3,West
PROD-0100,2024-11-23,33,East
PROD-0039,2024-11-23,10,North
PROD-0024,2024-11-23,14,North
PROD-0026,2024-11-23,18,South
PROD-0099,2024-11-23,3,Central
PROD-0091,2024-11-23,26,East
PROD-0094,2024-11-23,39,North
PROD-0058,2024-11-23,2,East
PROD-0040,2024-11-23,1,West
PROD-0031,2024-11-23,15,East
PROD-0001,2024-11-23,0,Central
PROD-0074,2024-11-23,13,Central
PROD-0053,2024-11-23,15,South
PROD-0002,2024-11-23,27,East
PROD-0011,2024-11-23,20,West
PROD-0034,2024-11-23,22,North
PROD-0068,2024-11-23,11,West
PROD-0016,2024-11-23,24,East
PROD-0057,2024-11-23,20,West
PROD-0077,2024-11-23,31,West
PROD-0070,2024-11-23,2,North
PROD-0092,2024-11-23,27,South
PROD-0036,2024-11-23,1,West
PROD-0089,2024-11-23,19,East
PROD-0030,2024-11-23,32,East
PROD-0025,2024-11-23,1,East
PROD-0079,2024-11-23,24,South
PROD-0037,2024-11-23,15,East
PROD-0042,2024-11-23,35,North
PROD-0059,2024-11-23,3,West
PROD-0090,2024-11-23,7,West
PROD-0095,2024-11-23,7,West
PROD-0020,2024-11-23,32,Central
PROD-0071,2024-11-23,22,South
PROD-0097,2024-11-23,36,South
PROD-0038,2024-11-23,27,South
PROD-0043,2024-11-23,28,North
PROD-0049,2024-11-23,5,Central
PROD-0032,2024-11-23,11,South
PROD-0004,2024-11-23,0,East
PROD-0029,2024-11-23,5,North
PROD-0085,2024-11-23,37,South
PROD-0018,2024-11-24,9,East
PROD-0028,2024-11-24,1,West
PROD-0002,2024-11-24,9,West
PROD-0047,2024-11-24,27,North
PROD-0011,2024-11-24,3,Central
PROD-0090,2024-11-24,29,North
PROD-0093,2024-11-24,18,North
PROD-0064,2024-11-24,9,East
PROD-0075,2024-11-24,1,West
PROD-0027,2024-11-24,15,North
PROD-0045,2024-11-24,3,West
PROD-0084,2024-11-24,31,East
PROD-0016,2024-11-24,23,North
PROD-0021,2024-11-24,36,North
PROD-0086,2024-11-24,23,North
PROD-0010,2024-11-24,32,West
PROD-0099,2024-11-24,13,Central
PROD-0031,2024-11-24,16,West
PROD-0046,2024-11-24,28,West
PROD-0039,2024-11-24,24,Central
PROD-0004,2024-11-24,19,South
PROD-0070,2024-11-24,31,North
PROD-0014,2024-11-24,7,East
PROD-0083,2024-11-24,2,West
PROD-0092,2024-11-24,36,Central
PROD-0051,2024-11-24,1,East
PROD-0074,2024-11-24,31,East
PROD-0091,2024-11-24,27,North
PROD-0005,2024-11-24,11,Central
PROD-0068,2024-11-24,32,Central
PROD-0029,2024-11-24,5,Central
PROD-0061,2024-11-24,2,North
PROD-0055,2024-11-24,5,East
PROD-0007,2024-11-24,16,West
PROD-0088,2024-11-24,24,West
PROD-0006,2024-11-24,23,West
PROD-0042,2024-11-24,20,North
PROD-0013,2024-11-24,28,East
PROD-0058,2024-11-24,6,East
PROD-0071,2024-11-24,28,West
PROD-0025,2024-11-24,36,North
PROD-0085,2024-11-24,5,West
PROD-0008,2024-11-24,1,Central
PROD-0001,2024-11-24,7,North
PROD-0040,2024-11-24,22,West
PROD-0017,2024-11-24,15,East
PROD-0049,2024-11-24,3,West
PROD-0024,2024-11-24,23,North
PROD-0097,2024-11-24,6,South
PROD-0079,2024-11-24,32,South
PROD-0003,2024-11-24,27,North
PROD-0041,2024-11-24,13,East
PROD-0062,2024-11-24,11,East
PROD-0076,2024-11-24,22,Central
PROD-0065,2024-11-24,7,West
PROD-0081,2024-11-24,23,South
PROD-0056,2024-11-24,15,South
PROD-0032,2024-11-24,36,South
PROD-0037,2024-11-24,2,Central
PROD-0080,2024-11-24,16,Central
PROD-0059,2024-11-24,32,South
PROD-0024,2024-11-25,44,Central
PROD-0040,2024-11-25,46,West
PROD-0075,2024-11-25,20,East
PROD-0066,2024-11-25,59,Central
PROD-0077,2024-11-25,41,South
PROD-0052,2024-11-25,39,South
PROD-0072,2024-11-25,52,Central
PROD-0010,2024-11-25,16,South
PROD-0070,2024-11-25,53,East
PROD-0014,2024-11-25,58,West
PROD-0022,2024-11-25,57,North
PROD-0082,2024-11-25,14,East
PROD-0068,2024-11-25,2,Central
PROD-0062,2024-11-25,20,Central
PROD-0065,2024-11-25,42,West
PROD-0092,2024-11-25,55,West
PROD-0020,2024-11-25,16,Central
PROD-0034,2024-11-25,44,East
PROD-0088,2024-11-25,65,West
PROD-0058,2024-11-25,24,Central
PROD-0042,2024-11-25,24,East
PROD-0005,2024-11-25,11,West
PROD-0027,2024-11-25,20,Central
PROD-0028,2024-11-25,46,South
PROD-0006,2024-11-25,27,West
PROD-0030,2024-11-25,57,East
PROD-0064,2024-11-25,11,South
PROD-0071,2024-11-25,50,North
PROD-0047,2024-11-25,46,Central
PROD-0046,2024-11-25,35,West
PROD-0078,2024-11-25,33,South
PROD-0038,2024-11-25,13,West
PROD-0056,2024-11-25,20,East
PROD-0050,2024-11-25,19,South
PROD-0031,2024-11-25,26,North
PROD-0060,2024-11-25,32,South
PROD-0039,2024-11-25,5,North
PROD-0017,2024-11-25,35,West
PROD-0025,2024-11-25,16,South
PROD-0073,2024-11-25,23,North
PROD-0074,2024-11-25,10,East
PROD-0003,2024-11-25,58,South
PROD-0097,2024-11-25,7,East
PROD-0086,2024-11-25,33,South
PROD-0059,2024-11-25,22,East
PROD-0016,2024-11-25,15,West
PROD-0084,2024-11-25,18,West
PROD-0002,2024-11-25,14,Central
PROD-0029,2024-11-25,46,West
PROD-0089,2024-11-25,15,South
PROD-0018,2024-11-25,16,East
PROD-0091,2024-11-25,39,North
PROD-0099,2024-11-25,24,East
PROD-0048,2024-11-25,23,East
PROD-0054,2024-11-25,31,North
PROD-0076,2024-11-25,62,East
PROD-0069,2024-11-25,18,East
PROD-0055,2024-11-25,24,South
PROD-0008,2024-11-25,7,North
PROD-0033,2024-11-25,9,West
PROD-0043,2024-11-25,28,East
PROD-0053,2024-11-25,48,East
PROD-0098,2024-11-25,24,Central
PROD-0015,2024-11-25,28,West
PROD-0049,2024-11-25,54,East
PROD-0041,2024-11-25,14,North
PROD-0037,2024-11-25,53,Central
PROD-0036,2024-11-25,45,East
PROD-0095,2024-11-25,15,East
PROD-0045,2024-11-25,32,South
PROD-0050,2024-11-26,31,North
PROD-0082,2024-11-26,14,Central
PROD-0008,2024-11-26,10,North
PROD-0080,2024-11-26,35,East
PROD-0056,2024-11-26,63,West
PROD-0026,2024-11-26,54,Central
PROD-0002,2024-11-26,15,East
PROD-0027,2024-11-26,55,West
PROD-0075,2024-11-26,24,South
PROD-0010,2024-11-26,49,Central
PROD-0077,2024-11-26,42,West
PROD-0047,2024-11-26,15,East
PROD-0048,2024-11-26,37,South
PROD-0062,2024-11-26,27,South
PROD-0012,2024-11-26,54,Central
PROD-0040,2024-11-26,52,Central
PROD-0081,2024-11-26,41,East
PROD-0024,2024-11-26,63,Central
PROD-0088,2024-11-26,10,East
PROD-0043,2024-11-26,20,North
PROD-0059,2024-11-26,5,West
PROD-0089,2024-11-26,27,North
PROD-0016,2024-11-26,22,East
PROD-0006,2024-11-26,54,North
PROD-0098,2024-11-26,44,South
PROD-0084,2024-11-26,23,West
PROD-0055,2024-11-26,48,South
PROD-0095,2024-11-26,57,South
PROD-0034,2024-11-26,5,East
PROD-0049,2024-11-26,39,Central
PROD-0031,2024-11-26,14,East
PROD-0076,2024-11-26,27,South
PROD-0085,2024-11-26,6,North
PROD-0009,2024-11-26,61,Central
PROD-0007,2024-11-26,7,South
PROD-0023,2024-11-26,22,West
PROD-0073,2024-11-26,26,South
PROD-0029,2024-11-26,62,West
PROD-0004,2024-11-26,45,West
PROD-0067,2024-11-26,14,East
PROD-0065,2024-11-26,18,North
PROD-0025,2024-11-26,53,North
PROD-0083,2024-11-26,23,West
PROD-0021,2024-11-26,1,West
PROD-0086,2024-11-26,35,Central
PROD-0096,2024-11-26,32,North
PROD-0092,2024-11-26,61,North
PROD-0068,2024-11-26,32,Central
PROD-0038,2024-11-26,53,West
PROD-0030,2024-11-26,20,West
PROD-0074,2024-11-26,26,Central
PROD-0042,2024-11-26,9,South
PROD-0052,2024-11-26,6,Central
PROD-0066,2024-11-26,41,Central
PROD-0039,2024-11-26,58,North
PROD-0014,2024-11-26,32,East
PROD-0028,2024-11-26,1,West
PROD-0094,2024-11-26,6,East
PROD-0046,2024-11-26,37,North
PROD-0078,2024-11-26,29,Central
PROD-0005,2024-11-26,1,North
PROD-0064,2024-11-26,9,South
PROD-0017,2024-11-26,27,North
PROD-0015,2024-11-26,11,South
PROD-0090,2024-11-26,7,West
PROD-0003,2024-11-26,3,North
PROD-0057,2024-11-26,22,North
PROD-0071,2024-11-26,15,West
PROD-0063,2024-11-26,14,Central
PROD-0061,2024-11-26,52,Central
PROD-0083,2024-11-27,42,South
PROD-0067,2024-11-27,53,South
PROD-0100,2024-11-27,10,South
PROD-0052,2024-11-27,5,Central
PROD-0027,2024-11-27,33,North
PROD-0079,2024-11-27,22,Central
PROD-0024,2024-11-27,46,East
PROD-0048,2024-11-27,13,East
PROD-0038,2024-11-27,3,West
PROD-0074,2024-11-27,52,West
PROD-0081,2024-11-27,63,West
PROD-0033,2024-11-27,52,Central
PROD-0007,2024-11-27,53,West
PROD-0050,2024-11-27,42,East
PROD-0064,2024-11-27,14,North
PROD-0001,2024-11-27,5,North
PROD-0018,2024-11-27,24,North
PROD-0053,2024-11-27,23,East
PROD-0022,2024-11-27,11,East
PROD-0060,2024-11-27,33,North
PROD-0046,2024-11-27,54,West
PROD-0094,2024-11-27,19,West
PROD-0065,2024-11-27,14,South
PROD-0041,2024-11-27,59,Central
PROD-0023,2024-11-27,36,North
PROD-0034,2024-11-27,59,East
PROD-0006,2024-11-27,49,East
PROD-0015,2024-11-27,14,Central
PROD-0084,2024-11-27,59,East
PROD-0042,2024-11-27,62,Central
PROD-0085,2024-11-27,59,Central
PROD-0068,2024-11-27,23,West
PROD-0021,2024-11-27,27,West
PROD-0054,2024-11-27,58,West
PROD-0004,2024-11-27,18,West
PROD-0063,2024-11-27,58,Central
PROD-0008,2024-11-27,42,South
PROD-0056,2024-11-27,49,South
PROD-0011,2024-11-27,2,East
PROD-0075,2024-11-27,27,West
PROD-0080,2024-11-27,40,Central
PROD-0097,2024-11-27,40,Central
PROD-0005,2024-11-27,54,Central
PROD-0058,2024-11-27,18,West
PROD-0076,2024-11-27,37,West
PROD-0009,2024-11-27,2,West
PROD-0003,2024-11-27,26,North
PROD-0039,2024-11-27,3,East
PROD-0036,2024-11-27,49,South
PROD-0035,2024-11-27,50,East
PROD-0095,2024-11-27,61,Central
PROD-0073,2024-11-27,9,East
PROD-0077,2024-11-27,1,East
PROD-0092,2024-11-27,19,Central
PROD-0096,2024-11-27,5,South
PROD-0017,2024-11-27,28,West
PROD-0025,2024-11-27,62,North
PROD-0029,2024-11-27,11,Central
PROD-0020,2024-11-27,29,Central
PROD-0069,2024-11-27,53,West
PROD-0093,2024-11-27,52,West
PROD-0010,2024-11-27,36,North
PROD-0099,2024-11-27,52,West
PROD-0049,2024-11-27,18,East
PROD-0044,2024-11-27,26,West
PROD-0016,2024-11-27,33,North
PROD-0072,2024-11-27,41,East
PROD-0043,2024-11-27,7,South
PROD-0089,2024-11-28,7,Central
PROD-0082,2024-11-28,24,South
PROD-0014,2024-11-28,32,South
PROD-0070,2024-11-28,55,South
PROD-0054,2024-11-28,32,East
PROD-0059,2024-11-28,54,East
PROD-0002,2024-11-28,9,Central
PROD-0022,2024-11-28,2,South
PROD-0065,2024-11-28,23,East
PROD-0081,2024-11-28,49,East
PROD-0091,2024-11-28,5,Central
PROD-0098,2024-11-28,29,Central
PROD-0028,2024-11-28,53,South
PROD-0090,2024-11-28,27,West
PROD-0009,2024-11-28,31,South
PROD-0017,2024-11-28,28,South
PROD-0037,2024-11-28,23,South
PROD-0034,2024-11-28,40,West
PROD-0018,2024-11-28,63,Central
PROD-0005,2024-11-28,28,North
PROD-0045,2024-11-28,37,West
PROD-0016,2024-11-28,57,East
PROD-0086,2024-11-28,65,East
PROD-0020,2024-11-28,39,South
PROD-0007,2024-11-28,41,East
PROD-0013,2024-11-28,46,East
PROD-0046,2024-11-28,61,South
PROD-0036,2024-11-28,28,North
PROD-0092,2024-11-28,14,South
PROD-0010,2024-11-28,28,Central
PROD-0033,2024-11-28,24,West
PROD-0040,2024-11-28,39,Central
PROD-0074,2024-11-28,53,North
PROD-0042,2024-11-28,7,West
PROD-0027,2024-11-28,27,South
PROD-0066,2024-11-28,14,West
PROD-0073,2024-11-28,49,South
PROD-0078,2024-11-28,52,East
PROD-0095,2024-11-28,48,West
PROD-0100,2024-11-28,27,South
PROD-0057,2024-11-28,18,Central
PROD-0008,2024-11-28,33,West
PROD-0025,2024-11-28,22,Central
PROD-0004,2024-11-28,48,Central
PROD-0096,2024-11-28,5,South
PROD-0076,2024-11-28,5,South
PROD-0039,2024-11-28,55,Central
PROD-0067,2024-11-28,28,East
PROD-0030,2024-11-28,3,West
PROD-0069,2024-11-28,1,North
PROD-0049,2024-11-28,46,East
PROD-0024,2024-11-28,63,North
PROD-0072,2024-11-28,28,Central
PROD-0084,2024-11-28,59,North
PROD-0079,2024-11-28,11,East
PROD-0061,2024-11-28,13,West
PROD-0093,2024-11-28,48,East
PROD-0011,2024-11-28,40,East
PROD-0041,2024-11-28,19,Central
PROD-0088,2024-11-28,28,North
PROD-0023,2024-11-28,59,South
PROD-0081,2024-11-29,50,West
PROD-0066,2024-11-29,32,South
PROD-0012,2024-11-29,28,South
PROD-0044,2024-11-29,52,East
PROD-0062,2024-11-29,35,North
PROD-0069,2024-11-29,26,South
PROD-0020,2024-11-29,61,West
PROD-0058,2024-11-29,62,South
PROD-0025,2024-11-29,2,East
PROD-0071,2024-11-29,5,Central
PROD-0035,2024-11-29,29,South
PROD-0099,2024-11-29,2,West
PROD-0034,2024-11-29,20,South
PROD-0024,2024-11-29,22,West
PROD-0004,2024-11-29,6,North
PROD-0019,2024-11-29,44,Central
PROD-0052,2024-11-29,41,Central
PROD-0006,2024-11-29,41,South
PROD-0094,2024-11-29,37,South
PROD-0028,2024-11-29,44,South
PROD-0010,2024-11-29,54,West
PROD-0088,2024-11-29,29,Central
PROD-0072,2024-11-29,16,South
PROD-0005,2024-11-29,58,Central
PROD-0073,2024-11-29,3,East
PROD-0023,2024-11-29,9,Central
PROD-0042,2024-11-29,6,West
PROD-0089,2024-11-29,7,West
PROD-0074,2024-11-29,5,South
PROD-0043,2024-11-29,16,South
PROD-0003,2024-11-29,5,Central
PROD-0064,2024-11-29,31,East
PROD-0032,2024-11-29,24,North
PROD-0057,2024-11-29,44,East
PROD-0048,2024-11-29,20,West
PROD-0017,2024-11-29,54,West
PROD-0046,2024-11-29,5,South
PROD-0068,2024-11-29,57,North
PROD-0067,2024-11-29,53,Central
PROD-0097,2024-11-29,16,North
PROD-0008,2024-11-29,19,West
PROD-0014,2024-11-29,46,Central
PROD-0037,2024-11-29,5,South
PROD-0059,2024-11-29,57,North
PROD-0076,2024-11-29,3,Central
PROD-0022,2024-11-29,20,West
PROD-0007,2024-11-29,41,West
PROD-0016,2024-11-29,41,West
PROD-0049,2024-11-29,39,West
PROD-0055,2024-11-29,20,West
PROD-0039,2024-11-29,28,West
PROD-0082,2024-11-29,32,East
PROD-0098,2024-11-29,29,East
PROD-0061,2024-11-29,26,East
PROD-0021,2024-11-29,52,North
PROD-0018,2024-11-29,18,East
PROD-0033,2024-11-29,42,North
PROD-0011,2024-11-29,52,East
PROD-0092,2024-11-29,58,East
PROD-0026,2024-11-29,16,East
PROD-0091,2024-11-29,65,North
PROD-0053,2024-11-29,9,North
PROD-0002,2024-11-29,11,West
PROD-0050,2024-11-29,52,South
PROD-0085,2024-11-29,48,East
PROD-0080,2024-11-29,31,South
PROD-0079,2024-11-29,20,North
PROD-0038,2024-11-29,45,Central
PROD-0013,2024-11-29,61,South
PROD-0001,2024-11-29,16,South
PROD-0070,2024-11-29,16,North
PROD-0065,2024-11-29,18,East
PROD-0009,2024-11-29,57,North
PROD-0032,2024-11-30,32,Central
PROD-0043,2024-11-30,15,East
PROD-0086,2024-11-30,36,North
PROD-0087,2024-11-30,23,North
PROD-0047,2024-11-30,7,West
PROD-0031,2024-11-30,13,North
PROD-0042,2024-11-30,20,South
PROD-0039,2024-11-30,20,North
PROD-0094,2024-11-30,19,West
PROD-0096,2024-11-30,14,North
PROD-0051,2024-11-30,15,North
PROD-0024,2024-11-30,36,East
PROD-0060,2024-11-30,15,Central
PROD-0079,2024-11-30,23,West
PROD-0093,2024-11-30,7,North
PROD-0091,2024-11-30,20,East
PROD-0092,2024-11-30,27,South
PROD-0040,2024-11-30,36,East
PROD-0017,2024-11-30,32,South
PROD-0097,2024-11-30,23,Central
PROD-0084,2024-11-30,23,South
PROD-0034,2024-11-30,2,South
PROD-0068,2024-11-30,28,East
PROD-0078,2024-11-30,2,West
PROD-0049,2024-11-30,28,East
PROD-0098,2024-11-30,23,South
PROD-0069,2024-11-30,16,South
PROD-0028,2024-11-30,32,North
PROD-0003,2024-11-30,7,South
PROD-0100,2024-11-30,36,East
PROD-0041,2024-11-30,24,Central
PROD-0045,2024-11-30,10,West
PROD-0004,2024-11-30,23,North
PROD-0030,2024-11-30,7,East
PROD-0080,2024-11-30,27,South
PROD-0012,2024-11-30,27,East
PROD-0001,2024-11-30,26,Central
PROD-0033,2024-11-30,29,North
PROD-0077,2024-11-30,28,Central
PROD-0059,2024-11-30,15,Central
PROD-0023,2024-11-30,16,North
PROD-0062,2024-11-30,19,East
PROD-0053,2024-11-30,31,Central
PROD-0088,2024-11-30,3,Central
PROD-0048,2024-11-30,13,East
PROD-0061,2024-11-30,19,East
PROD-0010,2024-11-30,15,West
PROD-0071,2024-11-30,13,East
PROD-0018,2024-11-30,7,South
PROD-0007,2024-11-30,28,North
PROD-0009,2024-11-30,1,East
PROD-0038,2024-11-30,3,East
PROD-0081,2024-11-30,7,East
PROD-0025,2024-11-30,7,Central
PROD-0035,2024-11-30,19,West
PROD-0005,2024-11-30,27,East
PROD-0019,2024-11-30,16,East
PROD-0014,2024-11-30,24,North
PROD-0072,2024-11-30,3,Central
PROD-0099,2024-11-30,28,West
PROD-0044,2024-11-30,37,West
PROD-0055,2024-11-30,29,East
PROD-0029,2024-11-30,37,North
PROD-0037,2024-11-30,5,East
PROD-0082,2024-11-30,19,West
PROD-0006,2024-11-30,1,Central
PROD-0018,2024-12-01,11,West
PROD-0077,2024-12-01,24,South
PROD-0027,2024-12-01,37,East
PROD-0080,2024-12-01,1,South
PROD-0070,2024-12-01,24,North
PROD-0036,2024-12-01,2,East
PROD-0028,2024-12-01,32,North
PROD-0041,2024-12-01,23,West
PROD-0093,2024-12-01,35,North
PROD-0092,2024-12-01,31,West
PROD-0079,2024-12-01,11,East
PROD-0005,2024-12-01,35,West
PROD-0024,2024-12-01,1,South
PROD-0058,2024-12-01,5,West
PROD-0052,2024-12-01,5,South
PROD-0097,2024-12-01,32,East
PROD-0091,2024-12-01,0,West
PROD-0071,2024-12-01,28,Central
PROD-0060,2024-12-01,6,North
PROD-0021,2024-12-01,19,East
PROD-0001,2024-12-01,16,West
PROD-0055,2024-12-01,15,South
PROD-0047,2024-12-01,24,East
PROD-0023,2024-12-01,14,South
PROD-0078,2024-12-01,35,Central
PROD-0076,2024-12-01,35,South
PROD-0046,2024-12-01,6,Central
PROD-0054,2024-12-01,37,West
PROD-0022,2024-12-01,24,Central
PROD-0030,2024-12-01,16,North
PROD-0012,2024-12-01,16,North
PROD-0051,2024-12-01,20,West
PROD-0061,2024-12-01,26,Central
PROD-0088,2024-12-01,3,East
PROD-0057,2024-12-01,16,West
PROD-0064,2024-12-01,5,East
PROD-0086,2024-12-01,18,West
PROD-0084,2024-12-01,33,West
PROD-0095,2024-12-01,3,West
PROD-0090,2024-12-01,20,Central
PROD-0089,2024-12-01,28,East
PROD-0094,2024-12-01,1,Central
PROD-0050,2024-12-01,11,West
PROD-0072,2024-12-01,36,South
PROD-0016,2024-12-01,19,East
PROD-0063,2024-12-01,20,North
PROD-0017,2024-12-01,16,Central
PROD-0069,2024-12-01,18,East
PROD-0056,2024-12-01,5,West
PROD-0042,2024-12-01,5,North
PROD-0062,2024-12-01,11,South
PROD-0010,2024-12-01,28,East
PROD-0100,2024-12-01,20,South
PROD-0039,2024-12-01,9,South
PROD-0013,2024-12-01,13,East
PROD-0053,2024-12-01,3,Central
PROD-0007,2024-12-01,7,East
PROD-0082,2024-12-01,19,Central
PROD-0020,2024-12-01,19,North
PROD-0049,2024-12-01,28,South
PROD-0025,2024-12-01,3,South
PROD-0065,2024-12-01,32,West
PROD-0011,2024-12-01,28,West
PROD-0031,2024-12-01,36,East
PROD-0008,2024-12-01,27,West
PROD-0019,2024-12-01,28,West
PROD-0081,2024-12-01,27,East
PROD-0043,2024-12-01,26,West
PROD-0083,2024-12-01,28,Central
PROD-0034,2024-12-01,31,Central
PROD-0029,2024-12-01,20,South
PROD-0037,2024-12-01,3,Central
PROD-0044,2024-12-01,20,South
PROD-0030,2024-12-02,14,West
PROD-0045,2024-12-02,53,North
PROD-0044,2024-12-02,22,South
PROD-0036,2024-12-02,32,Central
PROD-0007,2024-12-02,15,South
PROD-0040,2024-12-02,63,East
PROD-0027,2024-12-02,48,North
PROD-0055,2024-12-02,36,East
PROD-0085,2024-12-02,11,South
PROD-0062,2024-12-02,1,North
PROD-0028,2024-12-02,11,West
PROD-0098,2024-12-02,24,West
PROD-0041,2024-12-02,49,North
PROD-0015,2024-12-02,10,West
PROD-0013,2024-12-02,32,South
PROD-0039,2024-12-02,9,Central
PROD-0099,2024-12-02,7,Central
PROD-0082,2024-12-02,42,West
PROD-0020,2024-12-02,20,West
PROD-0075,2024-12-02,57,North
PROD-0083,2024-12-02,44,East
PROD-0095,2024-12-02,55,East
PROD-0004,2024-12-02,19,West
PROD-0002,2024-12-02,1,West
PROD-0031,2024-12-02,13,South
PROD-0018,2024-12-02,16,North
PROD-0057,2024-12-02,35,South
PROD-0017,2024-12-02,29,West
PROD-0001,2024-12-02,40,South
PROD-0097,2024-12-02,54,East
PROD-0093,2024-12-02,41,West
PROD-0033,2024-12-02,31,West
PROD-0021,2024-12-02,52,East
PROD-0080,2024-12-02,14,Central
PROD-0035,2024-12-02,44,East
PROD-0056,2024-12-02,6,North
PROD-0008,2024-12-02,26,North
PROD-0032,2024-12-02,59,North
PROD-0019,2024-12-02,18,South
PROD-0025,2024-12-02,40,South
PROD-0081,2024-12-02,2,South
PROD-0053,2024-12-02,63,South
PROD-0066,2024-12-02,26,Central
PROD-0034,2024-12-02,15,West
PROD-0063,2024-12-02,26,West
PROD-0049,2024-12-02,18,East
PROD-0078,2024-12-02,11,South
PROD-0074,2024-12-02,28,West
PROD-0061,2024-12-02,7,North
PROD-0050,2024-12-02,46,Central
PROD-0087,2024-12-02,58,South
PROD-0064,2024-12-02,1,South
PROD-0011,2024-12-02,45,North
PROD-0089,2024-12-02,57,West
PROD-0060,2024-12-02,57,Central
PROD-0088,2024-12-02,28,Central
PROD-0096,2024-12-02,55,West
PROD-0003,2024-12-02,11,North
PROD-0047,2024-12-02,46,East
PROD-0023,2024-12-02,16,North
PROD-0084,2024-12-02,59,North
PROD-0001,2024-12-03,14,Central
PROD-0044,2024-12-03,63,North
PROD-0002,2024-12-03,39,West
PROD-0083,2024-12-03,50,North
PROD-0079,2024-12-03,18,West
PROD-0061,2024-12-03,36,West
PROD-0098,2024-12-03,33,South
PROD-0019,2024-12-03,33,Central
PROD-0052,2024-12-03,26,West
PROD-0007,2024-12-03,15,Central
PROD-0045,2024-12-03,6,South
PROD-0033,2024-12-03,14,West
PROD-0047,2024-12-03,27,Central
PROD-0010,2024-12-03,42,East
PROD-0026,2024-12-03,28,North
PROD-0034,2024-12-03,16,South
PROD-0037,2024-12-03,57,West
PROD-0058,2024-12-03,52,North
PROD-0077,2024-12-03,59,South
PROD-0086,2024-12-03,55,Central
PROD-0018,2024-12-03,23,North
PROD-0057,2024-12-03,19,West
PROD-0056,2024-12-03,31,South
PROD-0036,2024-12-03,29,South
PROD-0041,2024-12-03,55,North
PROD-0076,2024-12-03,55,South
PROD-0020,2024-12-03,13,East
PROD-0070,2024-12-03,62,East
PROD-0023,2024-12-03,11,West
PROD-0038,2024-12-03,58,East
PROD-0030,2024-12-03,35,West
PROD-0003,2024-12-03,9,Central
PROD-0092,2024-12-03,53,East
PROD-0013,2024-12-03,5,South
PROD-0005,2024-12-03,5,East
PROD-0088,2024-12-03,33,Central
PROD-0046,2024-12-03,39,Central
PROD-0071,2024-12-03,5,West
PROD-0097,2024-12-03,6,South
PROD-0039,2024-12-03,58,West
PROD-0099,2024-12-03,28,South
PROD-0063,2024-12-03,24,Central
PROD-0029,2024-12-03,24,Central
PROD-0054,2024-12-03,50,North
PROD-0090,2024-12-03,42,East
PROD-0060,2024-12-03,14,Central
PROD-0065,2024-12-03,42,South
PROD-0053,2024-12-03,42,Central
PROD-0055,2024-12-03,14,North
PROD-0035,2024-12-03,59,North
PROD-0022,2024-12-03,27,North
PROD-0012,2024-12-03,23,Central
PROD-0016,2024-12-03,39,West
PROD-0074,2024-12-03,41,West
PROD-0082,2024-12-03,23,Central
PROD-0080,2024-12-03,7,South
PROD-0040,2024-12-03,33,North
PROD-0091,2024-12-03,35,East
PROD-0081,2024-12-03,37,West
PROD-0050,2024-12-03,29,South
PROD-0011,2024-12-03,42,South
PROD-0020,2024-12-04,59,West
PROD-0007,2024-12-04,9,Central
PROD-0003,2024-12-04,54,East
PROD-0083,2024-12-04,55,East
PROD-0094,2024-12-04,59,Central
PROD-0086,2024-12-04,55,North
PROD-0072,2024-12-04,11,Central
PROD-0054,2024-12-04,26,Central
PROD-0008,2024-12-04,22,Central
PROD-0038,2024-12-04,65,East
PROD-0062,2024-12-04,16,East
PROD-0053,2024-12-04,62,East
PROD-0009,2024-12-04,39,West
PROD-0071,2024-12-04,35,West
PROD-0012,2024-12-04,6,South
PROD-0037,2024-12-04,45,Central
PROD-0095,2024-12-04,36,East
PROD-0004,2024-12-04,53,East
PROD-0046,2024-12-04,2,North
PROD-0047,2024-12-04,59,Central
PROD-0097,2024-12-04,7,East
PROD-0048,2024-12-04,50,East
PROD-0091,2024-12-04,61,West
PROD-0041,2024-12-04,62,West
PROD-0080,2024-12-04,42,South
PROD-0006,2024-12-04,13,South
PROD-0075,2024-12-04,48,East
PROD-0021,2024-12-04,63,Central
PROD-0070,2024-12-04,63,South
PROD-0015,2024-12-04,32,North
PROD-0085,2024-12-04,10,Central
PROD-0055,2024-12-04,65,East
PROD-0013,2024-12-04,7,South
PROD-0036,2024-12-04,53,West
PROD-0090,2024-12-04,2,West
PROD-0067,2024-12-04,32,North
PROD-0064,2024-12-04,46,East
PROD-0049,2024-12-04,55,South
PROD-0050,2024-12-04,35,North
PROD-0018,2024-12-04,59,Central
PROD-0098,2024-12-04,41,Central
PROD-0051,2024-12-04,3,West
PROD-0059,2024-12-04,11,North
PROD-0057,2024-12-04,55,South
PROD-0073,2024-12-04,2,South
PROD-0093,2024-12-04,53,South
PROD-0087,2024-12-04,46,Central
PROD-0002,2024-12-04,9,North
PROD-0074,2024-12-04,14,North
PROD-0099,2024-12-04,63,Central
PROD-0014,2024-12-04,52,West
PROD-0058,2024-12-04,33,West
PROD-0069,2024-12-04,36,South
PROD-0100,2024-12-04,37,South
PROD-0028,2024-12-04,2,South
PROD-0025,2024-12-04,54,West
PROD-0060,2024-12-04,19,East
PROD-0027,2024-12-04,65,East
PROD-0019,2024-12-04,42,South
PROD-0065,2024-12-04,32,East
PROD-0017,2024-12-04,35,West
PROD-0081,2024-12-04,1,West
PROD-0078,2024-12-04,53,North
PROD-0024,2024-12-04,49,North
PROD-0082,2024-12-04,29,West
PROD-0011,2024-12-04,55,East
PROD-0088,2024-12-04,41,East
PROD-0022,2024-12-04,16,Central
PROD-0052,2024-12-04,35,West
PROD-0092,2024-12-04,40,North
PROD-0079,2024-12-04,27,East
PROD-0029,2024-12-04,33,West
PROD-0045,2024-12-04,16,Central
PROD-0039,2024-12-04,20,North
PROD-0023,2024-12-04,33,East
PROD-0010,2024-12-04,61,Central
PROD-0030,2024-12-04,1,Central
PROD-0066,2024-12-04,62,East
PROD-0077,2024-12-04,23,West
PROD-0079,2024-12-05,54,Central
PROD-0014,2024-12-05,41,South
PROD-0091,2024-12-05,59,North
PROD-0090,2024-12-05,63,East
PROD-0075,2024-12-05,44,Central
PROD-0047,2024-12-05,36,Central
PROD-0035,2024-12-05,10,North
PROD-0062,2024-12-05,14,East
PROD-0031,2024-12-05,18,North
PROD-0012,2024-12-05,11,Central
PROD-0002,2024-12-05,15,West
PROD-0053,2024-12-05,35,South
PROD-0032,2024-12-05,27,East
PROD-0095,2024-12-05,41,Central
PROD-0087,2024-12-05,5,North
PROD-0034,2024-12-05,48,East
PROD-0030,2024-12-05,44,North
PROD-0056,2024-12-05,26,North
PROD-0020,2024-12-05,7,East
PROD-0085,2024-12-05,32,North
PROD-0017,2024-12-05,27,Central
PROD-0068,2024-12-05,39,North
PROD-0001,2024-12-05,3,North
PROD-0057,2024-12-05,6,Central
PROD-0099,2024-12-05,55,North
PROD-0089,2024-12-05,3,West
PROD-0039,2024-12-05,18,Central
PROD-0045,2024-12-05,42,East
PROD-0051,2024-12-05,22,West
PROD-0060,2024-12-05,37,South
PROD-0033,2024-12-05,53,East
PROD-0092,2024-12-05,61,West
PROD-0006,2024-12-05,24,South
PROD-0013,2024-12-05,33,Central
PROD-0083,2024-12-05,19,Central
PROD-0096,2024-12-05,53,North
PROD-0050,2024-12-05,46,Central
PROD-0023,2024-12-05,23,North
PROD-0007,2024-12-05,18,North
PROD-0081,2024-12-05,48,Central
PROD-0024,2024-12-05,27,Central
PROD-0010,2024-12-05,32,West
PROD-0026,2024-12-05,6,Central
PROD-0003,2024-12-05,19,South
PROD-0025,2024-12-05,9,South
PROD-0071,2024-12-05,1,East
PROD-0028,2024-12-05,24,South
PROD-0093,2024-12-05,55,Central
PROD-0040,2024-12-05,53,East
PROD-0070,2024-12-05,54,South
PROD-0076,2024-12-05,29,North
PROD-0019,2024-12-05,9,North
PROD-0011,2024-12-05,49,North
PROD-0084,2024-12-05,16,East
PROD-0054,2024-12-05,50,East
PROD-0059,2024-12-05,62,North
PROD-0058,2024-12-05,48,East
PROD-0086,2024-12-05,14,Central
PROD-0048,2024-12-05,24,North
PROD-0074,2024-12-05,15,East
PROD-0073,2024-12-05,48,West
PROD-0078,2024-12-05,52,Central
PROD-0015,2024-12-05,62,Central
PROD-0063,2024-12-05,3,South
PROD-0037,2024-12-05,63,South
PROD-0067,2024-12-05,20,Central
PROD-0080,2024-12-05,45,West
PROD-0088,2024-12-05,57,West
PROD-0077,2024-12-05,39,West
PROD-0061,2024-12-05,36,North
PROD-0082,2024-12-05,53,West
PROD-0038,2024-12-05,14,Central
PROD-0027,2024-12-05,48,East
PROD-0021,2024-12-05,6,South
PROD-0069,2024-12-05,65,East
PROD-0052,2024-12-05,2,South
PROD-0008,2024-12-05,48,Central
PROD-0046,2024-12-06,40,Central
PROD-0035,2024-12-06,18,Central
PROD-0022,2024-12-06,39,East
PROD-0005,2024-12-06,24,South
PROD-0094,2024-12-06,2,Central
PROD-0077,2024-12-06,9,Central
PROD-0061,2024-12-06,16,West
PROD-0083,2024-12-06,20,South
PROD-0044,2024-12-06,58,Central
PROD-0045,2024-12-06,55,South
PROD-0018,2024-12-06,53,Central
PROD-0013,2024-12-06,57,West
PROD-0060,2024-12-06,59,North
PROD-0012,2024-12-06,15,West
PROD-0004,2024-12-06,63,West
PROD-0051,2024-12-06,20,Central
PROD-0084,2024-12-06,14,North
PROD-0089,2024-12-06,40,North
PROD-0087,2024-12-06,29,East
PROD-0074,2024-12-06,46,North
PROD-0086,2024-12-06,46,East
PROD-0066,2024-12-06,10,South
PROD-0052,2024-12-06,19,North
PROD-0071,2024-12-06,6,West
PROD-0021,2024-12-06,42,West
PROD-0068,2024-12-06,5,East
PROD-0050,2024-12-06,37,West
PROD-0020,2024-12-06,33,West
PROD-0056,2024-12-06,41,North
PROD-0011,2024-12-06,49,South
PROD-0098,2024-12-06,59,Central
PROD-0037,2024-12-06,46,Central
PROD-0069,2024-12-06,11,North
PROD-0033,2024-12-06,19,North
PROD-0034,2024-12-06,13,Central
PROD-0057,2024-12-06,37,East
PROD-0062,2024-12-06,37,East
PROD-0063,2024-12-06,3,East
PROD-0058,2024-12-06,42,Central
PROD-0054,2024-12-06,63,South
PROD-0027,2024-12-06,20,North
PROD-0085,2024-12-06,18,West
PROD-0032,2024-12-06,1,West
PROD-0065,2024-12-06,37,West
PROD-0041,2024-12-06,44,West
PROD-0028,2024-12-06,10,Central
PROD-0073,2024-12-06,54,South
PROD-0093,2024-12-06,23,Central
PROD-0030,2024-12-06,40,South
PROD-0096,2024-12-06,32,East
PROD-0023,2024-12-06,28,West
PROD-0002,2024-12-06,6,South
PROD-0040,2024-12-06,33,East
PROD-0036,2024-12-06,48,West
PROD-0064,2024-12-06,40,East
PROD-0075,2024-12-06,58,East
PROD-0100,2024-12-06,9,East
PROD-0078,2024-12-06,27,South
PROD-0055,2024-12-06,37,East
PROD-0081,2024-12-06,63,South
PROD-0019,2024-12-06,29,West
PROD-0090,2024-12-06,61,East
PROD-0067,2024-12-06,26,Central
PROD-0049,2024-12-06,45,South
PROD-0097,2024-12-06,27,South
PROD-0088,2024-12-06,61,West
PROD-0070,2024-12-06,54,Central
PROD-0014,2024-12-06,48,North
PROD-0079,2024-12-06,59,North
PROD-0003,2024-12-06,44,East
PROD-0048,2024-12-06,9,North
PROD-0015,2024-12-06,10,East
PROD-0007,2024-12-06,62,West
PROD-0026,2024-12-06,40,South
PROD-0008,2024-12-06,19,Central
PROD-0024,2024-12-06,29,North
PROD-0059,2024-12-07,20,East
PROD-0038,2024-12-07,36,West
PROD-0016,2024-12-07,24,North
PROD-0067,2024-12-07,32,East
PROD-0097,2024-12-07,2,West
PROD-0095,2024-12-07,37,Central
PROD-0031,2024-12-07,0,Central
PROD-0068,2024-12-07,27,South
PROD-0033,2024-12-07,24,South
PROD-0021,2024-12-07,3,Central
PROD-0071,2024-12-07,11,East
PROD-0027,2024-12-07,20,East
PROD-0047,2024-12-07,35,North
PROD-0084,2024-12-07,9,West
PROD-0069,2024-12-07,15,Central
PROD-0061,2024-12-07,20,North
PROD-0076,2024-12-07,11,East
PROD-0089,2024-12-07,36,East
PROD-0057,2024-12-07,19,South
PROD-0086,2024-12-07,35,South
PROD-0001,2024-12-07,10,Central
PROD-0052,2024-12-07,28,South
PROD-0044,2024-12-07,11,East
PROD-0002,2024-12-07,31,East
PROD-0051,2024-12-07,6,East
PROD-0034,2024-12-07,39,East
PROD-0019,2024-12-07,22,North
PROD-0093,2024-12-07,16,North
PROD-0035,2024-12-07,15,East
PROD-0078,2024-12-07,36,West
PROD-0004,2024-12-07,26,South
PROD-0013,2024-12-07,19,South
PROD-0081,2024-12-07,27,Central
PROD-0087,2024-12-07,0,South
PROD-0056,2024-12-07,7,East
PROD-0055,2024-12-07,33,South
PROD-0083,2024-12-07,23,North
PROD-0011,2024-12-07,19,North
PROD-0018,2024-12-07,32,Central
PROD-0096,2024-12-07,36,West
PROD-0060,2024-12-07,39,South
PROD-0041,2024-12-07,35,Central
PROD-0048,2024-12-07,31,West
PROD-0029,2024-12-07,28,West
PROD-0063,2024-12-07,36,East
PROD-0039,2024-12-07,23,West
PROD-0025,2024-12-07,36,South
PROD-0003,2024-12-07,10,West
PROD-0064,2024-12-07,1,South
PROD-0049,2024-12-07,33,Central
PROD-0062,2024-12-07,16,East
PROD-0077,2024-12-07,23,Central
PROD-0028,2024-12-07,37,West
PROD-0075,2024-12-07,37,South
PROD-0072,2024-12-07,20,Central
PROD-0008,2024-12-07,5,Central
PROD-0091,2024-12-07,9,North
PROD-0014,2024-12-07,31,South
PROD-0099,2024-12-07,9,Central
PROD-0080,2024-12-07,13,North
PROD-0058,2024-12-07,39,South
PROD-0065,2024-12-07,35,South
PROD-0012,2024-12-07,6,Central
PROD-0009,2024-12-07,37,North
PROD-0098,2024-12-07,37,West
PROD-0026,2024-12-07,9,East
PROD-0093,2024-12-08,28,East
PROD-0034,2024-12-08,36,North
PROD-0039,2024-12-08,24,East
PROD-0091,2024-12-08,13,East
PROD-0068,2024-12-08,18,East
PROD-0006,2024-12-08,3,Central
PROD-0062,2024-12-08,31,South
PROD-0001,2024-12-08,15,Central
PROD-0048,2024-12-08,26,South
PROD-0070,2024-12-08,3,East
PROD-0064,2024-12-08,39,North
PROD-0092,2024-12-08,2,South
PROD-0047,2024-12-08,16,West
PROD-0087,2024-12-08,11,North
PROD-0004,2024-12-08,9,South
PROD-0055,2024-12-08,24,South
PROD-0057,2024-12-08,20,West
PROD-0076,2024-12-08,9,East
PROD-0056,2024-12-08,32,East
PROD-0025,2024-12-08,31,North
PROD-0038,2024-12-08,15,West
PROD-0069,2024-12-08,28,Central
PROD-0060,2024-12-08,19,East
PROD-0084,2024-12-08,22,North
PROD-0099,2024-12-08,20,Central
PROD-0022,2024-12-08,28,West
PROD-0058,2024-12-08,32,South
PROD-0020,2024-12-08,3,South
PROD-0042,2024-12-08,7,East
PROD-0031,2024-12-08,2,Central
PROD-0052,2024-12-08,20,South
PROD-0081,2024-12-08,27,West
PROD-0100,2024-12-08,27,East
PROD-0077,2024-12-08,19,East
PROD-0075,2024-12-08,31,South
PROD-0045,2024-12-08,15,West
PROD-0015,2024-12-08,19,North
PROD-0053,2024-12-08,33,Central
PROD-0027,2024-12-08,27,South
PROD-0041,2024-12-08,10,North
PROD-0059,2024-12-08,28,South
PROD-0066,2024-12-08,18,Central
PROD-0088,2024-12-08,22,South
PROD-0013,2024-12-08,26,Central
PROD-0067,2024-12-08,32,East
PROD-0023,2024-12-08,19,West
PROD-0032,2024-12-08,32,South
PROD-0030,2024-12-08,19,South
PROD-0018,2024-12-08,3,West
PROD-0019,2024-12-08,9,South
PROD-0040,2024-12-08,1,Central
PROD-0026,2024-12-08,14,West
PROD-0089,2024-12-08,1,North
PROD-0074,2024-12-08,23,South
PROD-0061,2024-12-08,36,West
PROD-0016,2024-12-08,7,Central
PROD-0083,2024-12-08,39,North
PROD-0010,2024-12-08,11,South
PROD-0029,2024-12-08,35,West
PROD-0054,2024-12-08,15,Central
PROD-0065,2024-12-08,2,Central
PROD-0073,2024-12-08,14,West
PROD-0063,2024-12-08,14,Central
PROD-0072,2024-12-08,3,North
PROD-0087,2024-12-09,20,East
PROD-0001,2024-12-09,54,South
PROD-0047,2024-12-09,57,North
PROD-0077,2024-12-09,19,North
PROD-0028,2024-12-09,5,North
PROD-0067,2024-12-09,32,West
PROD-0071,2024-12-09,20,West
PROD-0058,2024-12-09,36,South
PROD-0039,2024-12-09,63,South
PROD-0100,2024-12-09,44,East
PROD-0083,2024-12-09,31,East
PROD-0072,2024-12-09,26,North
PROD-0021,2024-12-09,24,North
PROD-0010,2024-12-09,45,East
PROD-0052,2024-12-09,39,Central
PROD-0024,2024-12-09,32,South
PROD-0054,2024-12-09,14,Central
PROD-0061,2024-12-09,29,North
PROD-0020,2024-12-09,63,North
PROD-0008,2024-12-09,53,North
PROD-0099,2024-12-09,42,East
PROD-0006,2024-12-09,44,West
PROD-0012,2024-12-09,7,North
PROD-0005,2024-12-09,32,West
PROD-0081,2024-12-09,62,North
PROD-0063,2024-12-09,62,North
PROD-0046,2024-12-09,15,West
PROD-0080,2024-12-09,1,East
PROD-0013,2024-12-09,35,Central
PROD-0055,2024-12-09,2,North
PROD-0023,2024-12-09,37,East
PROD-0040,2024-12-09,52,East
PROD-0004,2024-12-09,16,Central
PROD-0036,2024-12-09,53,Central
PROD-0002,2024-12-09,9,West
PROD-0066,2024-12-09,11,East
PROD-0085,2024-12-09,23,North
PROD-0093,2024-12-09,2,West
PROD-0091,2024-12-09,32,West
PROD-0042,2024-12-09,45,Central
PROD-0034,2024-12-09,24,East
PROD-0084,2024-12-09,40,South
PROD-0075,2024-12-09,13,North
PROD-0022,2024-12-09,36,East
PROD-0062,2024-12-09,5,South
PROD-0025,2024-12-09,57,East
PROD-0078,2024-12-09,13,South
PROD-0026,2024-12-09,65,Central
PROD-0064,2024-12-09,48,South
PROD-0051,2024-12-09,29,East
PROD-0011,2024-12-09,62,East
PROD-0038,2024-12-09,1,West
PROD-0033,2024-12-09,6,North
PROD-0073,2024-12-09,54,North
PROD-0056,2024-12-09,57,West
PROD-0014,2024-12-09,63,South
PROD-0065,2024-12-09,52,Central
PROD-0018,2024-12-09,31,North
PROD-0015,2024-12-09,14,South
PROD-0053,2024-12-09,55,North
PROD-0037,2024-12-09,29,North
PROD-0095,2024-12-09,36,West
PROD-0043,2024-12-09,37,North
PROD-0057,2024-12-09,22,Central
PROD-0048,2024-12-09,28,South
PROD-0030,2024-12-09,19,South
PROD-0074,2024-12-09,65,North
PROD-0017,2024-12-09,41,North
PROD-0009,2024-12-10,48,East
PROD-0034,2024-12-10,29,East
PROD-0093,2024-12-10,62,North
PROD-0011,2024-12-10,14,Central
PROD-0062,2024-12-10,46,South
PROD-0063,2024-12-10,24,Central
PROD-0051,2024-12-10,15,South
PROD-0077,2024-12-10,1,South
PROD-0050,2024-12-10,42,Central
PROD-0043,2024-12-10,6,East
PROD-0097,2024-12-10,54,South
PROD-0014,2024-12-10,5,Central
PROD-0057,2024-12-10,49,East
PROD-0007,2024-12-10,11,North
PROD-0044,2024-12-10,37,West
PROD-0060,2024-12-10,46,North
PROD-0010,2024-12-10,10,South
PROD-0095,2024-12-10,35,Central
PROD-0036,2024-12-10,36,South
PROD-0078,2024-12-10,28,North
PROD-0019,2024-12-10,27,North
PROD-0070,2024-12-10,40,South
PROD-0029,2024-12-10,59,South
PROD-0094,2024-12-10,23,Central
PROD-0096,2024-12-10,6,South
PROD-0028,2024-12-10,50,East
PROD-0098,2024-12-10,20,North
PROD-0083,2024-12-10,20,South
PROD-0006,2024-12-10,31,North
PROD-0018,2024-12-10,62,South
PROD-0084,2024-12-10,41,East
PROD-0026,2024-12-10,50,West
PROD-0040,2024-12-10,13,South
PROD-0023,2024-12-10,46,South
PROD-0039,2024-12-10,42,East
PROD-0004,2024-12-10,24,North
PROD-0030,2024-12-10,63,South
PROD-0015,2024-12-10,40,West
PROD-0052,2024-12-10,29,East
PROD-0035,2024-12-10,18,Central
PROD-0053,2024-12-10,49,Central
PROD-0075,2024-12-10,23,South
PROD-0058,2024-12-10,61,Central
PROD-0020,2024-12-10,63,East
PROD-0027,2024-12-10,62,Central
PROD-0024,2024-12-10,2,South
PROD-0037,2024-12-10,19,North
PROD-0047,2024-12-10,44,West
PROD-0076,2024-12-10,53,East
PROD-0086,2024-12-10,9,East
PROD-0081,2024-12-10,46,West
PROD-0074,2024-12-10,54,South
PROD-0048,2024-12-10,11,Central
PROD-0001,2024-12-10,54,North
PROD-0069,2024-12-10,42,East
PROD-0080,2024-12-10,2,East
PROD-0091,2024-12-10,5,East
PROD-0092,2024-12-10,55,Central
PROD-0068,2024-12-10,41,North
PROD-0031,2024-12-10,28,Central
PROD-0054,2024-12-10,2,East
PROD-0087,2024-12-10,10,Central
PROD-0088,2024-12-10,11,South
PROD-0055,2024-12-10,39,West
PROD-0049,2024-12-10,14,North
PROD-0028,2024-12-11,5,West
PROD-0038,2024-12-11,22,East
PROD-0002,2024-12-11,22,West
PROD-0081,2024-12-11,48,South
PROD-0067,2024-12-11,48,North
PROD-0045,2024-12-11,58,North
PROD-0004,2024-12-11,40,North
PROD-0026,2024-12-11,41,East
PROD-0035,2024-12-11,59,North
PROD-0091,2024-12-11,2,South
PROD-0050,2024-12-11,59,East
PROD-0072,2024-12-11,29,West
PROD-0008,2024-12-11,44,Central
PROD-0070,2024-12-11,58,East
PROD-0089,2024-12-11,44,West
PROD-0079,2024-12-11,28,West
PROD-0083,2024-12-11,63,South
PROD-0092,2024-12-11,40,East
PROD-0042,2024-12-11,65,East
PROD-0009,2024-12-11,50,West
PROD-0044,2024-12-11,33,West
PROD-0016,2024-12-11,1,West
PROD-0017,2024-12-11,11,South
PROD-0061,2024-12-11,33,West
PROD-0027,2024-12-11,61,North
PROD-0029,2024-12-11,65,East
PROD-0097,2024-12-11,40,East
PROD-0013,2024-12-11,9,South
PROD-0007,2024-12-11,1,Central
PROD-0015,2024-12-11,9,Central
PROD-0098,2024-12-11,1,South
PROD-0025,2024-12-11,36,Central
PROD-0034,2024-12-11,50,South
PROD-0057,2024-12-11,42,South
PROD-0006,2024-12-11,29,South
PROD-0060,2024-12-11,45,Central
PROD-0010,2024-12-11,53,East
PROD-0075,2024-12-11,1,East
PROD-0040,2024-12-11,18,Central
PROD-0046,2024-12-11,20,East
PROD-0073,2024-12-11,10,West
PROD-0020,2024-12-11,2,South
PROD-0065,2024-12-11,33,Central
PROD-0063,2024-12-11,65,East
PROD-0036,2024-12-11,40,West
PROD-0030,2024-12-11,31,South
PROD-0084,2024-12-11,58,West
PROD-0078,2024-12-11,35,Central
PROD-0082,2024-12-11,24,Central
PROD-0085,2024-12-11,5,South
PROD-0099,2024-12-11,55,North
PROD-0086,2024-12-11,36,South
PROD-0014,2024-12-11,33,West
PROD-0096,2024-12-11,44,North
PROD-0068,2024-12-11,39,East
PROD-0054,2024-12-11,13,East
PROD-0037,2024-12-11,54,Central
PROD-0047,2024-12-11,6,South
PROD-0018,2024-12-11,28,South
PROD-0024,2024-12-11,41,West
PROD-0062,2024-12-11,23,South
PROD-0086,2024-12-12,42,South
PROD-0044,2024-12-12,63,Central
PROD-0054,2024-12-12,19,North
PROD-0018,2024-12-12,18,Central
PROD-0049,2024-12-12,63,East
PROD-0066,2024-12-12,20,Central
PROD-0032,2024-12-12,31,South
PROD-0025,2024-12-12,62,West
PROD-0051,2024-12-12,3,Central
PROD-0029,2024-12-12,54,Central
PROD-0082,2024-12-12,29,South
PROD-0064,2024-12-12,15,Central
PROD-0047,2024-12-12,46,West
PROD-0048,2024-12-12,20,East
PROD-0097,2024-12-12,59,North
PROD-0057,2024-12-12,7,North
PROD-0100,2024-12-12,22,Central
PROD-0007,2024-12-12,50,West
PROD-0043,2024-12-12,61,East
PROD-0020,2024-12-12,39,East
PROD-0010,2024-12-12,23,West
PROD-0028,2024-12-12,16,West
PROD-0058,2024-12-12,39,North
PROD-0063,2024-12-12,23,Central
PROD-0093,2024-12-12,52,North
PROD-0027,2024-12-12,48,West
PROD-0065,2024-12-12,39,Central
PROD-0088,2024-12-12,6,Central
PROD-0090,2024-12-12,26,East
PROD-0045,2024-12-12,32,East
PROD-0083,2024-12-12,48,West
PROD-0080,2024-12-12,37,South
PROD-0012,2024-12-12,52,West
PROD-0059,2024-12-12,9,North
PROD-0011,2024-12-12,55,South
PROD-0081,2024-12-12,65,East
PROD-0021,2024-12-12,2,East
PROD-0055,2024-12-12,40,South
PROD-0022,2024-12-12,33,Central
PROD-0062,2024-12-12,61,Central
PROD-0006,2024-12-12,9,North
PROD-0016,2024-12-12,44,North
PROD-0023,2024-12-12,24,North
PROD-0089,2024-12-12,59,West
PROD-0053,2024-12-12,27,West
PROD-0039,2024-12-12,52,East
PROD-0034,2024-12-12,18,North
PROD-0096,2024-12-12,40,South
PROD-0036,2024-12-12,9,Central
PROD-0041,2024-12-12,55,Central
PROD-0075,2024-12-12,39,West
PROD-0002,2024-12-12,6,West
PROD-0019,2024-12-12,48,Central
PROD-0067,2024-12-12,9,West
PROD-0061,2024-12-12,27,Central
PROD-0015,2024-12-12,39,South
PROD-0042,2024-12-12,19,West
PROD-0035,2024-12-12,20,East
PROD-0009,2024-12-12,63,North
PROD-0056,2024-12-12,10,North
PROD-0024,2024-12-12,22,Central
PROD-0098,2024-12-12,28,West
PROD-0046,2024-12-12,46,West
PROD-0071,2024-12-12,37,North
PROD-0068,2024-12-12,13,West
PROD-0014,2024-12-12,27,West
PROD-0031,2024-12-12,58,South
PROD-0060,2024-12-12,46,North
PROD-0099,2024-12-12,46,South
PROD-0092,2024-12-12,65,Central
PROD-0085,2024-12-12,10,South
PROD-0037,2024-12-12,41,Central
PROD-0002,2024-12-13,45,Central
PROD-0095,2024-12-13,31,South
PROD-0031,2024-12-13,22,Central
PROD-0035,2024-12-13,57,Central
PROD-0064,2024-12-13,6,Central
PROD-0003,2024-12-13,33,North
PROD-0045,2024-12-13,53,Central
PROD-0079,2024-12-13,24,North
PROD-0072,2024-12-13,61,East
PROD-0028,2024-12-13,57,Central
PROD-0081,2024-12-13,65,East
PROD-0071,2024-12-13,31,South
PROD-0001,2024-12-13,39,South
PROD-0055,2024-12-13,5,East
PROD-0078,2024-12-13,18,West
PROD-0096,2024-12-13,35,South
PROD-0037,2024-12-13,10,Central
PROD-0068,2024-12-13,27,East
PROD-0100,2024-12-13,48,West
PROD-0016,2024-12-13,41,North
PROD-0011,2024-12-13,41,North
PROD-0020,2024-12-13,36,Central
PROD-0007,2024-12-13,22,East
PROD-0005,2024-12-13,46,North
PROD-0049,2024-12-13,23,East
PROD-0076,2024-12-13,1,North
PROD-0032,2024-12-13,5,East
PROD-0027,2024-12-13,3,West
PROD-0012,2024-12-13,31,West
PROD-0062,2024-12-13,3,South
PROD-0087,2024-12-13,20,North
PROD-0097,2024-12-13,5,West
PROD-0073,2024-12-13,26,North
PROD-0067,2024-12-13,37,Central
PROD-0090,2024-12-13,41,South
PROD-0050,2024-12-13,49,West
PROD-0046,2024-12-13,44,South
PROD-0041,2024-12-13,15,Central
PROD-0083,2024-12-13,42,East
PROD-0065,2024-12-13,62,East
PROD-0063,2024-12-13,13,West
PROD-0080,2024-12-13,18,East
PROD-0014,2024-12-13,22,Central
PROD-0047,2024-12-13,59,West
PROD-0023,2024-12-13,48,Central
PROD-0059,2024-12-13,13,East
PROD-0052,2024-12-13,10,Central
PROD-0051,2024-12-13,40,South
PROD-0021,2024-12-13,35,West
PROD-0034,2024-12-13,53,East
PROD-0025,2024-12-13,23,West
PROD-0091,2024-12-13,61,East
PROD-0098,2024-12-13,42,West
PROD-0036,2024-12-13,46,South
PROD-0093,2024-12-13,55,West
PROD-0075,2024-12-13,6,North
PROD-0077,2024-12-13,58,East
PROD-0061,2024-12-13,16,Central
PROD-0022,2024-12-13,62,South
PROD-0040,2024-12-13,29,Central
PROD-0013,2024-12-13,5,West
PROD-0015,2024-12-13,58,West
PROD-0082,2024-12-13,39,North
PROD-0099,2024-12-13,46,East
PROD-0060,2024-12-13,16,West
PROD-0086,2024-12-13,1,North
PROD-0092,2024-12-13,40,East
PROD-0004,2024-12-13,19,North
PROD-0085,2024-12-13,22,North
PROD-0054,2024-12-13,14,East
PROD-0089,2024-12-13,32,North
PROD-0024,2024-12-13,3,East
PROD-0041,2024-12-14,5,West
PROD-0088,2024-12-14,33,West
PROD-0072,2024-12-14,24,West
PROD-0086,2024-12-14,16,South
PROD-0057,2024-12-14,23,North
PROD-0079,2024-12-14,22,North
PROD-0056,2024-12-14,7,West
PROD-0091,2024-12-14,28,West
PROD-0015,2024-12-14,5,West
PROD-0007,2024-12-14,20,South
PROD-0027,2024-12-14,36,East
PROD-0061,2024-12-14,0,West
PROD-0060,2024-12-14,37,East
PROD-0016,2024-12-14,9,West
PROD-0089,2024-12-14,7,Central
PROD-0058,2024-12-14,36,Central
PROD-0035,2024-12-14,1,East
PROD-0033,2024-12-14,10,Central
PROD-0039,2024-12-14,27,North
PROD-0055,2024-12-14,24,West
PROD-0004,2024-12-14,23,West
PROD-0029,2024-12-14,6,South
PROD-0099,2024-12-14,22,North
PROD-0094,2024-12-14,7,East
PROD-0024,2024-12-14,15,South
PROD-0065,2024-12-14,3,West
PROD-0005,2024-12-14,31,South
PROD-0036,2024-12-14,28,North
PROD-0073,2024-12-14,15,Central
PROD-0050,2024-12-14,15,West
PROD-0043,2024-12-14,13,West
PROD-0008,2024-12-14,6,East
PROD-0078,2024-12-14,20,North
PROD-0021,2024-12-14,14,West
PROD-0003,2024-12-14,23,Central
PROD-0074,2024-12-14,7,North
PROD-0067,2024-12-14,33,South
PROD-0018,2024-12-14,20,Central
PROD-0051,2024-12-14,1,West
PROD-0085,2024-12-14,35,North
PROD-0045,2024-12-14,15,East
PROD-0049,2024-12-14,1,South
PROD-0047,2024-12-14,19,North
PROD-0054,2024-12-14,11,East
PROD-0066,2024-12-14,1,Central
PROD-0080,2024-12-14,23,South
PROD-0010,2024-12-14,3,South
PROD-0002,2024-12-14,7,North
PROD-0096,2024-12-14,35,West
PROD-0097,2024-12-14,19,West
PROD-0012,2024-12-14,20,West
PROD-0037,2024-12-14,15,East
PROD-0084,2024-12-14,32,North
PROD-0025,2024-12-14,15,South
PROD-0098,2024-12-14,36,South
PROD-0020,2024-12-14,13,South
PROD-0071,2024-12-14,31,North
PROD-0082,2024-12-14,35,West
PROD-0031,2024-12-14,28,East
PROD-0077,2024-12-14,11,East
PROD-0062,2024-12-14,11,South
PROD-0070,2024-12-14,24,West
PROD-0094,2024-12-15,23,Central
PROD-0063,2024-12-15,32,North
PROD-0069,2024-12-15,18,Central
PROD-0018,2024-12-15,3,South
PROD-0006,2024-12-15,26,North
PROD-0085,2024-12-15,16,West
PROD-0082,2024-12-15,11,South
PROD-0031,2024-12-15,5,South
PROD-0001,2024-12-15,19,West
PROD-0080,2024-12-15,27,Central
PROD-0026,2024-12-15,19,East
PROD-0005,2024-12-15,16,East
PROD-0079,2024-12-15,18,South
PROD-0041,2024-12-15,20,North
PROD-0076,2024-12-15,15,North
PROD-0074,2024-12-15,1,West
PROD-0049,2024-12-15,0,East
PROD-0015,2024-12-15,32,East
PROD-0017,2024-12-15,24,North
PROD-0097,2024-12-15,18,South
PROD-0071,2024-12-15,31,East
PROD-0012,2024-12-15,1,Central
PROD-0100,2024-12-15,19,Central
PROD-0083,2024-12-15,24,East
PROD-0029,2024-12-15,14,North
PROD-0088,2024-12-15,6,South
PROD-0043,2024-12-15,16,Central
PROD-0009,2024-12-15,28,Central
PROD-0064,2024-12-15,28,West
PROD-0046,2024-12-15,32,South
PROD-0075,2024-12-15,15,Central
PROD-0034,2024-12-15,19,Central
PROD-0054,2024-12-15,7,West
PROD-0061,2024-12-15,11,East
PROD-0067,2024-12-15,20,North
PROD-0059,2024-12-15,1,West
PROD-0072,2024-12-15,32,South
PROD-0065,2024-12-15,16,East
PROD-0027,2024-12-15,3,East
PROD-0053,2024-12-15,3,West
PROD-0011,2024-12-15,37,Central
PROD-0033,2024-12-15,37,West
PROD-0078,2024-12-15,35,East
PROD-0010,2024-12-15,3,Central
PROD-0087,2024-12-15,9,West
PROD-0025,2024-12-15,26,East
PROD-0070,2024-12-15,28,East
PROD-0037,2024-12-15,10,North
PROD-0092,2024-12-15,9,West
PROD-0050,2024-12-15,9,East
PROD-0052,2024-12-15,37,East
PROD-0081,2024-12-15,16,Central
PROD-0095,2024-12-15,32,North
PROD-0036,2024-12-15,32,North
PROD-0016,2024-12-15,31,West
PROD-0019,2024-12-15,20,South
PROD-0023,2024-12-15,5,South
PROD-0077,2024-12-15,13,West
PROD-0084,2024-12-15,37,North
PROD-0020,2024-12-15,19,East
PROD-0091,2024-12-15,33,West
PROD-0003,2024-12-15,3,East
PROD-0066,2024-12-15,7,West
PROD-0068,2024-12-15,39,East
PROD-0062,2024-12-15,11,South
PROD-0032,2024-12-15,7,South
PROD-0099,2024-12-15,33,East
PROD-0045,2024-12-15,39,West
PROD-0014,2024-12-15,1,Central
PROD-0089,2024-12-15,5,North
PROD-0022,2024-12-15,5,East
PROD-0051,2024-12-15,26,North
PROD-0028,2024-12-15,7,Central
PROD-0042,2024-12-15,36,West
PROD-0024,2024-12-15,3,Central
PROD-0090,2024-12-15,27,Central
PROD-0055,2024-12-15,13,North
PROD-0030,2024-12-15,39,Central
PROD-0063,2024-12-16,55,East
PROD-0064,2024-12-16,20,West
PROD-0087,2024-12-16,65,East
PROD-0084,2024-12-16,46,North
PROD-0021,2024-12-16,11,West
PROD-0075,2024-12-16,42,North
PROD-0070,2024-12-16,41,Central
PROD-0049,2024-12-16,20,North
PROD-0089,2024-12-16,61,North
PROD-0056,2024-12-16,44,North
PROD-0006,2024-12-16,27,Central
PROD-0090,2024-12-16,45,Central
PROD-0062,2024-12-16,50,North
PROD-0026,2024-12-16,28,Central
PROD-0016,2024-12-16,3,Central
PROD-0044,2024-12-16,10,East
PROD-0012,2024-12-16,2,South
PROD-0020,2024-12-16,18,East
PROD-0010,2024-12-16,59,North
PROD-0086,2024-12-16,28,North
PROD-0099,2024-12-16,46,North
PROD-0048,2024-12-16,58,North
PROD-0082,2024-12-16,28,West
PROD-0007,2024-12-16,59,South
PROD-0022,2024-12-16,28,Central
PROD-0073,2024-12-16,61,West
PROD-0019,2024-12-16,49,Central
PROD-0071,2024-12-16,3,South
PROD-0032,2024-12-16,9,South
PROD-0067,2024-12-16,6,North
PROD-0027,2024-12-16,35,West
PROD-0097,2024-12-16,48,East
PROD-0076,2024-12-16,35,North
PROD-0088,2024-12-16,11,North
PROD-0077,2024-12-16,14,East
PROD-0065,2024-12-16,36,West
PROD-0054,2024-12-16,36,East
PROD-0055,2024-12-16,13,Central
PROD-0005,2024-12-16,10,South
PROD-0081,2024-12-16,59,East
PROD-0017,2024-12-16,48,Central
PROD-0085,2024-12-16,16,West
PROD-0034,2024-12-16,65,South
PROD-0033,2024-12-16,5,West
PROD-0008,2024-12-16,23,Central
PROD-0009,2024-12-16,42,Central
PROD-0003,2024-12-16,22,Central
PROD-0066,2024-12-16,58,East
PROD-0015,2024-12-16,50,North
PROD-0029,2024-12-16,15,West
PROD-0028,2024-12-16,1,Central
PROD-0046,2024-12-16,13,North
PROD-0023,2024-12-16,20,South
PROD-0068,2024-12-16,7,East
PROD-0074,2024-12-16,62,West
PROD-0094,2024-12-16,31,West
PROD-0072,2024-12-16,57,East
PROD-0057,2024-12-16,41,North
PROD-0013,2024-12-16,63,West
PROD-0096,2024-12-16,33,East
PROD-0047,2024-12-16,41,Central
PROD-0035,2024-12-16,53,North
PROD-0002,2024-12-16,18,North
PROD-0080,2024-12-16,24,Central
PROD-0051,2024-12-16,52,East
PROD-0045,2024-12-16,5,East
PROD-0092,2024-12-16,20,Central
PROD-0011,2024-12-16,48,West
PROD-0030,2024-12-16,24,North
PROD-0040,2024-12-16,33,East
PROD-0036,2024-12-16,29,North
PROD-0042,2024-12-16,44,West
PROD-0033,2024-12-17,61,Central
PROD-0061,2024-12-17,27,South
PROD-0077,2024-12-17,11,South
PROD-0025,2024-12-17,19,North
PROD-0100,2024-12-17,40,South
PROD-0064,2024-12-17,23,Central
PROD-0037,2024-12-17,41,West
PROD-0056,2024-12-17,22,North
PROD-0003,2024-12-17,15,West
PROD-0070,2024-12-17,9,South
PROD-0053,2024-12-17,55,Central
PROD-0057,2024-12-17,31,East
PROD-0087,2024-12-17,41,East
PROD-0021,2024-12-17,27,Central
PROD-0060,2024-12-17,33,North
PROD-0002,2024-12-17,42,North
PROD-0075,2024-12-17,58,East
PROD-0085,2024-12-17,42,South
PROD-0031,2024-12-17,48,South
PROD-0079,2024-12-17,26,North
PROD-0068,2024-12-17,44,South
PROD-0034,2024-12-17,31,East
PROD-0044,2024-12-17,53,East
PROD-0092,2024-12-17,13,West
PROD-0071,2024-12-17,42,Central
PROD-0022,2024-12-17,29,Central
PROD-0047,2024-12-17,45,Central
PROD-0054,2024-12-17,10,Central
PROD-0049,2024-12-17,15,North
PROD-0097,2024-12-17,36,Central
PROD-0028,2024-12-17,32,East
PROD-0011,2024-12-17,32,Central
PROD-0014,2024-12-17,16,South
PROD-0042,2024-12-17,31,Central
PROD-0030,2024-12-17,35,South
PROD-0059,2024-12-17,39,West
PROD-0008,2024-12-17,58,South
PROD-0072,2024-12-17,11,South
PROD-0074,2024-12-17,35,Central
PROD-0051,2024-12-17,20,North
PROD-0098,2024-12-17,15,West
PROD-0018,2024-12-17,28,South
PROD-0094,2024-12-17,22,North
PROD-0083,2024-12-17,45,South
PROD-0082,2024-12-17,52,Central
PROD-0045,2024-12-17,59,East
PROD-0043,2024-12-17,28,West
PROD-0076,2024-12-17,46,North
PROD-0029,2024-12-17,14,South
PROD-0099,2024-12-17,42,North
PROD-0023,2024-12-17,7,West
PROD-0007,2024-12-17,41,North
PROD-0089,2024-12-17,57,North
PROD-0091,2024-12-17,35,South
PROD-0024,2024-12-17,48,East
PROD-0065,2024-12-17,31,North
PROD-0090,2024-12-17,11,West
PROD-0069,2024-12-17,55,Central
PROD-0013,2024-12-17,24,East
PROD-0015,2024-12-17,39,South
PROD-0093,2024-12-17,65,East
PROD-0010,2024-12-17,55,South
PROD-0097,2024-12-18,54,East
PROD-0007,2024-12-18,58,South
PROD-0034,2024-12-18,52,North
PROD-0081,2024-12-18,2,South
PROD-0043,2024-12-18,15,South
PROD-0030,2024-12-18,62,North
PROD-0025,2024-12-18,44,West
PROD-0019,2024-12-18,55,West
PROD-0056,2024-12-18,39,Central
PROD-0054,2024-12-18,53,North
PROD-0026,2024-12-18,36,West
PROD-0014,2024-12-18,53,West
PROD-0040,2024-12-18,62,East
PROD-0051,2024-12-18,40,West
PROD-0049,2024-12-18,54,South
PROD-0091,2024-12-18,63,North
PROD-0086,2024-12-18,59,North
PROD-0075,2024-12-18,7,North
PROD-0067,2024-12-18,24,North
PROD-0060,2024-12-18,46,South
PROD-0087,2024-12-18,42,East
PROD-0066,2024-12-18,20,West
PROD-0071,2024-12-18,46,South
PROD-0053,2024-12-18,33,North
PROD-0038,2024-12-18,7,Central
PROD-0059,2024-12-18,37,West
PROD-0069,2024-12-18,59,West
PROD-0090,2024-12-18,52,East
PROD-0052,2024-12-18,54,South
PROD-0073,2024-12-18,16,East
PROD-0077,2024-12-18,13,South
PROD-0031,2024-12-18,27,South
PROD-0046,2024-12-18,49,South
PROD-0062,2024-12-18,52,South
PROD-0023,2024-12-18,11,East
PROD-0011,2024-12-18,11,East
PROD-0018,2024-12-18,63,West
PROD-0058,2024-12-18,40,West
PROD-0016,2024-12-18,65,South
PROD-0078,2024-12-18,39,West
PROD-0037,2024-12-18,22,East
PROD-0003,2024-12-18,37,East
PROD-0005,2024-12-18,5,South
PROD-0029,2024-12-18,9,Central
PROD-0035,2024-12-18,44,East
PROD-0044,2024-12-18,15,North
PROD-0076,2024-12-18,9,East
PROD-0050,2024-12-18,44,East
PROD-0065,2024-12-18,36,North
PROD-0095,2024-12-18,19,West
PROD-0057,2024-12-18,16,Central
PROD-0072,2024-12-18,19,Central
PROD-0028,2024-12-18,33,Central
PROD-0032,2024-12-18,41,Central
PROD-0010,2024-12-18,42,East
PROD-0020,2024-12-18,15,North
PROD-0084,2024-12-18,63,East
PROD-0045,2024-12-18,39,East
PROD-0042,2024-12-18,58,Central
PROD-0039,2024-12-18,65,Central
PROD-0099,2024-12-18,20,East
PROD-0036,2024-12-18,55,Central
PROD-0079,2024-12-18,50,East
PROD-0055,2024-12-18,37,West
PROD-0092,2024-12-18,5,West
PROD-0087,2024-12-19,61,South
PROD-0008,2024-12-19,57,Central
PROD-0025,2024-12-19,15,Central
PROD-0096,2024-12-19,28,South
PROD-0042,2024-12-19,11,North
PROD-0078,2024-12-19,13,East
PROD-0090,2024-12-19,26,West
PROD-0039,2024-12-19,7,West
PROD-0100,2024-12-19,59,West
PROD-0009,2024-12-19,49,East
PROD-0065,2024-12-19,35,West
PROD-0072,2024-12-19,54,West
PROD-0079,2024-12-19,44,North
PROD-0033,2024-12-19,44,Central
PROD-0019,2024-12-19,44,West
PROD-0089,2024-12-19,18,West
PROD-0074,2024-12-19,62,North
PROD-0006,2024-12-19,19,Central
PROD-0057,2024-12-19,27,Central
PROD-0050,2024-12-19,59,East
PROD-0044,2024-12-19,65,East
PROD-0041,2024-12-19,49,South
PROD-0073,2024-12-19,59,North
PROD-0068,2024-12-19,10,Central
PROD-0093,2024-12-19,28,West
PROD-0061,2024-12-19,15,South
PROD-0024,2024-12-19,53,East
PROD-0010,2024-12-19,53,North
PROD-0053,2024-12-19,7,Central
PROD-0027,2024-12-19,23,West
PROD-0026,2024-12-19,18,West
PROD-0034,2024-12-19,41,Central
PROD-0002,2024-12-19,36,South
PROD-0095,2024-12-19,33,South
PROD-0058,2024-12-19,42,Central
PROD-0051,2024-12-19,32,East
PROD-0029,2024-12-19,24,Central
PROD-0064,2024-12-19,52,West
PROD-0052,2024-12-19,57,West
PROD-0066,2024-12-19,48,North
PROD-0085,2024-12-19,59,West
PROD-0005,2024-12-19,46,South
PROD-0086,2024-12-19,11,North
PROD-0081,2024-12-19,3,Central
PROD-0080,2024-12-19,59,North
PROD-0013,2024-12-19,2,North
PROD-0098,2024-12-19,9,East
PROD-0059,2024-12-19,15,Central
PROD-0036,2024-12-19,35,West
PROD-0094,2024-12-19,50,North
PROD-0097,2024-12-19,33,South
PROD-0004,2024-12-19,27,North
PROD-0018,2024-12-19,27,West
PROD-0017,2024-12-19,27,Central
PROD-0032,2024-12-19,28,North
PROD-0083,2024-12-19,22,Central
PROD-0070,2024-12-19,65,North
PROD-0020,2024-12-19,48,West
PROD-0023,2024-12-19,37,North
PROD-0056,2024-12-19,53,North
PROD-0084,2024-12-19,55,Central
PROD-0001,2024-12-19,1,North
PROD-0091,2024-12-19,59,East
PROD-0082,2024-12-19,53,East
PROD-0060,2024-12-19,42,West
PROD-0028,2024-12-19,15,East
PROD-0069,2024-12-19,14,South
PROD-0007,2024-12-19,40,East
PROD-0043,2024-12-19,61,Central
PROD-0016,2024-12-19,33,West
PROD-0015,2024-12-19,29,South
PROD-0085,2024-12-20,44,South
PROD-0062,2024-12-20,3,East
PROD-0059,2024-12-20,10,West
PROD-0087,2024-12-20,10,Central
PROD-0065,2024-12-20,39,South
PROD-0076,2024-12-20,62,East
PROD-0083,2024-12-20,6,South
PROD-0034,2024-12-20,54,South
PROD-0052,2024-12-20,22,South
PROD-0066,2024-12-20,63,South
PROD-0008,2024-12-20,27,South
PROD-0037,2024-12-20,36,West
PROD-0005,2024-12-20,31,West
PROD-0012,2024-12-20,57,West
PROD-0045,2024-12-20,41,West
PROD-0073,2024-12-20,18,East
PROD-0024,2024-12-20,61,South
PROD-0072,2024-12-20,32,East
PROD-0023,2024-12-20,45,West
PROD-0067,2024-12-20,27,North
PROD-0041,2024-12-20,18,North
PROD-0064,2024-12-20,1,East
PROD-0098,2024-12-20,59,Central
PROD-0068,2024-12-20,37,Central
PROD-0057,2024-12-20,7,East
PROD-0051,2024-12-20,1,West
PROD-0015,2024-12-20,40,North
PROD-0053,2024-12-20,53,South
PROD-0086,2024-12-20,42,North
PROD-0001,2024-12-20,35,North
PROD-0097,2024-12-20,55,Central
PROD-0088,2024-12-20,50,North
PROD-0030,2024-12-20,40,East
PROD-0010,2024-12-20,33,West
PROD-0093,2024-12-20,59,West
PROD-0025,2024-12-20,50,West
PROD-0018,2024-12-20,55,East
PROD-0013,2024-12-20,40,South
PROD-0060,2024-12-20,62,North
PROD-0011,2024-12-20,39,North
PROD-0009,2024-12-20,63,South
PROD-0022,2024-12-20,24,South
PROD-0077,2024-12-20,31,West
PROD-0049,2024-12-20,36,Central
PROD-0027,2024-12-20,55,South
PROD-0063,2024-12-20,62,North
PROD-0084,2024-12-20,18,South
PROD-0047,2024-12-20,29,South
PROD-0050,2024-12-20,32,Central
PROD-0043,2024-12-20,31,South
PROD-0054,2024-12-20,31,East
PROD-0079,2024-12-20,45,West
PROD-0031,2024-12-20,61,West
PROD-0055,2024-12-20,41,South
PROD-0044,2024-12-20,27,North
PROD-0036,2024-12-20,40,Central
PROD-0091,2024-12-20,63,North
PROD-0071,2024-12-20,62,North
PROD-0048,2024-12-20,55,West
PROD-0016,2024-12-20,15,Central
PROD-0035,2024-12-20,58,South
PROD-0058,2024-12-20,54,Central
PROD-0029,2024-12-20,26,West
PROD-0094,2024-12-20,32,East
PROD-0046,2024-12-20,61,West
PROD-0014,2024-12-20,62,North
PROD-0078,2024-12-20,15,West
PROD-0021,2024-12-20,7,East
PROD-0090,2024-12-20,52,Central
PROD-0100,2024-12-20,18,West
PROD-0007,2024-12-20,55,South
PROD-0039,2024-12-20,9,Central
PROD-0057,2024-12-21,22,East
PROD-0016,2024-12-21,19,East
PROD-0088,2024-12-21,13,South
PROD-0090,2024-12-21,28,North
PROD-0071,2024-12-21,28,East
PROD-0085,2024-12-21,3,Central
PROD-0045,2024-12-21,16,West
PROD-0023,2024-12-21,19,South
PROD-0061,2024-12-21,1,North
PROD-0049,2024-12-21,32,West
PROD-0073,2024-12-21,9,West
PROD-0075,2024-12-21,7,North
PROD-0069,2024-12-21,2,East
PROD-0086,2024-12-21,33,North
PROD-0083,2024-12-21,19,East
PROD-0074,2024-12-21,2,West
PROD-0006,2024-12-21,24,West
PROD-0002,2024-12-21,36,North
PROD-0015,2024-12-21,15,Central
PROD-0064,2024-12-21,5,North
PROD-0034,2024-12-21,10,East
PROD-0070,2024-12-21,37,South
PROD-0094,2024-12-21,35,West
PROD-0097,2024-12-21,36,South
PROD-0014,2024-12-21,29,West
PROD-0050,2024-12-21,18,South
PROD-0072,2024-12-21,23,South
PROD-0037,2024-12-21,37,Central
PROD-0001,2024-12-21,15,Central
PROD-0059,2024-12-21,36,Central
PROD-0019,2024-12-21,19,West
PROD-0036,2024-12-21,23,West
PROD-0040,2024-12-21,35,North
PROD-0013,2024-12-21,16,East
PROD-0035,2024-12-21,15,Central
PROD-0062,2024-12-21,28,Central
PROD-0004,2024-12-21,35,North
PROD-0078,2024-12-21,23,North
PROD-0044,2024-12-21,9,Central
PROD-0091,2024-12-21,29,West
PROD-0100,2024-12-21,29,Central
PROD-0098,2024-12-21,5,East
PROD-0003,2024-12-21,14,Central
PROD-0031,2024-12-21,9,West
PROD-0029,2024-12-21,0,North
PROD-0043,2024-12-21,32,South
PROD-0080,2024-12-21,28,South
PROD-0009,2024-12-21,10,North
PROD-0082,2024-12-21,10,South
PROD-0095,2024-12-21,19,Central
PROD-0008,2024-12-21,28,South
PROD-0042,2024-12-21,23,East
PROD-0030,2024-12-21,20,North
PROD-0033,2024-12-21,7,North
PROD-0058,2024-12-21,11,West
PROD-0021,2024-12-21,37,Central
PROD-0028,2024-12-21,27,East
PROD-0066,2024-12-21,3,East
PROD-0067,2024-12-21,24,West
PROD-0039,2024-12-21,3,South
PROD-0022,2024-12-21,36,Central
PROD-0051,2024-12-21,3,Central
PROD-0026,2024-12-21,13,South
PROD-0087,2024-12-21,35,East
PROD-0099,2024-12-21,3,Central
PROD-0038,2024-12-21,16,West
PROD-0018,2024-12-21,37,North
PROD-0017,2024-12-22,32,East
PROD-0008,2024-12-22,16,Central
PROD-0013,2024-12-22,29,South
PROD-0073,2024-12-22,7,South
PROD-0058,2024-12-22,35,East
PROD-0003,2024-12-22,18,South
PROD-0038,2024-12-22,35,Central
PROD-0099,2024-12-22,15,Central
PROD-0064,2024-12-22,24,North
PROD-0060,2024-12-22,20,South
PROD-0077,2024-12-22,0,South
PROD-0016,2024-12-22,39,South
PROD-0082,2024-12-22,27,South
PROD-0055,2024-12-22,29,South
PROD-0069,2024-12-22,11,East
PROD-0062,2024-12-22,7,Central
PROD-0075,2024-12-22,22,Central
PROD-0084,2024-12-22,31,West
PROD-0026,2024-12-22,5,East
PROD-0010,2024-12-22,36,South
PROD-0091,2024-12-22,16,Central
PROD-0079,2024-12-22,32,West
PROD-0030,2024-12-22,15,West
PROD-0083,2024-12-22,7,West
PROD-0042,2024-12-22,26,East
PROD-0035,2024-12-22,36,West
PROD-0046,2024-12-22,13,West
PROD-0039,2024-12-22,13,East
PROD-0043,2024-12-22,15,North
PROD-0057,2024-12-22,23,South
PROD-0050,2024-12-22,26,South
PROD-0037,2024-12-22,5,North
PROD-0097,2024-12-22,5,Central
PROD-0012,2024-12-22,16,North
PROD-0052,2024-12-22,26,Central
PROD-0089,2024-12-22,2,Central
PROD-0011,2024-12-22,23,East
PROD-0095,2024-12-22,19,East
PROD-0041,2024-12-22,16,North
PROD-0093,2024-12-22,36,East
PROD-0015,2024-12-22,27,North
PROD-0068,2024-12-22,32,North
PROD-0036,2024-12-22,15,Central
PROD-0081,2024-12-22,0,North
PROD-0088,2024-12-22,0,Central
PROD-0031,2024-12-22,32,Central
PROD-0087,2024-12-22,33,West
PROD-0067,2024-12-22,24,Central
PROD-0085,2024-12-22,24,East
PROD-0021,2024-12-22,13,West
PROD-0045,2024-12-22,20,North
PROD-0023,2024-12-22,28,South
PROD-0027,2024-12-22,22,Central
PROD-0098,2024-12-22,39,Central
PROD-0024,2024-12-22,20,West
PROD-0051,2024-12-22,9,West
PROD-0014,2024-12-22,31,East
PROD-0032,2024-12-22,19,East
PROD-0074,2024-12-22,11,South
PROD-0007,2024-12-22,11,East
PROD-0054,2024-12-22,22,West
PROD-0048,2024-12-22,13,Central
PROD-0094,2024-12-22,20,South
PROD-0072,2024-12-22,9,West
PROD-0001,2024-12-22,28,South
PROD-0053,2024-12-22,7,West
PROD-0029,2024-12-22,7,Central
PROD-0056,2024-12-22,5,Central
PROD-0006,2024-12-22,3,East
PROD-0004,2024-12-23,18,West
PROD-0048,2024-12-23,24,South
PROD-0089,2024-12-23,46,West
PROD-0082,2024-12-23,20,East
PROD-0025,2024-12-23,27,North
PROD-0017,2024-12-23,27,South
PROD-0019,2024-12-23,10,Central
PROD-0071,2024-12-23,24,North
PROD-0049,2024-12-23,27,North
PROD-0053,2024-12-23,22,West
PROD-0012,2024-12-23,11,West
PROD-0023,2024-12-23,2,Central
PROD-0063,2024-12-23,40,Central
PROD-0091,2024-12-23,36,South
PROD-0055,2024-12-23,50,North
PROD-0059,2024-12-23,23,East
PROD-0064,2024-12-23,49,West
PROD-0084,2024-12-23,37,South
PROD-0056,2024-12-23,35,West
PROD-0026,2024-12-23,2,Central
PROD-0077,2024-12-23,45,East
PROD-0097,2024-12-23,49,North
PROD-0086,2024-12-23,50,Central
PROD-0081,2024-12-23,7,West
PROD-0065,2024-12-23,63,East
PROD-0057,2024-12-23,41,South
PROD-0044,2024-12-23,32,West
PROD-0018,2024-12-23,31,South
PROD-0014,2024-12-23,52,West
PROD-0043,2024-12-23,54,Central
PROD-0050,2024-12-23,44,East
PROD-0032,2024-12-23,44,West
PROD-0080,2024-12-23,26,Central
PROD-0009,2024-12-23,62,Central
PROD-0047,2024-12-23,57,East
PROD-0075,2024-12-23,54,East
PROD-0073,2024-12-23,37,North
PROD-0067,2024-12-23,20,North
PROD-0078,2024-12-23,53,Central
PROD-0066,2024-12-23,45,East
PROD-0016,2024-12-23,22,East
PROD-0030,2024-12-23,61,Central
PROD-0035,2024-12-23,32,North
PROD-0058,2024-12-23,36,South
PROD-0037,2024-12-23,48,East
PROD-0011,2024-12-23,15,East
PROD-0062,2024-12-23,40,East
PROD-0002,2024-12-23,40,West
PROD-0042,2024-12-23,40,East
PROD-0041,2024-12-23,20,West
PROD-0001,2024-12-23,53,South
PROD-0094,2024-12-23,7,South
PROD-0021,2024-12-23,19,Central
PROD-0022,2024-12-23,23,Central
PROD-0013,2024-12-23,39,West
PROD-0010,2024-12-23,31,West
PROD-0096,2024-12-23,6,Central
PROD-0083,2024-12-23,7,Central
PROD-0034,2024-12-23,63,Central
PROD-0092,2024-12-23,44,West
PROD-0074,2024-12-24,41,Central
PROD-0023,2024-12-24,55,Central
PROD-0054,2024-12-24,19,South
PROD-0068,2024-12-24,61,South
PROD-0072,2024-12-24,50,North
PROD-0020,2024-12-24,53,North
PROD-0091,2024-12-24,5,East
PROD-0080,2024-12-24,49,North
PROD-0069,2024-12-24,27,East
PROD-0041,2024-12-24,29,North
PROD-0036,2024-12-24,37,South
PROD-0029,2024-12-24,32,East
PROD-0064,2024-12-24,46,East
PROD-0059,2024-12-24,24,North
PROD-0078,2024-12-24,27,Central
PROD-0031,2024-12-24,6,Central
PROD-0096,2024-12-24,19,East
PROD-0007,2024-12-24,26,South
PROD-0049,2024-12-24,24,West
PROD-0009,2024-12-24,11,West
PROD-0084,2024-12-24,9,South
PROD-0019,2024-12-24,16,Central
PROD-0013,2024-12-24,19,South
PROD-0058,2024-12-24,5,West
PROD-0008,2024-12-24,28,South
PROD-0015,2024-12-24,16,East
PROD-0098,2024-12-24,16,East
PROD-0002,2024-12-24,52,West
PROD-0014,2024-12-24,27,Central
PROD-0050,2024-12-24,55,Central
PROD-0092,2024-12-24,2,Central
PROD-0022,2024-12-24,33,South
PROD-0052,2024-12-24,42,South
PROD-0086,2024-12-24,61,North
PROD-0006,2024-12-24,50,West
PROD-0025,2024-12-24,1,Central
PROD-0028,2024-12-24,41,Central
PROD-0070,2024-12-24,41,East
PROD-0040,2024-12-24,53,West
PROD-0056,2024-12-24,42,Central
PROD-0066,2024-12-24,13,West
PROD-0012,2024-12-24,16,West
PROD-0034,2024-12-24,36,South
PROD-0001,2024-12-24,5,Central
PROD-0053,2024-12-24,40,West
PROD-0026,2024-12-24,19,Central
PROD-0039,2024-12-24,54,Central
PROD-0057,2024-12-24,61,South
PROD-0018,2024-12-24,36,West
PROD-0035,2024-12-24,35,North
PROD-0081,2024-12-24,48,West
PROD-0032,2024-12-24,55,Central
PROD-0071,2024-12-24,41,Central
PROD-0073,2024-12-24,27,East
PROD-0097,2024-12-24,1,North
PROD-0100,2024-12-24,57,East
PROD-0055,2024-12-24,23,East
PROD-0033,2024-12-24,55,North
PROD-0089,2024-12-24,37,South
PROD-0082,2024-12-24,50,West
PROD-0075,2024-12-24,14,Central
PROD-0042,2024-12-24,61,North
PROD-0047,2024-12-24,57,North
PROD-0005,2024-12-24,2,West
PROD-0037,2024-12-24,52,South
PROD-0017,2024-12-24,59,South
PROD-0073,2024-12-25,13,West
PROD-0045,2024-12-25,29,South
PROD-0066,2024-12-25,37,Central
PROD-0032,2024-12-25,14,East
PROD-0043,2024-12-25,24,West
PROD-0027,2024-12-25,20,North
PROD-0062,2024-12-25,28,Central
PROD-0084,2024-12-25,26,North
PROD-0012,2024-12-25,62,East
PROD-0054,2024-12-25,36,West
PROD-0097,2024-12-25,10,North
PROD-0037,2024-12-25,39,West
PROD-0031,2024-12-25,27,South
PROD-0008,2024-12-25,49,Central
PROD-0001,2024-12-25,65,West
PROD-0011,2024-12-25,14,East
PROD-0087,2024-12-25,53,East
PROD-0092,2024-12-25,46,North
PROD-0017,2024-12-25,59,Central
PROD-0100,2024-12-25,46,West
PROD-0019,2024-12-25,55,North
PROD-0018,2024-12-25,42,Central
PROD-0067,2024-12-25,26,North
PROD-0074,2024-12-25,41,East
PROD-0056,2024-12-25,59,East
PROD-0023,2024-12-25,63,South
PROD-0002,2024-12-25,58,Central
PROD-0094,2024-12-25,1,East
PROD-0003,2024-12-25,16,West
PROD-0006,2024-12-25,28,Central
PROD-0051,2024-12-25,53,West
PROD-0038,2024-12-25,13,West
PROD-0047,2024-12-25,44,South
PROD-0061,2024-12-25,52,East
PROD-0099,2024-12-25,3,West
PROD-0010,2024-12-25,62,North
PROD-0046,2024-12-25,29,North
PROD-0029,2024-12-25,16,North
PROD-0013,2024-12-25,35,Central
PROD-0075,2024-12-25,35,West
PROD-0096,2024-12-25,15,North
PROD-0034,2024-12-25,65,South
PROD-0080,2024-12-25,45,North
PROD-0083,2024-12-25,27,West
PROD-0086,2024-12-25,46,South
PROD-0095,2024-12-25,46,West
PROD-0050,2024-12-25,2,South
PROD-0065,2024-12-25,40,Central
PROD-0007,2024-12-25,28,South
PROD-0028,2024-12-25,37,Central
PROD-0063,2024-12-25,46,South
PROD-0090,2024-12-25,10,East
PROD-0058,2024-12-25,61,Central
PROD-0041,2024-12-25,14,East
PROD-0040,2024-12-25,7,South
PROD-0022,2024-12-25,40,North
PROD-0048,2024-12-25,40,South
PROD-0044,2024-12-25,1,West
PROD-0064,2024-12-25,58,South
PROD-0009,2024-12-25,48,North
PROD-0026,2024-12-25,44,East
PROD-0085,2024-12-25,44,South
PROD-0020,2024-12-25,3,West
PROD-0088,2024-12-25,46,East
PROD-0004,2024-12-25,57,Central
PROD-0082,2024-12-25,18,West
PROD-0015,2024-12-25,65,Central
PROD-0070,2024-12-25,10,West
PROD-0014,2024-12-25,37,South
PROD-0078,2024-12-25,16,Central
PROD-0072,2024-12-25,33,West
PROD-0079,2024-12-25,28,West
PROD-0024,2024-12-25,3,West
PROD-0078,2024-12-26,31,East
PROD-0056,2024-12-26,48,East
PROD-0090,2024-12-26,37,South
PROD-0062,2024-12-26,62,East
PROD-0073,2024-12-26,24,North
PROD-0094,2024-12-26,1,East
PROD-0037,2024-12-26,62,West
PROD-0075,2024-12-26,40,South
PROD-0066,2024-12-26,29,North
PROD-0014,2024-12-26,24,North
PROD-0072,2024-12-26,15,East
PROD-0017,2024-12-26,58,Central
PROD-0070,2024-12-26,54,Central
PROD-0068,2024-12-26,62,Central
PROD-0038,2024-12-26,46,North
PROD-0099,2024-12-26,2,Central
PROD-0024,2024-12-26,27,East
PROD-0041,2024-12-26,44,West
PROD-0081,2024-12-26,13,South
PROD-0055,2024-12-26,28,West
PROD-0059,2024-12-26,42,East
PROD-0042,2024-12-26,63,East
PROD-0030,2024-12-26,40,South
PROD-0007,2024-12-26,3,Central
PROD-0040,2024-12-26,2,South
PROD-0023,2024-12-26,24,North
PROD-0049,2024-12-26,2,East
PROD-0051,2024-12-26,7,East
PROD-0097,2024-12-26,5,West
PROD-0077,2024-12-26,62,East
PROD-0012,2024-12-26,49,South
PROD-0020,2024-12-26,10,West
PROD-0008,2024-12-26,32,North
PROD-0096,2024-12-26,44,North
PROD-0083,2024-12-26,36,North
PROD-0015,2024-12-26,7,East
PROD-0086,2024-12-26,53,East
PROD-0002,2024-12-26,53,West
PROD-0054,2024-12-26,36,North
PROD-0048,2024-12-26,19,East
PROD-0031,2024-12-26,2,East
PROD-0034,2024-12-26,37,East
PROD-0080,2024-12-26,3,North
PROD-0043,2024-12-26,3,East
PROD-0084,2024-12-26,28,Central
PROD-0065,2024-12-26,26,North
PROD-0047,2024-12-26,54,Central
PROD-0052,2024-12-26,49,South
PROD-0011,2024-12-26,11,West
PROD-0009,2024-12-26,2,West
PROD-0006,2024-12-26,48,Central
PROD-0022,2024-12-26,57,North
PROD-0019,2024-12-26,54,West
PROD-0004,2024-12-26,26,Central
PROD-0082,2024-12-26,26,Central
PROD-0092,2024-12-26,20,East
PROD-0067,2024-12-26,36,East
PROD-0035,2024-12-26,62,Central
PROD-0001,2024-12-26,3,South
PROD-0076,2024-12-26,54,West
PROD-0069,2024-12-26,18,Central
PROD-0003,2024-12-26,18,West
PROD-0026,2024-12-26,24,West
PROD-0027,2024-12-26,11,South
PROD-0100,2024-12-26,26,East
PROD-0098,2024-12-26,27,Central
PROD-0053,2024-12-26,62,North
PROD-0045,2024-12-26,41,North
PROD-0063,2024-12-26,44,South
PROD-0009,2024-12-27,6,East
PROD-0061,2024-12-27,54,South
PROD-0081,2024-12-27,22,East
PROD-0072,2024-12-27,54,Central
PROD-0014,2024-12-27,53,West
PROD-0043,2024-12-27,33,South
PROD-0050,2024-12-27,55,Central
PROD-0091,2024-12-27,3,North
PROD-0059,2024-12-27,61,North
PROD-0086,2024-12-27,22,East
PROD-0058,2024-12-27,18,Central
PROD-0005,2024-12-27,59,Central
PROD-0027,2024-12-27,2,East
PROD-0031,2024-12-27,58,Central
PROD-0079,2024-12-27,63,Central
PROD-0010,2024-12-27,62,West
PROD-0002,2024-12-27,41,South
PROD-0034,2024-12-27,27,North
PROD-0033,2024-12-27,26,North
PROD-0047,2024-12-27,57,Central
PROD-0037,2024-12-27,32,North
PROD-0066,2024-12-27,62,West
PROD-0023,2024-12-27,5,Central
PROD-0011,2024-12-27,49,Central
PROD-0093,2024-12-27,37,South
PROD-0097,2024-12-27,6,West
PROD-0004,2024-12-27,1,Central
PROD-0045,2024-12-27,42,North
PROD-0032,2024-12-27,33,West
PROD-0042,2024-12-27,45,Central
PROD-0055,2024-12-27,9,South
PROD-0095,2024-12-27,2,South
PROD-0080,2024-12-27,53,Central
PROD-0075,2024-12-27,24,West
PROD-0020,2024-12-27,50,North
PROD-0025,2024-12-27,57,South
PROD-0089,2024-12-27,46,North
PROD-0040,2024-12-27,31,North
PROD-0029,2024-12-27,9,West
PROD-0044,2024-12-27,22,East
PROD-0077,2024-12-27,22,West
PROD-0017,2024-12-27,32,South
PROD-0016,2024-12-27,31,West
PROD-0051,2024-12-27,19,North
PROD-0085,2024-12-27,13,East
PROD-0028,2024-12-27,19,West
PROD-0049,2024-12-27,9,South
PROD-0007,2024-12-27,37,West
PROD-0064,2024-12-27,49,Central
PROD-0006,2024-12-27,37,West
PROD-0074,2024-12-27,15,South
PROD-0019,2024-12-27,63,Central
PROD-0068,2024-12-27,29,West
PROD-0057,2024-12-27,62,Central
PROD-0063,2024-12-27,26,West
PROD-0056,2024-12-27,23,East
PROD-0013,2024-12-27,3,Central
PROD-0098,2024-12-27,5,Central
PROD-0041,2024-12-27,54,Central
PROD-0021,2024-12-27,52,West
PROD-0060,2024-12-27,10,West
PROD-0076,2024-12-27,19,South
PROD-0087,2024-12-27,7,East
PROD-0082,2024-12-27,65,West
PROD-0070,2024-12-28,20,North
PROD-0057,2024-12-28,13,South
PROD-0021,2024-12-28,19,North
PROD-0090,2024-12-28,13,East
PROD-0028,2024-12-28,22,North
PROD-0068,2024-12-28,20,East
PROD-0020,2024-12-28,1,East
PROD-0019,2024-12-28,13,North
PROD-0059,2024-12-28,18,South
PROD-0078,2024-12-28,20,East
PROD-0041,2024-12-28,14,East
PROD-0026,2024-12-28,33,Central
PROD-0006,2024-12-28,36,South
PROD-0029,2024-12-28,29,West
PROD-0008,2024-12-28,36,Central
PROD-0043,2024-12-28,14,East
PROD-0015,2024-12-28,13,North
PROD-0035,2024-12-28,32,Central
PROD-0063,2024-12-28,5,South
PROD-0014,2024-12-28,36,West
PROD-0053,2024-12-28,27,North
PROD-0011,2024-12-28,13,Central
PROD-0039,2024-12-28,24,West
PROD-0032,2024-12-28,20,South
PROD-0004,2024-12-28,1,Central
PROD-0007,2024-12-28,9,Central
PROD-0080,2024-12-28,9,West
PROD-0066,2024-12-28,11,Central
PROD-0082,2024-12-28,19,East
PROD-0076,2024-12-28,36,South
PROD-0064,2024-12-28,15,South
PROD-0046,2024-12-28,23,West
PROD-0012,2024-12-28,0,West
PROD-0077,2024-12-28,14,North
PROD-0049,2024-12-28,15,West
PROD-0005,2024-12-28,13,East
PROD-0024,2024-12-28,0,South
PROD-0086,2024-12-28,20,North
PROD-0047,2024-12-28,9,East
PROD-0094,2024-12-28,9,East
PROD-0071,2024-12-28,7,East
PROD-0058,2024-12-28,16,East
PROD-0060,2024-12-28,19,North
PROD-0084,2024-12-28,27,South
PROD-0001,2024-12-28,7,West
PROD-0010,2024-12-28,36,South
PROD-0092,2024-12-28,3,South
PROD-0034,2024-12-28,27,East
PROD-0087,2024-12-28,5,East
PROD-0002,2024-12-28,16,North
PROD-0088,2024-12-28,0,Central
PROD-0061,2024-12-28,32,East
PROD-0003,2024-12-28,13,South
PROD-0074,2024-12-28,31,East
PROD-0091,2024-12-28,39,South
PROD-0040,2024-12-28,23,East
PROD-0048,2024-12-28,0,East
PROD-0097,2024-12-28,19,Central
PROD-0031,2024-12-28,24,North
PROD-0099,2024-12-28,24,East
PROD-0062,2024-12-28,32,Central
PROD-0054,2024-12-29,35,North
PROD-0045,2024-12-29,22,South
PROD-0012,2024-12-29,23,North
PROD-0052,2024-12-29,7,West
PROD-0035,2024-12-29,9,South
PROD-0015,2024-12-29,15,North
PROD-0017,2024-12-29,35,South
PROD-0036,2024-12-29,32,Central
PROD-0071,2024-12-29,10,West
PROD-0066,2024-12-29,26,North
PROD-0094,2024-12-29,36,South
PROD-0042,2024-12-29,7,West
PROD-0089,2024-12-29,23,South
PROD-0097,2024-12-29,22,South
PROD-0010,2024-12-29,11,South
PROD-0039,2024-12-29,20,South
PROD-0082,2024-12-29,22,West
PROD-0014,2024-12-29,36,West
PROD-0076,2024-12-29,22,East
PROD-0006,2024-12-29,20,Central
PROD-0086,2024-12-29,16,Central
PROD-0057,2024-12-29,24,North
PROD-0043,2024-12-29,28,East
PROD-0090,2024-12-29,37,West
PROD-0067,2024-12-29,27,West
PROD-0013,2024-12-29,31,West
PROD-0016,2024-12-29,37,East
PROD-0087,2024-12-29,28,South
PROD-0093,2024-12-29,28,East
PROD-0005,2024-12-29,13,Central
PROD-0023,2024-12-29,31,South
PROD-0051,2024-12-29,3,South
PROD-0018,2024-12-29,20,West
PROD-0004,2024-12-29,16,West
PROD-0056,2024-12-29,7,West
PROD-0024,2024-12-29,20,Central
PROD-0044,2024-12-29,13,Central
PROD-0083,2024-12-29,0,East
PROD-0055,2024-12-29,11,West
PROD-0075,2024-12-29,32,West
PROD-0060,2024-12-29,22,Central
PROD-0022,2024-12-29,10,South
PROD-0040,2024-12-29,1,South
PROD-0034,2024-12-29,3,West
PROD-0059,2024-12-29,5,South
PROD-0021,2024-12-29,5,West
PROD-0095,2024-12-29,22,Central
PROD-0041,2024-12-29,0,East
PROD-0063,2024-12-29,11,East
PROD-0079,2024-12-29,1,South
PROD-0050,2024-12-29,27,Central
PROD-0061,2024-12-29,11,South
PROD-0048,2024-12-29,9,North
PROD-0019,2024-12-29,32,East
PROD-0031,2024-12-29,32,North
PROD-0098,2024-12-29,24,North
PROD-0091,2024-12-29,5,West
PROD-0081,2024-12-29,19,East
PROD-0085,2024-12-29,27,North
PROD-0027,2024-12-29,7,South
PROD-0026,2024-12-29,20,South
PROD-0029,2024-12-29,27,North
PROD-0011,2024-12-29,5,Central
PROD-0070,2024-12-29,11,Central
PROD-0065,2024-12-29,26,Central
PROD-0046,2024-12-29,32,East
PROD-0009,2024-12-29,9,North
PROD-0002,2024-12-29,5,East
PROD-0038,2024-12-29,13,South
PROD-0049,2024-12-29,28,West
PROD-0068,2024-12-29,27,North
PROD-0099,2024-12-29,18,West
PROD-0088,2024-12-29,11,East
PROD-0003,2024-12-29,3,East
PROD-0077,2024-12-29,28,North
PROD-0100,2024-12-29,1,West
PROD-0084,2024-12-29,39,West
PROD-0073,2024-12-29,0,Central
PROD-0024,2024-12-30,15,South
PROD-0029,2024-12-30,59,West
PROD-0058,2024-12-30,29,North
PROD-0086,2024-12-30,24,West
PROD-0045,2024-12-30,3,South
PROD-0090,2024-12-30,35,South
PROD-0010,2024-12-30,13,East
PROD-0002,2024-12-30,41,Central
PROD-0074,2024-12-30,53,Central
PROD-0041,2024-12-30,11,South
PROD-0026,2024-12-30,28,North
PROD-0034,2024-12-30,53,Central
PROD-0073,2024-12-30,58,South
PROD-0070,2024-12-30,36,North
PROD-0044,2024-12-30,65,South
PROD-0043,2024-12-30,28,North
PROD-0087,2024-12-30,35,South
PROD-0095,2024-12-30,6,North
PROD-0014,2024-12-30,44,East
PROD-0046,2024-12-30,3,North
PROD-0048,2024-12-30,27,West
PROD-0096,2024-12-30,52,Central
PROD-0004,2024-12-30,41,North
PROD-0098,2024-12-30,33,South
PROD-0082,2024-12-30,59,Central
PROD-0038,2024-12-30,44,North
PROD-0042,2024-12-30,3,Central
PROD-0025,2024-12-30,52,West
PROD-0032,2024-12-30,54,East
PROD-0061,2024-12-30,15,West
PROD-0021,2024-12-30,44,West
PROD-0075,2024-12-30,35,East
PROD-0047,2024-12-30,5,Central
PROD-0054,2024-12-30,18,West
PROD-0066,2024-12-30,46,North
PROD-0013,2024-12-30,63,West
PROD-0049,2024-12-30,46,South
PROD-0083,2024-12-30,10,East
PROD-0091,2024-12-30,3,West
PROD-0035,2024-12-30,19,West
PROD-0036,2024-12-30,16,North
PROD-0040,2024-12-30,44,West
PROD-0039,2024-12-30,7,East
PROD-0051,2024-12-30,63,South
PROD-0059,2024-12-30,49,North
PROD-0006,2024-12-30,16,Central
PROD-0053,2024-12-30,1,Central
PROD-0076,2024-12-30,13,North
PROD-0080,2024-12-30,5,East
PROD-0011,2024-12-30,62,West
PROD-0023,2024-12-30,15,West
PROD-0017,2024-12-30,3,West
PROD-0094,2024-12-30,1,South
PROD-0056,2024-12-30,54,East
PROD-0028,2024-12-30,41,East
PROD-0018,2024-12-30,42,East
PROD-0057,2024-12-30,54,West
PROD-0008,2024-12-30,52,Central
PROD-0089,2024-12-30,59,Central
PROD-0022,2024-12-30,44,Central
PROD-0064,2024-12-30,14,North
PROD-0078,2024-12-30,19,South
PROD-0084,2024-12-30,39,South
PROD-0097,2024-12-30,45,North
PROD-0062,2024-12-30,28,South
PROD-0019,2024-12-30,13,Central
PROD-0031,2024-12-30,18,South
PROD-0063,2024-12-30,11,Central
