shipment_id,supplier_id,product_id,shipment_date,expected_delivery,actual_delivery,status
SHIP-000001,SUP-015,PROD-0009,2024-12-09,2025-01-05,,Pending
SHIP-000002,SUP-013,PROD-0077,2024-05-31,2024-06-16,2024-06-15,Delivered
SHIP-000003,SUP-007,PROD-0055,2024-10-08,2024-10-28,2024-10-28,Delivered
SHIP-000004,SUP-008,PROD-0078,2024-09-07,2024-09-30,2024-09-30,Delivered
SHIP-000005,SUP-020,PROD-0077,2024-05-29,2024-06-18,2024-06-16,Delivered
SHIP-000006,SUP-020,PROD-0073,2024-09-16,2024-10-06,2024-10-06,Delivered
SHIP-000007,SUP-015,PROD-0059,2024-07-03,2024-07-30,2024-07-31,Delivered
SHIP-000008,SUP-010,PROD-0021,2024-10-06,2024-10-27,2024-10-28,Delivered
SHIP-000009,SUP-004,PROD-0044,2024-11-18,2024-12-04,2024-12-09,Delayed
SHIP-000010,SUP-003,PROD-0037,2024-05-18,2024-06-07,2024-06-13,Delayed
SHIP-000011,SUP-005,PROD-0003,2024-07-23,2024-07-28,2024-07-30,Delivered
SHIP-000012,SUP-014,PROD-0010,2024-09-24,2024-10-01,2024-10-01,Delivered
SHIP-000013,SUP-001,PROD-0060,2024-07-03,2024-07-10,2024-07-18,Delayed
SHIP-000014,SUP-009,PROD-0024,2024-11-27,2024-12-13,2024-12-13,Delivered
SHIP-000015,SUP-017,PROD-0041,2024-10-05,2024-10-19,2024-10-20,Delivered
SHIP-000016,SUP-007,PROD-0036,2024-07-03,2024-07-23,2024-07-24,Delivered
SHIP-000017,SUP-006,PROD-0011,2024-08-25,2024-09-13,2024-09-16,Delayed
SHIP-000018,SUP-019,PROD-0041,2024-04-06,2024-04-10,2024-04-09,Delivered
SHIP-000019,SUP-013,PROD-0021,2024-02-18,2024-03-05,2024-03-03,Delivered
SHIP-000020,SUP-003,PROD-0014,2024-04-26,2024-05-16,2024-05-19,Delayed
SHIP-000021,SUP-001,PROD-0055,2024-05-24,2024-05-31,2024-05-30,Delivered
SHIP-000022,SUP-019,PROD-0061,2024-02-26,2024-03-01,2024-03-01,Delivered
SHIP-000023,SUP-001,PROD-0039,2024-12-10,2024-12-17,,Pending
SHIP-000024,SUP-019,PROD-0040,2024-01-25,2024-01-29,2024-01-30,Delivered
SHIP-000025,SUP-019,PROD-0093,2024-01-16,2024-01-20,2024-01-22,Delivered
SHIP-000026,SUP-020,PROD-0066,2024-12-12,2025-01-01,2024-12-31,Delivered
SHIP-000027,SUP-006,PROD-0021,2024-01-04,2024-01-23,2024-01-24,Delivered
SHIP-000028,SUP-011,PROD-0073,2024-03-26,2024-04-25,2024-05-04,Delayed
SHIP-000029,SUP-003,PROD-0047,2024-01-28,2024-02-17,2024-02-16,Delivered
SHIP-000030,SUP-019,PROD-0048,2024-02-09,2024-02-13,2024-02-20,Delayed
SHIP-000031,SUP-003,PROD-0038,2024-03-07,2024-03-27,2024-04-05,Delayed
SHIP-000032,SUP-016,PROD-0073,2024-04-26,2024-05-01,2024-05-02,Delivered
SHIP-000033,SUP-017,PROD-0022,2024-02-18,2024-03-03,2024-03-05,Delivered
SHIP-000034,SUP-003,PROD-0039,2024-03-20,2024-04-09,2024-04-07,Delivered
SHIP-000035,SUP-014,PROD-0018,2024-02-02,2024-02-09,2024-02-10,Delivered
SHIP-000036,SUP-010,PROD-0006,2024-03-02,2024-03-23,2024-03-25,Delivered
SHIP-000037,SUP-015,PROD-0030,2024-05-31,2024-06-27,2024-06-27,Delivered
SHIP-000038,SUP-016,PROD-0053,2024-01-24,2024-01-29,2024-01-27,Delivered
SHIP-000039,SUP-013,PROD-0032,2024-11-05,2024-11-21,2024-11-23,Delivered
SHIP-000040,SUP-015,PROD-0018,2024-07-04,2024-07-31,2024-07-29,Delivered
SHIP-000041,SUP-007,PROD-0065,2024-11-02,2024-11-22,2024-11-25,Delayed
SHIP-000042,SUP-007,PROD-0064,2024-01-03,2024-01-23,2024-01-31,Delayed
SHIP-000043,SUP-004,PROD-0004,2024-07-30,2024-08-15,2024-08-21,Delayed
SHIP-000044,SUP-010,PROD-0028,2024-11-22,2024-12-13,2024-12-14,Delivered
SHIP-000045,SUP-010,PROD-0070,2024-04-25,2024-05-16,2024-05-16,Delivered
SHIP-000046,SUP-011,PROD-0099,2024-02-14,2024-03-15,2024-03-16,Delivered
SHIP-000047,SUP-018,PROD-0061,2024-05-02,2024-05-24,2024-05-24,Delivered
SHIP-000048,SUP-010,PROD-0092,2024-02-26,2024-03-18,2024-03-16,Delivered
SHIP-000049,SUP-002,PROD-0085,2024-03-17,2024-04-10,2024-04-12,Delivered
SHIP-000050,SUP-013,PROD-0045,2024-07-11,2024-07-27,2024-07-25,Delivered
SHIP-000051,SUP-008,PROD-0097,2024-01-28,2024-02-20,2024-02-20,Delivered
SHIP-000052,SUP-007,PROD-0092,2024-08-04,2024-08-24,2024-08-24,Delivered
SHIP-000053,SUP-001,PROD-0061,2024-10-24,2024-10-31,2024-10-30,Delivered
SHIP-000054,SUP-019,PROD-0037,2024-07-06,2024-07-10,2024-07-11,Delivered
SHIP-000055,SUP-013,PROD-0061,2024-08-15,2024-08-31,2024-08-31,Delivered
SHIP-000056,SUP-004,PROD-0034,2024-10-23,2024-11-08,2024-11-09,Delivered
SHIP-000057,SUP-011,PROD-0016,2024-02-13,2024-03-14,2024-03-13,Delivered
SHIP-000058,SUP-009,PROD-0099,2024-03-18,2024-04-03,2024-04-04,Delivered
SHIP-000059,SUP-002,PROD-0056,2024-12-15,2025-01-08,2025-01-10,Delivered
SHIP-000060,SUP-019,PROD-0038,2024-09-09,2024-09-13,2024-09-13,Delivered
SHIP-000061,SUP-017,PROD-0001,2024-03-24,2024-04-07,2024-04-05,Delivered
SHIP-000062,SUP-011,PROD-0099,2024-06-10,2024-07-10,2024-07-12,Delivered
SHIP-000063,SUP-013,PROD-0027,2024-11-15,2024-12-01,2024-12-03,Delivered
SHIP-000064,SUP-018,PROD-0069,2024-10-31,2024-11-22,2024-11-26,Delayed
SHIP-000065,SUP-001,PROD-0043,2024-07-24,2024-07-31,2024-08-02,Delivered
SHIP-000066,SUP-003,PROD-0016,2024-05-07,2024-05-27,2024-05-25,Delivered
SHIP-000067,SUP-004,PROD-0061,2024-06-11,2024-06-27,2024-07-01,Delayed
SHIP-000068,SUP-006,PROD-0035,2024-02-17,2024-03-07,2024-03-06,Delivered
SHIP-000069,SUP-014,PROD-0071,2024-05-14,2024-05-21,2024-05-21,Delivered
SHIP-000070,SUP-010,PROD-0001,2024-12-25,2025-01-15,2025-01-22,Delayed
SHIP-000071,SUP-009,PROD-0061,2024-06-05,2024-06-21,2024-07-01,Delayed
SHIP-000072,SUP-006,PROD-0013,2024-04-21,2024-05-10,2024-05-09,Delivered
SHIP-000073,SUP-007,PROD-0015,2024-08-15,2024-09-04,2024-09-05,Delivered
SHIP-000074,SUP-015,PROD-0074,2024-05-15,2024-06-11,2024-06-09,Delivered
SHIP-000075,SUP-010,PROD-0082,2024-12-15,2025-01-05,2025-01-07,Delivered
SHIP-000076,SUP-018,PROD-0016,2024-06-11,2024-07-03,2024-07-05,Delivered
SHIP-000077,SUP-003,PROD-0092,2024-06-29,2024-07-19,2024-07-17,Delivered
SHIP-000078,SUP-012,PROD-0063,2024-04-08,2024-05-06,2024-05-04,Delivered
SHIP-000079,SUP-004,PROD-0006,2024-11-28,2024-12-14,2024-12-18,Delayed
SHIP-000080,SUP-003,PROD-0024,2024-09-09,2024-09-29,2024-09-27,Delivered
SHIP-000081,SUP-005,PROD-0082,2024-08-24,2024-08-29,2024-08-27,Delivered
SHIP-000082,SUP-017,PROD-0014,2024-04-15,2024-04-29,2024-04-27,Delivered
SHIP-000083,SUP-011,PROD-0065,2024-02-28,2024-03-29,2024-03-28,Delivered
SHIP-000084,SUP-002,PROD-0089,2024-08-19,2024-09-12,2024-09-11,Delivered
SHIP-000085,SUP-019,PROD-0086,2024-02-16,2024-02-20,2024-02-22,Delivered
SHIP-000086,SUP-007,PROD-0015,2024-11-19,2024-12-09,2024-12-13,Delayed
SHIP-000087,SUP-018,PROD-0071,2024-08-20,2024-09-11,2024-09-10,Delivered
SHIP-000088,SUP-002,PROD-0008,2024-06-11,2024-07-05,2024-07-06,Delivered
SHIP-000089,SUP-012,PROD-0016,2024-07-02,2024-07-30,2024-08-08,Delayed
SHIP-000090,SUP-016,PROD-0088,2024-05-12,2024-05-17,2024-05-15,Delivered
SHIP-000091,SUP-001,PROD-0030,2024-10-18,2024-10-25,2024-10-25,Delivered
SHIP-000092,SUP-006,PROD-0089,2024-05-28,2024-06-16,2024-06-17,Delivered
SHIP-000093,SUP-004,PROD-0032,2024-01-30,2024-02-15,2024-02-16,Delivered
SHIP-000094,SUP-009,PROD-0093,2024-10-10,2024-10-26,2024-10-31,Delayed
SHIP-000095,SUP-018,PROD-0015,2024-05-28,2024-06-19,2024-06-20,Delivered
SHIP-000096,SUP-001,PROD-0037,2024-05-23,2024-05-30,2024-05-29,Delivered
SHIP-000097,SUP-015,PROD-0022,2024-06-04,2024-07-01,2024-07-05,Delayed
SHIP-000098,SUP-016,PROD-0035,2024-03-03,2024-03-08,2024-03-09,Delivered
SHIP-000099,SUP-017,PROD-0094,2024-06-11,2024-06-25,2024-06-26,Delivered
SHIP-000100,SUP-005,PROD-0099,2024-08-11,2024-08-16,2024-08-18,Delivered
SHIP-000101,SUP-015,PROD-0014,2024-03-15,2024-04-11,2024-04-09,Delivered
SHIP-000102,SUP-009,PROD-0068,2024-11-25,2024-12-11,2024-12-11,Delivered
SHIP-000103,SUP-013,PROD-0042,2024-03-05,2024-03-21,2024-03-19,Delivered
SHIP-000104,SUP-009,PROD-0002,2024-08-04,2024-08-20,2024-08-27,Delayed
SHIP-000105,SUP-004,PROD-0056,2024-07-23,2024-08-08,2024-08-10,Delivered
SHIP-000106,SUP-009,PROD-0037,2024-11-01,2024-11-17,2024-11-21,Delayed
SHIP-000107,SUP-017,PROD-0081,2024-11-17,2024-12-01,2024-12-03,Delivered
SHIP-000108,SUP-016,PROD-0093,2024-03-17,2024-03-22,2024-03-23,Delivered
SHIP-000109,SUP-013,PROD-0058,2024-07-19,2024-08-04,2024-08-02,Delivered
SHIP-000110,SUP-008,PROD-0035,2024-09-10,2024-10-03,2024-10-03,Delivered
SHIP-000111,SUP-016,PROD-0005,2024-06-15,2024-06-20,2024-06-19,Delivered
SHIP-000112,SUP-009,PROD-0065,2024-02-20,2024-03-07,2024-03-14,Delayed
SHIP-000113,SUP-018,PROD-0062,2024-10-24,2024-11-15,2024-11-18,Delayed
SHIP-000114,SUP-014,PROD-0019,2024-08-08,2024-08-15,2024-08-15,Delivered
SHIP-000115,SUP-004,PROD-0019,2024-11-26,2024-12-12,2024-12-16,Delayed
SHIP-000116,SUP-010,PROD-0075,2024-02-19,2024-03-11,2024-03-10,Delivered
SHIP-000117,SUP-003,PROD-0022,2024-08-31,2024-09-20,2024-09-24,Delayed
SHIP-000118,SUP-015,PROD-0027,2024-04-24,2024-05-21,2024-05-21,Delivered
SHIP-000119,SUP-001,PROD-0070,2024-11-24,2024-12-01,2024-11-30,Delivered
SHIP-000120,SUP-008,PROD-0067,2024-11-19,2024-12-12,2024-12-10,Delivered
SHIP-000121,SUP-004,PROD-0039,2024-09-11,2024-09-27,2024-09-25,Delivered
SHIP-000122,SUP-014,PROD-0055,2024-11-23,2024-11-30,2024-12-01,Delivered
SHIP-000123,SUP-017,PROD-0014,2024-10-22,2024-11-05,2024-11-05,Delivered
SHIP-000124,SUP-008,PROD-0032,2024-08-19,2024-09-11,2024-09-09,Delivered
SHIP-000125,SUP-009,PROD-0058,2024-02-27,2024-03-14,2024-03-16,Delivered
SHIP-000126,SUP-010,PROD-0057,2024-04-26,2024-05-17,2024-05-24,Delayed
SHIP-000127,SUP-005,PROD-0098,2024-02-24,2024-02-29,2024-02-29,Delivered
SHIP-000128,SUP-016,PROD-0041,2024-11-20,2024-11-25,2024-12-02,Delayed
SHIP-000129,SUP-011,PROD-0078,2024-11-23,2024-12-23,2024-12-23,Delivered
SHIP-000130,SUP-016,PROD-0058,2024-09-12,2024-09-17,2024-09-17,Delivered
SHIP-000131,SUP-017,PROD-0091,2024-12-25,2025-01-08,2025-01-10,Delivered
SHIP-000132,SUP-012,PROD-0089,2024-08-09,2024-09-06,2024-09-16,Delayed
SHIP-000133,SUP-015,PROD-0001,2024-01-18,2024-02-14,2024-02-15,Delivered
SHIP-000134,SUP-009,PROD-0004,2024-09-14,2024-09-30,2024-10-05,Delayed
SHIP-000135,SUP-001,PROD-0037,2024-07-04,2024-07-11,2024-07-09,Delivered
SHIP-000136,SUP-020,PROD-0028,2024-12-06,2024-12-26,2025-01-05,Delayed
SHIP-000137,SUP-009,PROD-0033,2024-06-12,2024-06-28,2024-06-26,Delivered
SHIP-000138,SUP-009,PROD-0060,2024-10-15,2024-10-31,2024-10-29,Delivered
SHIP-000139,SUP-019,PROD-0013,2024-02-12,2024-02-16,2024-02-20,Delayed
SHIP-000140,SUP-002,PROD-0092,2024-09-22,2024-10-16,2024-10-17,Delivered
SHIP-000141,SUP-010,PROD-0012,2024-10-12,2024-11-02,2024-11-03,Delivered
SHIP-000142,SUP-005,PROD-0084,2024-05-17,2024-05-22,2024-05-24,Delivered
SHIP-000143,SUP-001,PROD-0017,2024-07-02,2024-07-09,2024-07-07,Delivered
SHIP-000144,SUP-013,PROD-0057,2024-06-16,2024-07-02,2024-07-02,Delivered
SHIP-000145,SUP-014,PROD-0025,2024-01-17,2024-01-24,2024-01-25,Delivered
SHIP-000146,SUP-014,PROD-0096,2024-10-19,2024-10-26,2024-10-24,Delivered
SHIP-000147,SUP-008,PROD-0098,2024-09-28,2024-10-21,2024-10-20,Delivered
SHIP-000148,SUP-019,PROD-0093,2024-07-18,2024-07-22,2024-07-20,Delivered
SHIP-000149,SUP-019,PROD-0090,2024-07-22,2024-07-26,2024-07-31,Delayed
SHIP-000150,SUP-013,PROD-0060,2024-05-27,2024-06-12,2024-06-10,Delivered
SHIP-000151,SUP-006,PROD-0095,2024-02-16,2024-03-06,2024-03-06,Delivered
SHIP-000152,SUP-005,PROD-0045,2024-01-19,2024-01-24,2024-02-02,Delayed
SHIP-000153,SUP-003,PROD-0024,2024-03-31,2024-04-20,2024-04-23,Delayed
SHIP-000154,SUP-013,PROD-0095,2024-09-18,2024-10-04,2024-10-07,Delayed
SHIP-000155,SUP-003,PROD-0095,2024-07-20,2024-08-09,2024-08-08,Delivered
SHIP-000156,SUP-012,PROD-0028,2024-02-15,2024-03-14,2024-03-19,Delayed
SHIP-000157,SUP-013,PROD-0017,2024-12-07,2024-12-23,2025-01-02,Delayed
SHIP-000158,SUP-013,PROD-0095,2024-06-19,2024-07-05,2024-07-07,Delivered
SHIP-000159,SUP-010,PROD-0065,2024-03-17,2024-04-07,2024-04-06,Delivered
SHIP-000160,SUP-017,PROD-0007,2024-04-17,2024-05-01,2024-04-29,Delivered
SHIP-000161,SUP-004,PROD-0036,2024-04-04,2024-04-20,2024-04-21,Delivered
SHIP-000162,SUP-019,PROD-0099,2024-09-12,2024-09-16,2024-09-14,Delivered
SHIP-000163,SUP-006,PROD-0035,2024-12-19,2025-01-07,2025-01-06,Delivered
SHIP-000164,SUP-017,PROD-0037,2024-06-25,2024-07-09,2024-07-10,Delivered
SHIP-000165,SUP-002,PROD-0057,2024-03-04,2024-03-28,2024-03-29,Delivered
SHIP-000166,SUP-003,PROD-0023,2024-12-24,2025-01-13,,In Transit
SHIP-000167,SUP-012,PROD-0053,2024-03-30,2024-04-27,2024-04-28,Delivered
SHIP-000168,SUP-012,PROD-0040,2024-04-06,2024-05-04,2024-05-04,Delivered
SHIP-000169,SUP-020,PROD-0002,2024-11-29,2024-12-19,2024-12-20,Delivered
SHIP-000170,SUP-010,PROD-0016,2024-05-10,2024-05-31,2024-05-29,Delivered
SHIP-000171,SUP-008,PROD-0064,2024-12-12,2025-01-04,,In Transit
SHIP-000172,SUP-017,PROD-0042,2024-04-04,2024-04-18,2024-04-20,Delivered
SHIP-000173,SUP-005,PROD-0039,2024-05-02,2024-05-07,2024-05-14,Delayed
SHIP-000174,SUP-019,PROD-0032,2024-02-27,2024-03-02,2024-03-04,Delivered
SHIP-000175,SUP-010,PROD-0033,2024-08-21,2024-09-11,2024-09-13,Delivered
SHIP-000176,SUP-001,PROD-0048,2024-05-27,2024-06-03,2024-06-01,Delivered
SHIP-000177,SUP-020,PROD-0037,2024-12-05,2024-12-25,,In Transit
SHIP-000178,SUP-006,PROD-0036,2024-04-25,2024-05-14,2024-05-17,Delayed
SHIP-000179,SUP-007,PROD-0086,2024-10-21,2024-11-10,2024-11-12,Delivered
SHIP-000180,SUP-005,PROD-0051,2024-09-08,2024-09-13,2024-09-15,Delivered
SHIP-000181,SUP-019,PROD-0070,2024-04-24,2024-04-28,2024-04-27,Delivered
SHIP-000182,SUP-003,PROD-0044,2024-09-07,2024-09-27,2024-09-29,Delivered
SHIP-000183,SUP-006,PROD-0016,2024-06-27,2024-07-16,2024-07-15,Delivered
SHIP-000184,SUP-011,PROD-0080,2024-09-23,2024-10-23,2024-10-27,Delayed
SHIP-000185,SUP-003,PROD-0008,2024-08-04,2024-08-24,2024-08-28,Delayed
SHIP-000186,SUP-016,PROD-0037,2024-03-06,2024-03-11,2024-03-09,Delivered
SHIP-000187,SUP-015,PROD-0081,2024-05-02,2024-05-29,2024-05-27,Delivered
SHIP-000188,SUP-012,PROD-0045,2024-12-03,2024-12-31,,Pending
SHIP-000189,SUP-009,PROD-0041,2024-01-26,2024-02-11,2024-02-12,Delivered
SHIP-000190,SUP-017,PROD-0017,2024-06-17,2024-07-01,2024-06-29,Delivered
SHIP-000191,SUP-011,PROD-0036,2024-04-01,2024-05-01,2024-05-10,Delayed
SHIP-000192,SUP-009,PROD-0050,2024-10-22,2024-11-07,2024-11-09,Delivered
SHIP-000193,SUP-002,PROD-0051,2024-05-27,2024-06-20,2024-06-18,Delivered
SHIP-000194,SUP-015,PROD-0006,2024-03-28,2024-04-24,2024-04-23,Delivered
SHIP-000195,SUP-008,PROD-0008,2024-04-02,2024-04-25,2024-04-24,Delivered
SHIP-000196,SUP-003,PROD-0034,2024-01-18,2024-02-07,2024-02-06,Delivered
SHIP-000197,SUP-002,PROD-0045,2024-09-25,2024-10-19,2024-10-20,Delivered
SHIP-000198,SUP-010,PROD-0027,2024-01-31,2024-02-21,2024-02-28,Delayed
SHIP-000199,SUP-012,PROD-0083,2024-04-16,2024-05-14,2024-05-12,Delivered
SHIP-000200,SUP-006,PROD-0091,2024-05-07,2024-05-26,2024-05-28,Delivered
SHIP-000201,SUP-017,PROD-0014,2024-06-29,2024-07-13,2024-07-14,Delivered
SHIP-000202,SUP-018,PROD-0056,2024-09-22,2024-10-14,2024-10-16,Delivered
SHIP-000203,SUP-002,PROD-0081,2024-03-27,2024-04-20,2024-04-18,Delivered
SHIP-000204,SUP-019,PROD-0008,2024-08-05,2024-08-09,2024-08-11,Delivered
SHIP-000205,SUP-014,PROD-0089,2024-04-05,2024-04-12,2024-04-10,Delivered
SHIP-000206,SUP-018,PROD-0013,2024-09-21,2024-10-13,2024-10-15,Delivered
SHIP-000207,SUP-020,PROD-0001,2024-04-17,2024-05-07,2024-05-07,Delivered
SHIP-000208,SUP-019,PROD-0012,2024-02-24,2024-02-28,2024-02-26,Delivered
SHIP-000209,SUP-004,PROD-0051,2024-08-17,2024-09-02,2024-09-09,Delayed
SHIP-000210,SUP-020,PROD-0030,2024-05-18,2024-06-07,2024-06-09,Delivered
SHIP-000211,SUP-010,PROD-0100,2024-10-13,2024-11-03,2024-11-09,Delayed
SHIP-000212,SUP-017,PROD-0098,2024-10-03,2024-10-17,2024-10-18,Delivered
SHIP-000213,SUP-002,PROD-0022,2024-11-22,2024-12-16,2024-12-17,Delivered
SHIP-000214,SUP-015,PROD-0055,2024-04-28,2024-05-25,2024-05-23,Delivered
SHIP-000215,SUP-001,PROD-0026,2024-04-24,2024-05-01,2024-05-02,Delivered
SHIP-000216,SUP-014,PROD-0090,2024-02-01,2024-02-08,2024-02-10,Delivered
SHIP-000217,SUP-005,PROD-0064,2024-05-16,2024-05-21,2024-05-21,Delivered
SHIP-000218,SUP-016,PROD-0031,2024-07-06,2024-07-11,2024-07-09,Delivered
SHIP-000219,SUP-002,PROD-0088,2024-08-13,2024-09-06,2024-09-04,Delivered
SHIP-000220,SUP-011,PROD-0069,2024-01-08,2024-02-07,2024-02-06,Delivered
SHIP-000221,SUP-001,PROD-0096,2024-07-01,2024-07-08,2024-07-10,Delivered
SHIP-000222,SUP-019,PROD-0070,2024-09-22,2024-09-26,2024-09-25,Delivered
SHIP-000223,SUP-008,PROD-0059,2024-05-15,2024-06-07,2024-06-05,Delivered
SHIP-000224,SUP-019,PROD-0059,2024-12-07,2024-12-11,,Pending
SHIP-000225,SUP-003,PROD-0043,2024-10-16,2024-11-05,2024-11-04,Delivered
SHIP-000226,SUP-014,PROD-0030,2024-09-21,2024-09-28,2024-10-01,Delayed
SHIP-000227,SUP-013,PROD-0035,2024-03-10,2024-03-26,2024-03-28,Delivered
SHIP-000228,SUP-013,PROD-0020,2024-05-23,2024-06-08,2024-06-10,Delivered
SHIP-000229,SUP-001,PROD-0021,2024-10-10,2024-10-17,2024-10-17,Delivered
SHIP-000230,SUP-006,PROD-0040,2024-09-20,2024-10-09,2024-10-09,Delivered
SHIP-000231,SUP-003,PROD-0041,2024-04-22,2024-05-12,2024-05-12,Delivered
SHIP-000232,SUP-008,PROD-0090,2024-08-06,2024-08-29,2024-08-27,Delivered
SHIP-000233,SUP-001,PROD-0094,2024-06-13,2024-06-20,2024-06-19,Delivered
SHIP-000234,SUP-009,PROD-0035,2024-04-20,2024-05-06,2024-05-07,Delivered
SHIP-000235,SUP-009,PROD-0007,2024-01-09,2024-01-25,2024-01-26,Delivered
SHIP-000236,SUP-012,PROD-0057,2024-12-14,2025-01-11,2025-01-14,Delayed
SHIP-000237,SUP-010,PROD-0019,2024-12-05,2024-12-26,2024-12-25,Delivered
SHIP-000238,SUP-015,PROD-0071,2024-04-29,2024-05-26,2024-05-28,Delivered
SHIP-000239,SUP-015,PROD-0094,2024-02-05,2024-03-03,2024-03-01,Delivered
SHIP-000240,SUP-017,PROD-0028,2024-02-23,2024-03-08,2024-03-16,Delayed
SHIP-000241,SUP-003,PROD-0085,2024-06-21,2024-07-11,2024-07-14,Delayed
SHIP-000242,SUP-018,PROD-0082,2024-10-31,2024-11-22,2024-11-21,Delivered
SHIP-000243,SUP-007,PROD-0071,2024-02-28,2024-03-19,2024-03-26,Delayed
SHIP-000244,SUP-018,PROD-0031,2024-12-16,2025-01-07,2025-01-08,Delivered
SHIP-000245,SUP-007,PROD-0044,2024-02-09,2024-02-29,2024-03-03,Delayed
SHIP-000246,SUP-002,PROD-0054,2024-04-20,2024-05-14,2024-05-13,Delivered
SHIP-000247,SUP-005,PROD-0072,2024-01-15,2024-01-20,2024-01-22,Delivered
SHIP-000248,SUP-016,PROD-0033,2024-10-24,2024-10-29,2024-10-27,Delivered
SHIP-000249,SUP-019,PROD-0017,2024-01-08,2024-01-12,2024-01-12,Delivered
SHIP-000250,SUP-015,PROD-0084,2024-09-21,2024-10-18,2024-10-19,Delivered
SHIP-000251,SUP-006,PROD-0057,2024-03-14,2024-04-02,2024-04-03,Delivered
SHIP-000252,SUP-001,PROD-0084,2024-04-03,2024-04-10,2024-04-11,Delivered
SHIP-000253,SUP-008,PROD-0024,2024-12-20,2025-01-12,2025-01-12,Delivered
SHIP-000254,SUP-016,PROD-0028,2024-05-18,2024-05-23,2024-05-29,Delayed
SHIP-000255,SUP-017,PROD-0009,2024-03-16,2024-03-30,2024-03-30,Delivered
SHIP-000256,SUP-004,PROD-0036,2024-02-01,2024-02-17,2024-02-25,Delayed
SHIP-000257,SUP-012,PROD-0052,2024-03-09,2024-04-06,2024-04-08,Delivered
SHIP-000258,SUP-008,PROD-0023,2024-01-13,2024-02-05,2024-02-04,Delivered
SHIP-000259,SUP-019,PROD-0054,2024-07-15,2024-07-19,2024-07-20,Delivered
SHIP-000260,SUP-008,PROD-0030,2024-11-15,2024-12-08,2024-12-07,Delivered
SHIP-000261,SUP-006,PROD-0049,2024-01-13,2024-02-01,2024-01-31,Delivered
SHIP-000262,SUP-020,PROD-0035,2024-01-18,2024-02-07,2024-02-08,Delivered
SHIP-000263,SUP-002,PROD-0051,2024-10-07,2024-10-31,2024-11-02,Delivered
SHIP-000264,SUP-011,PROD-0064,2024-01-12,2024-02-11,2024-02-19,Delayed
SHIP-000265,SUP-014,PROD-0082,2024-12-22,2024-12-29,,Pending
SHIP-000266,SUP-005,PROD-0083,2024-10-18,2024-10-23,2024-10-24,Delivered
SHIP-000267,SUP-019,PROD-0079,2024-10-03,2024-10-07,2024-10-07,Delivered
SHIP-000268,SUP-014,PROD-0065,2024-05-22,2024-05-29,2024-05-29,Delivered
SHIP-000269,SUP-007,PROD-0085,2024-12-26,2025-01-15,2025-01-17,Delivered
SHIP-000270,SUP-011,PROD-0089,2024-08-16,2024-09-15,2024-09-14,Delivered
SHIP-000271,SUP-011,PROD-0062,2024-01-18,2024-02-17,2024-02-24,Delayed
SHIP-000272,SUP-001,PROD-0093,2024-01-29,2024-02-05,2024-02-13,Delayed
SHIP-000273,SUP-004,PROD-0074,2024-02-13,2024-02-29,2024-03-08,Delayed
SHIP-000274,SUP-010,PROD-0039,2024-12-19,2025-01-09,2025-01-10,Delivered
SHIP-000275,SUP-007,PROD-0044,2024-05-23,2024-06-12,2024-06-11,Delivered
SHIP-000276,SUP-014,PROD-0078,2024-01-25,2024-02-01,2024-02-02,Delivered
SHIP-000277,SUP-016,PROD-0067,2024-11-26,2024-12-01,2024-12-01,Delivered
SHIP-000278,SUP-020,PROD-0054,2024-11-03,2024-11-23,2024-11-22,Delivered
SHIP-000279,SUP-017,PROD-0050,2024-01-19,2024-02-02,2024-01-31,Delivered
SHIP-000280,SUP-015,PROD-0090,2024-02-06,2024-03-04,2024-03-04,Delivered
SHIP-000281,SUP-017,PROD-0080,2024-11-17,2024-12-01,2024-11-29,Delivered
SHIP-000282,SUP-002,PROD-0089,2024-06-27,2024-07-21,2024-07-23,Delivered
SHIP-000283,SUP-016,PROD-0039,2024-01-27,2024-02-01,2024-02-02,Delivered
SHIP-000284,SUP-004,PROD-0047,2024-01-10,2024-01-26,2024-01-26,Delivered
SHIP-000285,SUP-001,PROD-0078,2024-05-19,2024-05-26,2024-06-03,Delayed
SHIP-000286,SUP-019,PROD-0083,2024-06-07,2024-06-11,2024-06-09,Delivered
SHIP-000287,SUP-014,PROD-0006,2024-01-26,2024-02-02,2024-02-02,Delivered
SHIP-000288,SUP-013,PROD-0097,2024-01-20,2024-02-05,2024-02-06,Delivered
SHIP-000289,SUP-013,PROD-0062,2024-05-10,2024-05-26,2024-06-02,Delayed
SHIP-000290,SUP-008,PROD-0067,2024-11-15,2024-12-08,2024-12-10,Delivered
SHIP-000291,SUP-007,PROD-0052,2024-04-18,2024-05-08,2024-05-10,Delivered
SHIP-000292,SUP-016,PROD-0039,2024-08-13,2024-08-18,2024-08-18,Delivered
SHIP-000293,SUP-013,PROD-0017,2024-07-27,2024-08-12,2024-08-14,Delivered
SHIP-000294,SUP-011,PROD-0087,2024-10-24,2024-11-23,2024-11-23,Delivered
SHIP-000295,SUP-010,PROD-0003,2024-07-21,2024-08-11,2024-08-11,Delivered
SHIP-000296,SUP-006,PROD-0062,2024-08-15,2024-09-03,2024-09-01,Delivered
SHIP-000297,SUP-020,PROD-0090,2024-04-08,2024-04-28,2024-04-29,Delivered
SHIP-000298,SUP-005,PROD-0100,2024-11-04,2024-11-09,2024-11-07,Delivered
SHIP-000299,SUP-016,PROD-0079,2024-02-15,2024-02-20,2024-02-24,Delayed
SHIP-000300,SUP-009,PROD-0025,2024-03-28,2024-04-13,2024-04-11,Delivered
SHIP-000301,SUP-011,PROD-0087,2024-07-15,2024-08-14,2024-08-14,Delivered
SHIP-000302,SUP-002,PROD-0006,2024-01-31,2024-02-24,2024-02-22,Delivered
SHIP-000303,SUP-004,PROD-0098,2024-07-07,2024-07-23,2024-07-25,Delivered
SHIP-000304,SUP-001,PROD-0045,2024-01-12,2024-01-19,2024-01-17,Delivered
SHIP-000305,SUP-017,PROD-0060,2024-06-22,2024-07-06,2024-07-07,Delivered
SHIP-000306,SUP-018,PROD-0084,2024-02-06,2024-02-28,2024-02-28,Delivered
SHIP-000307,SUP-019,PROD-0068,2024-02-06,2024-02-10,2024-02-10,Delivered
SHIP-000308,SUP-015,PROD-0081,2024-09-03,2024-09-30,2024-10-10,Delayed
SHIP-000309,SUP-018,PROD-0033,2024-12-04,2024-12-26,2024-12-25,Delivered
SHIP-000310,SUP-013,PROD-0018,2024-02-21,2024-03-08,2024-03-07,Delivered
SHIP-000311,SUP-014,PROD-0048,2024-03-21,2024-03-28,2024-03-26,Delivered
SHIP-000312,SUP-013,PROD-0040,2024-10-25,2024-11-10,2024-11-11,Delivered
SHIP-000313,SUP-019,PROD-0061,2024-01-30,2024-02-03,2024-02-03,Delivered
SHIP-000314,SUP-011,PROD-0034,2024-07-11,2024-08-10,2024-08-12,Delivered
SHIP-000315,SUP-003,PROD-0023,2024-05-10,2024-05-30,2024-06-06,Delayed
SHIP-000316,SUP-016,PROD-0002,2024-07-13,2024-07-18,2024-07-18,Delivered
SHIP-000317,SUP-013,PROD-0008,2024-07-06,2024-07-22,2024-07-24,Delivered
SHIP-000318,SUP-003,PROD-0062,2024-11-06,2024-11-26,2024-12-01,Delayed
SHIP-000319,SUP-019,PROD-0055,2024-05-08,2024-05-12,2024-05-10,Delivered
SHIP-000320,SUP-012,PROD-0001,2024-12-06,2025-01-03,2025-01-02,Delivered
SHIP-000321,SUP-020,PROD-0061,2024-02-04,2024-02-24,2024-03-01,Delayed
SHIP-000322,SUP-002,PROD-0052,2024-08-15,2024-09-08,2024-09-08,Delivered
SHIP-000323,SUP-004,PROD-0054,2024-12-15,2024-12-31,2025-01-01,Delivered
SHIP-000324,SUP-007,PROD-0037,2024-10-31,2024-11-20,2024-11-25,Delayed
SHIP-000325,SUP-011,PROD-0040,2024-10-23,2024-11-22,2024-11-22,Delivered
SHIP-000326,SUP-008,PROD-0065,2024-10-21,2024-11-13,2024-11-13,Delivered
SHIP-000327,SUP-002,PROD-0072,2024-06-02,2024-06-26,2024-07-03,Delayed
SHIP-000328,SUP-012,PROD-0080,2024-01-11,2024-02-08,2024-02-15,Delayed
SHIP-000329,SUP-018,PROD-0078,2024-07-15,2024-08-06,2024-08-08,Delivered
SHIP-000330,SUP-018,PROD-0097,2024-05-10,2024-06-01,2024-06-07,Delayed
SHIP-000331,SUP-002,PROD-0092,2024-10-23,2024-11-16,2024-11-16,Delivered
SHIP-000332,SUP-014,PROD-0032,2024-10-13,2024-10-20,2024-10-22,Delivered
SHIP-000333,SUP-019,PROD-0070,2024-09-10,2024-09-14,2024-09-15,Delivered
SHIP-000334,SUP-001,PROD-0098,2024-05-04,2024-05-11,2024-05-12,Delivered
SHIP-000335,SUP-019,PROD-0053,2024-08-02,2024-08-06,2024-08-08,Delivered
SHIP-000336,SUP-008,PROD-0046,2024-08-28,2024-09-20,2024-09-30,Delayed
SHIP-000337,SUP-007,PROD-0027,2024-09-28,2024-10-18,2024-10-17,Delivered
SHIP-000338,SUP-015,PROD-0024,2024-05-20,2024-06-16,2024-06-24,Delayed
SHIP-000339,SUP-002,PROD-0015,2024-02-27,2024-03-22,2024-03-24,Delivered
SHIP-000340,SUP-004,PROD-0060,2024-08-20,2024-09-05,2024-09-04,Delivered
SHIP-000341,SUP-018,PROD-0044,2024-10-02,2024-10-24,2024-10-24,Delivered
SHIP-000342,SUP-012,PROD-0094,2024-08-14,2024-09-11,2024-09-12,Delivered
SHIP-000343,SUP-017,PROD-0056,2024-08-09,2024-08-23,2024-08-24,Delivered
SHIP-000344,SUP-003,PROD-0084,2024-01-30,2024-02-19,2024-02-17,Delivered
SHIP-000345,SUP-001,PROD-0058,2024-10-28,2024-11-04,2024-11-03,Delivered
SHIP-000346,SUP-013,PROD-0019,2024-07-05,2024-07-21,2024-07-21,Delivered
SHIP-000347,SUP-001,PROD-0050,2024-03-05,2024-03-12,2024-03-14,Delivered
SHIP-000348,SUP-006,PROD-0069,2024-04-17,2024-05-06,2024-05-07,Delivered
SHIP-000349,SUP-020,PROD-0073,2024-10-23,2024-11-12,2024-11-10,Delivered
SHIP-000350,SUP-013,PROD-0061,2024-09-28,2024-10-14,2024-10-15,Delivered
SHIP-000351,SUP-006,PROD-0055,2024-08-17,2024-09-05,2024-09-03,Delivered
SHIP-000352,SUP-016,PROD-0032,2024-01-14,2024-01-19,2024-01-20,Delivered
SHIP-000353,SUP-018,PROD-0025,2024-04-18,2024-05-10,2024-05-19,Delayed
SHIP-000354,SUP-002,PROD-0030,2024-09-05,2024-09-29,2024-09-29,Delivered
SHIP-000355,SUP-020,PROD-0038,2024-05-22,2024-06-11,2024-06-21,Delayed
SHIP-000356,SUP-005,PROD-0097,2024-09-03,2024-09-08,2024-09-12,Delayed
SHIP-000357,SUP-014,PROD-0073,2024-05-19,2024-05-26,2024-05-27,Delivered
SHIP-000358,SUP-004,PROD-0077,2024-08-27,2024-09-12,2024-09-15,Delayed
SHIP-000359,SUP-011,PROD-0085,2024-03-10,2024-04-09,2024-04-12,Delayed
SHIP-000360,SUP-006,PROD-0022,2024-12-22,2025-01-10,2025-01-10,Delivered
SHIP-000361,SUP-013,PROD-0087,2024-05-11,2024-05-27,2024-05-25,Delivered
SHIP-000362,SUP-002,PROD-0091,2024-11-23,2024-12-17,2024-12-19,Delivered
SHIP-000363,SUP-012,PROD-0017,2024-12-20,2025-01-17,2025-01-19,Delivered
SHIP-000364,SUP-005,PROD-0087,2024-06-14,2024-06-19,2024-06-20,Delivered
SHIP-000365,SUP-015,PROD-0030,2024-11-18,2024-12-15,2024-12-15,Delivered
SHIP-000366,SUP-010,PROD-0057,2024-05-16,2024-06-06,2024-06-13,Delayed
SHIP-000367,SUP-013,PROD-0073,2024-07-01,2024-07-17,2024-07-17,Delivered
SHIP-000368,SUP-003,PROD-0035,2024-12-29,2025-01-18,2025-01-19,Delivered
SHIP-000369,SUP-007,PROD-0067,2024-12-10,2024-12-30,2024-12-29,Delivered
SHIP-000370,SUP-003,PROD-0034,2024-12-19,2025-01-08,,In Transit
SHIP-000371,SUP-010,PROD-0021,2024-01-14,2024-02-04,2024-02-12,Delayed
SHIP-000372,SUP-018,PROD-0053,2024-04-20,2024-05-12,2024-05-22,Delayed
SHIP-000373,SUP-016,PROD-0075,2024-03-23,2024-03-28,2024-03-29,Delivered
SHIP-000374,SUP-001,PROD-0034,2024-03-07,2024-03-14,2024-03-13,Delivered
SHIP-000375,SUP-005,PROD-0013,2024-08-31,2024-09-05,2024-09-05,Delivered
SHIP-000376,SUP-018,PROD-0016,2024-12-10,2025-01-01,2025-01-03,Delivered
SHIP-000377,SUP-007,PROD-0023,2024-10-11,2024-10-31,2024-10-31,Delivered
SHIP-000378,SUP-002,PROD-0001,2024-03-21,2024-04-14,2024-04-15,Delivered
SHIP-000379,SUP-007,PROD-0050,2024-07-25,2024-08-14,2024-08-15,Delivered
SHIP-000380,SUP-003,PROD-0025,2024-08-04,2024-08-24,2024-08-27,Delayed
SHIP-000381,SUP-011,PROD-0089,2024-11-21,2024-12-21,2024-12-22,Delivered
SHIP-000382,SUP-011,PROD-0085,2024-08-10,2024-09-09,2024-09-09,Delivered
SHIP-000383,SUP-002,PROD-0030,2024-05-15,2024-06-08,2024-06-10,Delivered
SHIP-000384,SUP-018,PROD-0003,2024-05-26,2024-06-17,2024-06-17,Delivered
SHIP-000385,SUP-008,PROD-0080,2024-01-24,2024-02-16,2024-02-17,Delivered
SHIP-000386,SUP-001,PROD-0063,2024-11-04,2024-11-11,2024-11-09,Delivered
SHIP-000387,SUP-002,PROD-0052,2024-08-09,2024-09-02,2024-09-03,Delivered
SHIP-000388,SUP-020,PROD-0020,2024-09-10,2024-09-30,2024-10-10,Delayed
SHIP-000389,SUP-001,PROD-0012,2024-12-14,2024-12-21,,Pending
SHIP-000390,SUP-013,PROD-0083,2024-08-03,2024-08-19,2024-08-23,Delayed
SHIP-000391,SUP-015,PROD-0021,2024-10-27,2024-11-23,2024-11-22,Delivered
SHIP-000392,SUP-013,PROD-0015,2024-12-14,2024-12-30,,In Transit
SHIP-000393,SUP-003,PROD-0077,2024-03-29,2024-04-18,2024-04-17,Delivered
SHIP-000394,SUP-014,PROD-0088,2024-06-25,2024-07-02,2024-07-03,Delivered
SHIP-000395,SUP-006,PROD-0063,2024-11-06,2024-11-25,2024-11-26,Delivered
SHIP-000396,SUP-019,PROD-0016,2024-11-09,2024-11-13,2024-11-11,Delivered
SHIP-000397,SUP-020,PROD-0055,2024-09-02,2024-09-22,2024-09-21,Delivered
SHIP-000398,SUP-005,PROD-0024,2024-04-16,2024-04-21,2024-04-19,Delivered
SHIP-000399,SUP-007,PROD-0064,2024-01-11,2024-01-31,2024-01-30,Delivered
SHIP-000400,SUP-016,PROD-0068,2024-04-20,2024-04-25,2024-04-25,Delivered
SHIP-000401,SUP-006,PROD-0072,2024-10-23,2024-11-11,2024-11-10,Delivered
SHIP-000402,SUP-001,PROD-0083,2024-09-02,2024-09-09,2024-09-08,Delivered
SHIP-000403,SUP-008,PROD-0088,2024-08-09,2024-09-01,2024-08-31,Delivered
SHIP-000404,SUP-017,PROD-0025,2024-05-22,2024-06-05,2024-06-03,Delivered
SHIP-000405,SUP-006,PROD-0021,2024-10-09,2024-10-28,2024-10-29,Delivered
SHIP-000406,SUP-001,PROD-0037,2024-12-10,2024-12-17,2024-12-17,Delivered
SHIP-000407,SUP-019,PROD-0001,2024-11-09,2024-11-13,2024-11-12,Delivered
SHIP-000408,SUP-001,PROD-0100,2024-10-20,2024-10-27,2024-10-28,Delivered
SHIP-000409,SUP-015,PROD-0095,2024-05-14,2024-06-10,2024-06-08,Delivered
SHIP-000410,SUP-015,PROD-0056,2024-02-24,2024-03-22,2024-03-24,Delivered
SHIP-000411,SUP-003,PROD-0010,2024-08-24,2024-09-13,2024-09-17,Delayed
SHIP-000412,SUP-019,PROD-0076,2024-05-14,2024-05-18,2024-05-18,Delivered
SHIP-000413,SUP-004,PROD-0067,2024-10-29,2024-11-14,2024-11-12,Delivered
SHIP-000414,SUP-011,PROD-0042,2024-11-30,2024-12-30,2024-12-29,Delivered
SHIP-000415,SUP-014,PROD-0034,2024-04-28,2024-05-05,2024-05-03,Delivered
SHIP-000416,SUP-004,PROD-0063,2024-07-07,2024-07-23,2024-07-24,Delivered
SHIP-000417,SUP-006,PROD-0100,2024-08-09,2024-08-28,2024-08-30,Delivered
SHIP-000418,SUP-009,PROD-0089,2024-05-09,2024-05-25,2024-05-27,Delivered
SHIP-000419,SUP-011,PROD-0079,2024-05-28,2024-06-27,2024-07-03,Delayed
SHIP-000420,SUP-013,PROD-0060,2024-09-03,2024-09-19,2024-09-19,Delivered
SHIP-000421,SUP-018,PROD-0077,2024-03-22,2024-04-13,2024-04-13,Delivered
SHIP-000422,SUP-017,PROD-0045,2024-07-16,2024-07-30,2024-07-31,Delivered
SHIP-000423,SUP-001,PROD-0092,2024-05-03,2024-05-10,2024-05-12,Delivered
SHIP-000424,SUP-012,PROD-0054,2024-11-18,2024-12-16,2024-12-19,Delayed
SHIP-000425,SUP-005,PROD-0081,2024-05-04,2024-05-09,2024-05-08,Delivered
SHIP-000426,SUP-003,PROD-0092,2024-08-17,2024-09-06,2024-09-05,Delivered
SHIP-000427,SUP-005,PROD-0060,2024-12-16,2024-12-21,2024-12-31,Delayed
SHIP-000428,SUP-019,PROD-0021,2024-02-08,2024-02-12,2024-02-12,Delivered
SHIP-000429,SUP-015,PROD-0079,2024-01-24,2024-02-20,2024-02-28,Delayed
SHIP-000430,SUP-006,PROD-0063,2024-06-29,2024-07-18,2024-07-19,Delivered
SHIP-000431,SUP-018,PROD-0098,2024-08-15,2024-09-06,2024-09-05,Delivered
SHIP-000432,SUP-017,PROD-0032,2024-05-22,2024-06-05,2024-06-05,Delivered
SHIP-000433,SUP-006,PROD-0015,2024-12-11,2024-12-30,,In Transit
SHIP-000434,SUP-019,PROD-0095,2024-03-14,2024-03-18,2024-03-20,Delivered
SHIP-000435,SUP-002,PROD-0060,2024-08-24,2024-09-17,2024-09-18,Delivered
SHIP-000436,SUP-020,PROD-0079,2024-10-28,2024-11-17,2024-11-24,Delayed
SHIP-000437,SUP-019,PROD-0068,2024-10-31,2024-11-04,2024-11-03,Delivered
SHIP-000438,SUP-003,PROD-0066,2024-09-26,2024-10-16,2024-10-26,Delayed
SHIP-000439,SUP-018,PROD-0077,2024-03-25,2024-04-16,2024-04-17,Delivered
SHIP-000440,SUP-016,PROD-0070,2024-05-11,2024-05-16,2024-05-18,Delivered
SHIP-000441,SUP-002,PROD-0044,2024-07-15,2024-08-08,2024-08-12,Delayed
SHIP-000442,SUP-014,PROD-0039,2024-01-27,2024-02-03,2024-02-04,Delivered
SHIP-000443,SUP-004,PROD-0021,2024-07-13,2024-07-29,2024-07-28,Delivered
SHIP-000444,SUP-002,PROD-0025,2024-11-01,2024-11-25,2024-11-27,Delivered
SHIP-000445,SUP-005,PROD-0057,2024-07-14,2024-07-19,2024-07-19,Delivered
SHIP-000446,SUP-018,PROD-0057,2024-02-21,2024-03-14,2024-03-15,Delivered
SHIP-000447,SUP-002,PROD-0094,2024-04-22,2024-05-16,2024-05-18,Delivered
SHIP-000448,SUP-017,PROD-0007,2024-01-26,2024-02-09,2024-02-09,Delivered
SHIP-000449,SUP-005,PROD-0050,2024-01-11,2024-01-16,2024-01-14,Delivered
SHIP-000450,SUP-015,PROD-0063,2024-08-23,2024-09-19,2024-09-23,Delayed
SHIP-000451,SUP-010,PROD-0045,2024-03-09,2024-03-30,2024-03-30,Delivered
SHIP-000452,SUP-017,PROD-0061,2024-05-07,2024-05-21,2024-05-20,Delivered
SHIP-000453,SUP-001,PROD-0088,2024-08-21,2024-08-28,2024-08-27,Delivered
SHIP-000454,SUP-006,PROD-0083,2024-08-04,2024-08-23,2024-08-25,Delivered
SHIP-000455,SUP-001,PROD-0013,2024-02-21,2024-02-28,2024-02-29,Delivered
SHIP-000456,SUP-014,PROD-0007,2024-04-23,2024-04-30,2024-05-08,Delayed
SHIP-000457,SUP-008,PROD-0037,2024-01-16,2024-02-08,2024-02-07,Delivered
SHIP-000458,SUP-020,PROD-0048,2024-07-08,2024-07-28,2024-07-26,Delivered
SHIP-000459,SUP-001,PROD-0047,2024-12-04,2024-12-11,2024-12-09,Delivered
SHIP-000460,SUP-015,PROD-0097,2024-09-18,2024-10-15,2024-10-16,Delivered
SHIP-000461,SUP-011,PROD-0034,2024-08-14,2024-09-13,2024-09-17,Delayed
SHIP-000462,SUP-011,PROD-0002,2024-04-22,2024-05-22,2024-05-20,Delivered
SHIP-000463,SUP-010,PROD-0057,2024-12-23,2025-01-13,,Pending
SHIP-000464,SUP-020,PROD-0060,2024-02-17,2024-03-08,2024-03-18,Delayed
SHIP-000465,SUP-001,PROD-0028,2024-07-03,2024-07-10,2024-07-08,Delivered
SHIP-000466,SUP-007,PROD-0032,2024-09-12,2024-10-02,2024-10-05,Delayed
SHIP-000467,SUP-009,PROD-0048,2024-04-04,2024-04-20,2024-04-30,Delayed
SHIP-000468,SUP-007,PROD-0062,2024-04-19,2024-05-09,2024-05-08,Delivered
SHIP-000469,SUP-008,PROD-0007,2024-10-31,2024-11-23,2024-11-21,Delivered
SHIP-000470,SUP-004,PROD-0079,2024-02-12,2024-02-28,2024-03-02,Delayed
SHIP-000471,SUP-001,PROD-0066,2024-02-20,2024-02-27,2024-02-27,Delivered
SHIP-000472,SUP-020,PROD-0099,2024-10-16,2024-11-05,2024-11-04,Delivered
SHIP-000473,SUP-018,PROD-0033,2024-02-09,2024-03-02,2024-03-07,Delayed
SHIP-000474,SUP-015,PROD-0051,2024-03-22,2024-04-18,2024-04-25,Delayed
SHIP-000475,SUP-009,PROD-0036,2024-01-08,2024-01-24,2024-02-02,Delayed
SHIP-000476,SUP-006,PROD-0064,2024-02-09,2024-02-28,2024-02-29,Delivered
SHIP-000477,SUP-019,PROD-0042,2024-06-20,2024-06-24,2024-06-26,Delivered
SHIP-000478,SUP-004,PROD-0018,2024-08-06,2024-08-22,2024-08-25,Delayed
SHIP-000479,SUP-012,PROD-0040,2024-03-28,2024-04-25,2024-05-03,Delayed
SHIP-000480,SUP-008,PROD-0008,2024-02-13,2024-03-07,2024-03-14,Delayed
SHIP-000481,SUP-015,PROD-0067,2024-05-07,2024-06-03,2024-06-01,Delivered
SHIP-000482,SUP-020,PROD-0055,2024-05-21,2024-06-10,2024-06-14,Delayed
SHIP-000483,SUP-004,PROD-0055,2024-02-02,2024-02-18,2024-02-21,Delayed
SHIP-000484,SUP-001,PROD-0051,2024-01-17,2024-01-24,2024-02-01,Delayed
SHIP-000485,SUP-006,PROD-0061,2024-01-27,2024-02-15,2024-02-15,Delivered
SHIP-000486,SUP-009,PROD-0023,2024-05-04,2024-05-20,2024-05-24,Delayed
SHIP-000487,SUP-020,PROD-0095,2024-10-19,2024-11-08,2024-11-17,Delayed
SHIP-000488,SUP-014,PROD-0086,2024-01-30,2024-02-06,2024-02-11,Delayed
SHIP-000489,SUP-004,PROD-0065,2024-09-03,2024-09-19,2024-09-18,Delivered
SHIP-000490,SUP-012,PROD-0004,2024-12-25,2025-01-22,2025-02-01,Delayed
SHIP-000491,SUP-002,PROD-0037,2024-11-06,2024-11-30,2024-11-28,Delivered
SHIP-000492,SUP-017,PROD-0064,2024-06-16,2024-06-30,2024-07-02,Delivered
SHIP-000493,SUP-018,PROD-0088,2024-06-19,2024-07-11,2024-07-11,Delivered
SHIP-000494,SUP-018,PROD-0044,2024-08-29,2024-09-20,2024-09-20,Delivered
SHIP-000495,SUP-014,PROD-0076,2024-03-27,2024-04-03,2024-04-04,Delivered
SHIP-000496,SUP-018,PROD-0074,2024-05-13,2024-06-04,2024-06-05,Delivered
SHIP-000497,SUP-006,PROD-0088,2024-10-29,2024-11-17,2024-11-26,Delayed
SHIP-000498,SUP-004,PROD-0054,2024-02-26,2024-03-13,2024-03-23,Delayed
SHIP-000499,SUP-002,PROD-0099,2024-06-21,2024-07-15,2024-07-13,Delivered
SHIP-000500,SUP-015,PROD-0056,2024-09-22,2024-10-19,2024-10-20,Delivered
SHIP-000501,SUP-006,PROD-0049,2024-02-25,2024-03-15,2024-03-15,Delivered
SHIP-000502,SUP-010,PROD-0017,2024-10-14,2024-11-04,2024-11-02,Delivered
SHIP-000503,SUP-011,PROD-0090,2024-07-14,2024-08-13,2024-08-15,Delivered
SHIP-000504,SUP-017,PROD-0077,2024-01-11,2024-01-25,2024-01-27,Delivered
SHIP-000505,SUP-009,PROD-0099,2024-09-12,2024-09-28,2024-09-28,Delivered
SHIP-000506,SUP-015,PROD-0042,2024-06-30,2024-07-27,2024-07-30,Delayed
SHIP-000507,SUP-010,PROD-0009,2024-10-12,2024-11-02,2024-11-03,Delivered
SHIP-000508,SUP-013,PROD-0010,2024-10-07,2024-10-23,2024-10-23,Delivered
SHIP-000509,SUP-008,PROD-0022,2024-01-24,2024-02-16,2024-02-16,Delivered
SHIP-000510,SUP-020,PROD-0047,2024-02-16,2024-03-07,2024-03-14,Delayed
SHIP-000511,SUP-009,PROD-0021,2024-03-11,2024-03-27,2024-03-27,Delivered
SHIP-000512,SUP-007,PROD-0098,2024-03-15,2024-04-04,2024-04-05,Delivered
SHIP-000513,SUP-003,PROD-0039,2024-11-18,2024-12-08,2024-12-10,Delivered
SHIP-000514,SUP-015,PROD-0037,2024-02-01,2024-02-28,2024-02-26,Delivered
SHIP-000515,SUP-004,PROD-0007,2024-02-03,2024-02-19,2024-02-17,Delivered
SHIP-000516,SUP-012,PROD-0060,2024-04-26,2024-05-24,2024-05-26,Delivered
SHIP-000517,SUP-011,PROD-0080,2024-12-02,2025-01-01,2024-12-31,Delivered
SHIP-000518,SUP-011,PROD-0031,2024-05-09,2024-06-08,2024-06-18,Delayed
SHIP-000519,SUP-020,PROD-0059,2024-01-23,2024-02-12,2024-02-12,Delivered
SHIP-000520,SUP-014,PROD-0069,2024-02-02,2024-02-09,2024-02-11,Delivered
SHIP-000521,SUP-014,PROD-0087,2024-12-06,2024-12-13,,Pending
SHIP-000522,SUP-013,PROD-0027,2024-08-15,2024-08-31,2024-09-04,Delayed
SHIP-000523,SUP-001,PROD-0091,2024-08-12,2024-08-19,2024-08-17,Delivered
SHIP-000524,SUP-017,PROD-0022,2024-08-07,2024-08-21,2024-08-21,Delivered
SHIP-000525,SUP-003,PROD-0057,2024-04-22,2024-05-12,2024-05-14,Delivered
SHIP-000526,SUP-015,PROD-0064,2024-08-29,2024-09-25,2024-09-24,Delivered
SHIP-000527,SUP-013,PROD-0040,2024-11-01,2024-11-17,2024-11-18,Delivered
SHIP-000528,SUP-012,PROD-0053,2024-07-19,2024-08-16,2024-08-14,Delivered
SHIP-000529,SUP-017,PROD-0084,2024-12-15,2024-12-29,,In Transit
SHIP-000530,SUP-007,PROD-0060,2024-02-12,2024-03-03,2024-03-01,Delivered
SHIP-000531,SUP-013,PROD-0091,2024-09-10,2024-09-26,2024-09-24,Delivered
SHIP-000532,SUP-008,PROD-0065,2024-12-18,2025-01-10,2025-01-11,Delivered
SHIP-000533,SUP-008,PROD-0024,2024-02-26,2024-03-20,2024-03-22,Delivered
SHIP-000534,SUP-004,PROD-0018,2024-01-04,2024-01-20,2024-01-21,Delivered
SHIP-000535,SUP-015,PROD-0026,2024-08-30,2024-09-26,2024-09-25,Delivered
SHIP-000536,SUP-004,PROD-0034,2024-09-16,2024-10-02,2024-10-02,Delivered
SHIP-000537,SUP-013,PROD-0003,2024-07-04,2024-07-20,2024-07-18,Delivered
SHIP-000538,SUP-005,PROD-0083,2024-09-28,2024-10-03,2024-10-04,Delivered
SHIP-000539,SUP-006,PROD-0082,2024-09-03,2024-09-22,2024-09-23,Delivered
SHIP-000540,SUP-014,PROD-0023,2024-08-07,2024-08-14,2024-08-12,Delivered
SHIP-000541,SUP-013,PROD-0069,2024-11-05,2024-11-21,2024-11-20,Delivered
SHIP-000542,SUP-012,PROD-0078,2024-10-10,2024-11-07,2024-11-14,Delayed
SHIP-000543,SUP-010,PROD-0010,2024-10-27,2024-11-17,2024-11-24,Delayed
SHIP-000544,SUP-011,PROD-0040,2024-04-15,2024-05-15,2024-05-17,Delivered
SHIP-000545,SUP-015,PROD-0073,2024-03-18,2024-04-14,2024-04-13,Delivered
SHIP-000546,SUP-015,PROD-0007,2024-08-19,2024-09-15,2024-09-23,Delayed
SHIP-000547,SUP-008,PROD-0081,2024-11-14,2024-12-07,2024-12-06,Delivered
SHIP-000548,SUP-016,PROD-0016,2024-04-10,2024-04-15,2024-04-16,Delivered
SHIP-000549,SUP-004,PROD-0074,2024-05-23,2024-06-08,2024-06-11,Delayed
SHIP-000550,SUP-013,PROD-0026,2024-09-25,2024-10-11,2024-10-09,Delivered
SHIP-000551,SUP-005,PROD-0050,2024-03-28,2024-04-02,2024-03-31,Delivered
SHIP-000552,SUP-014,PROD-0087,2024-06-25,2024-07-02,2024-07-02,Delivered
SHIP-000553,SUP-011,PROD-0003,2024-05-26,2024-06-25,2024-06-26,Delivered
SHIP-000554,SUP-018,PROD-0038,2024-10-29,2024-11-20,2024-11-22,Delivered
SHIP-000555,SUP-007,PROD-0059,2024-10-03,2024-10-23,2024-10-22,Delivered
SHIP-000556,SUP-002,PROD-0035,2024-12-09,2025-01-02,2025-01-02,Delivered
SHIP-000557,SUP-016,PROD-0093,2024-03-07,2024-03-12,2024-03-11,Delivered
SHIP-000558,SUP-014,PROD-0073,2024-07-31,2024-08-07,2024-08-05,Delivered
SHIP-000559,SUP-008,PROD-0083,2024-10-13,2024-11-05,2024-11-04,Delivered
SHIP-000560,SUP-012,PROD-0053,2024-07-02,2024-07-30,2024-07-28,Delivered
SHIP-000561,SUP-015,PROD-0028,2024-02-05,2024-03-03,2024-03-08,Delayed
SHIP-000562,SUP-009,PROD-0080,2024-01-25,2024-02-10,2024-02-11,Delivered
SHIP-000563,SUP-015,PROD-0052,2024-05-03,2024-05-30,2024-05-29,Delivered
SHIP-000564,SUP-016,PROD-0091,2024-07-09,2024-07-14,2024-07-22,Delayed
SHIP-000565,SUP-009,PROD-0020,2024-11-14,2024-11-30,2024-11-28,Delivered
SHIP-000566,SUP-009,PROD-0006,2024-07-19,2024-08-04,2024-08-05,Delivered
SHIP-000567,SUP-006,PROD-0031,2024-02-09,2024-02-28,2024-02-29,Delivered
SHIP-000568,SUP-004,PROD-0032,2024-03-18,2024-04-03,2024-04-12,Delayed
SHIP-000569,SUP-006,PROD-0045,2024-06-26,2024-07-15,2024-07-16,Delivered
SHIP-000570,SUP-013,PROD-0086,2024-04-08,2024-04-24,2024-04-22,Delivered
SHIP-000571,SUP-015,PROD-0074,2024-03-08,2024-04-04,2024-04-03,Delivered
SHIP-000572,SUP-006,PROD-0007,2024-07-11,2024-07-30,2024-07-29,Delivered
SHIP-000573,SUP-011,PROD-0099,2024-03-14,2024-04-13,2024-04-18,Delayed
SHIP-000574,SUP-001,PROD-0089,2024-04-01,2024-04-08,2024-04-08,Delivered
SHIP-000575,SUP-008,PROD-0057,2024-07-03,2024-07-26,2024-07-28,Delivered
SHIP-000576,SUP-005,PROD-0054,2024-01-11,2024-01-16,2024-01-16,Delivered
SHIP-000577,SUP-004,PROD-0052,2024-01-10,2024-01-26,2024-01-28,Delivered
SHIP-000578,SUP-020,PROD-0059,2024-08-25,2024-09-14,2024-09-24,Delayed
SHIP-000579,SUP-006,PROD-0057,2024-02-19,2024-03-09,2024-03-11,Delivered
SHIP-000580,SUP-006,PROD-0006,2024-04-12,2024-05-01,2024-05-01,Delivered
SHIP-000581,SUP-009,PROD-0094,2024-03-01,2024-03-17,2024-03-15,Delivered
SHIP-000582,SUP-011,PROD-0028,2024-11-23,2024-12-23,2024-12-24,Delivered
SHIP-000583,SUP-012,PROD-0004,2024-06-14,2024-07-12,2024-07-14,Delivered
SHIP-000584,SUP-001,PROD-0094,2024-05-27,2024-06-03,2024-06-09,Delayed
SHIP-000585,SUP-010,PROD-0028,2024-12-30,2025-01-20,,Pending
SHIP-000586,SUP-019,PROD-0054,2024-01-03,2024-01-07,2024-01-05,Delivered
SHIP-000587,SUP-002,PROD-0005,2024-04-25,2024-05-19,2024-05-19,Delivered
SHIP-000588,SUP-016,PROD-0032,2024-11-28,2024-12-03,2024-12-01,Delivered
SHIP-000589,SUP-015,PROD-0090,2024-12-28,2025-01-24,2025-01-25,Delivered
SHIP-000590,SUP-012,PROD-0075,2024-07-15,2024-08-12,2024-08-11,Delivered
SHIP-000591,SUP-009,PROD-0055,2024-08-28,2024-09-13,2024-09-11,Delivered
SHIP-000592,SUP-019,PROD-0051,2024-05-25,2024-05-29,2024-05-31,Delivered
SHIP-000593,SUP-019,PROD-0036,2024-01-27,2024-01-31,2024-01-31,Delivered
SHIP-000594,SUP-009,PROD-0059,2024-10-10,2024-10-26,2024-10-29,Delayed
SHIP-000595,SUP-009,PROD-0039,2024-05-14,2024-05-30,2024-05-29,Delivered
SHIP-000596,SUP-009,PROD-0024,2024-09-07,2024-09-23,2024-09-25,Delivered
SHIP-000597,SUP-013,PROD-0054,2024-01-13,2024-01-29,2024-01-30,Delivered
SHIP-000598,SUP-015,PROD-0009,2024-08-05,2024-09-01,2024-08-30,Delivered
SHIP-000599,SUP-003,PROD-0048,2024-04-06,2024-04-26,2024-04-24,Delivered
SHIP-000600,SUP-016,PROD-0035,2024-06-13,2024-06-18,2024-06-21,Delayed
SHIP-000601,SUP-013,PROD-0083,2024-03-01,2024-03-17,2024-03-25,Delayed
SHIP-000602,SUP-018,PROD-0056,2024-09-08,2024-09-30,2024-10-01,Delivered
SHIP-000603,SUP-015,PROD-0080,2024-04-17,2024-05-14,2024-05-17,Delayed
SHIP-000604,SUP-010,PROD-0028,2024-10-04,2024-10-25,2024-10-26,Delivered
SHIP-000605,SUP-006,PROD-0057,2024-06-06,2024-06-25,2024-06-24,Delivered
SHIP-000606,SUP-019,PROD-0048,2024-09-18,2024-09-22,2024-09-22,Delivered
SHIP-000607,SUP-004,PROD-0041,2024-01-02,2024-01-18,2024-01-18,Delivered
SHIP-000608,SUP-002,PROD-0098,2024-06-10,2024-07-04,2024-07-02,Delivered
SHIP-000609,SUP-014,PROD-0055,2024-07-08,2024-07-15,2024-07-17,Delivered
SHIP-000610,SUP-019,PROD-0012,2024-07-03,2024-07-07,2024-07-07,Delivered
SHIP-000611,SUP-005,PROD-0019,2024-01-29,2024-02-03,2024-02-03,Delivered
SHIP-000612,SUP-007,PROD-0087,2024-03-21,2024-04-10,2024-04-08,Delivered
SHIP-000613,SUP-017,PROD-0004,2024-02-17,2024-03-02,2024-03-04,Delivered
SHIP-000614,SUP-010,PROD-0021,2024-09-18,2024-10-09,2024-10-09,Delivered
SHIP-000615,SUP-010,PROD-0061,2024-01-07,2024-01-28,2024-01-26,Delivered
SHIP-000616,SUP-002,PROD-0039,2024-04-16,2024-05-10,2024-05-14,Delayed
SHIP-000617,SUP-008,PROD-0016,2024-09-28,2024-10-21,2024-10-19,Delivered
SHIP-000618,SUP-018,PROD-0021,2024-09-19,2024-10-11,2024-10-09,Delivered
SHIP-000619,SUP-011,PROD-0080,2024-05-28,2024-06-27,2024-06-25,Delivered
SHIP-000620,SUP-010,PROD-0031,2024-01-02,2024-01-23,2024-01-21,Delivered
SHIP-000621,SUP-001,PROD-0028,2024-05-20,2024-05-27,2024-05-27,Delivered
SHIP-000622,SUP-009,PROD-0015,2024-02-04,2024-02-20,2024-02-22,Delivered
SHIP-000623,SUP-008,PROD-0037,2024-11-05,2024-11-28,2024-12-04,Delayed
SHIP-000624,SUP-013,PROD-0068,2024-04-20,2024-05-06,2024-05-11,Delayed
SHIP-000625,SUP-016,PROD-0095,2024-08-30,2024-09-04,2024-09-06,Delivered
SHIP-000626,SUP-003,PROD-0070,2024-03-15,2024-04-04,2024-04-13,Delayed
SHIP-000627,SUP-020,PROD-0019,2024-10-14,2024-11-03,2024-11-05,Delivered
SHIP-000628,SUP-020,PROD-0041,2024-05-15,2024-06-04,2024-06-06,Delivered
SHIP-000629,SUP-016,PROD-0035,2024-08-26,2024-08-31,2024-09-06,Delayed
SHIP-000630,SUP-018,PROD-0048,2024-01-22,2024-02-13,2024-02-12,Delivered
SHIP-000631,SUP-006,PROD-0067,2024-12-11,2024-12-30,2024-12-29,Delivered
SHIP-000632,SUP-013,PROD-0088,2024-07-11,2024-07-27,2024-08-04,Delayed
SHIP-000633,SUP-015,PROD-0037,2024-07-30,2024-08-26,2024-08-24,Delivered
SHIP-000634,SUP-011,PROD-0076,2024-08-12,2024-09-11,2024-09-11,Delivered
SHIP-000635,SUP-012,PROD-0100,2024-03-04,2024-04-01,2024-03-31,Delivered
SHIP-000636,SUP-008,PROD-0044,2024-11-08,2024-12-01,2024-12-03,Delivered
SHIP-000637,SUP-014,PROD-0038,2024-02-14,2024-02-21,2024-02-21,Delivered
SHIP-000638,SUP-009,PROD-0010,2024-10-01,2024-10-17,2024-10-21,Delayed
SHIP-000639,SUP-019,PROD-0094,2024-10-17,2024-10-21,2024-10-22,Delivered
SHIP-000640,SUP-020,PROD-0090,2024-07-18,2024-08-07,2024-08-06,Delivered
SHIP-000641,SUP-020,PROD-0091,2024-08-08,2024-08-28,2024-08-29,Delivered
SHIP-000642,SUP-009,PROD-0040,2024-06-28,2024-07-14,2024-07-13,Delivered
SHIP-000643,SUP-007,PROD-0028,2024-02-13,2024-03-04,2024-03-04,Delivered
SHIP-000644,SUP-014,PROD-0084,2024-12-20,2024-12-27,2025-01-03,Delayed
SHIP-000645,SUP-012,PROD-0077,2024-08-03,2024-08-31,2024-08-29,Delivered
SHIP-000646,SUP-015,PROD-0100,2024-07-07,2024-08-03,2024-08-05,Delivered
SHIP-000647,SUP-008,PROD-0059,2024-10-25,2024-11-17,2024-11-15,Delivered
SHIP-000648,SUP-017,PROD-0025,2024-05-30,2024-06-13,2024-06-12,Delivered
SHIP-000649,SUP-009,PROD-0026,2024-11-30,2024-12-16,2024-12-20,Delayed
SHIP-000650,SUP-008,PROD-0095,2024-09-30,2024-10-23,2024-10-25,Delivered
SHIP-000651,SUP-010,PROD-0052,2024-10-23,2024-11-13,2024-11-14,Delivered
SHIP-000652,SUP-018,PROD-0003,2024-04-26,2024-05-18,2024-05-16,Delivered
SHIP-000653,SUP-016,PROD-0037,2024-03-06,2024-03-11,2024-03-11,Delivered
SHIP-000654,SUP-008,PROD-0044,2024-03-20,2024-04-12,2024-04-11,Delivered
SHIP-000655,SUP-006,PROD-0097,2024-05-03,2024-05-22,2024-05-24,Delivered
SHIP-000656,SUP-006,PROD-0011,2024-09-25,2024-10-14,2024-10-13,Delivered
SHIP-000657,SUP-002,PROD-0060,2024-02-23,2024-03-18,2024-03-19,Delivered
SHIP-000658,SUP-014,PROD-0095,2024-01-03,2024-01-10,2024-01-18,Delayed
SHIP-000659,SUP-008,PROD-0050,2024-01-14,2024-02-06,2024-02-05,Delivered
SHIP-000660,SUP-014,PROD-0060,2024-09-10,2024-09-17,2024-09-15,Delivered
SHIP-000661,SUP-020,PROD-0005,2024-01-13,2024-02-02,2024-02-08,Delayed
SHIP-000662,SUP-005,PROD-0053,2024-10-06,2024-10-11,2024-10-20,Delayed
SHIP-000663,SUP-006,PROD-0081,2024-08-07,2024-08-26,2024-08-27,Delivered
SHIP-000664,SUP-008,PROD-0084,2024-01-21,2024-02-13,2024-02-12,Delivered
SHIP-000665,SUP-011,PROD-0098,2024-07-18,2024-08-17,2024-08-16,Delivered
SHIP-000666,SUP-016,PROD-0091,2024-08-25,2024-08-30,2024-09-01,Delivered
SHIP-000667,SUP-004,PROD-0054,2024-11-06,2024-11-22,2024-11-23,Delivered
SHIP-000668,SUP-019,PROD-0021,2024-04-13,2024-04-17,2024-04-15,Delivered
SHIP-000669,SUP-006,PROD-0081,2024-07-01,2024-07-20,2024-07-21,Delivered
SHIP-000670,SUP-011,PROD-0056,2024-04-09,2024-05-09,2024-05-11,Delivered
SHIP-000671,SUP-013,PROD-0012,2024-09-26,2024-10-12,2024-10-17,Delayed
SHIP-000672,SUP-013,PROD-0018,2024-04-13,2024-04-29,2024-04-27,Delivered
SHIP-000673,SUP-020,PROD-0016,2024-10-15,2024-11-04,2024-11-02,Delivered
SHIP-000674,SUP-006,PROD-0016,2024-11-07,2024-11-26,2024-11-28,Delivered
SHIP-000675,SUP-005,PROD-0099,2024-10-04,2024-10-09,2024-10-10,Delivered
SHIP-000676,SUP-009,PROD-0059,2024-09-12,2024-09-28,2024-09-29,Delivered
SHIP-000677,SUP-006,PROD-0053,2024-07-04,2024-07-23,2024-07-24,Delivered
SHIP-000678,SUP-003,PROD-0098,2024-03-11,2024-03-31,2024-04-02,Delivered
SHIP-000679,SUP-001,PROD-0060,2024-09-16,2024-09-23,2024-09-24,Delivered
SHIP-000680,SUP-001,PROD-0090,2024-04-06,2024-04-13,2024-04-15,Delivered
SHIP-000681,SUP-001,PROD-0049,2024-12-17,2024-12-24,2024-12-22,Delivered
SHIP-000682,SUP-002,PROD-0049,2024-10-05,2024-10-29,2024-11-07,Delayed
SHIP-000683,SUP-004,PROD-0018,2024-01-06,2024-01-22,2024-01-23,Delivered
SHIP-000684,SUP-013,PROD-0025,2024-09-15,2024-10-01,2024-10-03,Delivered
SHIP-000685,SUP-016,PROD-0094,2024-02-02,2024-02-07,2024-02-12,Delayed
SHIP-000686,SUP-020,PROD-0012,2024-09-06,2024-09-26,2024-09-26,Delivered
SHIP-000687,SUP-013,PROD-0044,2024-03-24,2024-04-09,2024-04-11,Delivered
SHIP-000688,SUP-005,PROD-0001,2024-12-10,2024-12-15,2024-12-15,Delivered
SHIP-000689,SUP-002,PROD-0030,2024-01-12,2024-02-05,2024-02-03,Delivered
SHIP-000690,SUP-016,PROD-0065,2024-12-12,2024-12-17,,In Transit
SHIP-000691,SUP-006,PROD-0046,2024-02-21,2024-03-11,2024-03-13,Delivered
SHIP-000692,SUP-010,PROD-0082,2024-08-21,2024-09-11,2024-09-21,Delayed
SHIP-000693,SUP-008,PROD-0027,2024-01-05,2024-01-28,2024-01-26,Delivered
SHIP-000694,SUP-006,PROD-0032,2024-10-12,2024-10-31,2024-10-30,Delivered
SHIP-000695,SUP-005,PROD-0068,2024-05-15,2024-05-20,2024-05-18,Delivered
SHIP-000696,SUP-017,PROD-0094,2024-11-12,2024-11-26,2024-11-26,Delivered
SHIP-000697,SUP-009,PROD-0095,2024-05-12,2024-05-28,2024-05-30,Delivered
SHIP-000698,SUP-007,PROD-0099,2024-08-21,2024-09-10,2024-09-08,Delivered
SHIP-000699,SUP-014,PROD-0017,2024-05-19,2024-05-26,2024-06-01,Delayed
SHIP-000700,SUP-017,PROD-0081,2024-04-08,2024-04-22,2024-04-22,Delivered
SHIP-000701,SUP-006,PROD-0040,2024-10-03,2024-10-22,2024-10-23,Delivered
SHIP-000702,SUP-019,PROD-0097,2024-11-20,2024-11-24,2024-11-22,Delivered
SHIP-000703,SUP-020,PROD-0094,2024-04-03,2024-04-23,2024-04-21,Delivered
SHIP-000704,SUP-005,PROD-0032,2024-12-09,2024-12-14,2024-12-17,Delayed
SHIP-000705,SUP-020,PROD-0008,2024-08-04,2024-08-24,2024-09-02,Delayed
SHIP-000706,SUP-003,PROD-0038,2024-06-01,2024-06-21,2024-06-23,Delivered
SHIP-000707,SUP-011,PROD-0005,2024-10-22,2024-11-21,2024-11-21,Delivered
SHIP-000708,SUP-014,PROD-0014,2024-04-23,2024-04-30,2024-05-02,Delivered
SHIP-000709,SUP-010,PROD-0013,2024-09-12,2024-10-03,2024-10-01,Delivered
SHIP-000710,SUP-012,PROD-0084,2024-12-25,2025-01-22,,In Transit
SHIP-000711,SUP-002,PROD-0039,2024-12-27,2025-01-20,2025-01-26,Delayed
SHIP-000712,SUP-016,PROD-0074,2024-03-05,2024-03-10,2024-03-12,Delivered
SHIP-000713,SUP-007,PROD-0066,2024-09-27,2024-10-17,2024-10-17,Delivered
SHIP-000714,SUP-008,PROD-0098,2024-02-11,2024-03-05,2024-03-05,Delivered
SHIP-000715,SUP-020,PROD-0085,2024-09-06,2024-09-26,2024-09-24,Delivered
SHIP-000716,SUP-014,PROD-0051,2024-04-30,2024-05-07,2024-05-08,Delivered
SHIP-000717,SUP-008,PROD-0035,2024-04-12,2024-05-05,2024-05-05,Delivered
SHIP-000718,SUP-008,PROD-0060,2024-03-26,2024-04-18,2024-04-22,Delayed
SHIP-000719,SUP-001,PROD-0068,2024-09-01,2024-09-08,2024-09-09,Delivered
SHIP-000720,SUP-004,PROD-0100,2024-03-11,2024-03-27,2024-03-29,Delivered
SHIP-000721,SUP-007,PROD-0020,2024-11-04,2024-11-24,2024-11-24,Delivered
SHIP-000722,SUP-015,PROD-0072,2024-05-06,2024-06-02,2024-05-31,Delivered
SHIP-000723,SUP-014,PROD-0060,2024-09-11,2024-09-18,2024-09-23,Delayed
SHIP-000724,SUP-008,PROD-0050,2024-08-18,2024-09-10,2024-09-08,Delivered
SHIP-000725,SUP-011,PROD-0006,2024-06-29,2024-07-29,2024-07-31,Delivered
SHIP-000726,SUP-019,PROD-0066,2024-09-01,2024-09-05,2024-09-04,Delivered
SHIP-000727,SUP-006,PROD-0003,2024-01-17,2024-02-05,2024-02-03,Delivered
SHIP-000728,SUP-015,PROD-0048,2024-08-13,2024-09-09,2024-09-10,Delivered
SHIP-000729,SUP-013,PROD-0039,2024-05-09,2024-05-25,2024-05-29,Delayed
SHIP-000730,SUP-007,PROD-0017,2024-06-19,2024-07-09,2024-07-09,Delivered
SHIP-000731,SUP-014,PROD-0089,2024-07-27,2024-08-03,2024-08-08,Delayed
SHIP-000732,SUP-016,PROD-0039,2024-02-29,2024-03-05,2024-03-06,Delivered
SHIP-000733,SUP-013,PROD-0072,2024-09-18,2024-10-04,2024-10-05,Delivered
SHIP-000734,SUP-008,PROD-0077,2024-06-24,2024-07-17,2024-07-17,Delivered
SHIP-000735,SUP-004,PROD-0049,2024-06-24,2024-07-10,2024-07-10,Delivered
SHIP-000736,SUP-009,PROD-0088,2024-03-17,2024-04-02,2024-04-04,Delivered
SHIP-000737,SUP-007,PROD-0087,2024-08-04,2024-08-24,2024-08-23,Delivered
SHIP-000738,SUP-001,PROD-0098,2024-11-08,2024-11-15,2024-11-17,Delivered
SHIP-000739,SUP-008,PROD-0038,2024-01-29,2024-02-21,2024-02-26,Delayed
SHIP-000740,SUP-013,PROD-0032,2024-03-10,2024-03-26,2024-04-04,Delayed
SHIP-000741,SUP-013,PROD-0049,2024-08-29,2024-09-14,2024-09-12,Delivered
SHIP-000742,SUP-013,PROD-0001,2024-08-09,2024-08-25,2024-08-23,Delivered
SHIP-000743,SUP-006,PROD-0006,2024-06-09,2024-06-28,2024-07-05,Delayed
SHIP-000744,SUP-014,PROD-0029,2024-02-23,2024-03-01,2024-02-29,Delivered
SHIP-000745,SUP-008,PROD-0012,2024-08-12,2024-09-04,2024-09-03,Delivered
SHIP-000746,SUP-020,PROD-0037,2024-10-12,2024-11-01,2024-11-03,Delivered
SHIP-000747,SUP-006,PROD-0012,2024-09-26,2024-10-15,2024-10-14,Delivered
SHIP-000748,SUP-016,PROD-0075,2024-11-11,2024-11-16,2024-11-15,Delivered
SHIP-000749,SUP-006,PROD-0074,2024-10-01,2024-10-20,2024-10-22,Delivered
SHIP-000750,SUP-003,PROD-0012,2024-09-25,2024-10-15,2024-10-14,Delivered
SHIP-000751,SUP-006,PROD-0071,2024-07-02,2024-07-21,2024-07-21,Delivered
SHIP-000752,SUP-006,PROD-0057,2024-08-04,2024-08-23,2024-08-24,Delivered
SHIP-000753,SUP-015,PROD-0038,2024-04-05,2024-05-02,2024-05-03,Delivered
SHIP-000754,SUP-011,PROD-0088,2024-02-14,2024-03-15,2024-03-15,Delivered
SHIP-000755,SUP-017,PROD-0022,2024-07-24,2024-08-07,2024-08-07,Delivered
SHIP-000756,SUP-015,PROD-0043,2024-11-24,2024-12-21,2024-12-23,Delivered
SHIP-000757,SUP-020,PROD-0002,2024-06-08,2024-06-28,2024-06-26,Delivered
SHIP-000758,SUP-002,PROD-0015,2024-12-27,2025-01-20,,Pending
SHIP-000759,SUP-001,PROD-0025,2024-09-03,2024-09-10,2024-09-10,Delivered
SHIP-000760,SUP-017,PROD-0049,2024-01-03,2024-01-17,2024-01-15,Delivered
SHIP-000761,SUP-010,PROD-0057,2024-01-27,2024-02-17,2024-02-16,Delivered
SHIP-000762,SUP-016,PROD-0088,2024-08-07,2024-08-12,2024-08-12,Delivered
SHIP-000763,SUP-016,PROD-0041,2024-07-18,2024-07-23,2024-07-21,Delivered
SHIP-000764,SUP-009,PROD-0081,2024-10-26,2024-11-11,2024-11-15,Delayed
SHIP-000765,SUP-001,PROD-0075,2024-05-25,2024-06-01,2024-05-30,Delivered
SHIP-000766,SUP-004,PROD-0047,2024-10-17,2024-11-02,2024-11-06,Delayed
SHIP-000767,SUP-003,PROD-0096,2024-01-04,2024-01-24,2024-01-22,Delivered
SHIP-000768,SUP-013,PROD-0004,2024-08-08,2024-08-24,2024-08-26,Delivered
SHIP-000769,SUP-001,PROD-0011,2024-06-14,2024-06-21,2024-06-21,Delivered
SHIP-000770,SUP-015,PROD-0040,2024-05-07,2024-06-03,2024-06-01,Delivered
SHIP-000771,SUP-015,PROD-0004,2024-08-30,2024-09-26,2024-10-03,Delayed
SHIP-000772,SUP-020,PROD-0078,2024-07-23,2024-08-12,2024-08-13,Delivered
SHIP-000773,SUP-012,PROD-0096,2024-06-01,2024-06-29,2024-07-04,Delayed
SHIP-000774,SUP-017,PROD-0044,2024-01-03,2024-01-17,2024-01-17,Delivered
SHIP-000775,SUP-009,PROD-0071,2024-04-02,2024-04-18,2024-04-23,Delayed
SHIP-000776,SUP-015,PROD-0047,2024-06-23,2024-07-20,2024-07-22,Delivered
SHIP-000777,SUP-002,PROD-0089,2024-10-19,2024-11-12,2024-11-13,Delivered
SHIP-000778,SUP-001,PROD-0080,2024-12-17,2024-12-24,,Pending
SHIP-000779,SUP-009,PROD-0060,2024-03-21,2024-04-06,2024-04-07,Delivered
SHIP-000780,SUP-006,PROD-0078,2024-07-10,2024-07-29,2024-07-30,Delivered
SHIP-000781,SUP-017,PROD-0052,2024-10-18,2024-11-01,2024-10-30,Delivered
SHIP-000782,SUP-009,PROD-0013,2024-08-17,2024-09-02,2024-09-04,Delivered
SHIP-000783,SUP-012,PROD-0098,2024-12-13,2025-01-10,2025-01-08,Delivered
SHIP-000784,SUP-017,PROD-0044,2024-09-10,2024-09-24,2024-09-24,Delivered
SHIP-000785,SUP-017,PROD-0074,2024-01-01,2024-01-15,2024-01-15,Delivered
SHIP-000786,SUP-013,PROD-0052,2024-01-18,2024-02-03,2024-02-12,Delayed
SHIP-000787,SUP-008,PROD-0095,2024-05-18,2024-06-10,2024-06-11,Delivered
SHIP-000788,SUP-007,PROD-0032,2024-08-03,2024-08-23,2024-08-30,Delayed
SHIP-000789,SUP-015,PROD-0074,2024-05-05,2024-06-01,2024-06-03,Delivered
SHIP-000790,SUP-005,PROD-0097,2024-11-26,2024-12-01,2024-12-02,Delivered
SHIP-000791,SUP-018,PROD-0078,2024-06-22,2024-07-14,2024-07-15,Delivered
SHIP-000792,SUP-011,PROD-0007,2024-12-10,2025-01-09,,In Transit
SHIP-000793,SUP-007,PROD-0030,2024-04-08,2024-04-28,2024-04-29,Delivered
SHIP-000794,SUP-014,PROD-0079,2024-12-10,2024-12-17,,In Transit
SHIP-000795,SUP-018,PROD-0029,2024-01-08,2024-01-30,2024-01-30,Delivered
SHIP-000796,SUP-005,PROD-0008,2024-12-24,2024-12-29,,In Transit
SHIP-000797,SUP-018,PROD-0078,2024-06-24,2024-07-16,2024-07-18,Delivered
SHIP-000798,SUP-012,PROD-0057,2024-09-09,2024-10-07,2024-10-12,Delayed
SHIP-000799,SUP-018,PROD-0037,2024-01-31,2024-02-22,2024-02-20,Delivered
SHIP-000800,SUP-005,PROD-0100,2024-12-10,2024-12-15,,Pending
SHIP-000801,SUP-011,PROD-0010,2024-04-26,2024-05-26,2024-05-24,Delivered
SHIP-000802,SUP-019,PROD-0035,2024-07-23,2024-07-27,2024-08-03,Delayed
SHIP-000803,SUP-012,PROD-0040,2024-04-28,2024-05-26,2024-05-25,Delivered
SHIP-000804,SUP-016,PROD-0083,2024-11-17,2024-11-22,2024-11-27,Delayed
SHIP-000805,SUP-015,PROD-0080,2024-11-04,2024-12-01,2024-12-11,Delayed
SHIP-000806,SUP-004,PROD-0004,2024-12-26,2025-01-11,,Pending
SHIP-000807,SUP-017,PROD-0010,2024-10-30,2024-11-13,2024-11-13,Delivered
SHIP-000808,SUP-002,PROD-0090,2024-12-13,2025-01-06,2025-01-07,Delivered
SHIP-000809,SUP-005,PROD-0069,2024-09-12,2024-09-17,2024-09-17,Delivered
SHIP-000810,SUP-017,PROD-0057,2024-12-28,2025-01-11,2025-01-12,Delivered
SHIP-000811,SUP-008,PROD-0052,2024-03-07,2024-03-30,2024-03-31,Delivered
SHIP-000812,SUP-013,PROD-0007,2024-05-20,2024-06-05,2024-06-15,Delayed
SHIP-000813,SUP-006,PROD-0003,2024-03-17,2024-04-05,2024-04-07,Delivered
SHIP-000814,SUP-020,PROD-0010,2024-04-18,2024-05-08,2024-05-08,Delivered
SHIP-000815,SUP-010,PROD-0038,2024-02-22,2024-03-14,2024-03-12,Delivered
SHIP-000816,SUP-013,PROD-0031,2024-07-28,2024-08-13,2024-08-11,Delivered
SHIP-000817,SUP-001,PROD-0020,2024-01-12,2024-01-19,2024-01-21,Delivered
SHIP-000818,SUP-010,PROD-0027,2024-08-14,2024-09-04,2024-09-04,Delivered
SHIP-000819,SUP-001,PROD-0034,2024-03-29,2024-04-05,2024-04-04,Delivered
SHIP-000820,SUP-017,PROD-0017,2024-10-23,2024-11-06,2024-11-04,Delivered
SHIP-000821,SUP-020,PROD-0038,2024-07-13,2024-08-02,2024-08-01,Delivered
SHIP-000822,SUP-005,PROD-0078,2024-03-03,2024-03-08,2024-03-07,Delivered
SHIP-000823,SUP-004,PROD-0038,2024-08-04,2024-08-20,2024-08-20,Delivered
SHIP-000824,SUP-015,PROD-0082,2024-11-05,2024-12-02,2024-11-30,Delivered
SHIP-000825,SUP-004,PROD-0099,2024-04-02,2024-04-18,2024-04-20,Delivered
SHIP-000826,SUP-013,PROD-0020,2024-02-06,2024-02-22,2024-02-22,Delivered
SHIP-000827,SUP-019,PROD-0010,2024-08-28,2024-09-01,2024-09-03,Delivered
SHIP-000828,SUP-001,PROD-0024,2024-02-15,2024-02-22,2024-02-24,Delivered
SHIP-000829,SUP-019,PROD-0067,2024-05-13,2024-05-17,2024-05-17,Delivered
SHIP-000830,SUP-008,PROD-0019,2024-07-12,2024-08-04,2024-08-02,Delivered
SHIP-000831,SUP-008,PROD-0049,2024-11-29,2024-12-22,2024-12-21,Delivered
SHIP-000832,SUP-004,PROD-0034,2024-05-26,2024-06-11,2024-06-11,Delivered
SHIP-000833,SUP-013,PROD-0062,2024-05-20,2024-06-05,2024-06-06,Delivered
SHIP-000834,SUP-013,PROD-0002,2024-12-20,2025-01-05,2025-01-03,Delivered
SHIP-000835,SUP-004,PROD-0064,2024-11-29,2024-12-15,2024-12-14,Delivered
SHIP-000836,SUP-005,PROD-0055,2024-10-29,2024-11-03,2024-11-03,Delivered
SHIP-000837,SUP-002,PROD-0064,2024-05-02,2024-05-26,2024-05-27,Delivered
SHIP-000838,SUP-006,PROD-0035,2024-10-03,2024-10-22,2024-10-22,Delivered
SHIP-000839,SUP-010,PROD-0066,2024-06-15,2024-07-06,2024-07-07,Delivered
SHIP-000840,SUP-018,PROD-0035,2024-04-17,2024-05-09,2024-05-13,Delayed
SHIP-000841,SUP-012,PROD-0038,2024-03-20,2024-04-17,2024-04-15,Delivered
SHIP-000842,SUP-006,PROD-0072,2024-11-22,2024-12-11,2024-12-09,Delivered
SHIP-000843,SUP-008,PROD-0050,2024-04-03,2024-04-26,2024-04-25,Delivered
SHIP-000844,SUP-020,PROD-0084,2024-02-18,2024-03-09,2024-03-13,Delayed
SHIP-000845,SUP-019,PROD-0060,2024-06-12,2024-06-16,2024-06-17,Delivered
SHIP-000846,SUP-003,PROD-0074,2024-10-10,2024-10-30,2024-10-29,Delivered
SHIP-000847,SUP-013,PROD-0081,2024-08-25,2024-09-10,2024-09-11,Delivered
SHIP-000848,SUP-013,PROD-0061,2024-01-27,2024-02-12,2024-02-12,Delivered
SHIP-000849,SUP-015,PROD-0005,2024-01-15,2024-02-11,2024-02-13,Delivered
SHIP-000850,SUP-004,PROD-0075,2024-07-08,2024-07-24,2024-07-27,Delayed
SHIP-000851,SUP-015,PROD-0071,2024-11-22,2024-12-19,2024-12-18,Delivered
SHIP-000852,SUP-012,PROD-0036,2024-07-16,2024-08-13,2024-08-12,Delivered
SHIP-000853,SUP-004,PROD-0050,2024-08-15,2024-08-31,2024-08-31,Delivered
SHIP-000854,SUP-011,PROD-0090,2024-12-02,2025-01-01,,In Transit
SHIP-000855,SUP-012,PROD-0073,2024-08-19,2024-09-16,2024-09-17,Delivered
SHIP-000856,SUP-020,PROD-0079,2024-11-06,2024-11-26,2024-11-26,Delivered
SHIP-000857,SUP-015,PROD-0078,2024-09-08,2024-10-05,2024-10-07,Delivered
SHIP-000858,SUP-013,PROD-0005,2024-11-14,2024-11-30,2024-12-06,Delayed
SHIP-000859,SUP-019,PROD-0040,2024-08-13,2024-08-17,2024-08-19,Delivered
SHIP-000860,SUP-019,PROD-0072,2024-09-12,2024-09-16,2024-09-16,Delivered
SHIP-000861,SUP-019,PROD-0091,2024-03-24,2024-03-28,2024-03-27,Delivered
SHIP-000862,SUP-007,PROD-0010,2024-11-13,2024-12-03,2024-12-04,Delivered
SHIP-000863,SUP-003,PROD-0035,2024-04-09,2024-04-29,2024-04-27,Delivered
SHIP-000864,SUP-018,PROD-0002,2024-09-22,2024-10-14,2024-10-14,Delivered
SHIP-000865,SUP-013,PROD-0044,2024-05-17,2024-06-02,2024-06-04,Delivered
SHIP-000866,SUP-013,PROD-0036,2024-10-06,2024-10-22,2024-10-24,Delivered
SHIP-000867,SUP-003,PROD-0013,2024-07-04,2024-07-24,2024-07-26,Delivered
SHIP-000868,SUP-005,PROD-0012,2024-03-19,2024-03-24,2024-03-25,Delivered
SHIP-000869,SUP-014,PROD-0004,2024-03-16,2024-03-23,2024-03-21,Delivered
SHIP-000870,SUP-013,PROD-0002,2024-02-21,2024-03-08,2024-03-08,Delivered
SHIP-000871,SUP-015,PROD-0081,2024-02-23,2024-03-21,2024-03-23,Delivered
SHIP-000872,SUP-018,PROD-0037,2024-06-09,2024-07-01,2024-07-01,Delivered
SHIP-000873,SUP-011,PROD-0050,2024-08-16,2024-09-15,2024-09-25,Delayed
SHIP-000874,SUP-011,PROD-0071,2024-02-20,2024-03-21,2024-03-21,Delivered
SHIP-000875,SUP-011,PROD-0097,2024-04-24,2024-05-24,2024-05-23,Delivered
SHIP-000876,SUP-011,PROD-0060,2024-02-06,2024-03-07,2024-03-17,Delayed
SHIP-000877,SUP-007,PROD-0010,2024-10-20,2024-11-09,2024-11-15,Delayed
SHIP-000878,SUP-012,PROD-0021,2024-02-06,2024-03-05,2024-03-11,Delayed
SHIP-000879,SUP-017,PROD-0078,2024-11-24,2024-12-08,2024-12-09,Delivered
SHIP-000880,SUP-008,PROD-0042,2024-06-17,2024-07-10,2024-07-08,Delivered
SHIP-000881,SUP-018,PROD-0003,2024-11-11,2024-12-03,2024-12-07,Delayed
SHIP-000882,SUP-005,PROD-0019,2024-08-25,2024-08-30,2024-08-28,Delivered
SHIP-000883,SUP-010,PROD-0097,2024-03-13,2024-04-03,2024-04-01,Delivered
SHIP-000884,SUP-008,PROD-0100,2024-01-11,2024-02-03,2024-02-02,Delivered
SHIP-000885,SUP-004,PROD-0030,2024-09-12,2024-09-28,2024-09-28,Delivered
SHIP-000886,SUP-016,PROD-0048,2024-12-05,2024-12-10,2024-12-12,Delivered
SHIP-000887,SUP-017,PROD-0081,2024-09-24,2024-10-08,2024-10-09,Delivered
SHIP-000888,SUP-004,PROD-0092,2024-01-29,2024-02-14,2024-02-22,Delayed
SHIP-000889,SUP-005,PROD-0084,2024-03-02,2024-03-07,2024-03-07,Delivered
SHIP-000890,SUP-005,PROD-0009,2024-04-26,2024-05-01,2024-04-29,Delivered
SHIP-000891,SUP-015,PROD-0020,2024-11-28,2024-12-25,2024-12-24,Delivered
SHIP-000892,SUP-011,PROD-0030,2024-02-18,2024-03-19,2024-03-17,Delivered
SHIP-000893,SUP-014,PROD-0005,2024-06-18,2024-06-25,2024-07-05,Delayed
SHIP-000894,SUP-015,PROD-0030,2024-07-15,2024-08-11,2024-08-17,Delayed
SHIP-000895,SUP-019,PROD-0051,2024-03-28,2024-04-01,2024-04-02,Delivered
SHIP-000896,SUP-001,PROD-0086,2024-11-20,2024-11-27,2024-11-26,Delivered
SHIP-000897,SUP-012,PROD-0087,2024-12-28,2025-01-25,,In Transit
SHIP-000898,SUP-014,PROD-0087,2024-04-05,2024-04-12,2024-04-14,Delivered
SHIP-000899,SUP-015,PROD-0035,2024-12-12,2025-01-08,,Pending
SHIP-000900,SUP-007,PROD-0024,2024-06-27,2024-07-17,2024-07-17,Delivered
SHIP-000901,SUP-019,PROD-0047,2024-04-15,2024-04-19,2024-04-18,Delivered
SHIP-000902,SUP-009,PROD-0060,2024-12-02,2024-12-18,2024-12-18,Delivered
SHIP-000903,SUP-019,PROD-0075,2024-04-08,2024-04-12,2024-04-12,Delivered
SHIP-000904,SUP-011,PROD-0092,2024-11-29,2024-12-29,2024-12-31,Delivered
SHIP-000905,SUP-014,PROD-0036,2024-05-17,2024-05-24,2024-05-28,Delayed
SHIP-000906,SUP-017,PROD-0061,2024-10-30,2024-11-13,2024-11-14,Delivered
SHIP-000907,SUP-015,PROD-0085,2024-12-03,2024-12-30,2025-01-01,Delivered
SHIP-000908,SUP-003,PROD-0021,2024-11-29,2024-12-19,2024-12-19,Delivered
SHIP-000909,SUP-019,PROD-0088,2024-12-08,2024-12-12,,Pending
SHIP-000910,SUP-003,PROD-0067,2024-09-09,2024-09-29,2024-09-27,Delivered
SHIP-000911,SUP-008,PROD-0090,2024-06-30,2024-07-23,2024-07-22,Delivered
SHIP-000912,SUP-007,PROD-0082,2024-12-06,2024-12-26,2024-12-28,Delivered
SHIP-000913,SUP-010,PROD-0054,2024-11-27,2024-12-18,2024-12-18,Delivered
SHIP-000914,SUP-004,PROD-0068,2024-12-11,2024-12-27,,Pending
SHIP-000915,SUP-007,PROD-0034,2024-11-26,2024-12-16,2024-12-19,Delayed
SHIP-000916,SUP-011,PROD-0012,2024-04-08,2024-05-08,2024-05-10,Delivered
SHIP-000917,SUP-012,PROD-0084,2024-08-10,2024-09-07,2024-09-05,Delivered
SHIP-000918,SUP-016,PROD-0063,2024-09-01,2024-09-06,2024-09-04,Delivered
SHIP-000919,SUP-006,PROD-0027,2024-05-20,2024-06-08,2024-06-08,Delivered
SHIP-000920,SUP-003,PROD-0072,2024-07-31,2024-08-20,2024-08-18,Delivered
SHIP-000921,SUP-018,PROD-0044,2024-11-13,2024-12-05,2024-12-06,Delivered
SHIP-000922,SUP-009,PROD-0060,2024-08-23,2024-09-08,2024-09-06,Delivered
SHIP-000923,SUP-013,PROD-0006,2024-02-17,2024-03-04,2024-03-02,Delivered
SHIP-000924,SUP-009,PROD-0087,2024-05-18,2024-06-03,2024-06-01,Delivered
SHIP-000925,SUP-015,PROD-0016,2024-02-11,2024-03-09,2024-03-08,Delivered
SHIP-000926,SUP-007,PROD-0073,2024-07-19,2024-08-08,2024-08-08,Delivered
SHIP-000927,SUP-010,PROD-0070,2024-08-20,2024-09-10,2024-09-10,Delivered
SHIP-000928,SUP-017,PROD-0013,2024-08-24,2024-09-07,2024-09-08,Delivered
SHIP-000929,SUP-006,PROD-0050,2024-07-04,2024-07-23,2024-07-22,Delivered
SHIP-000930,SUP-005,PROD-0027,2024-03-12,2024-03-17,2024-03-18,Delivered
SHIP-000931,SUP-016,PROD-0031,2024-09-02,2024-09-07,2024-09-11,Delayed
SHIP-000932,SUP-010,PROD-0097,2024-01-31,2024-02-21,2024-02-22,Delivered
SHIP-000933,SUP-020,PROD-0007,2024-09-23,2024-10-13,2024-10-11,Delivered
SHIP-000934,SUP-018,PROD-0047,2024-03-18,2024-04-09,2024-04-07,Delivered
SHIP-000935,SUP-007,PROD-0022,2024-11-09,2024-11-29,2024-12-08,Delayed
SHIP-000936,SUP-015,PROD-0084,2024-12-25,2025-01-21,2025-01-21,Delivered
SHIP-000937,SUP-012,PROD-0080,2024-11-21,2024-12-19,2024-12-20,Delivered
SHIP-000938,SUP-018,PROD-0077,2024-02-20,2024-03-13,2024-03-21,Delayed
SHIP-000939,SUP-008,PROD-0087,2024-04-22,2024-05-15,2024-05-16,Delivered
SHIP-000940,SUP-013,PROD-0003,2024-04-22,2024-05-08,2024-05-11,Delayed
SHIP-000941,SUP-010,PROD-0068,2024-06-13,2024-07-04,2024-07-04,Delivered
SHIP-000942,SUP-009,PROD-0006,2024-03-25,2024-04-10,2024-04-08,Delivered
SHIP-000943,SUP-014,PROD-0011,2024-09-08,2024-09-15,2024-09-13,Delivered
SHIP-000944,SUP-015,PROD-0014,2024-11-21,2024-12-18,2024-12-27,Delayed
SHIP-000945,SUP-019,PROD-0093,2024-03-17,2024-03-21,2024-03-19,Delivered
SHIP-000946,SUP-006,PROD-0019,2024-10-21,2024-11-09,2024-11-10,Delivered
SHIP-000947,SUP-010,PROD-0037,2024-02-27,2024-03-19,2024-03-17,Delivered
SHIP-000948,SUP-001,PROD-0091,2024-09-02,2024-09-09,2024-09-07,Delivered
SHIP-000949,SUP-003,PROD-0053,2024-08-09,2024-08-29,2024-08-30,Delivered
SHIP-000950,SUP-018,PROD-0096,2024-11-05,2024-11-27,2024-11-28,Delivered
SHIP-000951,SUP-020,PROD-0033,2024-08-23,2024-09-12,2024-09-14,Delivered
SHIP-000952,SUP-002,PROD-0017,2024-01-31,2024-02-24,2024-02-22,Delivered
SHIP-000953,SUP-015,PROD-0040,2024-08-23,2024-09-19,2024-09-21,Delivered
SHIP-000954,SUP-004,PROD-0019,2024-11-23,2024-12-09,2024-12-19,Delayed
SHIP-000955,SUP-019,PROD-0028,2024-08-14,2024-08-18,2024-08-17,Delivered
SHIP-000956,SUP-003,PROD-0079,2024-02-23,2024-03-14,2024-03-14,Delivered
SHIP-000957,SUP-007,PROD-0094,2024-07-30,2024-08-19,2024-08-21,Delivered
SHIP-000958,SUP-008,PROD-0006,2024-11-14,2024-12-07,2024-12-05,Delivered
SHIP-000959,SUP-003,PROD-0033,2024-10-08,2024-10-28,2024-10-30,Delivered
SHIP-000960,SUP-005,PROD-0089,2024-08-03,2024-08-08,2024-08-13,Delayed
SHIP-000961,SUP-013,PROD-0025,2024-03-17,2024-04-02,2024-04-04,Delivered
SHIP-000962,SUP-017,PROD-0057,2024-04-22,2024-05-06,2024-05-07,Delivered
SHIP-000963,SUP-012,PROD-0044,2024-10-04,2024-11-01,2024-11-02,Delivered
SHIP-000964,SUP-015,PROD-0089,2024-08-19,2024-09-15,2024-09-20,Delayed
SHIP-000965,SUP-019,PROD-0038,2024-05-11,2024-05-15,2024-05-16,Delivered
SHIP-000966,SUP-014,PROD-0011,2024-06-27,2024-07-04,2024-07-06,Delivered
SHIP-000967,SUP-012,PROD-0021,2024-07-19,2024-08-16,2024-08-17,Delivered
SHIP-000968,SUP-016,PROD-0091,2024-03-31,2024-04-05,2024-04-05,Delivered
SHIP-000969,SUP-002,PROD-0089,2024-09-14,2024-10-08,2024-10-07,Delivered
SHIP-000970,SUP-010,PROD-0069,2024-01-07,2024-01-28,2024-01-31,Delayed
SHIP-000971,SUP-007,PROD-0040,2024-10-18,2024-11-07,2024-11-05,Delivered
SHIP-000972,SUP-003,PROD-0099,2024-06-15,2024-07-05,2024-07-05,Delivered
SHIP-000973,SUP-002,PROD-0098,2024-10-29,2024-11-22,2024-11-25,Delayed
SHIP-000974,SUP-007,PROD-0044,2024-02-29,2024-03-20,2024-03-26,Delayed
SHIP-000975,SUP-020,PROD-0067,2024-04-20,2024-05-10,2024-05-09,Delivered
SHIP-000976,SUP-005,PROD-0072,2024-12-02,2024-12-07,2024-12-07,Delivered
SHIP-000977,SUP-017,PROD-0051,2024-09-24,2024-10-08,2024-10-15,Delayed
SHIP-000978,SUP-018,PROD-0100,2024-01-10,2024-02-01,2024-02-03,Delivered
SHIP-000979,SUP-019,PROD-0092,2024-04-03,2024-04-07,2024-04-16,Delayed
SHIP-000980,SUP-011,PROD-0010,2024-06-06,2024-07-06,2024-07-10,Delayed
SHIP-000981,SUP-019,PROD-0001,2024-11-24,2024-11-28,2024-11-26,Delivered
SHIP-000982,SUP-004,PROD-0070,2024-08-03,2024-08-19,2024-08-22,Delayed
SHIP-000983,SUP-001,PROD-0068,2024-10-17,2024-10-24,2024-10-23,Delivered
SHIP-000984,SUP-015,PROD-0088,2024-12-05,2025-01-01,2025-01-07,Delayed
SHIP-000985,SUP-012,PROD-0035,2024-07-10,2024-08-07,2024-08-16,Delayed
SHIP-000986,SUP-019,PROD-0003,2024-11-23,2024-11-27,2024-11-29,Delivered
SHIP-000987,SUP-012,PROD-0066,2024-02-13,2024-03-12,2024-03-16,Delayed
SHIP-000988,SUP-006,PROD-0033,2024-11-30,2024-12-19,2024-12-17,Delivered
SHIP-000989,SUP-008,PROD-0049,2024-07-05,2024-07-28,2024-07-26,Delivered
SHIP-000990,SUP-019,PROD-0089,2024-12-29,2025-01-02,2025-01-04,Delivered
SHIP-000991,SUP-006,PROD-0031,2024-01-14,2024-02-02,2024-02-03,Delivered
SHIP-000992,SUP-017,PROD-0009,2024-10-31,2024-11-14,2024-11-15,Delivered
SHIP-000993,SUP-012,PROD-0083,2024-06-05,2024-07-03,2024-07-03,Delivered
SHIP-000994,SUP-019,PROD-0023,2024-01-31,2024-02-04,2024-02-06,Delivered
SHIP-000995,SUP-001,PROD-0057,2024-02-03,2024-02-10,2024-02-12,Delivered
SHIP-000996,SUP-007,PROD-0079,2024-04-24,2024-05-14,2024-05-13,Delivered
SHIP-000997,SUP-003,PROD-0020,2024-09-10,2024-09-30,2024-09-28,Delivered
SHIP-000998,SUP-011,PROD-0001,2024-12-26,2025-01-25,2025-01-23,Delivered
SHIP-000999,SUP-004,PROD-0008,2024-12-17,2025-01-02,2025-01-04,Delivered
SHIP-001000,SUP-016,PROD-0100,2024-01-11,2024-01-16,2024-01-17,Delivered
SHIP-001001,SUP-004,PROD-0035,2024-12-13,2024-12-29,2024-12-30,Delivered
SHIP-001002,SUP-005,PROD-0029,2024-09-24,2024-09-29,2024-09-29,Delivered
SHIP-001003,SUP-010,PROD-0008,2024-06-06,2024-06-27,2024-07-06,Delayed
SHIP-001004,SUP-015,PROD-0062,2024-11-23,2024-12-20,2024-12-21,Delivered
SHIP-001005,SUP-014,PROD-0008,2024-02-19,2024-02-26,2024-02-27,Delivered
SHIP-001006,SUP-014,PROD-0095,2024-12-16,2024-12-23,,Pending
SHIP-001007,SUP-014,PROD-0079,2024-07-28,2024-08-04,2024-08-14,Delayed
SHIP-001008,SUP-004,PROD-0027,2024-01-26,2024-02-11,2024-02-09,Delivered
SHIP-001009,SUP-019,PROD-0071,2024-06-24,2024-06-28,2024-06-28,Delivered
SHIP-001010,SUP-017,PROD-0066,2024-10-10,2024-10-24,2024-10-22,Delivered
SHIP-001011,SUP-009,PROD-0035,2024-05-10,2024-05-26,2024-05-27,Delivered
SHIP-001012,SUP-007,PROD-0061,2024-09-05,2024-09-25,2024-09-27,Delivered
SHIP-001013,SUP-014,PROD-0098,2024-12-25,2025-01-01,,Pending
SHIP-001014,SUP-005,PROD-0007,2024-01-18,2024-01-23,2024-01-22,Delivered
SHIP-001015,SUP-003,PROD-0086,2024-02-12,2024-03-03,2024-03-05,Delivered
SHIP-001016,SUP-009,PROD-0033,2024-07-30,2024-08-15,2024-08-15,Delivered
SHIP-001017,SUP-012,PROD-0037,2024-10-28,2024-11-25,2024-11-26,Delivered
SHIP-001018,SUP-001,PROD-0039,2024-04-01,2024-04-08,2024-04-08,Delivered
SHIP-001019,SUP-001,PROD-0050,2024-11-08,2024-11-15,2024-11-16,Delivered
SHIP-001020,SUP-009,PROD-0020,2024-08-02,2024-08-18,2024-08-16,Delivered
SHIP-001021,SUP-002,PROD-0005,2024-11-08,2024-12-02,2024-12-02,Delivered
SHIP-001022,SUP-007,PROD-0028,2024-09-16,2024-10-06,2024-10-11,Delayed
SHIP-001023,SUP-005,PROD-0080,2024-07-04,2024-07-09,2024-07-11,Delivered
SHIP-001024,SUP-019,PROD-0065,2024-01-20,2024-01-24,2024-01-23,Delivered
SHIP-001025,SUP-001,PROD-0068,2024-07-25,2024-08-01,2024-08-01,Delivered
SHIP-001026,SUP-009,PROD-0049,2024-11-14,2024-11-30,2024-12-05,Delayed
SHIP-001027,SUP-014,PROD-0048,2024-08-14,2024-08-21,2024-08-31,Delayed
SHIP-001028,SUP-016,PROD-0039,2024-12-23,2024-12-28,2024-12-26,Delivered
SHIP-001029,SUP-011,PROD-0030,2024-10-22,2024-11-21,2024-11-20,Delivered
SHIP-001030,SUP-007,PROD-0100,2024-08-04,2024-08-24,2024-08-23,Delivered
SHIP-001031,SUP-007,PROD-0081,2024-11-11,2024-12-01,2024-12-01,Delivered
SHIP-001032,SUP-017,PROD-0011,2024-07-08,2024-07-22,2024-07-22,Delivered
SHIP-001033,SUP-012,PROD-0099,2024-05-11,2024-06-08,2024-06-07,Delivered
SHIP-001034,SUP-015,PROD-0056,2024-02-16,2024-03-14,2024-03-12,Delivered
SHIP-001035,SUP-014,PROD-0094,2024-03-01,2024-03-08,2024-03-08,Delivered
SHIP-001036,SUP-016,PROD-0094,2024-09-01,2024-09-06,2024-09-06,Delivered
SHIP-001037,SUP-017,PROD-0055,2024-02-21,2024-03-06,2024-03-06,Delivered
SHIP-001038,SUP-006,PROD-0034,2024-02-22,2024-03-12,2024-03-14,Delivered
SHIP-001039,SUP-020,PROD-0084,2024-07-04,2024-07-24,2024-07-30,Delayed
SHIP-001040,SUP-003,PROD-0006,2024-03-21,2024-04-10,2024-04-16,Delayed
SHIP-001041,SUP-005,PROD-0004,2024-08-28,2024-09-02,2024-09-04,Delivered
SHIP-001042,SUP-007,PROD-0015,2024-04-20,2024-05-10,2024-05-09,Delivered
SHIP-001043,SUP-011,PROD-0081,2024-03-01,2024-03-31,2024-03-30,Delivered
SHIP-001044,SUP-012,PROD-0032,2024-06-12,2024-07-10,2024-07-09,Delivered
SHIP-001045,SUP-007,PROD-0055,2024-03-16,2024-04-05,2024-04-05,Delivered
SHIP-001046,SUP-019,PROD-0053,2024-12-23,2024-12-27,2024-12-26,Delivered
SHIP-001047,SUP-020,PROD-0007,2024-09-04,2024-09-24,2024-10-03,Delayed
SHIP-001048,SUP-010,PROD-0096,2024-06-15,2024-07-06,2024-07-11,Delayed
SHIP-001049,SUP-001,PROD-0020,2024-10-09,2024-10-16,2024-10-15,Delivered
SHIP-001050,SUP-009,PROD-0067,2024-04-24,2024-05-10,2024-05-08,Delivered
SHIP-001051,SUP-018,PROD-0074,2024-08-03,2024-08-25,2024-08-25,Delivered
SHIP-001052,SUP-016,PROD-0015,2024-06-15,2024-06-20,2024-06-18,Delivered
SHIP-001053,SUP-001,PROD-0075,2024-06-05,2024-06-12,2024-06-11,Delivered
SHIP-001054,SUP-001,PROD-0001,2024-11-09,2024-11-16,2024-11-14,Delivered
SHIP-001055,SUP-008,PROD-0062,2024-08-31,2024-09-23,2024-09-25,Delivered
SHIP-001056,SUP-002,PROD-0019,2024-03-22,2024-04-15,2024-04-14,Delivered
SHIP-001057,SUP-019,PROD-0070,2024-07-06,2024-07-10,2024-07-12,Delivered
SHIP-001058,SUP-018,PROD-0098,2024-08-13,2024-09-04,2024-09-06,Delivered
SHIP-001059,SUP-012,PROD-0020,2024-04-06,2024-05-04,2024-05-14,Delayed
SHIP-001060,SUP-020,PROD-0042,2024-01-12,2024-02-01,2024-02-06,Delayed
SHIP-001061,SUP-004,PROD-0093,2024-11-18,2024-12-04,2024-12-06,Delivered
SHIP-001062,SUP-009,PROD-0029,2024-08-25,2024-09-10,2024-09-11,Delivered
SHIP-001063,SUP-014,PROD-0045,2024-01-10,2024-01-17,2024-01-17,Delivered
SHIP-001064,SUP-004,PROD-0035,2024-06-29,2024-07-15,2024-07-14,Delivered
SHIP-001065,SUP-005,PROD-0061,2024-08-02,2024-08-07,2024-08-06,Delivered
SHIP-001066,SUP-017,PROD-0010,2024-12-27,2025-01-10,2025-01-11,Delivered
SHIP-001067,SUP-017,PROD-0087,2024-07-10,2024-07-24,2024-07-22,Delivered
SHIP-001068,SUP-011,PROD-0056,2024-02-13,2024-03-14,2024-03-13,Delivered
SHIP-001069,SUP-008,PROD-0008,2024-11-21,2024-12-14,2024-12-17,Delayed
SHIP-001070,SUP-010,PROD-0049,2024-04-20,2024-05-11,2024-05-15,Delayed
SHIP-001071,SUP-019,PROD-0065,2024-05-26,2024-05-30,2024-06-09,Delayed
SHIP-001072,SUP-019,PROD-0002,2024-09-01,2024-09-05,2024-09-14,Delayed
SHIP-001073,SUP-009,PROD-0084,2024-12-23,2025-01-08,,In Transit
SHIP-001074,SUP-017,PROD-0063,2024-02-15,2024-02-29,2024-03-01,Delivered
SHIP-001075,SUP-012,PROD-0080,2024-10-29,2024-11-26,2024-11-27,Delivered
SHIP-001076,SUP-004,PROD-0012,2024-01-05,2024-01-21,2024-01-21,Delivered
SHIP-001077,SUP-002,PROD-0036,2024-05-07,2024-05-31,2024-06-02,Delivered
SHIP-001078,SUP-019,PROD-0003,2024-10-25,2024-10-29,2024-10-27,Delivered
SHIP-001079,SUP-018,PROD-0073,2024-03-31,2024-04-22,2024-04-21,Delivered
SHIP-001080,SUP-020,PROD-0028,2024-12-03,2024-12-23,2025-01-01,Delayed
SHIP-001081,SUP-004,PROD-0080,2024-06-18,2024-07-04,2024-07-04,Delivered
SHIP-001082,SUP-013,PROD-0066,2024-04-09,2024-04-25,2024-04-26,Delivered
SHIP-001083,SUP-019,PROD-0081,2024-07-18,2024-07-22,2024-07-22,Delivered
SHIP-001084,SUP-018,PROD-0030,2024-06-19,2024-07-11,2024-07-11,Delivered
SHIP-001085,SUP-001,PROD-0078,2024-07-15,2024-07-22,2024-07-21,Delivered
SHIP-001086,SUP-016,PROD-0060,2024-03-19,2024-03-24,2024-03-23,Delivered
SHIP-001087,SUP-003,PROD-0098,2024-05-23,2024-06-12,2024-06-19,Delayed
SHIP-001088,SUP-006,PROD-0006,2024-12-12,2024-12-31,2024-12-30,Delivered
SHIP-001089,SUP-015,PROD-0085,2024-12-17,2025-01-13,,Pending
SHIP-001090,SUP-014,PROD-0036,2024-08-17,2024-08-24,2024-08-25,Delivered
SHIP-001091,SUP-005,PROD-0083,2024-01-23,2024-01-28,2024-02-06,Delayed
SHIP-001092,SUP-005,PROD-0054,2024-10-18,2024-10-23,2024-10-22,Delivered
SHIP-001093,SUP-002,PROD-0064,2024-11-05,2024-11-29,2024-11-29,Delivered
SHIP-001094,SUP-004,PROD-0024,2024-02-08,2024-02-24,2024-02-25,Delivered
SHIP-001095,SUP-004,PROD-0062,2024-12-02,2024-12-18,2024-12-24,Delayed
SHIP-001096,SUP-011,PROD-0096,2024-03-18,2024-04-17,2024-04-15,Delivered
SHIP-001097,SUP-013,PROD-0026,2024-07-14,2024-07-30,2024-08-01,Delivered
SHIP-001098,SUP-018,PROD-0025,2024-09-21,2024-10-13,2024-10-22,Delayed
SHIP-001099,SUP-007,PROD-0048,2024-01-08,2024-01-28,2024-01-27,Delivered
SHIP-001100,SUP-015,PROD-0028,2024-09-05,2024-10-02,2024-10-03,Delivered
SHIP-001101,SUP-010,PROD-0062,2024-02-24,2024-03-16,2024-03-15,Delivered
SHIP-001102,SUP-011,PROD-0001,2024-08-03,2024-09-02,2024-08-31,Delivered
SHIP-001103,SUP-007,PROD-0083,2024-07-03,2024-07-23,2024-07-23,Delivered
SHIP-001104,SUP-019,PROD-0045,2024-11-29,2024-12-03,2024-12-12,Delayed
SHIP-001105,SUP-005,PROD-0067,2024-03-31,2024-04-05,2024-04-03,Delivered
SHIP-001106,SUP-020,PROD-0056,2024-12-17,2025-01-06,2025-01-08,Delivered
SHIP-001107,SUP-015,PROD-0095,2024-03-12,2024-04-08,2024-04-07,Delivered
SHIP-001108,SUP-018,PROD-0014,2024-10-07,2024-10-29,2024-10-31,Delivered
SHIP-001109,SUP-010,PROD-0083,2024-10-25,2024-11-15,2024-11-13,Delivered
SHIP-001110,SUP-018,PROD-0052,2024-12-12,2025-01-03,2025-01-12,Delayed
SHIP-001111,SUP-015,PROD-0015,2024-09-25,2024-10-22,2024-10-20,Delivered
SHIP-001112,SUP-014,PROD-0032,2024-08-23,2024-08-30,2024-09-01,Delivered
SHIP-001113,SUP-009,PROD-0018,2024-03-30,2024-04-15,2024-04-21,Delayed
SHIP-001114,SUP-015,PROD-0069,2024-12-26,2025-01-22,2025-01-21,Delivered
SHIP-001115,SUP-018,PROD-0057,2024-07-30,2024-08-21,2024-08-23,Delivered
SHIP-001116,SUP-008,PROD-0098,2024-11-28,2024-12-21,2024-12-23,Delivered
SHIP-001117,SUP-020,PROD-0004,2024-12-05,2024-12-25,2024-12-25,Delivered
SHIP-001118,SUP-006,PROD-0042,2024-05-19,2024-06-07,2024-06-08,Delivered
SHIP-001119,SUP-004,PROD-0013,2024-03-09,2024-03-25,2024-03-31,Delayed
SHIP-001120,SUP-011,PROD-0072,2024-03-29,2024-04-28,2024-04-29,Delivered
SHIP-001121,SUP-012,PROD-0070,2024-09-10,2024-10-08,2024-10-14,Delayed
SHIP-001122,SUP-004,PROD-0006,2024-10-13,2024-10-29,2024-11-04,Delayed
SHIP-001123,SUP-003,PROD-0063,2024-02-07,2024-02-27,2024-02-25,Delivered
SHIP-001124,SUP-018,PROD-0069,2024-12-16,2025-01-07,2025-01-10,Delayed
SHIP-001125,SUP-005,PROD-0028,2024-04-29,2024-05-04,2024-05-04,Delivered
SHIP-001126,SUP-013,PROD-0024,2024-12-23,2025-01-08,2025-01-10,Delivered
SHIP-001127,SUP-001,PROD-0002,2024-10-18,2024-10-25,2024-11-02,Delayed
SHIP-001128,SUP-011,PROD-0092,2024-07-11,2024-08-10,2024-08-10,Delivered
SHIP-001129,SUP-014,PROD-0092,2024-03-31,2024-04-07,2024-04-05,Delivered
SHIP-001130,SUP-009,PROD-0073,2024-10-11,2024-10-27,2024-10-25,Delivered
SHIP-001131,SUP-009,PROD-0046,2024-02-03,2024-02-19,2024-02-29,Delayed
SHIP-001132,SUP-010,PROD-0041,2024-05-22,2024-06-12,2024-06-14,Delivered
SHIP-001133,SUP-010,PROD-0005,2024-02-16,2024-03-08,2024-03-07,Delivered
SHIP-001134,SUP-010,PROD-0069,2024-02-23,2024-03-15,2024-03-16,Delivered
SHIP-001135,SUP-001,PROD-0063,2024-07-01,2024-07-08,2024-07-09,Delivered
SHIP-001136,SUP-010,PROD-0054,2024-06-07,2024-06-28,2024-06-27,Delivered
SHIP-001137,SUP-018,PROD-0064,2024-01-30,2024-02-21,2024-02-20,Delivered
SHIP-001138,SUP-002,PROD-0001,2024-02-24,2024-03-19,2024-03-20,Delivered
SHIP-001139,SUP-002,PROD-0033,2024-09-27,2024-10-21,2024-10-19,Delivered
SHIP-001140,SUP-006,PROD-0064,2024-06-06,2024-06-25,2024-06-24,Delivered
SHIP-001141,SUP-011,PROD-0083,2024-03-12,2024-04-11,2024-04-11,Delivered
SHIP-001142,SUP-003,PROD-0089,2024-09-26,2024-10-16,2024-10-14,Delivered
SHIP-001143,SUP-016,PROD-0094,2024-02-10,2024-02-15,2024-02-17,Delivered
SHIP-001144,SUP-006,PROD-0098,2024-03-26,2024-04-14,2024-04-13,Delivered
SHIP-001145,SUP-008,PROD-0056,2024-01-13,2024-02-05,2024-02-03,Delivered
SHIP-001146,SUP-012,PROD-0075,2024-07-14,2024-08-11,2024-08-12,Delivered
SHIP-001147,SUP-009,PROD-0013,2024-03-26,2024-04-11,2024-04-15,Delayed
SHIP-001148,SUP-019,PROD-0007,2024-10-10,2024-10-14,2024-10-12,Delivered
SHIP-001149,SUP-015,PROD-0059,2024-01-05,2024-02-01,2024-01-31,Delivered
SHIP-001150,SUP-004,PROD-0032,2024-02-19,2024-03-06,2024-03-09,Delayed
SHIP-001151,SUP-016,PROD-0075,2024-02-05,2024-02-10,2024-02-09,Delivered
SHIP-001152,SUP-020,PROD-0085,2024-06-14,2024-07-04,2024-07-05,Delivered
SHIP-001153,SUP-008,PROD-0098,2024-11-22,2024-12-15,2024-12-14,Delivered
SHIP-001154,SUP-012,PROD-0023,2024-10-05,2024-11-02,2024-10-31,Delivered
SHIP-001155,SUP-011,PROD-0094,2024-04-20,2024-05-20,2024-05-18,Delivered
SHIP-001156,SUP-018,PROD-0010,2024-03-31,2024-04-22,2024-04-24,Delivered
SHIP-001157,SUP-012,PROD-0099,2024-11-30,2024-12-28,2025-01-01,Delayed
SHIP-001158,SUP-020,PROD-0031,2024-11-01,2024-11-21,2024-11-19,Delivered
SHIP-001159,SUP-014,PROD-0091,2024-05-21,2024-05-28,2024-05-29,Delivered
SHIP-001160,SUP-017,PROD-0004,2024-02-12,2024-02-26,2024-02-25,Delivered
SHIP-001161,SUP-007,PROD-0015,2024-07-25,2024-08-14,2024-08-15,Delivered
SHIP-001162,SUP-002,PROD-0062,2024-09-10,2024-10-04,2024-10-05,Delivered
SHIP-001163,SUP-015,PROD-0038,2024-03-21,2024-04-17,2024-04-17,Delivered
SHIP-001164,SUP-013,PROD-0039,2024-07-05,2024-07-21,2024-07-23,Delivered
SHIP-001165,SUP-020,PROD-0020,2024-10-09,2024-10-29,2024-10-28,Delivered
SHIP-001166,SUP-001,PROD-0042,2024-12-19,2024-12-26,,Pending
SHIP-001167,SUP-016,PROD-0034,2024-07-04,2024-07-09,2024-07-10,Delivered
SHIP-001168,SUP-013,PROD-0053,2024-12-29,2025-01-14,2025-01-13,Delivered
SHIP-001169,SUP-012,PROD-0042,2024-02-04,2024-03-03,2024-03-05,Delivered
SHIP-001170,SUP-017,PROD-0043,2024-05-19,2024-06-02,2024-05-31,Delivered
SHIP-001171,SUP-011,PROD-0070,2024-09-05,2024-10-05,2024-10-05,Delivered
SHIP-001172,SUP-013,PROD-0094,2024-12-06,2024-12-22,,Pending
SHIP-001173,SUP-018,PROD-0085,2024-12-02,2024-12-24,2024-12-26,Delivered
SHIP-001174,SUP-013,PROD-0017,2024-04-13,2024-04-29,2024-05-01,Delivered
SHIP-001175,SUP-019,PROD-0004,2024-03-17,2024-03-21,2024-03-19,Delivered
SHIP-001176,SUP-002,PROD-0014,2024-09-01,2024-09-25,2024-09-24,Delivered
SHIP-001177,SUP-014,PROD-0074,2024-06-22,2024-06-29,2024-06-30,Delivered
SHIP-001178,SUP-015,PROD-0055,2024-07-31,2024-08-27,2024-08-26,Delivered
SHIP-001179,SUP-004,PROD-0094,2024-10-15,2024-10-31,2024-11-01,Delivered
SHIP-001180,SUP-020,PROD-0084,2024-04-25,2024-05-15,2024-05-17,Delivered
SHIP-001181,SUP-018,PROD-0022,2024-07-04,2024-07-26,2024-07-25,Delivered
SHIP-001182,SUP-007,PROD-0058,2024-04-23,2024-05-13,2024-05-15,Delivered
SHIP-001183,SUP-005,PROD-0100,2024-06-12,2024-06-17,2024-06-20,Delayed
SHIP-001184,SUP-014,PROD-0050,2024-12-25,2025-01-01,,In Transit
SHIP-001185,SUP-016,PROD-0027,2024-03-13,2024-03-18,2024-03-19,Delivered
SHIP-001186,SUP-010,PROD-0021,2024-07-03,2024-07-24,2024-07-24,Delivered
SHIP-001187,SUP-018,PROD-0050,2024-08-08,2024-08-30,2024-08-28,Delivered
SHIP-001188,SUP-018,PROD-0009,2024-05-17,2024-06-08,2024-06-06,Delivered
SHIP-001189,SUP-019,PROD-0003,2024-01-10,2024-01-14,2024-01-14,Delivered
SHIP-001190,SUP-002,PROD-0085,2024-11-20,2024-12-14,2024-12-14,Delivered
SHIP-001191,SUP-006,PROD-0016,2024-07-03,2024-07-22,2024-07-22,Delivered
SHIP-001192,SUP-003,PROD-0072,2024-07-17,2024-08-06,2024-08-13,Delayed
SHIP-001193,SUP-009,PROD-0060,2024-11-25,2024-12-11,2024-12-09,Delivered
SHIP-001194,SUP-002,PROD-0029,2024-09-14,2024-10-08,2024-10-10,Delivered
SHIP-001195,SUP-014,PROD-0040,2024-01-11,2024-01-18,2024-01-17,Delivered
SHIP-001196,SUP-003,PROD-0097,2024-01-02,2024-01-22,2024-01-22,Delivered
SHIP-001197,SUP-018,PROD-0006,2024-02-23,2024-03-16,2024-03-18,Delivered
SHIP-001198,SUP-007,PROD-0027,2024-11-05,2024-11-25,2024-11-23,Delivered
SHIP-001199,SUP-020,PROD-0008,2024-10-31,2024-11-20,2024-11-21,Delivered
SHIP-001200,SUP-007,PROD-0078,2024-06-27,2024-07-17,2024-07-17,Delivered
SHIP-001201,SUP-001,PROD-0001,2024-03-02,2024-03-09,2024-03-14,Delayed
SHIP-001202,SUP-017,PROD-0033,2024-07-18,2024-08-01,2024-08-02,Delivered
SHIP-001203,SUP-011,PROD-0085,2024-08-30,2024-09-29,2024-09-27,Delivered
SHIP-001204,SUP-015,PROD-0017,2024-05-23,2024-06-19,2024-06-20,Delivered
SHIP-001205,SUP-006,PROD-0001,2024-11-27,2024-12-16,2024-12-15,Delivered
SHIP-001206,SUP-018,PROD-0049,2024-12-10,2025-01-01,2025-01-03,Delivered
SHIP-001207,SUP-006,PROD-0036,2024-05-25,2024-06-13,2024-06-22,Delayed
SHIP-001208,SUP-013,PROD-0077,2024-06-26,2024-07-12,2024-07-14,Delivered
SHIP-001209,SUP-003,PROD-0027,2024-11-23,2024-12-13,2024-12-12,Delivered
SHIP-001210,SUP-003,PROD-0053,2024-01-06,2024-01-26,2024-01-24,Delivered
SHIP-001211,SUP-018,PROD-0026,2024-05-11,2024-06-02,2024-06-12,Delayed
SHIP-001212,SUP-010,PROD-0002,2024-02-11,2024-03-03,2024-03-09,Delayed
SHIP-001213,SUP-007,PROD-0090,2024-07-15,2024-08-04,2024-08-12,Delayed
SHIP-001214,SUP-001,PROD-0040,2024-04-26,2024-05-03,2024-05-04,Delivered
SHIP-001215,SUP-008,PROD-0098,2024-05-31,2024-06-23,2024-06-23,Delivered
SHIP-001216,SUP-009,PROD-0004,2024-03-14,2024-03-30,2024-03-31,Delivered
SHIP-001217,SUP-006,PROD-0041,2024-02-28,2024-03-18,2024-03-20,Delivered
SHIP-001218,SUP-003,PROD-0053,2024-08-12,2024-09-01,2024-09-09,Delayed
SHIP-001219,SUP-002,PROD-0078,2024-04-21,2024-05-15,2024-05-15,Delivered
SHIP-001220,SUP-014,PROD-0002,2024-07-05,2024-07-12,2024-07-12,Delivered
SHIP-001221,SUP-003,PROD-0043,2024-01-08,2024-01-28,2024-01-31,Delayed
SHIP-001222,SUP-007,PROD-0004,2024-01-26,2024-02-15,2024-02-17,Delivered
SHIP-001223,SUP-008,PROD-0059,2024-01-10,2024-02-02,2024-02-10,Delayed
SHIP-001224,SUP-010,PROD-0051,2024-06-05,2024-06-26,2024-06-26,Delivered
SHIP-001225,SUP-013,PROD-0011,2024-08-05,2024-08-21,2024-08-28,Delayed
SHIP-001226,SUP-016,PROD-0063,2024-03-10,2024-03-15,2024-03-20,Delayed
SHIP-001227,SUP-005,PROD-0073,2024-10-30,2024-11-04,2024-11-05,Delivered
SHIP-001228,SUP-010,PROD-0039,2024-11-18,2024-12-09,2024-12-11,Delivered
SHIP-001229,SUP-017,PROD-0083,2024-01-13,2024-01-27,2024-01-26,Delivered
SHIP-001230,SUP-007,PROD-0049,2024-05-13,2024-06-02,2024-06-04,Delivered
SHIP-001231,SUP-019,PROD-0096,2024-02-29,2024-03-04,2024-03-05,Delivered
SHIP-001232,SUP-005,PROD-0013,2024-12-06,2024-12-11,,Pending
SHIP-001233,SUP-017,PROD-0030,2024-08-02,2024-08-16,2024-08-16,Delivered
SHIP-001234,SUP-011,PROD-0028,2024-02-27,2024-03-28,2024-03-29,Delivered
SHIP-001235,SUP-004,PROD-0035,2024-01-07,2024-01-23,2024-01-23,Delivered
SHIP-001236,SUP-002,PROD-0052,2024-03-27,2024-04-20,2024-04-19,Delivered
SHIP-001237,SUP-002,PROD-0093,2024-12-04,2024-12-28,,Pending
SHIP-001238,SUP-003,PROD-0070,2024-08-18,2024-09-07,2024-09-06,Delivered
SHIP-001239,SUP-001,PROD-0039,2024-10-06,2024-10-13,2024-10-15,Delivered
SHIP-001240,SUP-001,PROD-0066,2024-06-26,2024-07-03,2024-07-01,Delivered
SHIP-001241,SUP-018,PROD-0067,2024-09-08,2024-09-30,2024-09-28,Delivered
SHIP-001242,SUP-002,PROD-0097,2024-02-19,2024-03-14,2024-03-15,Delivered
SHIP-001243,SUP-007,PROD-0036,2024-11-10,2024-11-30,2024-12-02,Delivered
SHIP-001244,SUP-018,PROD-0036,2024-05-17,2024-06-08,2024-06-10,Delivered
SHIP-001245,SUP-016,PROD-0048,2024-02-28,2024-03-04,2024-03-06,Delivered
SHIP-001246,SUP-008,PROD-0078,2024-04-14,2024-05-07,2024-05-09,Delivered
SHIP-001247,SUP-011,PROD-0036,2024-07-26,2024-08-25,2024-08-23,Delivered
SHIP-001248,SUP-008,PROD-0022,2024-01-14,2024-02-06,2024-02-08,Delivered
SHIP-001249,SUP-020,PROD-0069,2024-03-24,2024-04-13,2024-04-22,Delayed
SHIP-001250,SUP-014,PROD-0049,2024-11-29,2024-12-06,2024-12-06,Delivered
SHIP-001251,SUP-002,PROD-0013,2024-08-10,2024-09-03,2024-09-08,Delayed
SHIP-001252,SUP-017,PROD-0008,2024-02-01,2024-02-15,2024-02-16,Delivered
SHIP-001253,SUP-020,PROD-0065,2024-05-25,2024-06-14,2024-06-15,Delivered
SHIP-001254,SUP-013,PROD-0015,2024-09-02,2024-09-18,2024-09-19,Delivered
SHIP-001255,SUP-015,PROD-0090,2024-10-11,2024-11-07,2024-11-16,Delayed
SHIP-001256,SUP-020,PROD-0051,2024-03-27,2024-04-16,2024-04-14,Delivered
SHIP-001257,SUP-009,PROD-0002,2024-10-11,2024-10-27,2024-10-27,Delivered
SHIP-001258,SUP-010,PROD-0076,2024-01-30,2024-02-20,2024-02-18,Delivered
SHIP-001259,SUP-008,PROD-0075,2024-11-28,2024-12-21,2024-12-21,Delivered
SHIP-001260,SUP-019,PROD-0098,2024-05-06,2024-05-10,2024-05-12,Delivered
SHIP-001261,SUP-015,PROD-0064,2024-10-24,2024-11-20,2024-11-20,Delivered
SHIP-001262,SUP-003,PROD-0024,2024-08-27,2024-09-16,2024-09-21,Delayed
SHIP-001263,SUP-015,PROD-0030,2024-09-20,2024-10-17,2024-10-15,Delivered
SHIP-001264,SUP-002,PROD-0006,2024-03-14,2024-04-07,2024-04-07,Delivered
SHIP-001265,SUP-015,PROD-0074,2024-02-24,2024-03-22,2024-03-24,Delivered
SHIP-001266,SUP-015,PROD-0076,2024-12-12,2025-01-08,2025-01-16,Delayed
SHIP-001267,SUP-011,PROD-0042,2024-03-13,2024-04-12,2024-04-11,Delivered
SHIP-001268,SUP-012,PROD-0002,2024-12-10,2025-01-07,2025-01-16,Delayed
SHIP-001269,SUP-003,PROD-0083,2024-10-15,2024-11-04,2024-11-02,Delivered
SHIP-001270,SUP-020,PROD-0082,2024-10-15,2024-11-04,2024-11-07,Delayed
SHIP-001271,SUP-002,PROD-0090,2024-06-27,2024-07-21,2024-07-20,Delivered
SHIP-001272,SUP-016,PROD-0032,2024-11-05,2024-11-10,2024-11-08,Delivered
SHIP-001273,SUP-017,PROD-0074,2024-06-22,2024-07-06,2024-07-07,Delivered
SHIP-001274,SUP-019,PROD-0009,2024-09-07,2024-09-11,2024-09-09,Delivered
SHIP-001275,SUP-017,PROD-0044,2024-12-09,2024-12-23,,In Transit
SHIP-001276,SUP-012,PROD-0010,2024-01-10,2024-02-07,2024-02-08,Delivered
SHIP-001277,SUP-007,PROD-0011,2024-11-22,2024-12-12,2024-12-13,Delivered
SHIP-001278,SUP-017,PROD-0060,2024-10-30,2024-11-13,2024-11-11,Delivered
SHIP-001279,SUP-020,PROD-0057,2024-10-24,2024-11-13,2024-11-17,Delayed
SHIP-001280,SUP-017,PROD-0031,2024-01-09,2024-01-23,2024-01-24,Delivered
SHIP-001281,SUP-010,PROD-0059,2024-02-21,2024-03-13,2024-03-11,Delivered
SHIP-001282,SUP-003,PROD-0063,2024-11-04,2024-11-24,2024-11-25,Delivered
SHIP-001283,SUP-007,PROD-0057,2024-05-30,2024-06-19,2024-06-26,Delayed
SHIP-001284,SUP-007,PROD-0020,2024-06-27,2024-07-17,2024-07-24,Delayed
SHIP-001285,SUP-005,PROD-0084,2024-01-13,2024-01-18,2024-01-22,Delayed
SHIP-001286,SUP-002,PROD-0021,2024-06-07,2024-07-01,2024-07-02,Delivered
SHIP-001287,SUP-002,PROD-0067,2024-08-10,2024-09-03,2024-09-05,Delivered
SHIP-001288,SUP-002,PROD-0082,2024-11-25,2024-12-19,2024-12-17,Delivered
SHIP-001289,SUP-001,PROD-0007,2024-12-20,2024-12-27,2025-01-04,Delayed
SHIP-001290,SUP-018,PROD-0091,2024-07-09,2024-07-31,2024-08-01,Delivered
SHIP-001291,SUP-017,PROD-0026,2024-11-07,2024-11-21,2024-11-22,Delivered
SHIP-001292,SUP-001,PROD-0036,2024-11-15,2024-11-22,2024-11-23,Delivered
SHIP-001293,SUP-005,PROD-0048,2024-04-02,2024-04-07,2024-04-06,Delivered
SHIP-001294,SUP-016,PROD-0099,2024-03-25,2024-03-30,2024-03-29,Delivered
SHIP-001295,SUP-005,PROD-0095,2024-03-26,2024-03-31,2024-04-06,Delayed
SHIP-001296,SUP-003,PROD-0076,2024-09-07,2024-09-27,2024-10-03,Delayed
SHIP-001297,SUP-003,PROD-0032,2024-12-12,2025-01-01,2025-01-05,Delayed
SHIP-001298,SUP-012,PROD-0045,2024-01-21,2024-02-18,2024-02-19,Delivered
SHIP-001299,SUP-012,PROD-0085,2024-06-13,2024-07-11,2024-07-09,Delivered
SHIP-001300,SUP-003,PROD-0017,2024-05-15,2024-06-04,2024-06-03,Delivered
SHIP-001301,SUP-012,PROD-0001,2024-06-06,2024-07-04,2024-07-05,Delivered
SHIP-001302,SUP-001,PROD-0031,2024-07-22,2024-07-29,2024-07-28,Delivered
SHIP-001303,SUP-015,PROD-0071,2024-03-17,2024-04-13,2024-04-23,Delayed
SHIP-001304,SUP-009,PROD-0055,2024-07-15,2024-07-31,2024-08-04,Delayed
SHIP-001305,SUP-019,PROD-0006,2024-11-24,2024-11-28,2024-11-29,Delivered
SHIP-001306,SUP-002,PROD-0040,2024-01-18,2024-02-11,2024-02-15,Delayed
SHIP-001307,SUP-007,PROD-0098,2024-10-25,2024-11-14,2024-11-12,Delivered
SHIP-001308,SUP-007,PROD-0058,2024-03-22,2024-04-11,2024-04-10,Delivered
SHIP-001309,SUP-014,PROD-0020,2024-05-01,2024-05-08,2024-05-07,Delivered
SHIP-001310,SUP-013,PROD-0029,2024-08-14,2024-08-30,2024-08-29,Delivered
SHIP-001311,SUP-017,PROD-0072,2024-08-24,2024-09-07,2024-09-05,Delivered
SHIP-001312,SUP-008,PROD-0059,2024-02-04,2024-02-27,2024-02-25,Delivered
SHIP-001313,SUP-011,PROD-0049,2024-09-26,2024-10-26,2024-11-01,Delayed
SHIP-001314,SUP-020,PROD-0004,2024-05-27,2024-06-16,2024-06-16,Delivered
SHIP-001315,SUP-010,PROD-0073,2024-12-11,2025-01-01,2024-12-30,Delivered
SHIP-001316,SUP-013,PROD-0086,2024-10-14,2024-10-30,2024-10-28,Delivered
SHIP-001317,SUP-013,PROD-0095,2024-02-03,2024-02-19,2024-02-19,Delivered
SHIP-001318,SUP-013,PROD-0080,2024-08-24,2024-09-09,2024-09-08,Delivered
SHIP-001319,SUP-008,PROD-0020,2024-01-13,2024-02-05,2024-02-05,Delivered
SHIP-001320,SUP-001,PROD-0010,2024-08-24,2024-08-31,2024-08-30,Delivered
SHIP-001321,SUP-014,PROD-0011,2024-06-25,2024-07-02,2024-07-02,Delivered
SHIP-001322,SUP-006,PROD-0051,2024-06-14,2024-07-03,2024-07-12,Delayed
SHIP-001323,SUP-004,PROD-0092,2024-06-05,2024-06-21,2024-06-20,Delivered
SHIP-001324,SUP-004,PROD-0084,2024-02-02,2024-02-18,2024-02-19,Delivered
SHIP-001325,SUP-014,PROD-0070,2024-09-19,2024-09-26,2024-09-28,Delivered
SHIP-001326,SUP-010,PROD-0082,2024-03-31,2024-04-21,2024-04-20,Delivered
SHIP-001327,SUP-015,PROD-0097,2024-08-30,2024-09-26,2024-09-24,Delivered
SHIP-001328,SUP-017,PROD-0067,2024-01-08,2024-01-22,2024-01-24,Delivered
SHIP-001329,SUP-016,PROD-0062,2024-11-05,2024-11-10,2024-11-12,Delivered
SHIP-001330,SUP-015,PROD-0074,2024-04-09,2024-05-06,2024-05-06,Delivered
SHIP-001331,SUP-020,PROD-0040,2024-10-07,2024-10-27,2024-10-28,Delivered
SHIP-001332,SUP-006,PROD-0082,2024-09-16,2024-10-05,2024-10-03,Delivered
SHIP-001333,SUP-013,PROD-0084,2024-07-26,2024-08-11,2024-08-12,Delivered
SHIP-001334,SUP-006,PROD-0071,2024-01-06,2024-01-25,2024-01-23,Delivered
SHIP-001335,SUP-010,PROD-0027,2024-12-13,2025-01-03,2025-01-10,Delayed
SHIP-001336,SUP-011,PROD-0075,2024-09-17,2024-10-17,2024-10-15,Delivered
SHIP-001337,SUP-012,PROD-0089,2024-12-09,2025-01-06,2025-01-06,Delivered
SHIP-001338,SUP-002,PROD-0059,2024-04-04,2024-04-28,2024-04-27,Delivered
SHIP-001339,SUP-002,PROD-0037,2024-08-09,2024-09-02,2024-09-01,Delivered
SHIP-001340,SUP-008,PROD-0044,2024-05-14,2024-06-06,2024-06-04,Delivered
SHIP-001341,SUP-020,PROD-0012,2024-10-06,2024-10-26,2024-10-27,Delivered
SHIP-001342,SUP-008,PROD-0055,2024-04-13,2024-05-06,2024-05-08,Delivered
SHIP-001343,SUP-018,PROD-0028,2024-04-09,2024-05-01,2024-05-03,Delivered
SHIP-001344,SUP-012,PROD-0045,2024-02-13,2024-03-12,2024-03-11,Delivered
SHIP-001345,SUP-010,PROD-0006,2024-03-18,2024-04-08,2024-04-07,Delivered
SHIP-001346,SUP-012,PROD-0058,2024-09-23,2024-10-21,2024-10-19,Delivered
SHIP-001347,SUP-015,PROD-0012,2024-06-05,2024-07-02,2024-07-01,Delivered
SHIP-001348,SUP-007,PROD-0073,2024-01-02,2024-01-22,2024-01-28,Delayed
SHIP-001349,SUP-016,PROD-0010,2024-05-21,2024-05-26,2024-05-24,Delivered
SHIP-001350,SUP-014,PROD-0082,2024-07-24,2024-07-31,2024-08-01,Delivered
SHIP-001351,SUP-015,PROD-0076,2024-05-10,2024-06-06,2024-06-07,Delivered
SHIP-001352,SUP-012,PROD-0084,2024-04-11,2024-05-09,2024-05-10,Delivered
SHIP-001353,SUP-015,PROD-0075,2024-10-11,2024-11-07,2024-11-13,Delayed
SHIP-001354,SUP-008,PROD-0099,2024-04-29,2024-05-22,2024-06-01,Delayed
SHIP-001355,SUP-007,PROD-0033,2024-11-28,2024-12-18,2024-12-17,Delivered
SHIP-001356,SUP-002,PROD-0091,2024-11-21,2024-12-15,2024-12-17,Delivered
SHIP-001357,SUP-010,PROD-0041,2024-02-22,2024-03-14,2024-03-14,Delivered
SHIP-001358,SUP-010,PROD-0078,2024-06-25,2024-07-16,2024-07-21,Delayed
SHIP-001359,SUP-001,PROD-0077,2024-07-05,2024-07-12,2024-07-14,Delivered
SHIP-001360,SUP-017,PROD-0044,2024-05-07,2024-05-21,2024-05-20,Delivered
SHIP-001361,SUP-019,PROD-0057,2024-02-15,2024-02-19,2024-02-20,Delivered
SHIP-001362,SUP-014,PROD-0094,2024-02-02,2024-02-09,2024-02-08,Delivered
SHIP-001363,SUP-001,PROD-0060,2024-05-05,2024-05-12,2024-05-10,Delivered
SHIP-001364,SUP-012,PROD-0055,2024-08-30,2024-09-27,2024-10-07,Delayed
SHIP-001365,SUP-010,PROD-0054,2024-07-25,2024-08-15,2024-08-17,Delivered
SHIP-001366,SUP-013,PROD-0023,2024-09-09,2024-09-25,2024-09-23,Delivered
SHIP-001367,SUP-010,PROD-0063,2024-08-29,2024-09-19,2024-09-19,Delivered
SHIP-001368,SUP-001,PROD-0082,2024-09-28,2024-10-05,2024-10-03,Delivered
SHIP-001369,SUP-020,PROD-0069,2024-06-22,2024-07-12,2024-07-11,Delivered
SHIP-001370,SUP-001,PROD-0031,2024-10-27,2024-11-03,2024-11-04,Delivered
SHIP-001371,SUP-016,PROD-0088,2024-10-01,2024-10-06,2024-10-08,Delivered
SHIP-001372,SUP-011,PROD-0080,2024-09-18,2024-10-18,2024-10-19,Delivered
SHIP-001373,SUP-020,PROD-0062,2024-11-08,2024-11-28,2024-11-30,Delivered
SHIP-001374,SUP-011,PROD-0035,2024-11-27,2024-12-27,2024-12-29,Delivered
SHIP-001375,SUP-019,PROD-0089,2024-04-24,2024-04-28,2024-05-01,Delayed
SHIP-001376,SUP-012,PROD-0096,2024-10-11,2024-11-08,2024-11-13,Delayed
SHIP-001377,SUP-020,PROD-0096,2024-08-17,2024-09-06,2024-09-08,Delivered
SHIP-001378,SUP-011,PROD-0079,2024-02-19,2024-03-20,2024-03-22,Delivered
SHIP-001379,SUP-006,PROD-0048,2024-06-27,2024-07-16,2024-07-16,Delivered
SHIP-001380,SUP-009,PROD-0026,2024-05-05,2024-05-21,2024-05-30,Delayed
SHIP-001381,SUP-011,PROD-0012,2024-10-29,2024-11-28,2024-11-27,Delivered
SHIP-001382,SUP-012,PROD-0044,2024-05-04,2024-06-01,2024-06-06,Delayed
SHIP-001383,SUP-003,PROD-0076,2024-01-22,2024-02-11,2024-02-11,Delivered
SHIP-001384,SUP-020,PROD-0070,2024-09-18,2024-10-08,2024-10-06,Delivered
SHIP-001385,SUP-001,PROD-0081,2024-06-23,2024-06-30,2024-06-29,Delivered
SHIP-001386,SUP-017,PROD-0079,2024-04-28,2024-05-12,2024-05-21,Delayed
SHIP-001387,SUP-003,PROD-0029,2024-09-12,2024-10-02,2024-09-30,Delivered
SHIP-001388,SUP-009,PROD-0058,2024-12-13,2024-12-29,2024-12-30,Delivered
SHIP-001389,SUP-010,PROD-0078,2024-02-13,2024-03-05,2024-03-03,Delivered
SHIP-001390,SUP-016,PROD-0012,2024-03-18,2024-03-23,2024-03-21,Delivered
SHIP-001391,SUP-009,PROD-0080,2024-05-10,2024-05-26,2024-05-24,Delivered
SHIP-001392,SUP-010,PROD-0049,2024-03-22,2024-04-12,2024-04-14,Delivered
SHIP-001393,SUP-002,PROD-0060,2024-04-13,2024-05-07,2024-05-06,Delivered
SHIP-001394,SUP-017,PROD-0030,2024-05-25,2024-06-08,2024-06-08,Delivered
SHIP-001395,SUP-006,PROD-0024,2024-09-14,2024-10-03,2024-10-02,Delivered
SHIP-001396,SUP-006,PROD-0090,2024-04-19,2024-05-08,2024-05-10,Delivered
SHIP-001397,SUP-008,PROD-0040,2024-11-27,2024-12-20,2024-12-29,Delayed
SHIP-001398,SUP-017,PROD-0043,2024-12-25,2025-01-08,2025-01-07,Delivered
SHIP-001399,SUP-003,PROD-0074,2024-03-07,2024-03-27,2024-04-06,Delayed
SHIP-001400,SUP-001,PROD-0015,2024-07-27,2024-08-03,2024-08-04,Delivered
SHIP-001401,SUP-002,PROD-0011,2024-04-06,2024-04-30,2024-04-30,Delivered
SHIP-001402,SUP-006,PROD-0064,2024-11-23,2024-12-12,2024-12-11,Delivered
SHIP-001403,SUP-005,PROD-0075,2024-07-27,2024-08-01,2024-08-03,Delivered
SHIP-001404,SUP-011,PROD-0014,2024-01-26,2024-02-25,2024-02-26,Delivered
SHIP-001405,SUP-009,PROD-0043,2024-05-29,2024-06-14,2024-06-15,Delivered
SHIP-001406,SUP-002,PROD-0022,2024-10-30,2024-11-23,2024-11-22,Delivered
SHIP-001407,SUP-009,PROD-0099,2024-07-31,2024-08-16,2024-08-15,Delivered
SHIP-001408,SUP-015,PROD-0037,2024-12-11,2025-01-07,2025-01-07,Delivered
SHIP-001409,SUP-018,PROD-0028,2024-02-13,2024-03-06,2024-03-13,Delayed
SHIP-001410,SUP-002,PROD-0093,2024-06-30,2024-07-24,2024-07-25,Delivered
SHIP-001411,SUP-019,PROD-0089,2024-08-19,2024-08-23,2024-08-24,Delivered
SHIP-001412,SUP-004,PROD-0085,2024-09-25,2024-10-11,2024-10-10,Delivered
SHIP-001413,SUP-006,PROD-0050,2024-12-18,2025-01-06,2025-01-06,Delivered
SHIP-001414,SUP-001,PROD-0047,2024-07-30,2024-08-06,2024-08-08,Delivered
SHIP-001415,SUP-013,PROD-0085,2024-12-23,2025-01-08,2025-01-08,Delivered
SHIP-001416,SUP-010,PROD-0081,2024-10-16,2024-11-06,2024-11-12,Delayed
SHIP-001417,SUP-018,PROD-0037,2024-11-13,2024-12-05,2024-12-14,Delayed
SHIP-001418,SUP-011,PROD-0079,2024-01-20,2024-02-19,2024-02-19,Delivered
SHIP-001419,SUP-009,PROD-0092,2024-05-16,2024-06-01,2024-05-31,Delivered
SHIP-001420,SUP-017,PROD-0074,2024-06-28,2024-07-12,2024-07-13,Delivered
SHIP-001421,SUP-013,PROD-0081,2024-09-11,2024-09-27,2024-09-26,Delivered
SHIP-001422,SUP-017,PROD-0083,2024-03-02,2024-03-16,2024-03-21,Delayed
SHIP-001423,SUP-016,PROD-0027,2024-11-12,2024-11-17,2024-11-19,Delivered
SHIP-001424,SUP-018,PROD-0033,2024-10-11,2024-11-02,2024-10-31,Delivered
SHIP-001425,SUP-010,PROD-0024,2024-07-22,2024-08-12,2024-08-10,Delivered
SHIP-001426,SUP-001,PROD-0100,2024-04-29,2024-05-06,2024-05-07,Delivered
SHIP-001427,SUP-002,PROD-0042,2024-04-16,2024-05-10,2024-05-12,Delivered
SHIP-001428,SUP-009,PROD-0051,2024-05-29,2024-06-14,2024-06-16,Delivered
SHIP-001429,SUP-008,PROD-0018,2024-01-16,2024-02-08,2024-02-09,Delivered
SHIP-001430,SUP-017,PROD-0012,2024-05-10,2024-05-24,2024-05-23,Delivered
SHIP-001431,SUP-011,PROD-0047,2024-08-11,2024-09-10,2024-09-12,Delivered
SHIP-001432,SUP-007,PROD-0055,2024-01-05,2024-01-25,2024-01-26,Delivered
SHIP-001433,SUP-020,PROD-0008,2024-06-12,2024-07-02,2024-06-30,Delivered
SHIP-001434,SUP-002,PROD-0001,2024-01-08,2024-02-01,2024-01-30,Delivered
SHIP-001435,SUP-004,PROD-0020,2024-11-10,2024-11-26,2024-12-06,Delayed
SHIP-001436,SUP-018,PROD-0066,2024-01-02,2024-01-24,2024-01-30,Delayed
SHIP-001437,SUP-012,PROD-0047,2024-11-15,2024-12-13,2024-12-17,Delayed
SHIP-001438,SUP-006,PROD-0076,2024-04-30,2024-05-19,2024-05-19,Delivered
SHIP-001439,SUP-007,PROD-0013,2024-01-17,2024-02-06,2024-02-07,Delivered
SHIP-001440,SUP-020,PROD-0035,2024-07-06,2024-07-26,2024-07-25,Delivered
SHIP-001441,SUP-016,PROD-0009,2024-07-02,2024-07-07,2024-07-11,Delayed
SHIP-001442,SUP-001,PROD-0063,2024-07-25,2024-08-01,2024-08-01,Delivered
SHIP-001443,SUP-006,PROD-0009,2024-07-05,2024-07-24,2024-07-24,Delivered
SHIP-001444,SUP-003,PROD-0064,2024-09-23,2024-10-13,2024-10-12,Delivered
SHIP-001445,SUP-014,PROD-0094,2024-10-11,2024-10-18,2024-10-16,Delivered
SHIP-001446,SUP-010,PROD-0048,2024-12-16,2025-01-06,2025-01-16,Delayed
SHIP-001447,SUP-011,PROD-0018,2024-01-02,2024-02-01,2024-02-10,Delayed
SHIP-001448,SUP-005,PROD-0047,2024-01-31,2024-02-05,2024-02-13,Delayed
SHIP-001449,SUP-009,PROD-0055,2024-06-10,2024-06-26,2024-06-28,Delivered
SHIP-001450,SUP-011,PROD-0014,2024-11-16,2024-12-16,2024-12-23,Delayed
SHIP-001451,SUP-012,PROD-0096,2024-02-29,2024-03-28,2024-03-29,Delivered
SHIP-001452,SUP-005,PROD-0003,2024-01-04,2024-01-09,2024-01-18,Delayed
SHIP-001453,SUP-001,PROD-0079,2024-07-13,2024-07-20,2024-07-21,Delivered
SHIP-001454,SUP-008,PROD-0012,2024-12-11,2025-01-03,,Pending
SHIP-001455,SUP-001,PROD-0024,2024-08-13,2024-08-20,2024-08-18,Delivered
SHIP-001456,SUP-005,PROD-0035,2024-12-20,2024-12-25,2024-12-25,Delivered
SHIP-001457,SUP-010,PROD-0044,2024-07-11,2024-08-01,2024-08-03,Delivered
SHIP-001458,SUP-010,PROD-0025,2024-02-16,2024-03-08,2024-03-08,Delivered
SHIP-001459,SUP-018,PROD-0067,2024-04-19,2024-05-11,2024-05-12,Delivered
SHIP-001460,SUP-013,PROD-0075,2024-11-13,2024-11-29,2024-12-07,Delayed
SHIP-001461,SUP-016,PROD-0061,2024-08-22,2024-08-27,2024-08-27,Delivered
SHIP-001462,SUP-019,PROD-0081,2024-05-14,2024-05-18,2024-05-16,Delivered
SHIP-001463,SUP-009,PROD-0077,2024-07-15,2024-07-31,2024-07-31,Delivered
SHIP-001464,SUP-012,PROD-0008,2024-04-02,2024-04-30,2024-04-30,Delivered
SHIP-001465,SUP-009,PROD-0003,2024-04-09,2024-04-25,2024-04-27,Delivered
SHIP-001466,SUP-005,PROD-0058,2024-10-06,2024-10-11,2024-10-11,Delivered
SHIP-001467,SUP-016,PROD-0016,2024-11-07,2024-11-12,2024-11-13,Delivered
SHIP-001468,SUP-004,PROD-0054,2024-10-28,2024-11-13,2024-11-11,Delivered
SHIP-001469,SUP-006,PROD-0078,2024-10-06,2024-10-25,2024-10-23,Delivered
SHIP-001470,SUP-017,PROD-0007,2024-09-20,2024-10-04,2024-10-04,Delivered
SHIP-001471,SUP-015,PROD-0049,2024-09-21,2024-10-18,2024-10-18,Delivered
SHIP-001472,SUP-001,PROD-0042,2024-02-25,2024-03-03,2024-03-01,Delivered
SHIP-001473,SUP-014,PROD-0052,2024-04-08,2024-04-15,2024-04-14,Delivered
SHIP-001474,SUP-009,PROD-0022,2024-06-05,2024-06-21,2024-06-21,Delivered
SHIP-001475,SUP-004,PROD-0066,2024-06-19,2024-07-05,2024-07-06,Delivered
SHIP-001476,SUP-014,PROD-0038,2024-03-02,2024-03-09,2024-03-15,Delayed
SHIP-001477,SUP-010,PROD-0003,2024-08-18,2024-09-08,2024-09-07,Delivered
SHIP-001478,SUP-017,PROD-0039,2024-03-21,2024-04-04,2024-04-06,Delivered
SHIP-001479,SUP-018,PROD-0074,2024-04-16,2024-05-08,2024-05-15,Delayed
SHIP-001480,SUP-018,PROD-0030,2024-05-30,2024-06-21,2024-06-19,Delivered
SHIP-001481,SUP-003,PROD-0055,2024-12-17,2025-01-06,,In Transit
SHIP-001482,SUP-009,PROD-0036,2024-06-18,2024-07-04,2024-07-07,Delayed
SHIP-001483,SUP-002,PROD-0033,2024-01-21,2024-02-14,2024-02-14,Delivered
SHIP-001484,SUP-001,PROD-0087,2024-07-24,2024-07-31,2024-08-02,Delivered
SHIP-001485,SUP-005,PROD-0081,2024-09-05,2024-09-10,2024-09-09,Delivered
SHIP-001486,SUP-018,PROD-0067,2024-01-30,2024-02-21,2024-02-20,Delivered
SHIP-001487,SUP-008,PROD-0031,2024-08-02,2024-08-25,2024-08-27,Delivered
SHIP-001488,SUP-016,PROD-0091,2024-04-11,2024-04-16,2024-04-14,Delivered
SHIP-001489,SUP-007,PROD-0100,2024-11-27,2024-12-17,2024-12-15,Delivered
SHIP-001490,SUP-008,PROD-0075,2024-01-27,2024-02-19,2024-02-18,Delivered
SHIP-001491,SUP-018,PROD-0012,2024-07-23,2024-08-14,2024-08-15,Delivered
SHIP-001492,SUP-019,PROD-0084,2024-07-13,2024-07-17,2024-07-25,Delayed
SHIP-001493,SUP-013,PROD-0080,2024-10-23,2024-11-08,2024-11-07,Delivered
SHIP-001494,SUP-014,PROD-0028,2024-03-06,2024-03-13,2024-03-12,Delivered
SHIP-001495,SUP-015,PROD-0005,2024-05-18,2024-06-14,2024-06-23,Delayed
SHIP-001496,SUP-009,PROD-0085,2024-09-02,2024-09-18,2024-09-16,Delivered
SHIP-001497,SUP-020,PROD-0042,2024-10-28,2024-11-17,2024-11-17,Delivered
SHIP-001498,SUP-004,PROD-0095,2024-06-17,2024-07-03,2024-07-07,Delayed
SHIP-001499,SUP-017,PROD-0002,2024-03-08,2024-03-22,2024-03-24,Delivered
SHIP-001500,SUP-011,PROD-0052,2024-06-05,2024-07-05,2024-07-03,Delivered
SHIP-001501,SUP-019,PROD-0027,2024-03-24,2024-03-28,2024-03-30,Delivered
SHIP-001502,SUP-005,PROD-0080,2024-12-18,2024-12-23,,Pending
SHIP-001503,SUP-017,PROD-0086,2024-07-12,2024-07-26,2024-07-27,Delivered
SHIP-001504,SUP-014,PROD-0044,2024-07-25,2024-08-01,2024-07-30,Delivered
SHIP-001505,SUP-012,PROD-0018,2024-04-30,2024-05-28,2024-05-29,Delivered
SHIP-001506,SUP-015,PROD-0079,2024-09-06,2024-10-03,2024-10-05,Delivered
SHIP-001507,SUP-012,PROD-0043,2024-09-23,2024-10-21,2024-10-23,Delivered
SHIP-001508,SUP-015,PROD-0059,2024-11-05,2024-12-02,2024-12-11,Delayed
SHIP-001509,SUP-007,PROD-0071,2024-11-04,2024-11-24,2024-12-04,Delayed
SHIP-001510,SUP-017,PROD-0003,2024-09-22,2024-10-06,2024-10-08,Delivered
SHIP-001511,SUP-003,PROD-0035,2024-02-10,2024-03-01,2024-03-08,Delayed
SHIP-001512,SUP-020,PROD-0046,2024-03-03,2024-03-23,2024-03-22,Delivered
SHIP-001513,SUP-020,PROD-0028,2024-06-14,2024-07-04,2024-07-06,Delivered
SHIP-001514,SUP-006,PROD-0038,2024-05-26,2024-06-14,2024-06-14,Delivered
SHIP-001515,SUP-009,PROD-0064,2024-05-29,2024-06-14,2024-06-14,Delivered
SHIP-001516,SUP-015,PROD-0072,2024-04-05,2024-05-02,2024-05-03,Delivered
SHIP-001517,SUP-001,PROD-0094,2024-03-11,2024-03-18,2024-03-18,Delivered
SHIP-001518,SUP-001,PROD-0039,2024-06-24,2024-07-01,2024-07-02,Delivered
SHIP-001519,SUP-018,PROD-0051,2024-10-14,2024-11-05,2024-11-03,Delivered
SHIP-001520,SUP-008,PROD-0014,2024-11-04,2024-11-27,2024-11-28,Delivered
SHIP-001521,SUP-012,PROD-0048,2024-11-28,2024-12-26,2024-12-27,Delivered
SHIP-001522,SUP-010,PROD-0087,2024-05-21,2024-06-11,2024-06-21,Delayed
SHIP-001523,SUP-001,PROD-0073,2024-06-11,2024-06-18,2024-06-24,Delayed
SHIP-001524,SUP-008,PROD-0032,2024-11-08,2024-12-01,2024-12-01,Delivered
SHIP-001525,SUP-002,PROD-0088,2024-07-14,2024-08-07,2024-08-06,Delivered
SHIP-001526,SUP-017,PROD-0043,2024-08-17,2024-08-31,2024-09-02,Delivered
SHIP-001527,SUP-013,PROD-0033,2024-01-16,2024-02-01,2024-02-02,Delivered
SHIP-001528,SUP-014,PROD-0099,2024-09-24,2024-10-01,2024-10-05,Delayed
SHIP-001529,SUP-010,PROD-0098,2024-12-12,2025-01-02,2025-01-10,Delayed
SHIP-001530,SUP-015,PROD-0077,2024-09-02,2024-09-29,2024-09-30,Delivered
SHIP-001531,SUP-012,PROD-0062,2024-07-02,2024-07-30,2024-07-29,Delivered
SHIP-001532,SUP-006,PROD-0046,2024-10-21,2024-11-09,2024-11-11,Delivered
SHIP-001533,SUP-010,PROD-0083,2024-04-20,2024-05-11,2024-05-16,Delayed
SHIP-001534,SUP-003,PROD-0030,2024-06-14,2024-07-04,2024-07-05,Delivered
SHIP-001535,SUP-012,PROD-0064,2024-11-09,2024-12-07,2024-12-17,Delayed
SHIP-001536,SUP-014,PROD-0100,2024-12-20,2024-12-27,2025-01-05,Delayed
SHIP-001537,SUP-008,PROD-0091,2024-02-17,2024-03-11,2024-03-12,Delivered
SHIP-001538,SUP-017,PROD-0020,2024-09-03,2024-09-17,2024-09-18,Delivered
SHIP-001539,SUP-010,PROD-0088,2024-04-02,2024-04-23,2024-04-24,Delivered
SHIP-001540,SUP-010,PROD-0091,2024-09-27,2024-10-18,2024-10-19,Delivered
SHIP-001541,SUP-001,PROD-0045,2024-04-29,2024-05-06,2024-05-08,Delivered
SHIP-001542,SUP-020,PROD-0099,2024-07-19,2024-08-08,2024-08-10,Delivered
SHIP-001543,SUP-017,PROD-0014,2024-03-02,2024-03-16,2024-03-15,Delivered
SHIP-001544,SUP-009,PROD-0078,2024-03-13,2024-03-29,2024-03-30,Delivered
SHIP-001545,SUP-009,PROD-0057,2024-03-07,2024-03-23,2024-03-25,Delivered
SHIP-001546,SUP-004,PROD-0040,2024-09-21,2024-10-07,2024-10-05,Delivered
SHIP-001547,SUP-007,PROD-0048,2024-11-08,2024-11-28,2024-11-29,Delivered
SHIP-001548,SUP-008,PROD-0037,2024-07-06,2024-07-29,2024-07-29,Delivered
SHIP-001549,SUP-005,PROD-0082,2024-10-17,2024-10-22,2024-10-20,Delivered
SHIP-001550,SUP-004,PROD-0020,2024-06-09,2024-06-25,2024-06-25,Delivered
SHIP-001551,SUP-003,PROD-0085,2024-05-17,2024-06-06,2024-06-12,Delayed
SHIP-001552,SUP-015,PROD-0051,2024-05-11,2024-06-07,2024-06-15,Delayed
SHIP-001553,SUP-001,PROD-0046,2024-05-27,2024-06-03,2024-06-01,Delivered
SHIP-001554,SUP-010,PROD-0020,2024-11-30,2024-12-21,2024-12-20,Delivered
SHIP-001555,SUP-019,PROD-0011,2024-01-25,2024-01-29,2024-01-27,Delivered
SHIP-001556,SUP-009,PROD-0099,2024-02-09,2024-02-25,2024-02-27,Delivered
SHIP-001557,SUP-018,PROD-0098,2024-11-11,2024-12-03,2024-12-03,Delivered
SHIP-001558,SUP-002,PROD-0072,2024-09-16,2024-10-10,2024-10-08,Delivered
SHIP-001559,SUP-005,PROD-0017,2024-01-13,2024-01-18,2024-01-23,Delayed
SHIP-001560,SUP-015,PROD-0037,2024-01-10,2024-02-06,2024-02-07,Delivered
SHIP-001561,SUP-005,PROD-0021,2024-06-13,2024-06-18,2024-06-18,Delivered
SHIP-001562,SUP-009,PROD-0036,2024-07-23,2024-08-08,2024-08-10,Delivered
SHIP-001563,SUP-016,PROD-0050,2024-08-02,2024-08-07,2024-08-05,Delivered
SHIP-001564,SUP-005,PROD-0037,2024-02-10,2024-02-15,2024-02-14,Delivered
SHIP-001565,SUP-006,PROD-0034,2024-04-06,2024-04-25,2024-04-25,Delivered
SHIP-001566,SUP-007,PROD-0041,2024-03-09,2024-03-29,2024-04-01,Delayed
SHIP-001567,SUP-015,PROD-0097,2024-05-19,2024-06-15,2024-06-19,Delayed
SHIP-001568,SUP-018,PROD-0019,2024-06-09,2024-07-01,2024-07-01,Delivered
SHIP-001569,SUP-016,PROD-0012,2024-09-20,2024-09-25,2024-09-24,Delivered
SHIP-001570,SUP-006,PROD-0040,2024-08-24,2024-09-12,2024-09-13,Delivered
SHIP-001571,SUP-003,PROD-0081,2024-02-17,2024-03-08,2024-03-07,Delivered
SHIP-001572,SUP-019,PROD-0019,2024-09-02,2024-09-06,2024-09-08,Delivered
SHIP-001573,SUP-013,PROD-0054,2024-04-11,2024-04-27,2024-05-03,Delayed
SHIP-001574,SUP-006,PROD-0007,2024-05-02,2024-05-21,2024-05-22,Delivered
SHIP-001575,SUP-004,PROD-0019,2024-11-11,2024-11-27,2024-11-26,Delivered
SHIP-001576,SUP-014,PROD-0081,2024-01-11,2024-01-18,2024-01-18,Delivered
SHIP-001577,SUP-005,PROD-0011,2024-05-11,2024-05-16,2024-05-26,Delayed
SHIP-001578,SUP-016,PROD-0009,2024-07-20,2024-07-25,2024-07-29,Delayed
SHIP-001579,SUP-008,PROD-0091,2024-07-31,2024-08-23,2024-08-22,Delivered
SHIP-001580,SUP-009,PROD-0050,2024-10-21,2024-11-06,2024-11-14,Delayed
SHIP-001581,SUP-001,PROD-0026,2024-01-28,2024-02-04,2024-02-04,Delivered
SHIP-001582,SUP-005,PROD-0071,2024-02-03,2024-02-08,2024-02-06,Delivered
SHIP-001583,SUP-019,PROD-0068,2024-09-30,2024-10-04,2024-10-05,Delivered
SHIP-001584,SUP-008,PROD-0015,2024-05-05,2024-05-28,2024-05-29,Delivered
SHIP-001585,SUP-014,PROD-0085,2024-07-07,2024-07-14,2024-07-20,Delayed
SHIP-001586,SUP-013,PROD-0039,2024-05-10,2024-05-26,2024-05-27,Delivered
SHIP-001587,SUP-010,PROD-0078,2024-07-08,2024-07-29,2024-07-29,Delivered
SHIP-001588,SUP-004,PROD-0066,2024-05-24,2024-06-09,2024-06-07,Delivered
SHIP-001589,SUP-013,PROD-0060,2024-03-06,2024-03-22,2024-03-25,Delayed
SHIP-001590,SUP-004,PROD-0065,2024-04-22,2024-05-08,2024-05-15,Delayed
SHIP-001591,SUP-011,PROD-0038,2024-07-29,2024-08-28,2024-08-27,Delivered
SHIP-001592,SUP-011,PROD-0095,2024-08-11,2024-09-10,2024-09-08,Delivered
SHIP-001593,SUP-007,PROD-0068,2024-02-08,2024-02-28,2024-03-04,Delayed
SHIP-001594,SUP-011,PROD-0088,2024-12-27,2025-01-26,2025-01-30,Delayed
SHIP-001595,SUP-005,PROD-0087,2024-12-13,2024-12-18,2024-12-18,Delivered
SHIP-001596,SUP-012,PROD-0088,2024-06-22,2024-07-20,2024-07-27,Delayed
SHIP-001597,SUP-002,PROD-0045,2024-04-02,2024-04-26,2024-04-27,Delivered
SHIP-001598,SUP-011,PROD-0090,2024-03-05,2024-04-04,2024-04-13,Delayed
SHIP-001599,SUP-009,PROD-0004,2024-11-27,2024-12-13,2024-12-15,Delivered
SHIP-001600,SUP-012,PROD-0091,2024-02-13,2024-03-12,2024-03-18,Delayed
SHIP-001601,SUP-005,PROD-0004,2024-09-16,2024-09-21,2024-09-22,Delivered
SHIP-001602,SUP-005,PROD-0035,2024-06-19,2024-06-24,2024-06-30,Delayed
SHIP-001603,SUP-005,PROD-0077,2024-05-11,2024-05-16,2024-05-26,Delayed
SHIP-001604,SUP-015,PROD-0019,2024-12-10,2025-01-06,2025-01-04,Delivered
SHIP-001605,SUP-018,PROD-0039,2024-06-11,2024-07-03,2024-07-05,Delivered
SHIP-001606,SUP-007,PROD-0018,2024-03-11,2024-03-31,2024-03-29,Delivered
SHIP-001607,SUP-020,PROD-0039,2024-06-26,2024-07-16,2024-07-16,Delivered
SHIP-001608,SUP-002,PROD-0077,2024-05-17,2024-06-10,2024-06-10,Delivered
SHIP-001609,SUP-019,PROD-0004,2024-02-09,2024-02-13,2024-02-14,Delivered
SHIP-001610,SUP-012,PROD-0005,2024-11-11,2024-12-09,2024-12-10,Delivered
SHIP-001611,SUP-010,PROD-0050,2024-02-25,2024-03-17,2024-03-17,Delivered
SHIP-001612,SUP-018,PROD-0020,2024-10-30,2024-11-21,2024-11-22,Delivered
SHIP-001613,SUP-014,PROD-0033,2024-03-20,2024-03-27,2024-03-25,Delivered
SHIP-001614,SUP-007,PROD-0056,2024-04-28,2024-05-18,2024-05-20,Delivered
SHIP-001615,SUP-017,PROD-0026,2024-05-19,2024-06-02,2024-06-01,Delivered
SHIP-001616,SUP-007,PROD-0075,2024-11-01,2024-11-21,2024-11-28,Delayed
SHIP-001617,SUP-009,PROD-0005,2024-03-06,2024-03-22,2024-03-22,Delivered
SHIP-001618,SUP-013,PROD-0090,2024-05-10,2024-05-26,2024-05-24,Delivered
SHIP-001619,SUP-004,PROD-0021,2024-10-26,2024-11-11,2024-11-17,Delayed
SHIP-001620,SUP-017,PROD-0072,2024-02-25,2024-03-10,2024-03-08,Delivered
SHIP-001621,SUP-006,PROD-0069,2024-08-29,2024-09-17,2024-09-16,Delivered
SHIP-001622,SUP-019,PROD-0046,2024-01-08,2024-01-12,2024-01-12,Delivered
SHIP-001623,SUP-016,PROD-0065,2024-12-16,2024-12-21,2024-12-19,Delivered
SHIP-001624,SUP-018,PROD-0098,2024-05-02,2024-05-24,2024-05-23,Delivered
SHIP-001625,SUP-020,PROD-0095,2024-04-05,2024-04-25,2024-04-30,Delayed
SHIP-001626,SUP-001,PROD-0013,2024-07-17,2024-07-24,2024-07-24,Delivered
SHIP-001627,SUP-020,PROD-0095,2024-12-14,2025-01-03,2025-01-03,Delivered
SHIP-001628,SUP-003,PROD-0021,2024-07-14,2024-08-03,2024-08-10,Delayed
SHIP-001629,SUP-008,PROD-0050,2024-11-06,2024-11-29,2024-11-30,Delivered
SHIP-001630,SUP-013,PROD-0076,2024-06-25,2024-07-11,2024-07-12,Delivered
SHIP-001631,SUP-009,PROD-0054,2024-10-06,2024-10-22,2024-10-21,Delivered
SHIP-001632,SUP-009,PROD-0018,2024-10-31,2024-11-16,2024-11-18,Delivered
SHIP-001633,SUP-018,PROD-0053,2024-05-28,2024-06-19,2024-06-17,Delivered
SHIP-001634,SUP-001,PROD-0068,2024-10-23,2024-10-30,2024-10-28,Delivered
SHIP-001635,SUP-013,PROD-0061,2024-10-03,2024-10-19,2024-10-19,Delivered
SHIP-001636,SUP-003,PROD-0071,2024-08-15,2024-09-04,2024-09-06,Delivered
SHIP-001637,SUP-009,PROD-0025,2024-04-05,2024-04-21,2024-04-24,Delayed
SHIP-001638,SUP-017,PROD-0086,2024-12-13,2024-12-27,2024-12-27,Delivered
SHIP-001639,SUP-004,PROD-0094,2024-09-17,2024-10-03,2024-10-04,Delivered
SHIP-001640,SUP-019,PROD-0020,2024-09-22,2024-09-26,2024-09-24,Delivered
SHIP-001641,SUP-015,PROD-0024,2024-10-14,2024-11-10,2024-11-11,Delivered
SHIP-001642,SUP-012,PROD-0019,2024-07-04,2024-08-01,2024-08-03,Delivered
SHIP-001643,SUP-009,PROD-0046,2024-12-14,2024-12-30,2024-12-31,Delivered
SHIP-001644,SUP-009,PROD-0047,2024-11-21,2024-12-07,2024-12-05,Delivered
SHIP-001645,SUP-008,PROD-0100,2024-08-18,2024-09-10,2024-09-10,Delivered
SHIP-001646,SUP-019,PROD-0097,2024-08-02,2024-08-06,2024-08-06,Delivered
SHIP-001647,SUP-017,PROD-0062,2024-12-13,2024-12-27,,Pending
SHIP-001648,SUP-010,PROD-0052,2024-03-21,2024-04-11,2024-04-13,Delivered
SHIP-001649,SUP-011,PROD-0092,2024-11-23,2024-12-23,2024-12-23,Delivered
SHIP-001650,SUP-010,PROD-0045,2024-09-23,2024-10-14,2024-10-14,Delivered
SHIP-001651,SUP-015,PROD-0081,2024-01-28,2024-02-24,2024-02-26,Delivered
SHIP-001652,SUP-019,PROD-0087,2024-01-17,2024-01-21,2024-01-19,Delivered
SHIP-001653,SUP-008,PROD-0087,2024-09-05,2024-09-28,2024-09-27,Delivered
SHIP-001654,SUP-017,PROD-0003,2024-01-24,2024-02-07,2024-02-09,Delivered
SHIP-001655,SUP-010,PROD-0005,2024-01-25,2024-02-15,2024-02-22,Delayed
SHIP-001656,SUP-010,PROD-0091,2024-04-16,2024-05-07,2024-05-08,Delivered
SHIP-001657,SUP-018,PROD-0011,2024-05-12,2024-06-03,2024-06-10,Delayed
SHIP-001658,SUP-011,PROD-0042,2024-09-02,2024-10-02,2024-10-08,Delayed
SHIP-001659,SUP-005,PROD-0062,2024-11-10,2024-11-15,2024-11-14,Delivered
SHIP-001660,SUP-005,PROD-0085,2024-06-01,2024-06-06,2024-06-06,Delivered
SHIP-001661,SUP-016,PROD-0073,2024-05-17,2024-05-22,2024-05-23,Delivered
SHIP-001662,SUP-016,PROD-0032,2024-04-30,2024-05-05,2024-05-07,Delivered
SHIP-001663,SUP-007,PROD-0058,2024-09-04,2024-09-24,2024-09-26,Delivered
SHIP-001664,SUP-020,PROD-0001,2024-11-30,2024-12-20,2024-12-18,Delivered
SHIP-001665,SUP-016,PROD-0029,2024-03-02,2024-03-07,2024-03-05,Delivered
SHIP-001666,SUP-015,PROD-0061,2024-04-10,2024-05-07,2024-05-08,Delivered
SHIP-001667,SUP-020,PROD-0088,2024-04-02,2024-04-22,2024-04-20,Delivered
SHIP-001668,SUP-019,PROD-0065,2024-07-21,2024-07-25,2024-07-25,Delivered
SHIP-001669,SUP-016,PROD-0045,2024-03-05,2024-03-10,2024-03-14,Delayed
SHIP-001670,SUP-005,PROD-0040,2024-11-22,2024-11-27,2024-12-06,Delayed
SHIP-001671,SUP-005,PROD-0042,2024-07-31,2024-08-05,2024-08-05,Delivered
SHIP-001672,SUP-002,PROD-0036,2024-09-04,2024-09-28,2024-09-26,Delivered
SHIP-001673,SUP-007,PROD-0042,2024-09-07,2024-09-27,2024-09-26,Delivered
SHIP-001674,SUP-012,PROD-0067,2024-06-26,2024-07-24,2024-07-24,Delivered
SHIP-001675,SUP-010,PROD-0007,2024-08-03,2024-08-24,2024-08-22,Delivered
SHIP-001676,SUP-001,PROD-0054,2024-10-05,2024-10-12,2024-10-11,Delivered
SHIP-001677,SUP-005,PROD-0079,2024-01-06,2024-01-11,2024-01-09,Delivered
SHIP-001678,SUP-008,PROD-0058,2024-07-16,2024-08-08,2024-08-10,Delivered
SHIP-001679,SUP-010,PROD-0042,2024-04-23,2024-05-14,2024-05-14,Delivered
SHIP-001680,SUP-007,PROD-0018,2024-03-22,2024-04-11,2024-04-14,Delayed
SHIP-001681,SUP-005,PROD-0034,2024-01-31,2024-02-05,2024-02-15,Delayed
SHIP-001682,SUP-014,PROD-0072,2024-05-31,2024-06-07,2024-06-08,Delivered
SHIP-001683,SUP-014,PROD-0020,2024-07-12,2024-07-19,2024-07-19,Delivered
SHIP-001684,SUP-002,PROD-0059,2024-04-17,2024-05-11,2024-05-20,Delayed
SHIP-001685,SUP-017,PROD-0036,2024-01-13,2024-01-27,2024-01-26,Delivered
SHIP-001686,SUP-009,PROD-0098,2024-10-11,2024-10-27,2024-11-02,Delayed
SHIP-001687,SUP-016,PROD-0050,2024-02-19,2024-02-24,2024-02-23,Delivered
SHIP-001688,SUP-006,PROD-0029,2024-04-18,2024-05-07,2024-05-07,Delivered
SHIP-001689,SUP-011,PROD-0062,2024-07-14,2024-08-13,2024-08-20,Delayed
SHIP-001690,SUP-001,PROD-0075,2024-05-23,2024-05-30,2024-05-28,Delivered
SHIP-001691,SUP-005,PROD-0059,2024-07-13,2024-07-18,2024-07-19,Delivered
SHIP-001692,SUP-019,PROD-0089,2024-02-01,2024-02-05,2024-02-04,Delivered
SHIP-001693,SUP-020,PROD-0043,2024-09-08,2024-09-28,2024-10-03,Delayed
SHIP-001694,SUP-006,PROD-0032,2024-02-07,2024-02-26,2024-02-28,Delivered
SHIP-001695,SUP-005,PROD-0017,2024-03-01,2024-03-06,2024-03-07,Delivered
SHIP-001696,SUP-017,PROD-0033,2024-03-23,2024-04-06,2024-04-04,Delivered
SHIP-001697,SUP-016,PROD-0078,2024-09-14,2024-09-19,2024-09-20,Delivered
SHIP-001698,SUP-016,PROD-0016,2024-11-13,2024-11-18,2024-11-20,Delivered
SHIP-001699,SUP-012,PROD-0037,2024-01-24,2024-02-21,2024-02-19,Delivered
SHIP-001700,SUP-005,PROD-0068,2024-08-21,2024-08-26,2024-08-26,Delivered
SHIP-001701,SUP-014,PROD-0020,2024-07-19,2024-07-26,2024-07-27,Delivered
SHIP-001702,SUP-012,PROD-0063,2024-06-18,2024-07-16,2024-07-16,Delivered
SHIP-001703,SUP-015,PROD-0002,2024-08-20,2024-09-16,2024-09-17,Delivered
SHIP-001704,SUP-002,PROD-0014,2024-10-30,2024-11-23,2024-11-22,Delivered
SHIP-001705,SUP-002,PROD-0097,2024-04-25,2024-05-19,2024-05-20,Delivered
SHIP-001706,SUP-013,PROD-0009,2024-06-12,2024-06-28,2024-06-28,Delivered
SHIP-001707,SUP-001,PROD-0032,2024-09-07,2024-09-14,2024-09-18,Delayed
SHIP-001708,SUP-019,PROD-0045,2024-01-11,2024-01-15,2024-01-17,Delivered
SHIP-001709,SUP-012,PROD-0045,2024-11-12,2024-12-10,2024-12-09,Delivered
SHIP-001710,SUP-006,PROD-0084,2024-09-04,2024-09-23,2024-09-25,Delivered
SHIP-001711,SUP-005,PROD-0074,2024-07-24,2024-07-29,2024-07-28,Delivered
SHIP-001712,SUP-019,PROD-0032,2024-01-23,2024-01-27,2024-01-27,Delivered
SHIP-001713,SUP-011,PROD-0010,2024-06-10,2024-07-10,2024-07-16,Delayed
SHIP-001714,SUP-006,PROD-0045,2024-05-15,2024-06-03,2024-06-06,Delayed
SHIP-001715,SUP-005,PROD-0062,2024-05-15,2024-05-20,2024-05-22,Delivered
SHIP-001716,SUP-004,PROD-0003,2024-03-30,2024-04-15,2024-04-16,Delivered
SHIP-001717,SUP-015,PROD-0089,2024-01-17,2024-02-13,2024-02-12,Delivered
SHIP-001718,SUP-018,PROD-0038,2024-07-20,2024-08-11,2024-08-21,Delayed
SHIP-001719,SUP-007,PROD-0014,2024-06-27,2024-07-17,2024-07-18,Delivered
SHIP-001720,SUP-013,PROD-0039,2024-06-26,2024-07-12,2024-07-14,Delivered
SHIP-001721,SUP-017,PROD-0008,2024-08-10,2024-08-24,2024-08-22,Delivered
SHIP-001722,SUP-006,PROD-0025,2024-08-05,2024-08-24,2024-08-23,Delivered
SHIP-001723,SUP-008,PROD-0050,2024-06-23,2024-07-16,2024-07-17,Delivered
SHIP-001724,SUP-011,PROD-0042,2024-03-13,2024-04-12,2024-04-18,Delayed
SHIP-001725,SUP-015,PROD-0088,2024-01-27,2024-02-23,2024-02-23,Delivered
SHIP-001726,SUP-016,PROD-0033,2024-09-16,2024-09-21,2024-09-22,Delivered
SHIP-001727,SUP-017,PROD-0057,2024-03-30,2024-04-13,2024-04-19,Delayed
SHIP-001728,SUP-002,PROD-0042,2024-12-16,2025-01-09,2025-01-07,Delivered
SHIP-001729,SUP-020,PROD-0070,2024-01-28,2024-02-17,2024-02-24,Delayed
SHIP-001730,SUP-003,PROD-0084,2024-10-10,2024-10-30,2024-11-02,Delayed
SHIP-001731,SUP-018,PROD-0065,2024-10-01,2024-10-23,2024-11-01,Delayed
SHIP-001732,SUP-004,PROD-0055,2024-12-21,2025-01-06,2025-01-05,Delivered
SHIP-001733,SUP-013,PROD-0004,2024-09-14,2024-09-30,2024-09-30,Delivered
SHIP-001734,SUP-017,PROD-0011,2024-12-25,2025-01-08,2025-01-06,Delivered
SHIP-001735,SUP-005,PROD-0017,2024-06-12,2024-06-17,2024-06-18,Delivered
SHIP-001736,SUP-001,PROD-0100,2024-09-04,2024-09-11,2024-09-09,Delivered
SHIP-001737,SUP-009,PROD-0048,2024-03-09,2024-03-25,2024-03-26,Delivered
SHIP-001738,SUP-010,PROD-0050,2024-09-21,2024-10-12,2024-10-14,Delivered
SHIP-001739,SUP-005,PROD-0034,2024-09-28,2024-10-03,2024-10-13,Delayed
SHIP-001740,SUP-010,PROD-0001,2024-07-31,2024-08-21,2024-08-27,Delayed
SHIP-001741,SUP-019,PROD-0043,2024-07-07,2024-07-11,2024-07-11,Delivered
SHIP-001742,SUP-012,PROD-0022,2024-03-18,2024-04-15,2024-04-25,Delayed
SHIP-001743,SUP-016,PROD-0041,2024-04-13,2024-04-18,2024-04-28,Delayed
SHIP-001744,SUP-007,PROD-0095,2024-02-28,2024-03-19,2024-03-20,Delivered
SHIP-001745,SUP-007,PROD-0063,2024-01-04,2024-01-24,2024-02-02,Delayed
SHIP-001746,SUP-009,PROD-0027,2024-09-26,2024-10-12,2024-10-12,Delivered
SHIP-001747,SUP-002,PROD-0011,2024-08-02,2024-08-26,2024-09-02,Delayed
SHIP-001748,SUP-013,PROD-0058,2024-02-21,2024-03-08,2024-03-07,Delivered
SHIP-001749,SUP-009,PROD-0099,2024-06-28,2024-07-14,2024-07-21,Delayed
SHIP-001750,SUP-008,PROD-0033,2024-08-06,2024-08-29,2024-08-29,Delivered
SHIP-001751,SUP-017,PROD-0009,2024-04-08,2024-04-22,2024-04-22,Delivered
SHIP-001752,SUP-019,PROD-0074,2024-04-05,2024-04-09,2024-04-09,Delivered
SHIP-001753,SUP-010,PROD-0025,2024-08-23,2024-09-13,2024-09-14,Delivered
SHIP-001754,SUP-017,PROD-0034,2024-10-02,2024-10-16,2024-10-18,Delivered
SHIP-001755,SUP-013,PROD-0098,2024-11-23,2024-12-09,2024-12-10,Delivered
SHIP-001756,SUP-001,PROD-0011,2024-04-23,2024-04-30,2024-05-02,Delivered
SHIP-001757,SUP-009,PROD-0064,2024-07-10,2024-07-26,2024-07-27,Delivered
SHIP-001758,SUP-010,PROD-0020,2024-01-18,2024-02-08,2024-02-07,Delivered
SHIP-001759,SUP-018,PROD-0008,2024-12-08,2024-12-30,2024-12-31,Delivered
SHIP-001760,SUP-010,PROD-0041,2024-01-16,2024-02-06,2024-02-04,Delivered
SHIP-001761,SUP-006,PROD-0031,2024-11-10,2024-11-29,2024-11-27,Delivered
SHIP-001762,SUP-018,PROD-0025,2024-12-13,2025-01-04,2025-01-02,Delivered
SHIP-001763,SUP-005,PROD-0010,2024-02-19,2024-02-24,2024-02-25,Delivered
SHIP-001764,SUP-005,PROD-0040,2024-12-07,2024-12-12,,Pending
SHIP-001765,SUP-020,PROD-0061,2024-11-29,2024-12-19,2024-12-20,Delivered
SHIP-001766,SUP-012,PROD-0045,2024-03-18,2024-04-15,2024-04-17,Delivered
SHIP-001767,SUP-017,PROD-0054,2024-08-02,2024-08-16,2024-08-14,Delivered
SHIP-001768,SUP-018,PROD-0085,2024-07-04,2024-07-26,2024-07-28,Delivered
SHIP-001769,SUP-012,PROD-0062,2024-12-27,2025-01-24,,In Transit
SHIP-001770,SUP-007,PROD-0013,2024-02-16,2024-03-07,2024-03-09,Delivered
SHIP-001771,SUP-017,PROD-0009,2024-12-15,2024-12-29,2025-01-01,Delayed
SHIP-001772,SUP-012,PROD-0058,2024-10-07,2024-11-04,2024-11-06,Delivered
SHIP-001773,SUP-010,PROD-0021,2024-02-14,2024-03-06,2024-03-07,Delivered
SHIP-001774,SUP-003,PROD-0098,2024-07-22,2024-08-11,2024-08-10,Delivered
SHIP-001775,SUP-008,PROD-0019,2024-01-14,2024-02-06,2024-02-09,Delayed
SHIP-001776,SUP-005,PROD-0082,2024-06-28,2024-07-03,2024-07-09,Delayed
SHIP-001777,SUP-010,PROD-0019,2024-05-14,2024-06-04,2024-06-11,Delayed
SHIP-001778,SUP-007,PROD-0049,2024-10-17,2024-11-06,2024-11-05,Delivered
SHIP-001779,SUP-011,PROD-0072,2024-06-13,2024-07-13,2024-07-11,Delivered
SHIP-001780,SUP-002,PROD-0092,2024-12-20,2025-01-13,2025-01-23,Delayed
SHIP-001781,SUP-013,PROD-0012,2024-11-18,2024-12-04,2024-12-10,Delayed
SHIP-001782,SUP-009,PROD-0020,2024-05-25,2024-06-10,2024-06-10,Delivered
SHIP-001783,SUP-011,PROD-0020,2024-12-25,2025-01-24,2025-01-25,Delivered
SHIP-001784,SUP-014,PROD-0017,2024-03-14,2024-03-21,2024-03-23,Delivered
SHIP-001785,SUP-001,PROD-0074,2024-09-08,2024-09-15,2024-09-14,Delivered
SHIP-001786,SUP-009,PROD-0093,2024-01-11,2024-01-27,2024-01-27,Delivered
SHIP-001787,SUP-011,PROD-0013,2024-09-12,2024-10-12,2024-10-14,Delivered
SHIP-001788,SUP-020,PROD-0096,2024-11-23,2024-12-13,2024-12-14,Delivered
SHIP-001789,SUP-001,PROD-0026,2024-09-27,2024-10-04,2024-10-04,Delivered
SHIP-001790,SUP-007,PROD-0076,2024-09-24,2024-10-14,2024-10-16,Delivered
SHIP-001791,SUP-014,PROD-0062,2024-11-22,2024-11-29,2024-11-29,Delivered
SHIP-001792,SUP-014,PROD-0074,2024-02-23,2024-03-01,2024-02-29,Delivered
SHIP-001793,SUP-002,PROD-0038,2024-10-13,2024-11-06,2024-11-04,Delivered
SHIP-001794,SUP-018,PROD-0025,2024-10-11,2024-11-02,2024-11-02,Delivered
SHIP-001795,SUP-009,PROD-0013,2024-09-26,2024-10-12,2024-10-21,Delayed
SHIP-001796,SUP-014,PROD-0003,2024-03-12,2024-03-19,2024-03-18,Delivered
SHIP-001797,SUP-018,PROD-0080,2024-04-24,2024-05-16,2024-05-15,Delivered
SHIP-001798,SUP-020,PROD-0048,2024-06-21,2024-07-11,2024-07-10,Delivered
SHIP-001799,SUP-002,PROD-0007,2024-12-09,2025-01-02,2025-01-04,Delivered
SHIP-001800,SUP-016,PROD-0012,2024-07-20,2024-07-25,2024-07-31,Delayed
SHIP-001801,SUP-016,PROD-0071,2024-05-16,2024-05-21,2024-05-19,Delivered
SHIP-001802,SUP-005,PROD-0068,2024-11-14,2024-11-19,2024-11-19,Delivered
SHIP-001803,SUP-015,PROD-0015,2024-05-13,2024-06-09,2024-06-19,Delayed
SHIP-001804,SUP-009,PROD-0012,2024-08-05,2024-08-21,2024-08-20,Delivered
SHIP-001805,SUP-004,PROD-0100,2024-03-07,2024-03-23,2024-03-25,Delivered
SHIP-001806,SUP-007,PROD-0093,2024-07-24,2024-08-13,2024-08-13,Delivered
SHIP-001807,SUP-016,PROD-0095,2024-02-28,2024-03-04,2024-03-03,Delivered
SHIP-001808,SUP-019,PROD-0021,2024-02-04,2024-02-08,2024-02-06,Delivered
SHIP-001809,SUP-011,PROD-0035,2024-08-24,2024-09-23,2024-09-23,Delivered
SHIP-001810,SUP-011,PROD-0069,2024-12-18,2025-01-17,,In Transit
SHIP-001811,SUP-007,PROD-0041,2024-11-24,2024-12-14,2024-12-14,Delivered
SHIP-001812,SUP-011,PROD-0082,2024-01-04,2024-02-03,2024-02-03,Delivered
SHIP-001813,SUP-010,PROD-0093,2024-08-13,2024-09-03,2024-09-03,Delivered
SHIP-001814,SUP-010,PROD-0045,2024-12-29,2025-01-19,2025-01-17,Delivered
SHIP-001815,SUP-017,PROD-0076,2024-08-02,2024-08-16,2024-08-17,Delivered
SHIP-001816,SUP-002,PROD-0077,2024-09-22,2024-10-16,2024-10-15,Delivered
SHIP-001817,SUP-008,PROD-0034,2024-10-06,2024-10-29,2024-10-27,Delivered
SHIP-001818,SUP-005,PROD-0063,2024-04-01,2024-04-06,2024-04-04,Delivered
SHIP-001819,SUP-005,PROD-0087,2024-09-10,2024-09-15,2024-09-14,Delivered
SHIP-001820,SUP-019,PROD-0005,2024-04-10,2024-04-14,2024-04-14,Delivered
SHIP-001821,SUP-007,PROD-0098,2024-10-03,2024-10-23,2024-10-22,Delivered
SHIP-001822,SUP-011,PROD-0079,2024-05-11,2024-06-10,2024-06-10,Delivered
SHIP-001823,SUP-004,PROD-0017,2024-10-04,2024-10-20,2024-10-21,Delivered
SHIP-001824,SUP-002,PROD-0043,2024-01-08,2024-02-01,2024-02-01,Delivered
SHIP-001825,SUP-012,PROD-0085,2024-05-07,2024-06-04,2024-06-05,Delivered
