shipment_id,product_id,supplier_id,warehouse_id,order_date,expected_date,actual_date,quantity,unit_cost,total_cost,delay_days,on_time,defective_units
SHP-000001,PROD-0001,SUP-01,WH-01,2022-01-01,2022-02-05,2022-02-05,131,321.52,42119.12,0,True,8
SHP-000002,PROD-0001,SUP-01,WH-01,2022-01-20,2022-02-24,2022-02-24,332,321.52,106744.64,0,True,21
SHP-000003,PROD-0001,SUP-01,WH-01,2022-02-08,2022-03-18,2022-03-18,480,321.52,154329.6,0,True,31
SHP-000004,PROD-0001,SUP-01,WH-01,2022-02-27,2022-04-02,2022-04-02,110,321.52,35367.2,0,True,7
SHP-000005,PROD-0001,SUP-01,WH-01,2022-03-18,2022-04-29,2022-04-29,305,321.52,98063.6,0,True,20
SHP-000006,PROD-0001,SUP-01,WH-01,2022-04-06,2022-05-06,2022-05-06,411,321.52,132144.72,0,True,27
SHP-000007,PROD-0001,SUP-01,WH-01,2022-04-25,2022-06-07,2022-06-07,297,321.52,95491.44,0,True,19
SHP-000008,PROD-0001,SUP-01,WH-01,2022-05-14,2022-06-23,2022-06-23,332,321.52,106744.64,0,True,21
SHP-000009,PROD-0001,SUP-01,WH-01,2022-06-02,2022-07-24,2022-07-24,356,321.52,114461.12,0,True,23
SHP-000010,PROD-0001,SUP-01,WH-01,2022-06-21,2022-08-10,2022-08-10,119,321.52,38260.88,0,True,7
SHP-000011,PROD-0001,SUP-01,WH-01,2022-07-10,2022-08-12,2022-08-12,445,321.52,143076.4,0,True,29
SHP-000012,PROD-0001,SUP-01,WH-01,2022-07-29,2022-09-07,2022-09-07,224,321.52,72020.48,0,True,14
SHP-000013,PROD-0001,SUP-01,WH-01,2022-08-17,2022-09-29,2022-09-29,470,321.52,151114.4,0,True,31
SHP-000014,PROD-0001,SUP-01,WH-01,2022-09-05,2022-10-11,2022-10-11,202,321.52,64947.04,0,True,13
SHP-000015,PROD-0001,SUP-01,WH-01,2022-09-24,2022-10-28,2022-10-28,387,321.52,124428.24,0,True,25
SHP-000016,PROD-0001,SUP-01,WH-01,2022-10-13,2022-11-24,2022-11-24,278,321.52,89382.56,0,True,18
SHP-000017,PROD-0001,SUP-01,WH-01,2022-11-01,2022-12-16,2022-12-16,220,321.52,70734.4,0,True,14
SHP-000018,PROD-0001,SUP-01,WH-01,2022-11-20,2022-12-31,2022-12-31,243,321.52,78129.36,0,True,16
SHP-000019,PROD-0001,SUP-01,WH-01,2022-12-09,2023-01-17,2023-01-25,495,321.52,159152.4,8,False,32
SHP-000020,PROD-0001,SUP-01,WH-01,2022-12-28,2023-02-05,2023-02-09,172,321.52,55301.44,4,False,11
SHP-000021,PROD-0001,SUP-01,WH-01,2023-01-16,2023-02-18,2023-02-18,488,321.52,156901.76,0,True,32
SHP-000022,PROD-0001,SUP-01,WH-01,2023-02-04,2023-03-21,2023-03-21,212,321.52,68162.24,0,True,14
SHP-000023,PROD-0001,SUP-01,WH-01,2023-02-23,2023-04-06,2023-04-06,465,321.52,149506.8,0,True,30
SHP-000024,PROD-0001,SUP-01,WH-01,2023-03-14,2023-04-24,2023-04-24,389,321.52,125071.28,0,True,25
SHP-000025,PROD-0001,SUP-01,WH-01,2023-04-02,2023-05-16,2023-05-16,127,321.52,40833.04,0,True,8
SHP-000026,PROD-0001,SUP-01,WH-01,2023-04-21,2023-06-19,2023-06-27,114,321.52,36653.28,8,False,7
SHP-000027,PROD-0001,SUP-01,WH-01,2023-05-10,2023-07-03,2023-07-12,219,321.52,70412.88,9,False,14
SHP-000028,PROD-0001,SUP-01,WH-01,2023-05-29,2023-07-12,2023-07-12,482,321.52,154972.64,0,True,31
SHP-000029,PROD-0001,SUP-01,WH-01,2023-06-17,2023-07-23,2023-07-23,283,321.52,90990.16,0,True,18
SHP-000030,PROD-0001,SUP-01,WH-01,2023-07-06,2023-08-22,2023-08-22,259,321.52,83273.68,0,True,17
SHP-000031,PROD-0001,SUP-01,WH-01,2023-07-25,2023-09-02,2023-09-02,129,321.52,41476.08,0,True,8
SHP-000032,PROD-0001,SUP-01,WH-01,2023-08-13,2023-09-23,2023-09-23,185,321.52,59481.2,0,True,12
SHP-000033,PROD-0001,SUP-01,WH-01,2023-09-01,2023-10-17,2023-10-17,253,321.52,81344.56,0,True,16
SHP-000034,PROD-0001,SUP-01,WH-01,2023-09-20,2023-11-03,2023-11-03,218,321.52,70091.36,0,True,14
SHP-000035,PROD-0001,SUP-01,WH-01,2023-10-09,2023-11-20,2023-11-20,323,321.52,103850.96,0,True,21
SHP-000036,PROD-0001,SUP-01,WH-01,2023-10-28,2023-12-12,2023-12-19,370,321.52,118962.4,7,False,24
SHP-000037,PROD-0001,SUP-01,WH-01,2023-11-16,2024-01-03,2024-01-15,299,321.52,96134.48,12,False,19
SHP-000038,PROD-0001,SUP-01,WH-01,2023-12-05,2024-01-05,2024-01-05,366,321.52,117676.32,0,True,24
SHP-000039,PROD-0001,SUP-01,WH-01,2023-12-24,2024-02-06,2024-02-06,400,321.52,128608.0,0,True,26
SHP-000040,PROD-0001,SUP-01,WH-01,2024-01-12,2024-02-15,2024-02-20,432,321.52,138896.64,5,False,28
SHP-000041,PROD-0001,SUP-01,WH-01,2024-01-31,2024-03-15,2024-03-15,100,321.52,32152.0,0,True,6
SHP-000042,PROD-0001,SUP-01,WH-01,2024-02-19,2024-03-22,2024-03-22,496,321.52,159473.92,0,True,32
SHP-000043,PROD-0001,SUP-01,WH-01,2024-03-09,2024-04-19,2024-04-19,405,321.52,130215.6,0,True,26
SHP-000044,PROD-0001,SUP-01,WH-01,2024-03-28,2024-05-08,2024-05-13,73,321.52,23470.96,5,False,4
SHP-000045,PROD-0001,SUP-01,WH-01,2024-04-16,2024-05-26,2024-05-26,200,321.52,64304.0,0,True,13
SHP-000046,PROD-0001,SUP-01,WH-01,2024-05-05,2024-06-19,2024-06-19,124,321.52,39868.48,0,True,8
SHP-000047,PROD-0001,SUP-01,WH-01,2024-05-24,2024-07-01,2024-07-01,339,321.52,108995.28,0,True,22
SHP-000048,PROD-0001,SUP-01,WH-01,2024-06-12,2024-07-21,2024-07-21,137,321.52,44048.24,0,True,9
SHP-000049,PROD-0001,SUP-01,WH-01,2024-07-01,2024-08-10,2024-08-10,495,321.52,159152.4,0,True,32
SHP-000050,PROD-0001,SUP-01,WH-01,2024-07-20,2024-08-25,2024-08-25,173,321.52,55622.96,0,True,11
SHP-000051,PROD-0001,SUP-01,WH-01,2024-08-08,2024-09-14,2024-09-22,123,321.52,39546.96,8,False,8
SHP-000052,PROD-0001,SUP-01,WH-01,2024-08-27,2024-10-12,2024-10-12,180,321.52,57873.6,0,True,11
SHP-000053,PROD-0001,SUP-01,WH-01,2024-09-15,2024-10-31,2024-10-31,54,321.52,17362.08,0,True,3
SHP-000054,PROD-0001,SUP-01,WH-01,2024-10-04,2024-11-08,2024-11-08,197,321.52,63339.44,0,True,13
SHP-000055,PROD-0001,SUP-01,WH-01,2024-10-23,2024-12-07,2024-12-07,87,321.52,27972.24,0,True,5
SHP-000056,PROD-0001,SUP-01,WH-01,2024-11-11,2024-12-11,2024-12-19,350,321.52,112532.0,8,False,23
SHP-000057,PROD-0001,SUP-01,WH-01,2024-11-30,2025-01-07,2025-01-07,267,321.52,85845.84,0,True,17
SHP-000058,PROD-0001,SUP-01,WH-01,2024-12-19,2025-01-21,2025-01-21,482,321.52,154972.64,0,True,31
SHP-000059,PROD-0002,SUP-02,WH-02,2022-01-01,2022-01-10,2022-01-14,486,339.97,165225.42,4,False,6
SHP-000060,PROD-0002,SUP-02,WH-02,2022-01-15,2022-01-24,2022-01-24,245,339.97,83292.65,0,True,3
SHP-000061,PROD-0002,SUP-02,WH-02,2022-01-29,2022-02-21,2022-02-21,201,339.97,68333.97,0,True,2
SHP-000062,PROD-0002,SUP-02,WH-02,2022-02-12,2022-03-06,2022-03-06,474,339.97,161145.78,0,True,6
SHP-000063,PROD-0002,SUP-02,WH-02,2022-02-26,2022-03-02,2022-03-02,54,339.97,18358.38,0,True,0
SHP-000064,PROD-0002,SUP-02,WH-02,2022-03-12,2022-03-21,2022-03-21,448,339.97,152306.56,0,True,6
SHP-000065,PROD-0002,SUP-02,WH-02,2022-03-26,2022-03-27,2022-04-08,360,339.97,122389.2,12,False,4
SHP-000066,PROD-0002,SUP-02,WH-02,2022-04-09,2022-04-11,2022-04-11,196,339.97,66634.12,0,True,2
SHP-000067,PROD-0002,SUP-02,WH-02,2022-04-23,2022-04-24,2022-04-24,360,339.97,122389.2,0,True,4
SHP-000068,PROD-0002,SUP-02,WH-02,2022-05-07,2022-05-21,2022-05-21,375,339.97,127488.75,0,True,5
SHP-000069,PROD-0002,SUP-02,WH-02,2022-05-21,2022-05-22,2022-05-22,397,339.97,134968.09,0,True,5
SHP-000070,PROD-0002,SUP-02,WH-02,2022-06-04,2022-06-05,2022-06-05,387,339.97,131568.39,0,True,5
SHP-000071,PROD-0002,SUP-02,WH-02,2022-06-18,2022-06-22,2022-06-22,371,339.97,126128.87,0,True,5
SHP-000072,PROD-0002,SUP-02,WH-02,2022-07-02,2022-07-06,2022-07-06,380,339.97,129188.6,0,True,5
SHP-000073,PROD-0002,SUP-02,WH-02,2022-07-16,2022-07-17,2022-07-17,275,339.97,93491.75,0,True,3
SHP-000074,PROD-0002,SUP-02,WH-02,2022-07-30,2022-08-15,2022-08-15,424,339.97,144147.28,0,True,5
SHP-000075,PROD-0002,SUP-02,WH-02,2022-08-13,2022-08-22,2022-08-22,201,339.97,68333.97,0,True,2
SHP-000076,PROD-0002,SUP-02,WH-02,2022-08-27,2022-08-29,2022-08-29,139,339.97,47255.83,0,True,1
SHP-000077,PROD-0002,SUP-02,WH-02,2022-09-10,2022-09-18,2022-09-18,326,339.97,110830.22,0,True,4
SHP-000078,PROD-0002,SUP-02,WH-02,2022-09-24,2022-10-01,2022-10-01,189,339.97,64254.33,0,True,2
SHP-000079,PROD-0002,SUP-02,WH-02,2022-10-08,2022-10-15,2022-10-15,472,339.97,160465.84,0,True,6
SHP-000080,PROD-0002,SUP-02,WH-02,2022-10-22,2022-11-05,2022-11-05,201,339.97,68333.97,0,True,2
SHP-000081,PROD-0002,SUP-02,WH-02,2022-11-05,2022-11-17,2022-11-17,461,339.97,156726.17,0,True,6
SHP-000082,PROD-0002,SUP-02,WH-02,2022-11-19,2022-12-17,2022-12-17,88,339.97,29917.36,0,True,1
SHP-000083,PROD-0002,SUP-02,WH-02,2022-12-03,2022-12-04,2022-12-04,165,339.97,56095.05,0,True,2
SHP-000084,PROD-0002,SUP-02,WH-02,2022-12-17,2023-01-11,2023-01-11,395,339.97,134288.15,0,True,5
SHP-000085,PROD-0002,SUP-02,WH-02,2022-12-31,2023-01-12,2023-01-12,461,339.97,156726.17,0,True,6
SHP-000086,PROD-0002,SUP-02,WH-02,2023-01-14,2023-01-22,2023-01-22,454,339.97,154346.38,0,True,6
SHP-000087,PROD-0002,SUP-02,WH-02,2023-01-28,2023-01-29,2023-01-29,324,339.97,110150.28,0,True,4
SHP-000088,PROD-0002,SUP-02,WH-02,2023-02-11,2023-02-14,2023-02-14,394,339.97,133948.18,0,True,5
SHP-000089,PROD-0002,SUP-02,WH-02,2023-02-25,2023-03-07,2023-03-07,349,339.97,118649.53,0,True,4
SHP-000090,PROD-0002,SUP-02,WH-02,2023-03-11,2023-03-12,2023-03-12,240,339.97,81592.8,0,True,3
SHP-000091,PROD-0002,SUP-02,WH-02,2023-03-25,2023-04-02,2023-04-02,291,339.97,98931.27,0,True,3
SHP-000092,PROD-0002,SUP-02,WH-02,2023-04-08,2023-05-05,2023-05-05,337,339.97,114569.89,0,True,4
SHP-000093,PROD-0002,SUP-02,WH-02,2023-04-22,2023-05-03,2023-05-03,163,339.97,55415.11,0,True,2
SHP-000094,PROD-0002,SUP-02,WH-02,2023-05-06,2023-05-19,2023-05-19,471,339.97,160125.87,0,True,6
SHP-000095,PROD-0002,SUP-02,WH-02,2023-05-20,2023-05-21,2023-05-21,204,339.97,69353.88,0,True,2
SHP-000096,PROD-0002,SUP-02,WH-02,2023-06-03,2023-06-16,2023-06-16,121,339.97,41136.37,0,True,1
SHP-000097,PROD-0002,SUP-02,WH-02,2023-06-17,2023-06-18,2023-06-18,205,339.97,69693.85,0,True,2
SHP-000098,PROD-0002,SUP-02,WH-02,2023-07-01,2023-07-02,2023-07-02,170,339.97,57794.9,0,True,2
SHP-000099,PROD-0002,SUP-02,WH-02,2023-07-15,2023-07-28,2023-07-28,282,339.97,95871.54,0,True,3
SHP-000100,PROD-0002,SUP-02,WH-02,2023-07-29,2023-08-08,2023-08-08,430,339.97,146187.1,0,True,5
SHP-000101,PROD-0002,SUP-02,WH-02,2023-08-12,2023-09-03,2023-09-03,264,339.97,89752.08,0,True,3
SHP-000102,PROD-0002,SUP-02,WH-02,2023-08-26,2023-08-27,2023-08-27,129,339.97,43856.13,0,True,1
SHP-000103,PROD-0002,SUP-02,WH-02,2023-09-09,2023-09-26,2023-09-26,476,339.97,161825.72,0,True,6
SHP-000104,PROD-0002,SUP-02,WH-02,2023-09-23,2023-09-29,2023-09-29,193,339.97,65614.21,0,True,2
SHP-000105,PROD-0002,SUP-02,WH-02,2023-10-07,2023-10-23,2023-10-23,161,339.97,54735.17,0,True,2
SHP-000106,PROD-0002,SUP-02,WH-02,2023-10-21,2023-10-22,2023-10-22,170,339.97,57794.9,0,True,2
SHP-000107,PROD-0002,SUP-02,WH-02,2023-11-04,2023-11-17,2023-11-17,401,339.97,136327.97,0,True,5
SHP-000108,PROD-0002,SUP-02,WH-02,2023-11-18,2023-11-19,2023-11-19,380,339.97,129188.6,0,True,5
SHP-000109,PROD-0002,SUP-02,WH-02,2023-12-02,2023-12-24,2023-12-24,191,339.97,64934.27,0,True,2
SHP-000110,PROD-0002,SUP-02,WH-02,2023-12-16,2023-12-19,2023-12-19,484,339.97,164545.48,0,True,6
SHP-000111,PROD-0002,SUP-02,WH-02,2023-12-30,2024-01-05,2024-01-05,389,339.97,132248.33,0,True,5
SHP-000112,PROD-0002,SUP-02,WH-02,2024-01-13,2024-01-25,2024-01-25,355,339.97,120689.35,0,True,4
SHP-000113,PROD-0002,SUP-02,WH-02,2024-01-27,2024-01-28,2024-01-28,220,339.97,74793.4,0,True,2
SHP-000114,PROD-0002,SUP-02,WH-02,2024-02-10,2024-02-26,2024-03-01,452,339.97,153666.44,4,False,6
SHP-000115,PROD-0002,SUP-02,WH-02,2024-02-24,2024-03-15,2024-03-15,474,339.97,161145.78,0,True,6
SHP-000116,PROD-0002,SUP-02,WH-02,2024-03-09,2024-03-10,2024-03-10,350,339.97,118989.5,0,True,4
SHP-000117,PROD-0002,SUP-02,WH-02,2024-03-23,2024-03-27,2024-03-27,169,339.97,57454.93,0,True,2
SHP-000118,PROD-0002,SUP-02,WH-02,2024-04-06,2024-04-09,2024-04-09,453,339.97,154006.41,0,True,6
SHP-000119,PROD-0002,SUP-02,WH-02,2024-04-20,2024-04-21,2024-04-21,489,339.97,166245.33,0,True,6
SHP-000120,PROD-0002,SUP-02,WH-02,2024-05-04,2024-05-12,2024-05-15,326,339.97,110830.22,3,False,4
SHP-000121,PROD-0002,SUP-02,WH-02,2024-05-18,2024-05-30,2024-05-30,106,339.97,36036.82,0,True,1
SHP-000122,PROD-0002,SUP-02,WH-02,2024-06-01,2024-06-02,2024-06-02,117,339.97,39776.49,0,True,1
SHP-000123,PROD-0002,SUP-02,WH-02,2024-06-15,2024-07-10,2024-07-10,453,339.97,154006.41,0,True,6
SHP-000124,PROD-0002,SUP-02,WH-02,2024-06-29,2024-07-07,2024-07-07,58,339.97,19718.26,0,True,0
SHP-000125,PROD-0002,SUP-02,WH-02,2024-07-13,2024-07-23,2024-07-23,114,339.97,38756.58,0,True,1
SHP-000126,PROD-0002,SUP-02,WH-02,2024-07-27,2024-08-06,2024-08-06,108,339.97,36716.76,0,True,1
SHP-000127,PROD-0002,SUP-02,WH-02,2024-08-10,2024-08-11,2024-08-11,279,339.97,94851.63,0,True,3
SHP-000128,PROD-0002,SUP-02,WH-02,2024-08-24,2024-08-25,2024-08-25,353,339.97,120009.41,0,True,4
SHP-000129,PROD-0002,SUP-02,WH-02,2024-09-07,2024-09-28,2024-09-28,163,339.97,55415.11,0,True,2
SHP-000130,PROD-0002,SUP-02,WH-02,2024-09-21,2024-10-13,2024-10-13,451,339.97,153326.47,0,True,6
SHP-000131,PROD-0002,SUP-02,WH-02,2024-10-05,2024-10-23,2024-10-23,204,339.97,69353.88,0,True,2
SHP-000132,PROD-0002,SUP-02,WH-02,2024-10-19,2024-10-23,2024-10-23,65,339.97,22098.05,0,True,0
SHP-000133,PROD-0002,SUP-02,WH-02,2024-11-02,2024-11-03,2024-11-04,483,339.97,164205.51,1,False,6
SHP-000134,PROD-0002,SUP-02,WH-02,2024-11-16,2024-11-19,2024-11-19,105,339.97,35696.85,0,True,1
SHP-000135,PROD-0002,SUP-02,WH-02,2024-11-30,2024-12-01,2024-12-01,277,339.97,94171.69,0,True,3
SHP-000136,PROD-0002,SUP-02,WH-02,2024-12-14,2024-12-19,2024-12-19,214,339.97,72753.58,0,True,2
SHP-000137,PROD-0002,SUP-02,WH-02,2024-12-28,2025-01-04,2025-01-04,114,339.97,38756.58,0,True,1
SHP-000138,PROD-0003,SUP-03,WH-03,2022-01-01,2022-02-12,2022-02-12,330,120.17,39656.1,0,True,44
SHP-000139,PROD-0003,SUP-03,WH-03,2022-01-15,2022-02-25,2022-02-25,355,120.17,42660.35,0,True,47
SHP-000140,PROD-0003,SUP-03,WH-03,2022-01-29,2022-03-13,2022-03-13,308,120.17,37012.36,0,True,41
SHP-000141,PROD-0003,SUP-03,WH-03,2022-02-12,2022-03-29,2022-03-29,456,120.17,54797.52,0,True,61
SHP-000142,PROD-0003,SUP-03,WH-03,2022-02-26,2022-04-07,2022-04-07,385,120.17,46265.45,0,True,52
SHP-000143,PROD-0003,SUP-03,WH-03,2022-03-12,2022-04-22,2022-05-03,332,120.17,39896.44,11,False,44
SHP-000144,PROD-0003,SUP-03,WH-03,2022-03-26,2022-04-30,2022-05-12,270,120.17,32445.9,12,False,36
SHP-000145,PROD-0003,SUP-03,WH-03,2022-04-09,2022-05-24,2022-06-01,261,120.17,31364.37,8,False,35
SHP-000146,PROD-0003,SUP-03,WH-03,2022-04-23,2022-06-03,2022-06-09,254,120.17,30523.18,6,False,34
SHP-000147,PROD-0003,SUP-03,WH-03,2022-05-07,2022-06-19,2022-06-19,210,120.17,25235.7,0,True,28
SHP-000148,PROD-0003,SUP-03,WH-03,2022-05-21,2022-07-01,2022-07-01,180,120.17,21630.6,0,True,24
SHP-000149,PROD-0003,SUP-03,WH-03,2022-06-04,2022-07-17,2022-07-23,401,120.17,48188.17,6,False,54
SHP-000150,PROD-0003,SUP-03,WH-03,2022-06-18,2022-08-01,2022-08-01,475,120.17,57080.75,0,True,64
SHP-000151,PROD-0003,SUP-03,WH-03,2022-07-02,2022-08-12,2022-08-12,99,120.17,11896.83,0,True,13
SHP-000152,PROD-0003,SUP-03,WH-03,2022-07-16,2022-08-28,2022-09-09,465,120.17,55879.05,12,False,62
SHP-000153,PROD-0003,SUP-03,WH-03,2022-07-30,2022-09-07,2022-09-07,350,120.17,42059.5,0,True,47
SHP-000154,PROD-0003,SUP-03,WH-03,2022-08-13,2022-09-26,2022-09-26,393,120.17,47226.81,0,True,53
SHP-000155,PROD-0003,SUP-03,WH-03,2022-08-27,2022-10-07,2022-10-07,497,120.17,59724.49,0,True,67
SHP-000156,PROD-0003,SUP-03,WH-03,2022-09-10,2022-10-24,2022-11-04,266,120.17,31965.22,11,False,35
SHP-000157,PROD-0003,SUP-03,WH-03,2022-09-24,2022-11-06,2022-11-20,76,120.17,9132.92,14,False,10
SHP-000158,PROD-0003,SUP-03,WH-03,2022-10-08,2022-11-25,2022-11-25,230,120.17,27639.1,0,True,31
SHP-000159,PROD-0003,SUP-03,WH-03,2022-10-22,2022-12-05,2022-12-05,158,120.17,18986.86,0,True,21
SHP-000160,PROD-0003,SUP-03,WH-03,2022-11-05,2022-12-20,2022-12-20,164,120.17,19707.88,0,True,22
SHP-000161,PROD-0003,SUP-03,WH-03,2022-11-19,2023-01-01,2023-01-01,482,120.17,57921.94,0,True,65
SHP-000162,PROD-0003,SUP-03,WH-03,2022-12-03,2023-01-15,2023-01-15,440,120.17,52874.8,0,True,59
SHP-000163,PROD-0003,SUP-03,WH-03,2022-12-17,2023-01-25,2023-01-25,463,120.17,55638.71,0,True,62
SHP-000164,PROD-0003,SUP-03,WH-03,2022-12-31,2023-02-14,2023-02-21,442,120.17,53115.14,7,False,59
SHP-000165,PROD-0003,SUP-03,WH-03,2023-01-14,2023-03-01,2023-03-01,395,120.17,47467.15,0,True,53
SHP-000166,PROD-0003,SUP-03,WH-03,2023-01-28,2023-03-11,2023-03-11,361,120.17,43381.37,0,True,48
SHP-000167,PROD-0003,SUP-03,WH-03,2023-02-11,2023-03-24,2023-04-04,186,120.17,22351.62,11,False,25
SHP-000168,PROD-0003,SUP-03,WH-03,2023-02-25,2023-04-07,2023-04-07,409,120.17,49149.53,0,True,55
SHP-000169,PROD-0003,SUP-03,WH-03,2023-03-11,2023-04-22,2023-04-22,223,120.17,26797.91,0,True,30
SHP-000170,PROD-0003,SUP-03,WH-03,2023-03-25,2023-05-05,2023-05-05,495,120.17,59484.15,0,True,66
SHP-000171,PROD-0003,SUP-03,WH-03,2023-04-08,2023-05-21,2023-05-21,255,120.17,30643.35,0,True,34
SHP-000172,PROD-0003,SUP-03,WH-03,2023-04-22,2023-06-05,2023-06-05,374,120.17,44943.58,0,True,50
SHP-000173,PROD-0003,SUP-03,WH-03,2023-05-06,2023-06-17,2023-06-17,321,120.17,38574.57,0,True,43
SHP-000174,PROD-0003,SUP-03,WH-03,2023-05-20,2023-07-02,2023-07-02,282,120.17,33887.94,0,True,38
SHP-000175,PROD-0003,SUP-03,WH-03,2023-06-03,2023-07-17,2023-07-17,209,120.17,25115.53,0,True,28
SHP-000176,PROD-0003,SUP-03,WH-03,2023-06-17,2023-07-29,2023-07-29,340,120.17,40857.8,0,True,45
SHP-000177,PROD-0003,SUP-03,WH-03,2023-07-01,2023-08-16,2023-08-16,76,120.17,9132.92,0,True,10
SHP-000178,PROD-0003,SUP-03,WH-03,2023-07-15,2023-08-30,2023-08-30,366,120.17,43982.22,0,True,49
SHP-000179,PROD-0003,SUP-03,WH-03,2023-07-29,2023-09-12,2023-09-12,189,120.17,22712.13,0,True,25
SHP-000180,PROD-0003,SUP-03,WH-03,2023-08-12,2023-09-24,2023-09-24,298,120.17,35810.66,0,True,40
SHP-000181,PROD-0003,SUP-03,WH-03,2023-08-26,2023-10-05,2023-10-05,189,120.17,22712.13,0,True,25
SHP-000182,PROD-0003,SUP-03,WH-03,2023-09-09,2023-10-23,2023-10-27,108,120.17,12978.36,4,False,14
SHP-000183,PROD-0003,SUP-03,WH-03,2023-09-23,2023-11-05,2023-11-05,195,120.17,23433.15,0,True,26
SHP-000184,PROD-0003,SUP-03,WH-03,2023-10-07,2023-11-22,2023-11-22,299,120.17,35930.83,0,True,40
SHP-000185,PROD-0003,SUP-03,WH-03,2023-10-21,2023-12-02,2023-12-02,73,120.17,8772.41,0,True,9
SHP-000186,PROD-0003,SUP-03,WH-03,2023-11-04,2023-12-15,2023-12-15,356,120.17,42780.52,0,True,48
SHP-000187,PROD-0003,SUP-03,WH-03,2023-11-18,2024-01-03,2024-01-03,204,120.17,24514.68,0,True,27
SHP-000188,PROD-0003,SUP-03,WH-03,2023-12-02,2024-01-13,2024-01-17,441,120.17,52994.97,4,False,59
SHP-000189,PROD-0003,SUP-03,WH-03,2023-12-16,2024-01-28,2024-01-28,111,120.17,13338.87,0,True,15
SHP-000190,PROD-0003,SUP-03,WH-03,2023-12-30,2024-02-09,2024-02-09,270,120.17,32445.9,0,True,36
SHP-000191,PROD-0003,SUP-03,WH-03,2024-01-13,2024-02-25,2024-02-25,322,120.17,38694.74,0,True,43
SHP-000192,PROD-0003,SUP-03,WH-03,2024-01-27,2024-03-10,2024-03-10,336,120.17,40377.12,0,True,45
SHP-000193,PROD-0003,SUP-03,WH-03,2024-02-10,2024-03-23,2024-03-23,231,120.17,27759.27,0,True,31
SHP-000194,PROD-0003,SUP-03,WH-03,2024-02-24,2024-04-07,2024-04-07,429,120.17,51552.93,0,True,58
SHP-000195,PROD-0003,SUP-03,WH-03,2024-03-09,2024-04-21,2024-04-21,285,120.17,34248.45,0,True,38
SHP-000196,PROD-0003,SUP-03,WH-03,2024-03-23,2024-05-02,2024-05-04,344,120.17,41338.48,2,False,46
SHP-000197,PROD-0003,SUP-03,WH-03,2024-04-06,2024-05-21,2024-05-21,413,120.17,49630.21,0,True,55
SHP-000198,PROD-0003,SUP-03,WH-03,2024-04-20,2024-06-03,2024-06-03,108,120.17,12978.36,0,True,14
SHP-000199,PROD-0003,SUP-03,WH-03,2024-05-04,2024-06-17,2024-06-17,216,120.17,25956.72,0,True,29
SHP-000200,PROD-0003,SUP-03,WH-03,2024-05-18,2024-06-28,2024-07-01,366,120.17,43982.22,3,False,49
SHP-000201,PROD-0003,SUP-03,WH-03,2024-06-01,2024-07-16,2024-07-24,235,120.17,28239.95,8,False,31
SHP-000202,PROD-0003,SUP-03,WH-03,2024-06-15,2024-07-27,2024-07-27,104,120.17,12497.68,0,True,14
SHP-000203,PROD-0003,SUP-03,WH-03,2024-06-29,2024-08-10,2024-08-10,255,120.17,30643.35,0,True,34
SHP-000204,PROD-0003,SUP-03,WH-03,2024-07-13,2024-08-24,2024-08-24,495,120.17,59484.15,0,True,66
SHP-000205,PROD-0003,SUP-03,WH-03,2024-07-27,2024-09-07,2024-09-12,163,120.17,19587.71,5,False,22
SHP-000206,PROD-0003,SUP-03,WH-03,2024-08-10,2024-09-19,2024-09-25,89,120.17,10695.13,6,False,12
SHP-000207,PROD-0003,SUP-03,WH-03,2024-08-24,2024-10-07,2024-10-07,321,120.17,38574.57,0,True,43
SHP-000208,PROD-0003,SUP-03,WH-03,2024-09-07,2024-10-20,2024-10-20,447,120.17,53715.99,0,True,60
SHP-000209,PROD-0003,SUP-03,WH-03,2024-09-21,2024-11-04,2024-11-04,469,120.17,56359.73,0,True,63
SHP-000210,PROD-0003,SUP-03,WH-03,2024-10-05,2024-11-15,2024-11-26,170,120.17,20428.9,11,False,22
SHP-000211,PROD-0003,SUP-03,WH-03,2024-10-19,2024-12-01,2024-12-01,151,120.17,18145.67,0,True,20
SHP-000212,PROD-0003,SUP-03,WH-03,2024-11-02,2024-12-14,2024-12-14,439,120.17,52754.63,0,True,59
SHP-000213,PROD-0003,SUP-03,WH-03,2024-11-16,2024-12-28,2024-12-28,140,120.17,16823.8,0,True,18
SHP-000214,PROD-0003,SUP-03,WH-03,2024-11-30,2025-01-12,2025-01-12,287,120.17,34488.79,0,True,38
SHP-000215,PROD-0003,SUP-03,WH-03,2024-12-14,2025-01-27,2025-01-27,346,120.17,41578.82,0,True,46
SHP-000216,PROD-0003,SUP-03,WH-03,2024-12-28,2025-02-07,2025-02-07,339,120.17,40737.63,0,True,45
SHP-000217,PROD-0004,SUP-04,WH-04,2022-01-01,2022-02-20,2022-03-03,215,274.75,59071.25,11,False,7
SHP-000218,PROD-0004,SUP-04,WH-04,2022-01-21,2022-02-27,2022-03-13,211,274.75,57972.25,14,False,7
SHP-000219,PROD-0004,SUP-04,WH-04,2022-02-10,2022-04-05,2022-04-05,290,274.75,79677.5,0,True,10
SHP-000220,PROD-0004,SUP-04,WH-04,2022-03-02,2022-04-04,2022-04-04,457,274.75,125560.75,0,True,16
SHP-000221,PROD-0004,SUP-04,WH-04,2022-03-22,2022-04-27,2022-04-27,230,274.75,63192.5,0,True,8
SHP-000222,PROD-0004,SUP-04,WH-04,2022-04-11,2022-05-05,2022-05-05,286,274.75,78578.5,0,True,10
SHP-000223,PROD-0004,SUP-04,WH-04,2022-05-01,2022-06-08,2022-06-08,238,274.75,65390.5,0,True,8
SHP-000224,PROD-0004,SUP-04,WH-04,2022-05-21,2022-07-07,2022-07-07,380,274.75,104405.0,0,True,13
SHP-000225,PROD-0004,SUP-04,WH-04,2022-06-10,2022-07-11,2022-07-25,96,274.75,26376.0,14,False,3
SHP-000226,PROD-0004,SUP-04,WH-04,2022-06-30,2022-08-12,2022-08-12,246,274.75,67588.5,0,True,8
SHP-000227,PROD-0004,SUP-04,WH-04,2022-07-20,2022-08-23,2022-08-23,455,274.75,125011.25,0,True,16
SHP-000228,PROD-0004,SUP-04,WH-04,2022-08-09,2022-09-19,2022-09-19,280,274.75,76930.0,0,True,10
SHP-000229,PROD-0004,SUP-04,WH-04,2022-08-29,2022-10-13,2022-10-13,146,274.75,40113.5,0,True,5
SHP-000230,PROD-0004,SUP-04,WH-04,2022-09-18,2022-11-11,2022-11-11,306,274.75,84073.5,0,True,11
SHP-000231,PROD-0004,SUP-04,WH-04,2022-10-08,2022-11-24,2022-11-27,280,274.75,76930.0,3,False,10
SHP-000232,PROD-0004,SUP-04,WH-04,2022-10-28,2022-12-03,2022-12-03,478,274.75,131330.5,0,True,17
SHP-000233,PROD-0004,SUP-04,WH-04,2022-11-17,2022-12-15,2022-12-21,93,274.75,25551.75,6,False,3
SHP-000234,PROD-0004,SUP-04,WH-04,2022-12-07,2023-01-18,2023-01-18,70,274.75,19232.5,0,True,2
SHP-000235,PROD-0004,SUP-04,WH-04,2022-12-27,2023-02-14,2023-02-14,274,274.75,75281.5,0,True,10
SHP-000236,PROD-0004,SUP-04,WH-04,2023-01-16,2023-02-24,2023-02-24,131,274.75,35992.25,0,True,4
SHP-000237,PROD-0004,SUP-04,WH-04,2023-02-05,2023-03-13,2023-03-13,194,274.75,53301.5,0,True,7
SHP-000238,PROD-0004,SUP-04,WH-04,2023-02-25,2023-04-10,2023-04-10,223,274.75,61269.25,0,True,8
SHP-000239,PROD-0004,SUP-04,WH-04,2023-03-17,2023-04-23,2023-04-23,454,274.75,124736.5,0,True,16
SHP-000240,PROD-0004,SUP-04,WH-04,2023-04-06,2023-05-13,2023-05-13,83,274.75,22804.25,0,True,3
SHP-000241,PROD-0004,SUP-04,WH-04,2023-04-26,2023-06-06,2023-06-06,397,274.75,109075.75,0,True,14
SHP-000242,PROD-0004,SUP-04,WH-04,2023-05-16,2023-06-29,2023-06-29,420,274.75,115395.0,0,True,15
SHP-000243,PROD-0004,SUP-04,WH-04,2023-06-05,2023-07-06,2023-07-06,358,274.75,98360.5,0,True,13
SHP-000244,PROD-0004,SUP-04,WH-04,2023-06-25,2023-07-21,2023-07-21,91,274.75,25002.25,0,True,3
SHP-000245,PROD-0004,SUP-04,WH-04,2023-07-15,2023-08-14,2023-08-14,229,274.75,62917.75,0,True,8
SHP-000246,PROD-0004,SUP-04,WH-04,2023-08-04,2023-09-06,2023-09-11,407,274.75,111823.25,5,False,14
SHP-000247,PROD-0004,SUP-04,WH-04,2023-08-24,2023-10-15,2023-10-15,354,274.75,97261.5,0,True,12
SHP-000248,PROD-0004,SUP-04,WH-04,2023-09-13,2023-10-18,2023-10-30,208,274.75,57148.0,12,False,7
SHP-000249,PROD-0004,SUP-04,WH-04,2023-10-03,2023-11-14,2023-11-14,455,274.75,125011.25,0,True,16
SHP-000250,PROD-0004,SUP-04,WH-04,2023-10-23,2023-11-27,2023-11-27,393,274.75,107976.75,0,True,14
SHP-000251,PROD-0004,SUP-04,WH-04,2023-11-12,2023-12-16,2023-12-16,428,274.75,117593.0,0,True,15
SHP-000252,PROD-0004,SUP-04,WH-04,2023-12-02,2024-01-17,2024-01-17,97,274.75,26650.75,0,True,3
SHP-000253,PROD-0004,SUP-04,WH-04,2023-12-22,2024-01-17,2024-01-17,310,274.75,85172.5,0,True,11
SHP-000254,PROD-0004,SUP-04,WH-04,2024-01-11,2024-02-28,2024-02-28,208,274.75,57148.0,0,True,7
SHP-000255,PROD-0004,SUP-04,WH-04,2024-01-31,2024-03-09,2024-03-12,224,274.75,61544.0,3,False,8
SHP-000256,PROD-0004,SUP-04,WH-04,2024-02-20,2024-03-30,2024-03-30,165,274.75,45333.75,0,True,6
SHP-000257,PROD-0004,SUP-04,WH-04,2024-03-11,2024-04-26,2024-04-26,201,274.75,55224.75,0,True,7
SHP-000258,PROD-0004,SUP-04,WH-04,2024-03-31,2024-05-18,2024-05-18,309,274.75,84897.75,0,True,11
SHP-000259,PROD-0004,SUP-04,WH-04,2024-04-20,2024-05-22,2024-05-22,428,274.75,117593.0,0,True,15
SHP-000260,PROD-0004,SUP-04,WH-04,2024-05-10,2024-06-07,2024-06-07,222,274.75,60994.5,0,True,8
SHP-000261,PROD-0004,SUP-04,WH-04,2024-05-30,2024-06-26,2024-06-26,355,274.75,97536.25,0,True,12
SHP-000262,PROD-0004,SUP-04,WH-04,2024-06-19,2024-07-28,2024-07-28,142,274.75,39014.5,0,True,5
SHP-000263,PROD-0004,SUP-04,WH-04,2024-07-09,2024-08-10,2024-08-10,369,274.75,101382.75,0,True,13
SHP-000264,PROD-0004,SUP-04,WH-04,2024-07-29,2024-08-28,2024-08-28,419,274.75,115120.25,0,True,15
SHP-000265,PROD-0004,SUP-04,WH-04,2024-08-18,2024-09-29,2024-09-29,236,274.75,64841.0,0,True,8
SHP-000266,PROD-0004,SUP-04,WH-04,2024-09-07,2024-10-20,2024-10-20,277,274.75,76105.75,0,True,10
SHP-000267,PROD-0004,SUP-04,WH-04,2024-09-27,2024-11-03,2024-11-03,433,274.75,118966.75,0,True,15
SHP-000268,PROD-0004,SUP-04,WH-04,2024-10-17,2024-11-23,2024-11-23,323,274.75,88744.25,0,True,11
SHP-000269,PROD-0004,SUP-04,WH-04,2024-11-06,2024-12-16,2024-12-16,464,274.75,127484.0,0,True,16
SHP-000270,PROD-0004,SUP-04,WH-04,2024-11-26,2024-12-26,2024-12-26,477,274.75,131055.75,0,True,17
SHP-000271,PROD-0004,SUP-04,WH-04,2024-12-16,2025-01-27,2025-01-27,342,274.75,93964.5,0,True,12
SHP-000272,PROD-0005,SUP-05,WH-05,2022-01-01,2022-01-27,2022-02-04,448,380.61,170513.28,8,False,62
SHP-000273,PROD-0005,SUP-05,WH-05,2022-01-18,2022-02-14,2022-02-14,264,380.61,100481.04,0,True,36
SHP-000274,PROD-0005,SUP-05,WH-05,2022-02-04,2022-02-28,2022-03-03,460,380.61,175080.6,3,False,64
SHP-000275,PROD-0005,SUP-05,WH-05,2022-02-21,2022-03-19,2022-03-19,178,380.61,67748.58,0,True,24
SHP-000276,PROD-0005,SUP-05,WH-05,2022-03-10,2022-04-05,2022-04-05,497,380.61,189163.17,0,True,69
SHP-000277,PROD-0005,SUP-05,WH-05,2022-03-27,2022-04-23,2022-04-23,102,380.61,38822.22,0,True,14
SHP-000278,PROD-0005,SUP-05,WH-05,2022-04-13,2022-05-08,2022-05-20,485,380.61,184595.85,12,False,67
SHP-000279,PROD-0005,SUP-05,WH-05,2022-04-30,2022-05-25,2022-05-25,440,380.61,167468.4,0,True,61
SHP-000280,PROD-0005,SUP-05,WH-05,2022-05-17,2022-06-11,2022-06-11,312,380.61,118750.32,0,True,43
SHP-000281,PROD-0005,SUP-05,WH-05,2022-06-03,2022-06-28,2022-07-01,96,380.61,36538.56,3,False,13
SHP-000282,PROD-0005,SUP-05,WH-05,2022-06-20,2022-07-15,2022-07-19,228,380.61,86779.08,4,False,31
SHP-000283,PROD-0005,SUP-05,WH-05,2022-07-07,2022-07-31,2022-07-31,252,380.61,95913.72,0,True,35
SHP-000284,PROD-0005,SUP-05,WH-05,2022-07-24,2022-08-18,2022-08-18,247,380.61,94010.67,0,True,34
SHP-000285,PROD-0005,SUP-05,WH-05,2022-08-10,2022-09-05,2022-09-05,64,380.61,24359.04,0,True,8
SHP-000286,PROD-0005,SUP-05,WH-05,2022-08-27,2022-09-21,2022-09-27,479,380.61,182312.19,6,False,67
SHP-000287,PROD-0005,SUP-05,WH-05,2022-09-13,2022-10-09,2022-10-09,455,380.61,173177.55,0,True,63
SHP-000288,PROD-0005,SUP-05,WH-05,2022-09-30,2022-10-25,2022-10-25,196,380.61,74599.56,0,True,27
SHP-000289,PROD-0005,SUP-05,WH-05,2022-10-17,2022-11-12,2022-11-12,475,380.61,180789.75,0,True,66
SHP-000290,PROD-0005,SUP-05,WH-05,2022-11-03,2022-11-29,2022-12-02,290,380.61,110376.9,3,False,40
SHP-000291,PROD-0005,SUP-05,WH-05,2022-11-20,2022-12-15,2022-12-15,90,380.61,34254.9,0,True,12
SHP-000292,PROD-0005,SUP-05,WH-05,2022-12-07,2023-01-03,2023-01-03,477,380.61,181550.97,0,True,66
SHP-000293,PROD-0005,SUP-05,WH-05,2022-12-24,2023-01-20,2023-01-20,422,380.61,160617.42,0,True,59
SHP-000294,PROD-0005,SUP-05,WH-05,2023-01-10,2023-02-03,2023-02-03,106,380.61,40344.66,0,True,14
SHP-000295,PROD-0005,SUP-05,WH-05,2023-01-27,2023-02-21,2023-02-21,204,380.61,77644.44,0,True,28
SHP-000296,PROD-0005,SUP-05,WH-05,2023-02-13,2023-03-10,2023-03-10,264,380.61,100481.04,0,True,36
SHP-000297,PROD-0005,SUP-05,WH-05,2023-03-02,2023-03-29,2023-04-09,284,380.61,108093.24,11,False,39
SHP-000298,PROD-0005,SUP-05,WH-05,2023-03-19,2023-04-15,2023-04-15,305,380.61,116086.05,0,True,42
SHP-000299,PROD-0005,SUP-05,WH-05,2023-04-05,2023-05-01,2023-05-01,373,380.61,141967.53,0,True,52
SHP-000300,PROD-0005,SUP-05,WH-05,2023-04-22,2023-05-19,2023-05-19,417,380.61,158714.37,0,True,58
SHP-000301,PROD-0005,SUP-05,WH-05,2023-05-09,2023-06-03,2023-06-03,50,380.61,19030.5,0,True,7
SHP-000302,PROD-0005,SUP-05,WH-05,2023-05-26,2023-06-22,2023-06-22,342,380.61,130168.62,0,True,47
SHP-000303,PROD-0005,SUP-05,WH-05,2023-06-12,2023-07-08,2023-07-08,392,380.61,149199.12,0,True,54
SHP-000304,PROD-0005,SUP-05,WH-05,2023-06-29,2023-07-25,2023-07-25,234,380.61,89062.74,0,True,32
SHP-000305,PROD-0005,SUP-05,WH-05,2023-07-16,2023-08-11,2023-08-13,328,380.61,124840.08,2,False,45
SHP-000306,PROD-0005,SUP-05,WH-05,2023-08-02,2023-08-29,2023-09-07,309,380.61,117608.49,9,False,43
SHP-000307,PROD-0005,SUP-05,WH-05,2023-08-19,2023-09-13,2023-09-13,497,380.61,189163.17,0,True,69
SHP-000308,PROD-0005,SUP-05,WH-05,2023-09-05,2023-09-30,2023-09-30,248,380.61,94391.28,0,True,34
SHP-000309,PROD-0005,SUP-05,WH-05,2023-09-22,2023-10-18,2023-10-18,58,380.61,22075.38,0,True,8
SHP-000310,PROD-0005,SUP-05,WH-05,2023-10-09,2023-11-03,2023-11-09,226,380.61,86017.86,6,False,31
SHP-000311,PROD-0005,SUP-05,WH-05,2023-10-26,2023-11-21,2023-11-25,371,380.61,141206.31,4,False,51
SHP-000312,PROD-0005,SUP-05,WH-05,2023-11-12,2023-12-09,2023-12-11,426,380.61,162139.86,2,False,59
SHP-000313,PROD-0005,SUP-05,WH-05,2023-11-29,2023-12-24,2023-12-24,72,380.61,27403.92,0,True,10
SHP-000314,PROD-0005,SUP-05,WH-05,2023-12-16,2024-01-11,2024-01-11,466,380.61,177364.26,0,True,65
SHP-000315,PROD-0005,SUP-05,WH-05,2024-01-02,2024-01-28,2024-01-28,448,380.61,170513.28,0,True,62
SHP-000316,PROD-0005,SUP-05,WH-05,2024-01-19,2024-02-12,2024-02-12,406,380.61,154527.66,0,True,56
SHP-000317,PROD-0005,SUP-05,WH-05,2024-02-05,2024-02-29,2024-02-29,465,380.61,176983.65,0,True,65
SHP-000318,PROD-0005,SUP-05,WH-05,2024-02-22,2024-03-16,2024-03-16,447,380.61,170132.67,0,True,62
SHP-000319,PROD-0005,SUP-05,WH-05,2024-03-10,2024-04-04,2024-04-04,153,380.61,58233.33,0,True,21
SHP-000320,PROD-0005,SUP-05,WH-05,2024-03-27,2024-04-20,2024-04-21,71,380.61,27023.31,1,False,9
SHP-000321,PROD-0005,SUP-05,WH-05,2024-04-13,2024-05-09,2024-05-15,313,380.61,119130.93,6,False,43
SHP-000322,PROD-0005,SUP-05,WH-05,2024-04-30,2024-05-26,2024-06-02,328,380.61,124840.08,7,False,45
SHP-000323,PROD-0005,SUP-05,WH-05,2024-05-17,2024-06-10,2024-06-10,435,380.61,165565.35,0,True,60
SHP-000324,PROD-0005,SUP-05,WH-05,2024-06-03,2024-06-26,2024-06-26,232,380.61,88301.52,0,True,32
SHP-000325,PROD-0005,SUP-05,WH-05,2024-06-20,2024-07-16,2024-07-30,493,380.61,187640.73,14,False,69
SHP-000326,PROD-0005,SUP-05,WH-05,2024-07-07,2024-08-01,2024-08-01,113,380.61,43008.93,0,True,15
SHP-000327,PROD-0005,SUP-05,WH-05,2024-07-24,2024-08-18,2024-08-18,254,380.61,96674.94,0,True,35
SHP-000328,PROD-0005,SUP-05,WH-05,2024-08-10,2024-09-04,2024-09-04,247,380.61,94010.67,0,True,34
SHP-000329,PROD-0005,SUP-05,WH-05,2024-08-27,2024-09-22,2024-09-28,304,380.61,115705.44,6,False,42
SHP-000330,PROD-0005,SUP-05,WH-05,2024-09-13,2024-10-09,2024-10-09,458,380.61,174319.38,0,True,64
SHP-000331,PROD-0005,SUP-05,WH-05,2024-09-30,2024-10-25,2024-10-25,92,380.61,35016.12,0,True,12
SHP-000332,PROD-0005,SUP-05,WH-05,2024-10-17,2024-11-12,2024-11-12,270,380.61,102764.7,0,True,37
SHP-000333,PROD-0005,SUP-05,WH-05,2024-11-03,2024-11-29,2024-12-09,142,380.61,54046.62,10,False,19
SHP-000334,PROD-0005,SUP-05,WH-05,2024-11-20,2024-12-16,2024-12-16,102,380.61,38822.22,0,True,14
SHP-000335,PROD-0005,SUP-05,WH-05,2024-12-07,2025-01-03,2025-01-03,201,380.61,76502.61,0,True,28
SHP-000336,PROD-0005,SUP-05,WH-05,2024-12-24,2025-01-17,2025-01-17,417,380.61,158714.37,0,True,58
SHP-000337,PROD-0006,SUP-06,WH-01,2022-01-01,2022-01-16,2022-01-16,229,382.93,87690.97,0,True,7
SHP-000338,PROD-0006,SUP-06,WH-01,2022-01-17,2022-02-13,2022-02-13,495,382.93,189550.35,0,True,15
SHP-000339,PROD-0006,SUP-06,WH-01,2022-02-02,2022-03-11,2022-03-11,272,382.93,104156.96,0,True,8
SHP-000340,PROD-0006,SUP-06,WH-01,2022-02-18,2022-03-21,2022-03-21,455,382.93,174233.15,0,True,14
SHP-000341,PROD-0006,SUP-06,WH-01,2022-03-06,2022-04-14,2022-04-14,376,382.93,143981.68,0,True,11
SHP-000342,PROD-0006,SUP-06,WH-01,2022-03-22,2022-04-15,2022-04-15,460,382.93,176147.8,0,True,14
SHP-000343,PROD-0006,SUP-06,WH-01,2022-04-07,2022-05-04,2022-05-04,65,382.93,24890.45,0,True,2
SHP-000344,PROD-0006,SUP-06,WH-01,2022-04-23,2022-05-27,2022-05-27,397,382.93,152023.21,0,True,12
SHP-000345,PROD-0006,SUP-06,WH-01,2022-05-09,2022-06-11,2022-06-11,114,382.93,43654.02,0,True,3
SHP-000346,PROD-0006,SUP-06,WH-01,2022-05-25,2022-06-27,2022-06-27,380,382.93,145513.4,0,True,11
SHP-000347,PROD-0006,SUP-06,WH-01,2022-06-10,2022-07-11,2022-07-11,340,382.93,130196.2,0,True,10
SHP-000348,PROD-0006,SUP-06,WH-01,2022-06-26,2022-07-27,2022-07-27,397,382.93,152023.21,0,True,12
SHP-000349,PROD-0006,SUP-06,WH-01,2022-07-12,2022-08-22,2022-08-30,240,382.93,91903.2,8,False,7
SHP-000350,PROD-0006,SUP-06,WH-01,2022-07-28,2022-08-28,2022-08-28,343,382.93,131344.99,0,True,10
SHP-000351,PROD-0006,SUP-06,WH-01,2022-08-13,2022-09-20,2022-09-20,253,382.93,96881.29,0,True,7
SHP-000352,PROD-0006,SUP-06,WH-01,2022-08-29,2022-09-29,2022-09-29,177,382.93,67778.61,0,True,5
SHP-000353,PROD-0006,SUP-06,WH-01,2022-09-14,2022-10-22,2022-10-22,145,382.93,55524.85,0,True,4
SHP-000354,PROD-0006,SUP-06,WH-01,2022-09-30,2022-10-31,2022-10-31,337,382.93,129047.41,0,True,10
SHP-000355,PROD-0006,SUP-06,WH-01,2022-10-16,2022-11-15,2022-11-15,183,382.93,70076.19,0,True,5
SHP-000356,PROD-0006,SUP-06,WH-01,2022-11-01,2022-12-02,2022-12-02,363,382.93,139003.59,0,True,11
SHP-000357,PROD-0006,SUP-06,WH-01,2022-11-17,2022-12-23,2022-12-23,301,382.93,115261.93,0,True,9
SHP-000358,PROD-0006,SUP-06,WH-01,2022-12-03,2022-12-26,2022-12-26,486,382.93,186103.98,0,True,14
SHP-000359,PROD-0006,SUP-06,WH-01,2022-12-19,2023-01-17,2023-01-17,415,382.93,158915.95,0,True,12
SHP-000360,PROD-0006,SUP-06,WH-01,2023-01-04,2023-02-08,2023-02-16,464,382.93,177679.52,8,False,14
SHP-000361,PROD-0006,SUP-06,WH-01,2023-01-20,2023-02-20,2023-03-03,213,382.93,81564.09,11,False,6
SHP-000362,PROD-0006,SUP-06,WH-01,2023-02-05,2023-03-04,2023-03-04,83,382.93,31783.19,0,True,2
SHP-000363,PROD-0006,SUP-06,WH-01,2023-02-21,2023-03-24,2023-03-24,203,382.93,77734.79,0,True,6
SHP-000364,PROD-0006,SUP-06,WH-01,2023-03-09,2023-04-14,2023-04-14,413,382.93,158150.09,0,True,12
SHP-000365,PROD-0006,SUP-06,WH-01,2023-03-25,2023-05-03,2023-05-03,456,382.93,174616.08,0,True,14
SHP-000366,PROD-0006,SUP-06,WH-01,2023-04-10,2023-05-05,2023-05-05,112,382.93,42888.16,0,True,3
SHP-000367,PROD-0006,SUP-06,WH-01,2023-04-26,2023-06-07,2023-06-07,171,382.93,65481.03,0,True,5
SHP-000368,PROD-0006,SUP-06,WH-01,2023-05-12,2023-06-08,2023-06-08,234,382.93,89605.62,0,True,7
SHP-000369,PROD-0006,SUP-06,WH-01,2023-05-28,2023-06-28,2023-06-28,289,382.93,110666.77,0,True,8
SHP-000370,PROD-0006,SUP-06,WH-01,2023-06-13,2023-07-08,2023-07-21,116,382.93,44419.88,13,False,3
SHP-000371,PROD-0006,SUP-06,WH-01,2023-06-29,2023-08-01,2023-08-01,83,382.93,31783.19,0,True,2
SHP-000372,PROD-0006,SUP-06,WH-01,2023-07-15,2023-08-13,2023-08-13,417,382.93,159681.81,0,True,12
SHP-000373,PROD-0006,SUP-06,WH-01,2023-07-31,2023-08-28,2023-08-28,260,382.93,99561.8,0,True,8
SHP-000374,PROD-0006,SUP-06,WH-01,2023-08-16,2023-09-19,2023-09-19,344,382.93,131727.92,0,True,10
SHP-000375,PROD-0006,SUP-06,WH-01,2023-09-01,2023-10-02,2023-10-02,212,382.93,81181.16,0,True,6
SHP-000376,PROD-0006,SUP-06,WH-01,2023-09-17,2023-10-15,2023-10-15,288,382.93,110283.84,0,True,8
SHP-000377,PROD-0006,SUP-06,WH-01,2023-10-03,2023-11-01,2023-11-01,115,382.93,44036.95,0,True,3
SHP-000378,PROD-0006,SUP-06,WH-01,2023-10-19,2023-11-23,2023-11-23,377,382.93,144364.61,0,True,11
SHP-000379,PROD-0006,SUP-06,WH-01,2023-11-04,2023-11-28,2023-11-28,116,382.93,44419.88,0,True,3
SHP-000380,PROD-0006,SUP-06,WH-01,2023-11-20,2023-12-23,2023-12-23,494,382.93,189167.42,0,True,15
SHP-000381,PROD-0006,SUP-06,WH-01,2023-12-06,2023-12-31,2023-12-31,315,382.93,120622.95,0,True,9
SHP-000382,PROD-0006,SUP-06,WH-01,2023-12-22,2024-01-26,2024-01-26,132,382.93,50546.76,0,True,4
SHP-000383,PROD-0006,SUP-06,WH-01,2024-01-07,2024-02-16,2024-02-16,165,382.93,63183.45,0,True,5
SHP-000384,PROD-0006,SUP-06,WH-01,2024-01-23,2024-02-18,2024-02-24,315,382.93,120622.95,6,False,9
SHP-000385,PROD-0006,SUP-06,WH-01,2024-02-08,2024-03-05,2024-03-05,178,382.93,68161.54,0,True,5
SHP-000386,PROD-0006,SUP-06,WH-01,2024-02-24,2024-04-07,2024-04-07,332,382.93,127132.76,0,True,10
SHP-000387,PROD-0006,SUP-06,WH-01,2024-03-11,2024-04-16,2024-04-16,205,382.93,78500.65,0,True,6
SHP-000388,PROD-0006,SUP-06,WH-01,2024-03-27,2024-04-26,2024-04-26,307,382.93,117559.51,0,True,9
SHP-000389,PROD-0006,SUP-06,WH-01,2024-04-12,2024-05-13,2024-05-13,347,382.93,132876.71,0,True,10
SHP-000390,PROD-0006,SUP-06,WH-01,2024-04-28,2024-05-22,2024-05-22,369,382.93,141301.17,0,True,11
SHP-000391,PROD-0006,SUP-06,WH-01,2024-05-14,2024-06-02,2024-06-02,222,382.93,85010.46,0,True,6
SHP-000392,PROD-0006,SUP-06,WH-01,2024-05-30,2024-06-30,2024-06-30,71,382.93,27188.03,0,True,2
SHP-000393,PROD-0006,SUP-06,WH-01,2024-06-15,2024-07-14,2024-07-14,91,382.93,34846.63,0,True,2
SHP-000394,PROD-0006,SUP-06,WH-01,2024-07-01,2024-08-05,2024-08-06,444,382.93,170020.92,1,False,13
SHP-000395,PROD-0006,SUP-06,WH-01,2024-07-17,2024-08-18,2024-08-18,157,382.93,60120.01,0,True,4
SHP-000396,PROD-0006,SUP-06,WH-01,2024-08-02,2024-08-31,2024-08-31,366,382.93,140152.38,0,True,11
SHP-000397,PROD-0006,SUP-06,WH-01,2024-08-18,2024-09-16,2024-09-16,371,382.93,142067.03,0,True,11
SHP-000398,PROD-0006,SUP-06,WH-01,2024-09-03,2024-09-24,2024-09-24,204,382.93,78117.72,0,True,6
SHP-000399,PROD-0006,SUP-06,WH-01,2024-09-19,2024-10-14,2024-10-14,463,382.93,177296.59,0,True,14
SHP-000400,PROD-0006,SUP-06,WH-01,2024-10-05,2024-10-30,2024-10-30,282,382.93,107986.26,0,True,8
SHP-000401,PROD-0006,SUP-06,WH-01,2024-10-21,2024-11-26,2024-11-26,130,382.93,49780.9,0,True,4
SHP-000402,PROD-0006,SUP-06,WH-01,2024-11-06,2024-12-11,2024-12-11,287,382.93,109900.91,0,True,8
SHP-000403,PROD-0006,SUP-06,WH-01,2024-11-22,2024-12-25,2024-12-25,123,382.93,47100.39,0,True,3
SHP-000404,PROD-0006,SUP-06,WH-01,2024-12-08,2025-01-19,2025-01-19,213,382.93,81564.09,0,True,6
SHP-000405,PROD-0006,SUP-06,WH-01,2024-12-24,2025-01-26,2025-02-07,226,382.93,86542.18,12,False,6
SHP-000406,PROD-0007,SUP-07,WH-02,2022-01-01,2022-01-17,2022-01-17,313,303.84,95101.92,0,True,14
SHP-000407,PROD-0007,SUP-07,WH-02,2022-01-17,2022-01-28,2022-01-28,173,303.84,52564.32,0,True,8
SHP-000408,PROD-0007,SUP-07,WH-02,2022-02-02,2022-02-15,2022-02-15,280,303.84,85075.2,0,True,13
SHP-000409,PROD-0007,SUP-07,WH-02,2022-02-18,2022-02-26,2022-02-26,75,303.84,22788.0,0,True,3
SHP-000410,PROD-0007,SUP-07,WH-02,2022-03-06,2022-04-01,2022-04-06,492,303.84,149489.28,5,False,23
SHP-000411,PROD-0007,SUP-07,WH-02,2022-03-22,2022-04-11,2022-04-11,493,303.84,149793.12,0,True,23
SHP-000412,PROD-0007,SUP-07,WH-02,2022-04-07,2022-04-21,2022-04-21,345,303.84,104824.8,0,True,16
SHP-000413,PROD-0007,SUP-07,WH-02,2022-04-23,2022-05-07,2022-05-07,440,303.84,133689.6,0,True,20
SHP-000414,PROD-0007,SUP-07,WH-02,2022-05-09,2022-06-05,2022-06-05,313,303.84,95101.92,0,True,14
SHP-000415,PROD-0007,SUP-07,WH-02,2022-05-25,2022-06-16,2022-06-16,207,303.84,62894.88,0,True,9
SHP-000416,PROD-0007,SUP-07,WH-02,2022-06-10,2022-06-18,2022-06-18,251,303.84,76263.84,0,True,11
SHP-000417,PROD-0007,SUP-07,WH-02,2022-06-26,2022-06-28,2022-06-28,173,303.84,52564.32,0,True,8
SHP-000418,PROD-0007,SUP-07,WH-02,2022-07-12,2022-07-25,2022-07-25,74,303.84,22484.16,0,True,3
SHP-000419,PROD-0007,SUP-07,WH-02,2022-07-28,2022-08-15,2022-08-15,355,303.84,107863.2,0,True,16
SHP-000420,PROD-0007,SUP-07,WH-02,2022-08-13,2022-08-14,2022-08-14,290,303.84,88113.6,0,True,13
SHP-000421,PROD-0007,SUP-07,WH-02,2022-08-29,2022-08-30,2022-08-30,483,303.84,146754.72,0,True,22
SHP-000422,PROD-0007,SUP-07,WH-02,2022-09-14,2022-09-26,2022-09-26,185,303.84,56210.4,0,True,8
SHP-000423,PROD-0007,SUP-07,WH-02,2022-09-30,2022-10-22,2022-10-22,256,303.84,77783.04,0,True,12
SHP-000424,PROD-0007,SUP-07,WH-02,2022-10-16,2022-11-02,2022-11-02,76,303.84,23091.84,0,True,3
SHP-000425,PROD-0007,SUP-07,WH-02,2022-11-01,2022-11-17,2022-11-17,235,303.84,71402.4,0,True,11
SHP-000426,PROD-0007,SUP-07,WH-02,2022-11-17,2022-11-29,2022-11-29,247,303.84,75048.48,0,True,11
SHP-000427,PROD-0007,SUP-07,WH-02,2022-12-03,2022-12-27,2022-12-27,331,303.84,100571.04,0,True,15
SHP-000428,PROD-0007,SUP-07,WH-02,2022-12-19,2023-01-10,2023-01-10,369,303.84,112116.96,0,True,17
SHP-000429,PROD-0007,SUP-07,WH-02,2023-01-04,2023-02-05,2023-02-05,115,303.84,34941.6,0,True,5
SHP-000430,PROD-0007,SUP-07,WH-02,2023-01-20,2023-02-03,2023-02-03,456,303.84,138551.04,0,True,21
SHP-000431,PROD-0007,SUP-07,WH-02,2023-02-05,2023-03-03,2023-03-03,237,303.84,72010.08,0,True,11
SHP-000432,PROD-0007,SUP-07,WH-02,2023-02-21,2023-03-05,2023-03-05,358,303.84,108774.72,0,True,16
SHP-000433,PROD-0007,SUP-07,WH-02,2023-03-09,2023-03-21,2023-03-21,70,303.84,21268.8,0,True,3
SHP-000434,PROD-0007,SUP-07,WH-02,2023-03-25,2023-04-12,2023-04-12,415,303.84,126093.6,0,True,19
SHP-000435,PROD-0007,SUP-07,WH-02,2023-04-10,2023-04-24,2023-04-24,315,303.84,95709.6,0,True,14
SHP-000436,PROD-0007,SUP-07,WH-02,2023-04-26,2023-05-07,2023-05-07,313,303.84,95101.92,0,True,14
SHP-000437,PROD-0007,SUP-07,WH-02,2023-05-12,2023-06-01,2023-06-01,363,303.84,110293.92,0,True,17
SHP-000438,PROD-0007,SUP-07,WH-02,2023-05-28,2023-06-07,2023-06-07,365,303.84,110901.6,0,True,17
SHP-000439,PROD-0007,SUP-07,WH-02,2023-06-13,2023-07-17,2023-07-17,353,303.84,107255.52,0,True,16
SHP-000440,PROD-0007,SUP-07,WH-02,2023-06-29,2023-07-18,2023-07-18,310,303.84,94190.4,0,True,14
SHP-000441,PROD-0007,SUP-07,WH-02,2023-07-15,2023-08-04,2023-08-04,338,303.84,102697.92,0,True,16
SHP-000442,PROD-0007,SUP-07,WH-02,2023-07-31,2023-08-19,2023-08-19,58,303.84,17622.72,0,True,2
SHP-000443,PROD-0007,SUP-07,WH-02,2023-08-16,2023-09-17,2023-09-17,106,303.84,32207.04,0,True,5
SHP-000444,PROD-0007,SUP-07,WH-02,2023-09-01,2023-09-29,2023-09-29,457,303.84,138854.88,0,True,21
SHP-000445,PROD-0007,SUP-07,WH-02,2023-09-17,2023-10-12,2023-10-12,372,303.84,113028.48,0,True,17
SHP-000446,PROD-0007,SUP-07,WH-02,2023-10-03,2023-11-01,2023-11-01,185,303.84,56210.4,0,True,8
SHP-000447,PROD-0007,SUP-07,WH-02,2023-10-19,2023-11-03,2023-11-03,447,303.84,135816.48,0,True,21
SHP-000448,PROD-0007,SUP-07,WH-02,2023-11-04,2023-11-29,2023-11-29,419,303.84,127308.96,0,True,19
SHP-000449,PROD-0007,SUP-07,WH-02,2023-11-20,2023-12-08,2023-12-08,137,303.84,41626.08,0,True,6
SHP-000450,PROD-0007,SUP-07,WH-02,2023-12-06,2024-01-01,2024-01-01,367,303.84,111509.28,0,True,17
SHP-000451,PROD-0007,SUP-07,WH-02,2023-12-22,2024-01-08,2024-01-08,125,303.84,37980.0,0,True,5
SHP-000452,PROD-0007,SUP-07,WH-02,2024-01-07,2024-01-24,2024-01-24,66,303.84,20053.44,0,True,3
SHP-000453,PROD-0007,SUP-07,WH-02,2024-01-23,2024-01-29,2024-02-08,106,303.84,32207.04,10,False,5
SHP-000454,PROD-0007,SUP-07,WH-02,2024-02-08,2024-02-11,2024-02-11,210,303.84,63806.4,0,True,9
SHP-000455,PROD-0007,SUP-07,WH-02,2024-02-24,2024-03-20,2024-03-20,403,303.84,122447.52,0,True,19
SHP-000456,PROD-0007,SUP-07,WH-02,2024-03-11,2024-03-28,2024-03-28,446,303.84,135512.64,0,True,21
SHP-000457,PROD-0007,SUP-07,WH-02,2024-03-27,2024-04-15,2024-04-25,496,303.84,150704.64,10,False,23
SHP-000458,PROD-0007,SUP-07,WH-02,2024-04-12,2024-04-30,2024-04-30,81,303.84,24611.04,0,True,3
SHP-000459,PROD-0007,SUP-07,WH-02,2024-04-28,2024-05-06,2024-05-06,156,303.84,47399.04,0,True,7
SHP-000460,PROD-0007,SUP-07,WH-02,2024-05-14,2024-05-19,2024-05-19,389,303.84,118193.76,0,True,18
SHP-000461,PROD-0007,SUP-07,WH-02,2024-05-30,2024-06-24,2024-06-24,210,303.84,63806.4,0,True,9
SHP-000462,PROD-0007,SUP-07,WH-02,2024-06-15,2024-07-05,2024-07-05,322,303.84,97836.48,0,True,15
SHP-000463,PROD-0007,SUP-07,WH-02,2024-07-01,2024-07-28,2024-07-28,396,303.84,120320.64,0,True,18
SHP-000464,PROD-0007,SUP-07,WH-02,2024-07-17,2024-07-23,2024-07-23,398,303.84,120928.32,0,True,18
SHP-000465,PROD-0007,SUP-07,WH-02,2024-08-02,2024-08-18,2024-08-18,185,303.84,56210.4,0,True,8
SHP-000466,PROD-0007,SUP-07,WH-02,2024-08-18,2024-09-10,2024-09-10,176,303.84,53475.84,0,True,8
SHP-000467,PROD-0007,SUP-07,WH-02,2024-09-03,2024-10-05,2024-10-05,165,303.84,50133.6,0,True,7
SHP-000468,PROD-0007,SUP-07,WH-02,2024-09-19,2024-10-09,2024-10-09,410,303.84,124574.4,0,True,19
SHP-000469,PROD-0007,SUP-07,WH-02,2024-10-05,2024-10-24,2024-10-24,300,303.84,91152.0,0,True,14
SHP-000470,PROD-0007,SUP-07,WH-02,2024-10-21,2024-10-30,2024-10-30,336,303.84,102090.24,0,True,15
SHP-000471,PROD-0007,SUP-07,WH-02,2024-11-06,2024-11-20,2024-11-20,197,303.84,59856.48,0,True,9
SHP-000472,PROD-0007,SUP-07,WH-02,2024-11-22,2024-11-26,2024-11-26,328,303.84,99659.52,0,True,15
SHP-000473,PROD-0007,SUP-07,WH-02,2024-12-08,2024-12-18,2024-12-18,252,303.84,76567.68,0,True,11
SHP-000474,PROD-0007,SUP-07,WH-02,2024-12-24,2025-01-18,2025-01-18,445,303.84,135208.8,0,True,21
SHP-000475,PROD-0008,SUP-08,WH-03,2022-01-01,2022-01-29,2022-01-29,415,192.37,79833.55,0,True,25
SHP-000476,PROD-0008,SUP-08,WH-03,2022-01-13,2022-02-17,2022-02-17,276,192.37,53094.12,0,True,16
SHP-000477,PROD-0008,SUP-08,WH-03,2022-01-25,2022-02-25,2022-02-25,295,192.37,56749.15,0,True,17
SHP-000478,PROD-0008,SUP-08,WH-03,2022-02-06,2022-03-15,2022-03-15,325,192.37,62520.25,0,True,19
SHP-000479,PROD-0008,SUP-08,WH-03,2022-02-18,2022-03-20,2022-03-25,406,192.37,78102.22,5,False,24
SHP-000480,PROD-0008,SUP-08,WH-03,2022-03-02,2022-04-08,2022-04-08,365,192.37,70215.05,0,True,22
SHP-000481,PROD-0008,SUP-08,WH-03,2022-03-14,2022-04-21,2022-04-21,174,192.37,33472.38,0,True,10
SHP-000482,PROD-0008,SUP-08,WH-03,2022-03-26,2022-04-24,2022-04-24,321,192.37,61750.77,0,True,19
SHP-000483,PROD-0008,SUP-08,WH-03,2022-04-07,2022-05-02,2022-05-02,76,192.37,14620.12,0,True,4
SHP-000484,PROD-0008,SUP-08,WH-03,2022-04-19,2022-05-15,2022-05-15,417,192.37,80218.29,0,True,25
SHP-000485,PROD-0008,SUP-08,WH-03,2022-05-01,2022-06-10,2022-06-10,444,192.37,85412.28,0,True,26
SHP-000486,PROD-0008,SUP-08,WH-03,2022-05-13,2022-06-03,2022-06-03,331,192.37,63674.47,0,True,20
SHP-000487,PROD-0008,SUP-08,WH-03,2022-05-25,2022-06-22,2022-06-22,500,192.37,96185.0,0,True,30
SHP-000488,PROD-0008,SUP-08,WH-03,2022-06-06,2022-07-11,2022-07-11,152,192.37,29240.24,0,True,9
SHP-000489,PROD-0008,SUP-08,WH-03,2022-06-18,2022-08-01,2022-08-14,214,192.37,41167.18,13,False,12
SHP-000490,PROD-0008,SUP-08,WH-03,2022-06-30,2022-08-09,2022-08-09,443,192.37,85219.91,0,True,26
SHP-000491,PROD-0008,SUP-08,WH-03,2022-07-12,2022-08-12,2022-08-12,168,192.37,32318.16,0,True,10
SHP-000492,PROD-0008,SUP-08,WH-03,2022-07-24,2022-08-23,2022-08-23,485,192.37,93299.45,0,True,29
SHP-000493,PROD-0008,SUP-08,WH-03,2022-08-05,2022-09-07,2022-09-08,139,192.37,26739.43,1,False,8
SHP-000494,PROD-0008,SUP-08,WH-03,2022-08-17,2022-10-02,2022-10-09,140,192.37,26931.8,7,False,8
SHP-000495,PROD-0008,SUP-08,WH-03,2022-08-29,2022-09-23,2022-09-24,253,192.37,48669.61,1,False,15
SHP-000496,PROD-0008,SUP-08,WH-03,2022-09-10,2022-10-05,2022-10-05,433,192.37,83296.21,0,True,26
SHP-000497,PROD-0008,SUP-08,WH-03,2022-09-22,2022-10-26,2022-11-09,498,192.37,95800.26,14,False,30
SHP-000498,PROD-0008,SUP-08,WH-03,2022-10-04,2022-11-11,2022-11-11,340,192.37,65405.8,0,True,20
SHP-000499,PROD-0008,SUP-08,WH-03,2022-10-16,2022-11-12,2022-11-12,221,192.37,42513.77,0,True,13
SHP-000500,PROD-0008,SUP-08,WH-03,2022-10-28,2022-12-08,2022-12-08,378,192.37,72715.86,0,True,22
SHP-000501,PROD-0008,SUP-08,WH-03,2022-11-09,2022-12-20,2022-12-20,118,192.37,22699.66,0,True,7
SHP-000502,PROD-0008,SUP-08,WH-03,2022-11-21,2022-12-25,2022-12-25,189,192.37,36357.93,0,True,11
SHP-000503,PROD-0008,SUP-08,WH-03,2022-12-03,2023-01-03,2023-01-03,219,192.37,42129.03,0,True,13
SHP-000504,PROD-0008,SUP-08,WH-03,2022-12-15,2023-01-20,2023-01-20,381,192.37,73292.97,0,True,23
SHP-000505,PROD-0008,SUP-08,WH-03,2022-12-27,2023-01-13,2023-01-13,57,192.37,10965.09,0,True,3
SHP-000506,PROD-0008,SUP-08,WH-03,2023-01-08,2023-01-27,2023-01-27,201,192.37,38666.37,0,True,12
SHP-000507,PROD-0008,SUP-08,WH-03,2023-01-20,2023-02-27,2023-02-27,148,192.37,28470.76,0,True,8
SHP-000508,PROD-0008,SUP-08,WH-03,2023-02-01,2023-02-24,2023-02-24,377,192.37,72523.49,0,True,22
SHP-000509,PROD-0008,SUP-08,WH-03,2023-02-13,2023-03-13,2023-03-13,313,192.37,60211.81,0,True,18
SHP-000510,PROD-0008,SUP-08,WH-03,2023-02-25,2023-04-02,2023-04-02,392,192.37,75409.04,0,True,23
SHP-000511,PROD-0008,SUP-08,WH-03,2023-03-09,2023-04-20,2023-04-20,121,192.37,23276.77,0,True,7
SHP-000512,PROD-0008,SUP-08,WH-03,2023-03-21,2023-04-28,2023-04-28,177,192.37,34049.49,0,True,10
SHP-000513,PROD-0008,SUP-08,WH-03,2023-04-02,2023-05-06,2023-05-06,170,192.37,32702.9,0,True,10
SHP-000514,PROD-0008,SUP-08,WH-03,2023-04-14,2023-05-18,2023-05-18,218,192.37,41936.66,0,True,13
SHP-000515,PROD-0008,SUP-08,WH-03,2023-04-26,2023-05-27,2023-05-27,343,192.37,65982.91,0,True,20
SHP-000516,PROD-0008,SUP-08,WH-03,2023-05-08,2023-06-12,2023-06-12,234,192.37,45014.58,0,True,14
SHP-000517,PROD-0008,SUP-08,WH-03,2023-05-20,2023-06-23,2023-06-23,391,192.37,75216.67,0,True,23
SHP-000518,PROD-0008,SUP-08,WH-03,2023-06-01,2023-07-13,2023-07-13,131,192.37,25200.47,0,True,7
SHP-000519,PROD-0008,SUP-08,WH-03,2023-06-13,2023-07-17,2023-07-17,410,192.37,78871.7,0,True,24
SHP-000520,PROD-0008,SUP-08,WH-03,2023-06-25,2023-07-26,2023-07-26,110,192.37,21160.7,0,True,6
SHP-000521,PROD-0008,SUP-08,WH-03,2023-07-07,2023-08-17,2023-08-28,201,192.37,38666.37,11,False,12
SHP-000522,PROD-0008,SUP-08,WH-03,2023-07-19,2023-08-24,2023-08-24,162,192.37,31163.94,0,True,9
SHP-000523,PROD-0008,SUP-08,WH-03,2023-07-31,2023-09-07,2023-09-07,282,192.37,54248.34,0,True,17
SHP-000524,PROD-0008,SUP-08,WH-03,2023-08-12,2023-09-04,2023-09-16,241,192.37,46361.17,12,False,14
SHP-000525,PROD-0008,SUP-08,WH-03,2023-08-24,2023-09-20,2023-09-20,291,192.37,55979.67,0,True,17
SHP-000526,PROD-0008,SUP-08,WH-03,2023-09-05,2023-10-10,2023-10-10,390,192.37,75024.3,0,True,23
SHP-000527,PROD-0008,SUP-08,WH-03,2023-09-17,2023-10-29,2023-10-29,176,192.37,33857.12,0,True,10
SHP-000528,PROD-0008,SUP-08,WH-03,2023-09-29,2023-11-08,2023-11-08,497,192.37,95607.89,0,True,30
SHP-000529,PROD-0008,SUP-08,WH-03,2023-10-11,2023-11-09,2023-11-09,278,192.37,53478.86,0,True,16
SHP-000530,PROD-0008,SUP-08,WH-03,2023-10-23,2023-11-29,2023-11-29,89,192.37,17120.93,0,True,5
SHP-000531,PROD-0008,SUP-08,WH-03,2023-11-04,2023-12-17,2023-12-17,474,192.37,91183.38,0,True,28
SHP-000532,PROD-0008,SUP-08,WH-03,2023-11-16,2023-12-17,2023-12-26,153,192.37,29432.61,9,False,9
SHP-000533,PROD-0008,SUP-08,WH-03,2023-11-28,2023-12-28,2023-12-28,134,192.37,25777.58,0,True,8
SHP-000534,PROD-0008,SUP-08,WH-03,2023-12-10,2024-01-19,2024-01-19,276,192.37,53094.12,0,True,16
SHP-000535,PROD-0008,SUP-08,WH-03,2023-12-22,2024-02-05,2024-02-05,417,192.37,80218.29,0,True,25
SHP-000536,PROD-0008,SUP-08,WH-03,2024-01-03,2024-02-08,2024-02-08,311,192.37,59827.07,0,True,18
SHP-000537,PROD-0008,SUP-08,WH-03,2024-01-15,2024-02-08,2024-02-08,282,192.37,54248.34,0,True,17
SHP-000538,PROD-0008,SUP-08,WH-03,2024-01-27,2024-03-06,2024-03-06,283,192.37,54440.71,0,True,17
SHP-000539,PROD-0008,SUP-08,WH-03,2024-02-08,2024-03-18,2024-03-18,286,192.37,55017.82,0,True,17
SHP-000540,PROD-0008,SUP-08,WH-03,2024-02-20,2024-03-29,2024-03-29,420,192.37,80795.4,0,True,25
SHP-000541,PROD-0008,SUP-08,WH-03,2024-03-03,2024-04-02,2024-04-02,468,192.37,90029.16,0,True,28
SHP-000542,PROD-0008,SUP-08,WH-03,2024-03-15,2024-05-06,2024-05-06,346,192.37,66560.02,0,True,21
SHP-000543,PROD-0008,SUP-08,WH-03,2024-03-27,2024-05-13,2024-05-13,226,192.37,43475.62,0,True,13
SHP-000544,PROD-0008,SUP-08,WH-03,2024-04-08,2024-05-11,2024-05-11,80,192.37,15389.6,0,True,4
SHP-000545,PROD-0008,SUP-08,WH-03,2024-04-20,2024-05-16,2024-05-18,291,192.37,55979.67,2,False,17
SHP-000546,PROD-0008,SUP-08,WH-03,2024-05-02,2024-06-01,2024-06-01,142,192.37,27316.54,0,True,8
SHP-000547,PROD-0008,SUP-08,WH-03,2024-05-14,2024-06-23,2024-06-23,378,192.37,72715.86,0,True,22
SHP-000548,PROD-0008,SUP-08,WH-03,2024-05-26,2024-07-03,2024-07-03,265,192.37,50978.05,0,True,16
SHP-000549,PROD-0008,SUP-08,WH-03,2024-06-07,2024-07-16,2024-07-22,245,192.37,47130.65,6,False,14
SHP-000550,PROD-0008,SUP-08,WH-03,2024-06-19,2024-07-26,2024-07-26,243,192.37,46745.91,0,True,14
SHP-000551,PROD-0008,SUP-08,WH-03,2024-07-01,2024-08-12,2024-08-12,388,192.37,74639.56,0,True,23
SHP-000552,PROD-0008,SUP-08,WH-03,2024-07-13,2024-08-11,2024-08-11,384,192.37,73870.08,0,True,23
SHP-000553,PROD-0008,SUP-08,WH-03,2024-07-25,2024-08-22,2024-08-22,141,192.37,27124.17,0,True,8
SHP-000554,PROD-0008,SUP-08,WH-03,2024-08-06,2024-09-11,2024-09-11,115,192.37,22122.55,0,True,6
SHP-000555,PROD-0008,SUP-08,WH-03,2024-08-18,2024-09-13,2024-09-25,477,192.37,91760.49,12,False,28
SHP-000556,PROD-0008,SUP-08,WH-03,2024-08-30,2024-09-21,2024-09-21,202,192.37,38858.74,0,True,12
SHP-000557,PROD-0008,SUP-08,WH-03,2024-09-11,2024-10-17,2024-10-17,328,192.37,63097.36,0,True,19
SHP-000558,PROD-0008,SUP-08,WH-03,2024-09-23,2024-10-22,2024-10-22,471,192.37,90606.27,0,True,28
SHP-000559,PROD-0008,SUP-08,WH-03,2024-10-05,2024-11-09,2024-11-09,227,192.37,43667.99,0,True,13
SHP-000560,PROD-0008,SUP-08,WH-03,2024-10-17,2024-11-22,2024-11-22,498,192.37,95800.26,0,True,30
SHP-000561,PROD-0008,SUP-08,WH-03,2024-10-29,2024-11-26,2024-11-26,66,192.37,12696.42,0,True,4
SHP-000562,PROD-0008,SUP-08,WH-03,2024-11-10,2024-12-15,2024-12-15,364,192.37,70022.68,0,True,22
SHP-000563,PROD-0008,SUP-08,WH-03,2024-11-22,2024-12-22,2025-01-04,58,192.37,11157.46,13,False,3
SHP-000564,PROD-0008,SUP-08,WH-03,2024-12-04,2024-12-27,2024-12-27,101,192.37,19429.37,0,True,6
SHP-000565,PROD-0008,SUP-08,WH-03,2024-12-16,2025-01-23,2025-01-23,356,192.37,68483.72,0,True,21
SHP-000566,PROD-0008,SUP-08,WH-03,2024-12-28,2025-02-10,2025-02-10,74,192.37,14235.38,0,True,4
SHP-000567,PROD-0009,SUP-09,WH-04,2022-01-01,2022-01-24,2022-01-24,274,27.68,7584.32,0,True,8
SHP-000568,PROD-0009,SUP-09,WH-04,2022-01-14,2022-02-13,2022-02-13,436,27.68,12068.48,0,True,13
SHP-000569,PROD-0009,SUP-09,WH-04,2022-01-27,2022-02-21,2022-02-21,121,27.68,3349.28,0,True,3
SHP-000570,PROD-0009,SUP-09,WH-04,2022-02-09,2022-02-27,2022-03-08,169,27.68,4677.92,9,False,5
SHP-000571,PROD-0009,SUP-09,WH-04,2022-02-22,2022-03-16,2022-03-16,344,27.68,9521.92,0,True,10
SHP-000572,PROD-0009,SUP-09,WH-04,2022-03-07,2022-04-09,2022-04-09,445,27.68,12317.6,0,True,13
SHP-000573,PROD-0009,SUP-09,WH-04,2022-03-20,2022-04-07,2022-04-07,171,27.68,4733.28,0,True,5
SHP-000574,PROD-0009,SUP-09,WH-04,2022-04-02,2022-04-24,2022-04-24,388,27.68,10739.84,0,True,11
SHP-000575,PROD-0009,SUP-09,WH-04,2022-04-15,2022-05-13,2022-05-13,203,27.68,5619.04,0,True,6
SHP-000576,PROD-0009,SUP-09,WH-04,2022-04-28,2022-05-25,2022-05-25,352,27.68,9743.36,0,True,10
SHP-000577,PROD-0009,SUP-09,WH-04,2022-05-11,2022-05-29,2022-05-29,370,27.68,10241.6,0,True,11
SHP-000578,PROD-0009,SUP-09,WH-04,2022-05-24,2022-06-26,2022-06-26,303,27.68,8387.04,0,True,9
SHP-000579,PROD-0009,SUP-09,WH-04,2022-06-06,2022-06-28,2022-06-29,379,27.68,10490.72,1,False,11
SHP-000580,PROD-0009,SUP-09,WH-04,2022-06-19,2022-07-10,2022-07-10,318,27.68,8802.24,0,True,9
SHP-000581,PROD-0009,SUP-09,WH-04,2022-07-02,2022-07-20,2022-07-20,259,27.68,7169.12,0,True,7
SHP-000582,PROD-0009,SUP-09,WH-04,2022-07-15,2022-08-14,2022-08-14,144,27.68,3985.92,0,True,4
SHP-000583,PROD-0009,SUP-09,WH-04,2022-07-28,2022-08-11,2022-08-11,173,27.68,4788.64,0,True,5
SHP-000584,PROD-0009,SUP-09,WH-04,2022-08-10,2022-08-30,2022-08-30,489,27.68,13535.52,0,True,14
SHP-000585,PROD-0009,SUP-09,WH-04,2022-08-23,2022-09-21,2022-09-21,287,27.68,7944.16,0,True,8
SHP-000586,PROD-0009,SUP-09,WH-04,2022-09-05,2022-09-30,2022-09-30,263,27.68,7279.84,0,True,7
SHP-000587,PROD-0009,SUP-09,WH-04,2022-09-18,2022-10-20,2022-10-20,248,27.68,6864.64,0,True,7
SHP-000588,PROD-0009,SUP-09,WH-04,2022-10-01,2022-10-29,2022-10-29,219,27.68,6061.92,0,True,6
SHP-000589,PROD-0009,SUP-09,WH-04,2022-10-14,2022-10-30,2022-10-30,280,27.68,7750.4,0,True,8
SHP-000590,PROD-0009,SUP-09,WH-04,2022-10-27,2022-11-21,2022-11-21,324,27.68,8968.32,0,True,9
SHP-000591,PROD-0009,SUP-09,WH-04,2022-11-09,2022-11-23,2022-11-23,76,27.68,2103.68,0,True,2
SHP-000592,PROD-0009,SUP-09,WH-04,2022-11-22,2022-12-17,2022-12-17,359,27.68,9937.12,0,True,10
SHP-000593,PROD-0009,SUP-09,WH-04,2022-12-05,2022-12-20,2022-12-20,87,27.68,2408.16,0,True,2
SHP-000594,PROD-0009,SUP-09,WH-04,2022-12-18,2023-01-09,2023-01-09,350,27.68,9688.0,0,True,10
SHP-000595,PROD-0009,SUP-09,WH-04,2022-12-31,2023-01-14,2023-01-14,161,27.68,4456.48,0,True,4
SHP-000596,PROD-0009,SUP-09,WH-04,2023-01-13,2023-02-01,2023-02-01,220,27.68,6089.6,0,True,6
SHP-000597,PROD-0009,SUP-09,WH-04,2023-01-26,2023-02-14,2023-02-19,57,27.68,1577.76,5,False,1
SHP-000598,PROD-0009,SUP-09,WH-04,2023-02-08,2023-03-01,2023-03-01,429,27.68,11874.72,0,True,12
SHP-000599,PROD-0009,SUP-09,WH-04,2023-02-21,2023-03-20,2023-03-20,436,27.68,12068.48,0,True,13
SHP-000600,PROD-0009,SUP-09,WH-04,2023-03-06,2023-03-23,2023-03-23,406,27.68,11238.08,0,True,12
SHP-000601,PROD-0009,SUP-09,WH-04,2023-03-19,2023-04-03,2023-04-03,253,27.68,7003.04,0,True,7
SHP-000602,PROD-0009,SUP-09,WH-04,2023-04-01,2023-04-23,2023-04-23,447,27.68,12372.96,0,True,13
SHP-000603,PROD-0009,SUP-09,WH-04,2023-04-14,2023-05-10,2023-05-10,323,27.68,8940.64,0,True,9
SHP-000604,PROD-0009,SUP-09,WH-04,2023-04-27,2023-05-17,2023-05-17,183,27.68,5065.44,0,True,5
SHP-000605,PROD-0009,SUP-09,WH-04,2023-05-10,2023-06-04,2023-06-04,304,27.68,8414.72,0,True,9
SHP-000606,PROD-0009,SUP-09,WH-04,2023-05-23,2023-06-13,2023-06-13,419,27.68,11597.92,0,True,12
SHP-000607,PROD-0009,SUP-09,WH-04,2023-06-05,2023-06-25,2023-06-25,213,27.68,5895.84,0,True,6
SHP-000608,PROD-0009,SUP-09,WH-04,2023-06-18,2023-07-14,2023-07-14,261,27.68,7224.48,0,True,7
SHP-000609,PROD-0009,SUP-09,WH-04,2023-07-01,2023-07-30,2023-07-30,163,27.68,4511.84,0,True,4
SHP-000610,PROD-0009,SUP-09,WH-04,2023-07-14,2023-08-08,2023-08-08,183,27.68,5065.44,0,True,5
SHP-000611,PROD-0009,SUP-09,WH-04,2023-07-27,2023-08-18,2023-08-18,346,27.68,9577.28,0,True,10
SHP-000612,PROD-0009,SUP-09,WH-04,2023-08-09,2023-08-23,2023-08-23,128,27.68,3543.04,0,True,3
SHP-000613,PROD-0009,SUP-09,WH-04,2023-08-22,2023-09-13,2023-09-13,244,27.68,6753.92,0,True,7
SHP-000614,PROD-0009,SUP-09,WH-04,2023-09-04,2023-09-20,2023-09-20,305,27.68,8442.4,0,True,9
SHP-000615,PROD-0009,SUP-09,WH-04,2023-09-17,2023-10-11,2023-10-11,400,27.68,11072.0,0,True,12
SHP-000616,PROD-0009,SUP-09,WH-04,2023-09-30,2023-10-19,2023-10-19,470,27.68,13009.6,0,True,14
SHP-000617,PROD-0009,SUP-09,WH-04,2023-10-13,2023-11-13,2023-11-21,378,27.68,10463.04,8,False,11
SHP-000618,PROD-0009,SUP-09,WH-04,2023-10-26,2023-11-24,2023-11-24,136,27.68,3764.48,0,True,4
SHP-000619,PROD-0009,SUP-09,WH-04,2023-11-08,2023-12-03,2023-12-03,136,27.68,3764.48,0,True,4
SHP-000620,PROD-0009,SUP-09,WH-04,2023-11-21,2023-12-04,2023-12-04,300,27.68,8304.0,0,True,9
SHP-000621,PROD-0009,SUP-09,WH-04,2023-12-04,2023-12-21,2023-12-21,327,27.68,9051.36,0,True,9
SHP-000622,PROD-0009,SUP-09,WH-04,2023-12-17,2024-01-14,2024-01-25,318,27.68,8802.24,11,False,9
SHP-000623,PROD-0009,SUP-09,WH-04,2023-12-30,2024-01-20,2024-01-20,88,27.68,2435.84,0,True,2
SHP-000624,PROD-0009,SUP-09,WH-04,2024-01-12,2024-02-06,2024-02-06,441,27.68,12206.88,0,True,13
SHP-000625,PROD-0009,SUP-09,WH-04,2024-01-25,2024-02-08,2024-02-08,481,27.68,13314.08,0,True,14
SHP-000626,PROD-0009,SUP-09,WH-04,2024-02-07,2024-02-19,2024-02-19,412,27.68,11404.16,0,True,12
SHP-000627,PROD-0009,SUP-09,WH-04,2024-02-20,2024-03-11,2024-03-11,308,27.68,8525.44,0,True,9
SHP-000628,PROD-0009,SUP-09,WH-04,2024-03-04,2024-03-29,2024-03-29,366,27.68,10130.88,0,True,11
SHP-000629,PROD-0009,SUP-09,WH-04,2024-03-17,2024-03-30,2024-03-30,365,27.68,10103.2,0,True,11
SHP-000630,PROD-0009,SUP-09,WH-04,2024-03-30,2024-04-25,2024-04-25,58,27.68,1605.44,0,True,1
SHP-000631,PROD-0009,SUP-09,WH-04,2024-04-12,2024-05-07,2024-05-07,260,27.68,7196.8,0,True,7
SHP-000632,PROD-0009,SUP-09,WH-04,2024-04-25,2024-05-23,2024-05-23,419,27.68,11597.92,0,True,12
SHP-000633,PROD-0009,SUP-09,WH-04,2024-05-08,2024-05-26,2024-05-26,196,27.68,5425.28,0,True,5
SHP-000634,PROD-0009,SUP-09,WH-04,2024-05-21,2024-06-20,2024-06-20,407,27.68,11265.76,0,True,12
SHP-000635,PROD-0009,SUP-09,WH-04,2024-06-03,2024-06-19,2024-06-19,141,27.68,3902.88,0,True,4
SHP-000636,PROD-0009,SUP-09,WH-04,2024-06-16,2024-06-26,2024-06-26,318,27.68,8802.24,0,True,9
SHP-000637,PROD-0009,SUP-09,WH-04,2024-06-29,2024-07-21,2024-07-21,367,27.68,10158.56,0,True,11
SHP-000638,PROD-0009,SUP-09,WH-04,2024-07-12,2024-08-07,2024-08-07,231,27.68,6394.08,0,True,6
SHP-000639,PROD-0009,SUP-09,WH-04,2024-07-25,2024-08-12,2024-08-12,90,27.68,2491.2,0,True,2
SHP-000640,PROD-0009,SUP-09,WH-04,2024-08-07,2024-08-30,2024-09-05,285,27.68,7888.8,6,False,8
SHP-000641,PROD-0009,SUP-09,WH-04,2024-08-20,2024-09-17,2024-09-17,406,27.68,11238.08,0,True,12
SHP-000642,PROD-0009,SUP-09,WH-04,2024-09-02,2024-10-02,2024-10-02,473,27.68,13092.64,0,True,14
SHP-000643,PROD-0009,SUP-09,WH-04,2024-09-15,2024-10-11,2024-10-11,489,27.68,13535.52,0,True,14
SHP-000644,PROD-0009,SUP-09,WH-04,2024-09-28,2024-10-18,2024-10-18,97,27.68,2684.96,0,True,2
SHP-000645,PROD-0009,SUP-09,WH-04,2024-10-11,2024-10-31,2024-10-31,332,27.68,9189.76,0,True,10
SHP-000646,PROD-0009,SUP-09,WH-04,2024-10-24,2024-11-12,2024-11-12,54,27.68,1494.72,0,True,1
SHP-000647,PROD-0009,SUP-09,WH-04,2024-11-06,2024-11-28,2024-11-28,305,27.68,8442.4,0,True,9
SHP-000648,PROD-0009,SUP-09,WH-04,2024-11-19,2024-12-15,2024-12-15,451,27.68,12483.68,0,True,13
SHP-000649,PROD-0009,SUP-09,WH-04,2024-12-02,2024-12-18,2024-12-18,489,27.68,13535.52,0,True,14
SHP-000650,PROD-0009,SUP-09,WH-04,2024-12-15,2025-01-02,2025-01-02,71,27.68,1965.28,0,True,2
SHP-000651,PROD-0009,SUP-09,WH-04,2024-12-28,2025-01-23,2025-01-23,494,27.68,13673.92,0,True,14
SHP-000652,PROD-0010,SUP-10,WH-05,2022-01-01,2022-01-21,2022-01-21,73,193.16,14100.68,0,True,2
SHP-000653,PROD-0010,SUP-10,WH-05,2022-01-22,2022-02-14,2022-02-14,193,193.16,37279.88,0,True,5
SHP-000654,PROD-0010,SUP-10,WH-05,2022-02-12,2022-03-11,2022-03-11,66,193.16,12748.56,0,True,1
SHP-000655,PROD-0010,SUP-10,WH-05,2022-03-05,2022-03-25,2022-03-25,211,193.16,40756.76,0,True,6
SHP-000656,PROD-0010,SUP-10,WH-05,2022-03-26,2022-04-10,2022-04-11,350,193.16,67606.0,1,False,10
SHP-000657,PROD-0010,SUP-10,WH-05,2022-04-16,2022-05-21,2022-05-21,414,193.16,79968.24,0,True,12
SHP-000658,PROD-0010,SUP-10,WH-05,2022-05-07,2022-06-01,2022-06-01,89,193.16,17191.24,0,True,2
SHP-000659,PROD-0010,SUP-10,WH-05,2022-05-28,2022-06-26,2022-06-26,173,193.16,33416.68,0,True,5
SHP-000660,PROD-0010,SUP-10,WH-05,2022-06-18,2022-07-08,2022-07-08,249,193.16,48096.84,0,True,7
SHP-000661,PROD-0010,SUP-10,WH-05,2022-07-09,2022-08-02,2022-08-02,219,193.16,42302.04,0,True,6
SHP-000662,PROD-0010,SUP-10,WH-05,2022-07-30,2022-08-30,2022-08-30,121,193.16,23372.36,0,True,3
SHP-000663,PROD-0010,SUP-10,WH-05,2022-08-20,2022-09-13,2022-09-26,420,193.16,81127.2,13,False,12
SHP-000664,PROD-0010,SUP-10,WH-05,2022-09-10,2022-10-02,2022-10-02,227,193.16,43847.32,0,True,6
SHP-000665,PROD-0010,SUP-10,WH-05,2022-10-01,2022-10-14,2022-10-14,168,193.16,32450.88,0,True,4
SHP-000666,PROD-0010,SUP-10,WH-05,2022-10-22,2022-10-27,2022-10-27,359,193.16,69344.44,0,True,10
SHP-000667,PROD-0010,SUP-10,WH-05,2022-11-12,2022-12-18,2022-12-18,354,193.16,68378.64,0,True,10
SHP-000668,PROD-0010,SUP-10,WH-05,2022-12-03,2022-12-25,2023-01-01,217,193.16,41915.72,7,False,6
SHP-000669,PROD-0010,SUP-10,WH-05,2022-12-24,2023-02-03,2023-02-03,451,193.16,87115.16,0,True,13
SHP-000670,PROD-0010,SUP-10,WH-05,2023-01-14,2023-02-09,2023-02-09,232,193.16,44813.12,0,True,6
SHP-000671,PROD-0010,SUP-10,WH-05,2023-02-04,2023-02-21,2023-03-02,271,193.16,52346.36,9,False,7
SHP-000672,PROD-0010,SUP-10,WH-05,2023-02-25,2023-03-17,2023-03-17,388,193.16,74946.08,0,True,11
SHP-000673,PROD-0010,SUP-10,WH-05,2023-03-18,2023-04-21,2023-04-21,366,193.16,70696.56,0,True,10
SHP-000674,PROD-0010,SUP-10,WH-05,2023-04-08,2023-05-11,2023-05-11,415,193.16,80161.4,0,True,12
SHP-000675,PROD-0010,SUP-10,WH-05,2023-04-29,2023-05-28,2023-05-28,128,193.16,24724.48,0,True,3
SHP-000676,PROD-0010,SUP-10,WH-05,2023-05-20,2023-05-29,2023-05-29,374,193.16,72241.84,0,True,11
SHP-000677,PROD-0010,SUP-10,WH-05,2023-06-10,2023-06-19,2023-06-19,212,193.16,40949.92,0,True,6
SHP-000678,PROD-0010,SUP-10,WH-05,2023-07-01,2023-08-02,2023-08-02,52,193.16,10044.32,0,True,1
SHP-000679,PROD-0010,SUP-10,WH-05,2023-07-22,2023-08-17,2023-08-17,439,193.16,84797.24,0,True,12
SHP-000680,PROD-0010,SUP-10,WH-05,2023-08-12,2023-09-15,2023-09-15,94,193.16,18157.04,0,True,2
SHP-000681,PROD-0010,SUP-10,WH-05,2023-09-02,2023-09-23,2023-09-23,335,193.16,64708.6,0,True,9
SHP-000682,PROD-0010,SUP-10,WH-05,2023-09-23,2023-10-07,2023-10-07,102,193.16,19702.32,0,True,3
SHP-000683,PROD-0010,SUP-10,WH-05,2023-10-14,2023-11-07,2023-11-07,333,193.16,64322.28,0,True,9
SHP-000684,PROD-0010,SUP-10,WH-05,2023-11-04,2023-11-29,2023-11-29,451,193.16,87115.16,0,True,13
SHP-000685,PROD-0010,SUP-10,WH-05,2023-11-25,2023-12-10,2023-12-10,56,193.16,10816.96,0,True,1
SHP-000686,PROD-0010,SUP-10,WH-05,2023-12-16,2023-12-28,2023-12-28,448,193.16,86535.68,0,True,13
SHP-000687,PROD-0010,SUP-10,WH-05,2024-01-06,2024-02-02,2024-02-02,336,193.16,64901.76,0,True,9
SHP-000688,PROD-0010,SUP-10,WH-05,2024-01-27,2024-02-11,2024-02-11,136,193.16,26269.76,0,True,4
SHP-000689,PROD-0010,SUP-10,WH-05,2024-02-17,2024-03-26,2024-03-26,121,193.16,23372.36,0,True,3
SHP-000690,PROD-0010,SUP-10,WH-05,2024-03-09,2024-04-13,2024-04-13,302,193.16,58334.32,0,True,8
SHP-000691,PROD-0010,SUP-10,WH-05,2024-03-30,2024-04-27,2024-04-27,272,193.16,52539.52,0,True,8
SHP-000692,PROD-0010,SUP-10,WH-05,2024-04-20,2024-05-25,2024-05-25,297,193.16,57368.52,0,True,8
SHP-000693,PROD-0010,SUP-10,WH-05,2024-05-11,2024-06-06,2024-06-06,178,193.16,34382.48,0,True,5
SHP-000694,PROD-0010,SUP-10,WH-05,2024-06-01,2024-06-21,2024-06-21,303,193.16,58527.48,0,True,8
SHP-000695,PROD-0010,SUP-10,WH-05,2024-06-22,2024-07-26,2024-07-26,284,193.16,54857.44,0,True,8
SHP-000696,PROD-0010,SUP-10,WH-05,2024-07-13,2024-08-08,2024-08-08,53,193.16,10237.48,0,True,1
SHP-000697,PROD-0010,SUP-10,WH-05,2024-08-03,2024-08-21,2024-08-21,367,193.16,70889.72,0,True,10
SHP-000698,PROD-0010,SUP-10,WH-05,2024-08-24,2024-09-06,2024-09-06,218,193.16,42108.88,0,True,6
SHP-000699,PROD-0010,SUP-10,WH-05,2024-09-14,2024-09-30,2024-09-30,467,193.16,90205.72,0,True,13
SHP-000700,PROD-0010,SUP-10,WH-05,2024-10-05,2024-11-05,2024-11-05,354,193.16,68378.64,0,True,10
SHP-000701,PROD-0010,SUP-10,WH-05,2024-10-26,2024-11-16,2024-11-16,358,193.16,69151.28,0,True,10
SHP-000702,PROD-0010,SUP-10,WH-05,2024-11-16,2024-12-22,2024-12-22,210,193.16,40563.6,0,True,6
SHP-000703,PROD-0010,SUP-10,WH-05,2024-12-07,2025-01-03,2025-01-06,213,193.16,41143.08,3,False,6
SHP-000704,PROD-0010,SUP-10,WH-05,2024-12-28,2025-01-25,2025-01-25,374,193.16,72241.84,0,True,11
SHP-000705,PROD-0011,SUP-11,WH-01,2022-01-01,2022-02-09,2022-02-09,216,137.15,29624.4,0,True,8
SHP-000706,PROD-0011,SUP-11,WH-01,2022-01-18,2022-02-27,2022-02-27,452,137.15,61991.8,0,True,18
SHP-000707,PROD-0011,SUP-11,WH-01,2022-02-04,2022-03-10,2022-03-10,338,137.15,46356.7,0,True,13
SHP-000708,PROD-0011,SUP-11,WH-01,2022-02-21,2022-03-31,2022-03-31,329,137.15,45122.35,0,True,13
SHP-000709,PROD-0011,SUP-11,WH-01,2022-03-10,2022-04-18,2022-04-18,331,137.15,45396.65,0,True,13
SHP-000710,PROD-0011,SUP-11,WH-01,2022-03-27,2022-05-08,2022-05-09,286,137.15,39224.9,1,False,11
SHP-000711,PROD-0011,SUP-11,WH-01,2022-04-13,2022-06-09,2022-06-09,458,137.15,62814.7,0,True,18
SHP-000712,PROD-0011,SUP-11,WH-01,2022-04-30,2022-06-09,2022-06-09,85,137.15,11657.75,0,True,3
SHP-000713,PROD-0011,SUP-11,WH-01,2022-05-17,2022-07-09,2022-07-09,457,137.15,62677.55,0,True,18
SHP-000714,PROD-0011,SUP-11,WH-01,2022-06-03,2022-07-09,2022-07-09,121,137.15,16595.15,0,True,4
SHP-000715,PROD-0011,SUP-11,WH-01,2022-06-20,2022-07-30,2022-07-30,179,137.15,24549.85,0,True,7
SHP-000716,PROD-0011,SUP-11,WH-01,2022-07-07,2022-08-21,2022-08-21,266,137.15,36481.9,0,True,10
SHP-000717,PROD-0011,SUP-11,WH-01,2022-07-24,2022-09-12,2022-09-12,279,137.15,38264.85,0,True,11
SHP-000718,PROD-0011,SUP-11,WH-01,2022-08-10,2022-09-23,2022-09-23,255,137.15,34973.25,0,True,10
SHP-000719,PROD-0011,SUP-11,WH-01,2022-08-27,2022-10-08,2022-10-08,495,137.15,67889.25,0,True,20
SHP-000720,PROD-0011,SUP-11,WH-01,2022-09-13,2022-11-01,2022-11-01,68,137.15,9326.2,0,True,2
SHP-000721,PROD-0011,SUP-11,WH-01,2022-09-30,2022-11-14,2022-11-27,409,137.15,56094.35,13,False,16
SHP-000722,PROD-0011,SUP-11,WH-01,2022-10-17,2022-11-19,2022-11-19,376,137.15,51568.4,0,True,15
SHP-000723,PROD-0011,SUP-11,WH-01,2022-11-03,2022-12-27,2022-12-27,177,137.15,24275.55,0,True,7
SHP-000724,PROD-0011,SUP-11,WH-01,2022-11-20,2023-01-05,2023-01-05,135,137.15,18515.25,0,True,5
SHP-000725,PROD-0011,SUP-11,WH-01,2022-12-07,2023-01-21,2023-01-21,338,137.15,46356.7,0,True,13
SHP-000726,PROD-0011,SUP-11,WH-01,2022-12-24,2023-02-07,2023-02-07,254,137.15,34836.1,0,True,10
SHP-000727,PROD-0011,SUP-11,WH-01,2023-01-10,2023-02-13,2023-02-13,457,137.15,62677.55,0,True,18
SHP-000728,PROD-0011,SUP-11,WH-01,2023-01-27,2023-03-01,2023-03-01,100,137.15,13715.0,0,True,4
SHP-000729,PROD-0011,SUP-11,WH-01,2023-02-13,2023-04-10,2023-04-10,432,137.15,59248.8,0,True,17
SHP-000730,PROD-0011,SUP-11,WH-01,2023-03-02,2023-04-12,2023-04-12,402,137.15,55134.3,0,True,16
SHP-000731,PROD-0011,SUP-11,WH-01,2023-03-19,2023-05-01,2023-05-01,241,137.15,33053.15,0,True,9
SHP-000732,PROD-0011,SUP-11,WH-01,2023-04-05,2023-05-16,2023-05-16,397,137.15,54448.55,0,True,16
SHP-000733,PROD-0011,SUP-11,WH-01,2023-04-22,2023-06-06,2023-06-06,127,137.15,17418.05,0,True,5
SHP-000734,PROD-0011,SUP-11,WH-01,2023-05-09,2023-06-17,2023-06-23,297,137.15,40733.55,6,False,12
SHP-000735,PROD-0011,SUP-11,WH-01,2023-05-26,2023-07-06,2023-07-06,93,137.15,12754.95,0,True,3
SHP-000736,PROD-0011,SUP-11,WH-01,2023-06-12,2023-07-24,2023-07-24,423,137.15,58014.45,0,True,17
SHP-000737,PROD-0011,SUP-11,WH-01,2023-06-29,2023-08-15,2023-08-15,225,137.15,30858.75,0,True,9
SHP-000738,PROD-0011,SUP-11,WH-01,2023-07-16,2023-09-02,2023-09-02,316,137.15,43339.4,0,True,13
SHP-000739,PROD-0011,SUP-11,WH-01,2023-08-02,2023-09-14,2023-09-14,99,137.15,13577.85,0,True,4
SHP-000740,PROD-0011,SUP-11,WH-01,2023-08-19,2023-09-19,2023-09-19,281,137.15,38539.15,0,True,11
SHP-000741,PROD-0011,SUP-11,WH-01,2023-09-05,2023-10-25,2023-10-25,72,137.15,9874.8,0,True,2
SHP-000742,PROD-0011,SUP-11,WH-01,2023-09-22,2023-11-09,2023-11-09,61,137.15,8366.15,0,True,2
SHP-000743,PROD-0011,SUP-11,WH-01,2023-10-09,2023-11-12,2023-11-12,105,137.15,14400.75,0,True,4
SHP-000744,PROD-0011,SUP-11,WH-01,2023-10-26,2023-12-08,2023-12-08,429,137.15,58837.35,0,True,17
SHP-000745,PROD-0011,SUP-11,WH-01,2023-11-12,2023-12-23,2023-12-23,332,137.15,45533.8,0,True,13
SHP-000746,PROD-0011,SUP-11,WH-01,2023-11-29,2024-01-19,2024-01-19,268,137.15,36756.2,0,True,11
SHP-000747,PROD-0011,SUP-11,WH-01,2023-12-16,2024-02-02,2024-02-02,257,137.15,35247.55,0,True,10
SHP-000748,PROD-0011,SUP-11,WH-01,2024-01-02,2024-02-06,2024-02-06,377,137.15,51705.55,0,True,15
SHP-000749,PROD-0011,SUP-11,WH-01,2024-01-19,2024-03-17,2024-03-17,64,137.15,8777.6,0,True,2
SHP-000750,PROD-0011,SUP-11,WH-01,2024-02-05,2024-03-19,2024-03-19,151,137.15,20709.65,0,True,6
SHP-000751,PROD-0011,SUP-11,WH-01,2024-02-22,2024-04-11,2024-04-11,249,137.15,34150.35,0,True,10
SHP-000752,PROD-0011,SUP-11,WH-01,2024-03-10,2024-04-21,2024-04-21,155,137.15,21258.25,0,True,6
SHP-000753,PROD-0011,SUP-11,WH-01,2024-03-27,2024-05-04,2024-05-04,464,137.15,63637.6,0,True,19
SHP-000754,PROD-0011,SUP-11,WH-01,2024-04-13,2024-05-23,2024-05-23,102,137.15,13989.3,0,True,4
SHP-000755,PROD-0011,SUP-11,WH-01,2024-04-30,2024-05-31,2024-05-31,145,137.15,19886.75,0,True,5
SHP-000756,PROD-0011,SUP-11,WH-01,2024-05-17,2024-06-16,2024-06-16,284,137.15,38950.6,0,True,11
SHP-000757,PROD-0011,SUP-11,WH-01,2024-06-03,2024-07-15,2024-07-15,491,137.15,67340.65,0,True,20
SHP-000758,PROD-0011,SUP-11,WH-01,2024-06-20,2024-07-29,2024-07-29,377,137.15,51705.55,0,True,15
SHP-000759,PROD-0011,SUP-11,WH-01,2024-07-07,2024-08-17,2024-08-17,362,137.15,49648.3,0,True,14
SHP-000760,PROD-0011,SUP-11,WH-01,2024-07-24,2024-08-30,2024-08-30,228,137.15,31270.2,0,True,9
SHP-000761,PROD-0011,SUP-11,WH-01,2024-08-10,2024-10-08,2024-10-08,366,137.15,50196.9,0,True,15
SHP-000762,PROD-0011,SUP-11,WH-01,2024-08-27,2024-10-12,2024-10-12,411,137.15,56368.65,0,True,16
SHP-000763,PROD-0011,SUP-11,WH-01,2024-09-13,2024-10-27,2024-10-27,364,137.15,49922.6,0,True,14
SHP-000764,PROD-0011,SUP-11,WH-01,2024-09-30,2024-11-22,2024-11-22,118,137.15,16183.7,0,True,4
SHP-000765,PROD-0011,SUP-11,WH-01,2024-10-17,2024-12-15,2024-12-15,206,137.15,28252.9,0,True,8
SHP-000766,PROD-0011,SUP-11,WH-01,2024-11-03,2024-12-07,2024-12-07,405,137.15,55545.75,0,True,16
SHP-000767,PROD-0011,SUP-11,WH-01,2024-11-20,2025-01-05,2025-01-05,264,137.15,36207.6,0,True,10
SHP-000768,PROD-0011,SUP-11,WH-01,2024-12-07,2025-01-17,2025-01-17,246,137.15,33738.9,0,True,10
SHP-000769,PROD-0011,SUP-11,WH-01,2024-12-24,2025-02-10,2025-02-10,375,137.15,51431.25,0,True,15
SHP-000770,PROD-0012,SUP-12,WH-02,2022-01-01,2022-01-18,2022-01-30,138,233.82,32267.16,12,False,20
SHP-000771,PROD-0012,SUP-12,WH-02,2022-01-19,2022-01-28,2022-01-28,197,233.82,46062.54,0,True,28
SHP-000772,PROD-0012,SUP-12,WH-02,2022-02-06,2022-03-01,2022-03-01,481,233.82,112467.42,0,True,70
SHP-000773,PROD-0012,SUP-12,WH-02,2022-02-24,2022-03-11,2022-03-11,493,233.82,115273.26,0,True,71
SHP-000774,PROD-0012,SUP-12,WH-02,2022-03-14,2022-04-01,2022-04-07,298,233.82,69678.36,6,False,43
SHP-000775,PROD-0012,SUP-12,WH-02,2022-04-01,2022-04-23,2022-04-23,246,233.82,57519.72,0,True,35
SHP-000776,PROD-0012,SUP-12,WH-02,2022-04-19,2022-05-11,2022-05-11,303,233.82,70847.46,0,True,44
SHP-000777,PROD-0012,SUP-12,WH-02,2022-05-07,2022-05-18,2022-05-18,262,233.82,61260.84,0,True,38
SHP-000778,PROD-0012,SUP-12,WH-02,2022-05-25,2022-06-07,2022-06-19,300,233.82,70146.0,12,False,43
SHP-000779,PROD-0012,SUP-12,WH-02,2022-06-12,2022-06-25,2022-06-25,65,233.82,15198.3,0,True,9
SHP-000780,PROD-0012,SUP-12,WH-02,2022-06-30,2022-07-07,2022-07-20,199,233.82,46530.18,13,False,29
SHP-000781,PROD-0012,SUP-12,WH-02,2022-07-18,2022-08-02,2022-08-02,325,233.82,75991.5,0,True,47
SHP-000782,PROD-0012,SUP-12,WH-02,2022-08-05,2022-08-24,2022-08-24,284,233.82,66404.88,0,True,41
SHP-000783,PROD-0012,SUP-12,WH-02,2022-08-23,2022-08-31,2022-09-10,442,233.82,103348.44,10,False,64
SHP-000784,PROD-0012,SUP-12,WH-02,2022-09-10,2022-09-26,2022-09-26,107,233.82,25018.74,0,True,15
SHP-000785,PROD-0012,SUP-12,WH-02,2022-09-28,2022-10-21,2022-10-21,446,233.82,104283.72,0,True,65
SHP-000786,PROD-0012,SUP-12,WH-02,2022-10-16,2022-11-09,2022-11-18,237,233.82,55415.34,9,False,34
SHP-000787,PROD-0012,SUP-12,WH-02,2022-11-03,2022-11-05,2022-11-14,71,233.82,16601.22,9,False,10
SHP-000788,PROD-0012,SUP-12,WH-02,2022-11-21,2022-11-22,2022-12-05,329,233.82,76926.78,13,False,47
SHP-000789,PROD-0012,SUP-12,WH-02,2022-12-09,2022-12-23,2022-12-27,102,233.82,23849.64,4,False,14
SHP-000790,PROD-0012,SUP-12,WH-02,2022-12-27,2023-01-08,2023-01-20,434,233.82,101477.88,12,False,63
SHP-000791,PROD-0012,SUP-12,WH-02,2023-01-14,2023-01-20,2023-01-20,66,233.82,15432.12,0,True,9
SHP-000792,PROD-0012,SUP-12,WH-02,2023-02-01,2023-02-14,2023-02-14,491,233.82,114805.62,0,True,71
SHP-000793,PROD-0012,SUP-12,WH-02,2023-02-19,2023-03-01,2023-03-01,493,233.82,115273.26,0,True,71
SHP-000794,PROD-0012,SUP-12,WH-02,2023-03-09,2023-03-18,2023-03-20,171,233.82,39983.22,2,False,24
SHP-000795,PROD-0012,SUP-12,WH-02,2023-03-27,2023-04-05,2023-04-09,351,233.82,82070.82,4,False,51
SHP-000796,PROD-0012,SUP-12,WH-02,2023-04-14,2023-04-30,2023-04-30,413,233.82,96567.66,0,True,60
SHP-000797,PROD-0012,SUP-12,WH-02,2023-05-02,2023-05-03,2023-05-03,134,233.82,31331.88,0,True,19
SHP-000798,PROD-0012,SUP-12,WH-02,2023-05-20,2023-06-03,2023-06-03,155,233.82,36242.1,0,True,22
SHP-000799,PROD-0012,SUP-12,WH-02,2023-06-07,2023-07-15,2023-07-15,80,233.82,18705.6,0,True,11
SHP-000800,PROD-0012,SUP-12,WH-02,2023-06-25,2023-07-17,2023-07-17,193,233.82,45127.26,0,True,28
SHP-000801,PROD-0012,SUP-12,WH-02,2023-07-13,2023-07-25,2023-07-25,215,233.82,50271.3,0,True,31
SHP-000802,PROD-0012,SUP-12,WH-02,2023-07-31,2023-08-24,2023-08-24,343,233.82,80200.26,0,True,50
SHP-000803,PROD-0012,SUP-12,WH-02,2023-08-18,2023-09-14,2023-09-19,313,233.82,73185.66,5,False,45
SHP-000804,PROD-0012,SUP-12,WH-02,2023-09-05,2023-09-23,2023-10-04,119,233.82,27824.58,11,False,17
SHP-000805,PROD-0012,SUP-12,WH-02,2023-09-23,2023-09-29,2023-10-12,80,233.82,18705.6,13,False,11
SHP-000806,PROD-0012,SUP-12,WH-02,2023-10-11,2023-10-20,2023-10-25,114,233.82,26655.48,5,False,16
SHP-000807,PROD-0012,SUP-12,WH-02,2023-10-29,2023-11-06,2023-11-18,177,233.82,41386.14,12,False,25
SHP-000808,PROD-0012,SUP-12,WH-02,2023-11-16,2023-11-19,2023-11-22,474,233.82,110830.68,3,False,69
SHP-000809,PROD-0012,SUP-12,WH-02,2023-12-04,2023-12-28,2024-01-01,396,233.82,92592.72,4,False,57
SHP-000810,PROD-0012,SUP-12,WH-02,2023-12-22,2024-01-23,2024-01-23,345,233.82,80667.9,0,True,50
SHP-000811,PROD-0012,SUP-12,WH-02,2024-01-09,2024-01-25,2024-01-25,262,233.82,61260.84,0,True,38
SHP-000812,PROD-0012,SUP-12,WH-02,2024-01-27,2024-02-06,2024-02-06,374,233.82,87448.68,0,True,54
SHP-000813,PROD-0012,SUP-12,WH-02,2024-02-14,2024-03-06,2024-03-19,97,233.82,22680.54,13,False,14
SHP-000814,PROD-0012,SUP-12,WH-02,2024-03-03,2024-03-28,2024-03-28,192,233.82,44893.44,0,True,27
SHP-000815,PROD-0012,SUP-12,WH-02,2024-03-21,2024-03-31,2024-04-12,238,233.82,55649.16,12,False,34
SHP-000816,PROD-0012,SUP-12,WH-02,2024-04-08,2024-04-26,2024-05-04,217,233.82,50738.94,8,False,31
SHP-000817,PROD-0012,SUP-12,WH-02,2024-04-26,2024-04-28,2024-04-28,446,233.82,104283.72,0,True,65
SHP-000818,PROD-0012,SUP-12,WH-02,2024-05-14,2024-05-31,2024-06-14,424,233.82,99139.68,14,False,61
SHP-000819,PROD-0012,SUP-12,WH-02,2024-06-01,2024-06-08,2024-06-08,407,233.82,95164.74,0,True,59
SHP-000820,PROD-0012,SUP-12,WH-02,2024-06-19,2024-07-07,2024-07-13,457,233.82,106855.74,6,False,66
SHP-000821,PROD-0012,SUP-12,WH-02,2024-07-07,2024-07-18,2024-07-18,269,233.82,62897.58,0,True,39
SHP-000822,PROD-0012,SUP-12,WH-02,2024-07-25,2024-08-10,2024-08-10,187,233.82,43724.34,0,True,27
SHP-000823,PROD-0012,SUP-12,WH-02,2024-08-12,2024-09-14,2024-09-20,222,233.82,51908.04,6,False,32
SHP-000824,PROD-0012,SUP-12,WH-02,2024-08-30,2024-09-15,2024-09-15,339,233.82,79264.98,0,True,49
SHP-000825,PROD-0012,SUP-12,WH-02,2024-09-17,2024-10-06,2024-10-06,225,233.82,52609.5,0,True,32
SHP-000826,PROD-0012,SUP-12,WH-02,2024-10-05,2024-10-19,2024-10-30,73,233.82,17068.86,11,False,10
SHP-000827,PROD-0012,SUP-12,WH-02,2024-10-23,2024-10-24,2024-10-24,478,233.82,111765.96,0,True,69
SHP-000828,PROD-0012,SUP-12,WH-02,2024-11-10,2024-11-20,2024-11-20,489,233.82,114337.98,0,True,71
SHP-000829,PROD-0012,SUP-12,WH-02,2024-11-28,2024-12-09,2024-12-09,50,233.82,11691.0,0,True,7
SHP-000830,PROD-0012,SUP-12,WH-02,2024-12-16,2025-01-05,2025-01-05,402,233.82,93995.64,0,True,58
SHP-000831,PROD-0013,SUP-13,WH-03,2022-01-01,2022-01-28,2022-01-28,497,389.12,193392.64,0,True,49
SHP-000832,PROD-0013,SUP-13,WH-03,2022-01-13,2022-02-09,2022-02-09,234,389.12,91054.08,0,True,23
SHP-000833,PROD-0013,SUP-13,WH-03,2022-01-25,2022-02-24,2022-02-24,390,389.12,151756.8,0,True,38
SHP-000834,PROD-0013,SUP-13,WH-03,2022-02-06,2022-02-26,2022-02-26,252,389.12,98058.24,0,True,24
SHP-000835,PROD-0013,SUP-13,WH-03,2022-02-18,2022-03-26,2022-03-26,408,389.12,158760.96,0,True,40
SHP-000836,PROD-0013,SUP-13,WH-03,2022-03-02,2022-03-19,2022-03-19,385,389.12,149811.2,0,True,37
SHP-000837,PROD-0013,SUP-13,WH-03,2022-03-14,2022-04-02,2022-04-02,50,389.12,19456.0,0,True,4
SHP-000838,PROD-0013,SUP-13,WH-03,2022-03-26,2022-04-22,2022-04-22,117,389.12,45527.04,0,True,11
SHP-000839,PROD-0013,SUP-13,WH-03,2022-04-07,2022-04-27,2022-04-27,398,389.12,154869.76,0,True,39
SHP-000840,PROD-0013,SUP-13,WH-03,2022-04-19,2022-05-15,2022-05-15,406,389.12,157982.72,0,True,40
SHP-000841,PROD-0013,SUP-13,WH-03,2022-05-01,2022-05-23,2022-05-29,490,389.12,190668.8,6,False,48
SHP-000842,PROD-0013,SUP-13,WH-03,2022-05-13,2022-06-10,2022-06-10,294,389.12,114401.28,0,True,28
SHP-000843,PROD-0013,SUP-13,WH-03,2022-05-25,2022-06-19,2022-06-19,95,389.12,36966.4,0,True,9
SHP-000844,PROD-0013,SUP-13,WH-03,2022-06-06,2022-06-29,2022-07-11,102,389.12,39690.24,12,False,10
SHP-000845,PROD-0013,SUP-13,WH-03,2022-06-18,2022-07-13,2022-07-13,203,389.12,78991.36,0,True,20
SHP-000846,PROD-0013,SUP-13,WH-03,2022-06-30,2022-08-05,2022-08-05,466,389.12,181329.92,0,True,45
SHP-000847,PROD-0013,SUP-13,WH-03,2022-07-12,2022-08-06,2022-08-19,378,389.12,147087.36,13,False,37
SHP-000848,PROD-0013,SUP-13,WH-03,2022-07-24,2022-08-12,2022-08-12,321,389.12,124907.52,0,True,31
SHP-000849,PROD-0013,SUP-13,WH-03,2022-08-05,2022-08-21,2022-08-21,382,389.12,148643.84,0,True,37
SHP-000850,PROD-0013,SUP-13,WH-03,2022-08-17,2022-09-08,2022-09-08,419,389.12,163041.28,0,True,41
SHP-000851,PROD-0013,SUP-13,WH-03,2022-08-29,2022-09-25,2022-09-25,127,389.12,49418.24,0,True,12
SHP-000852,PROD-0013,SUP-13,WH-03,2022-09-10,2022-10-13,2022-10-13,276,389.12,107397.12,0,True,27
SHP-000853,PROD-0013,SUP-13,WH-03,2022-09-22,2022-10-22,2022-10-22,101,389.12,39301.12,0,True,9
SHP-000854,PROD-0013,SUP-13,WH-03,2022-10-04,2022-10-26,2022-10-26,351,389.12,136581.12,0,True,34
SHP-000855,PROD-0013,SUP-13,WH-03,2022-10-16,2022-11-04,2022-11-04,269,389.12,104673.28,0,True,26
SHP-000856,PROD-0013,SUP-13,WH-03,2022-10-28,2022-11-21,2022-11-21,176,389.12,68485.12,0,True,17
SHP-000857,PROD-0013,SUP-13,WH-03,2022-11-09,2022-12-04,2022-12-04,177,389.12,68874.24,0,True,17
SHP-000858,PROD-0013,SUP-13,WH-03,2022-11-21,2022-12-14,2022-12-14,419,389.12,163041.28,0,True,41
SHP-000859,PROD-0013,SUP-13,WH-03,2022-12-03,2023-01-01,2023-01-01,403,389.12,156815.36,0,True,39
SHP-000860,PROD-0013,SUP-13,WH-03,2022-12-15,2023-01-05,2023-01-06,387,389.12,150589.44,1,False,38
SHP-000861,PROD-0013,SUP-13,WH-03,2022-12-27,2023-01-21,2023-01-21,360,389.12,140083.2,0,True,35
SHP-000862,PROD-0013,SUP-13,WH-03,2023-01-08,2023-02-04,2023-02-04,250,389.12,97280.0,0,True,24
SHP-000863,PROD-0013,SUP-13,WH-03,2023-01-20,2023-02-07,2023-02-07,451,389.12,175493.12,0,True,44
SHP-000864,PROD-0013,SUP-13,WH-03,2023-02-01,2023-02-28,2023-03-13,303,389.12,117903.36,13,False,29
SHP-000865,PROD-0013,SUP-13,WH-03,2023-02-13,2023-03-15,2023-03-15,305,389.12,118681.6,0,True,30
SHP-000866,PROD-0013,SUP-13,WH-03,2023-02-25,2023-03-26,2023-03-26,320,389.12,124518.4,0,True,31
SHP-000867,PROD-0013,SUP-13,WH-03,2023-03-09,2023-04-03,2023-04-04,212,389.12,82493.44,1,False,20
SHP-000868,PROD-0013,SUP-13,WH-03,2023-03-21,2023-04-10,2023-04-10,479,389.12,186388.48,0,True,47
SHP-000869,PROD-0013,SUP-13,WH-03,2023-04-02,2023-04-23,2023-04-23,329,389.12,128020.48,0,True,32
SHP-000870,PROD-0013,SUP-13,WH-03,2023-04-14,2023-05-08,2023-05-08,291,389.12,113233.92,0,True,28
SHP-000871,PROD-0013,SUP-13,WH-03,2023-04-26,2023-05-22,2023-05-22,350,389.12,136192.0,0,True,34
SHP-000872,PROD-0013,SUP-13,WH-03,2023-05-08,2023-05-29,2023-05-29,160,389.12,62259.2,0,True,15
SHP-000873,PROD-0013,SUP-13,WH-03,2023-05-20,2023-06-16,2023-06-17,454,389.12,176660.48,1,False,44
SHP-000874,PROD-0013,SUP-13,WH-03,2023-06-01,2023-06-23,2023-06-23,371,389.12,144363.52,0,True,36
SHP-000875,PROD-0013,SUP-13,WH-03,2023-06-13,2023-07-07,2023-07-07,262,389.12,101949.44,0,True,25
SHP-000876,PROD-0013,SUP-13,WH-03,2023-06-25,2023-07-24,2023-07-24,92,389.12,35799.04,0,True,9
SHP-000877,PROD-0013,SUP-13,WH-03,2023-07-07,2023-07-20,2023-07-20,365,389.12,142028.8,0,True,35
SHP-000878,PROD-0013,SUP-13,WH-03,2023-07-19,2023-08-13,2023-08-13,208,389.12,80936.96,0,True,20
SHP-000879,PROD-0013,SUP-13,WH-03,2023-07-31,2023-08-24,2023-08-24,154,389.12,59924.48,0,True,15
SHP-000880,PROD-0013,SUP-13,WH-03,2023-08-12,2023-09-01,2023-09-01,217,389.12,84439.04,0,True,21
SHP-000881,PROD-0013,SUP-13,WH-03,2023-08-24,2023-09-28,2023-09-28,440,389.12,171212.8,0,True,43
SHP-000882,PROD-0013,SUP-13,WH-03,2023-09-05,2023-09-25,2023-09-25,379,389.12,147476.48,0,True,37
SHP-000883,PROD-0013,SUP-13,WH-03,2023-09-17,2023-10-16,2023-10-16,273,389.12,106229.76,0,True,26
SHP-000884,PROD-0013,SUP-13,WH-03,2023-09-29,2023-10-28,2023-11-09,172,389.12,66928.64,12,False,16
SHP-000885,PROD-0013,SUP-13,WH-03,2023-10-11,2023-11-07,2023-11-07,272,389.12,105840.64,0,True,26
SHP-000886,PROD-0013,SUP-13,WH-03,2023-10-23,2023-11-12,2023-11-12,361,389.12,140472.32,0,True,35
SHP-000887,PROD-0013,SUP-13,WH-03,2023-11-04,2023-12-03,2023-12-03,429,389.12,166932.48,0,True,42
SHP-000888,PROD-0013,SUP-13,WH-03,2023-11-16,2023-12-08,2023-12-08,111,389.12,43192.32,0,True,10
SHP-000889,PROD-0013,SUP-13,WH-03,2023-11-28,2023-12-12,2023-12-12,409,389.12,159150.08,0,True,40
SHP-000890,PROD-0013,SUP-13,WH-03,2023-12-10,2024-01-04,2024-01-04,227,389.12,88330.24,0,True,22
SHP-000891,PROD-0013,SUP-13,WH-03,2023-12-22,2024-01-17,2024-01-17,471,389.12,183275.52,0,True,46
SHP-000892,PROD-0013,SUP-13,WH-03,2024-01-03,2024-02-01,2024-02-01,240,389.12,93388.8,0,True,23
SHP-000893,PROD-0013,SUP-13,WH-03,2024-01-15,2024-02-06,2024-02-06,497,389.12,193392.64,0,True,49
SHP-000894,PROD-0013,SUP-13,WH-03,2024-01-27,2024-03-02,2024-03-02,110,389.12,42803.2,0,True,10
SHP-000895,PROD-0013,SUP-13,WH-03,2024-02-08,2024-03-04,2024-03-17,221,389.12,85995.52,13,False,21
SHP-000896,PROD-0013,SUP-13,WH-03,2024-02-20,2024-03-21,2024-03-21,318,389.12,123740.16,0,True,31
SHP-000897,PROD-0013,SUP-13,WH-03,2024-03-03,2024-04-01,2024-04-01,345,389.12,134246.4,0,True,34
SHP-000898,PROD-0013,SUP-13,WH-03,2024-03-15,2024-04-12,2024-04-12,283,389.12,110120.96,0,True,27
SHP-000899,PROD-0013,SUP-13,WH-03,2024-03-27,2024-04-27,2024-04-27,305,389.12,118681.6,0,True,30
SHP-000900,PROD-0013,SUP-13,WH-03,2024-04-08,2024-05-02,2024-05-02,238,389.12,92610.56,0,True,23
SHP-000901,PROD-0013,SUP-13,WH-03,2024-04-20,2024-05-18,2024-05-18,102,389.12,39690.24,0,True,10
SHP-000902,PROD-0013,SUP-13,WH-03,2024-05-02,2024-05-27,2024-05-27,109,389.12,42414.08,0,True,10
SHP-000903,PROD-0013,SUP-13,WH-03,2024-05-14,2024-06-08,2024-06-08,51,389.12,19845.12,0,True,5
SHP-000904,PROD-0013,SUP-13,WH-03,2024-05-26,2024-06-17,2024-06-18,56,389.12,21790.72,1,False,5
SHP-000905,PROD-0013,SUP-13,WH-03,2024-06-07,2024-07-02,2024-07-02,236,389.12,91832.32,0,True,23
SHP-000906,PROD-0013,SUP-13,WH-03,2024-06-19,2024-07-21,2024-07-28,141,389.12,54865.92,7,False,13
SHP-000907,PROD-0013,SUP-13,WH-03,2024-07-01,2024-07-30,2024-07-30,461,389.12,179384.32,0,True,45
SHP-000908,PROD-0013,SUP-13,WH-03,2024-07-13,2024-08-10,2024-08-10,264,389.12,102727.68,0,True,26
SHP-000909,PROD-0013,SUP-13,WH-03,2024-07-25,2024-08-16,2024-08-16,263,389.12,102338.56,0,True,25
SHP-000910,PROD-0013,SUP-13,WH-03,2024-08-06,2024-08-28,2024-08-28,472,389.12,183664.64,0,True,46
SHP-000911,PROD-0013,SUP-13,WH-03,2024-08-18,2024-09-09,2024-09-09,111,389.12,43192.32,0,True,10
SHP-000912,PROD-0013,SUP-13,WH-03,2024-08-30,2024-10-01,2024-10-01,76,389.12,29573.12,0,True,7
SHP-000913,PROD-0013,SUP-13,WH-03,2024-09-11,2024-10-11,2024-10-11,314,389.12,122183.68,0,True,30
SHP-000914,PROD-0013,SUP-13,WH-03,2024-09-23,2024-10-11,2024-10-12,85,389.12,33075.2,1,False,8
SHP-000915,PROD-0013,SUP-13,WH-03,2024-10-05,2024-11-04,2024-11-12,446,389.12,173547.52,8,False,43
SHP-000916,PROD-0013,SUP-13,WH-03,2024-10-17,2024-11-18,2024-11-18,94,389.12,36577.28,0,True,9
SHP-000917,PROD-0013,SUP-13,WH-03,2024-10-29,2024-11-25,2024-11-25,238,389.12,92610.56,0,True,23
SHP-000918,PROD-0013,SUP-13,WH-03,2024-11-10,2024-12-14,2024-12-14,451,389.12,175493.12,0,True,44
SHP-000919,PROD-0013,SUP-13,WH-03,2024-11-22,2024-12-12,2024-12-12,174,389.12,67706.88,0,True,17
SHP-000920,PROD-0013,SUP-13,WH-03,2024-12-04,2024-12-31,2024-12-31,302,389.12,117514.24,0,True,29
SHP-000921,PROD-0013,SUP-13,WH-03,2024-12-16,2025-01-17,2025-01-17,425,389.12,165376.0,0,True,41
SHP-000922,PROD-0013,SUP-13,WH-03,2024-12-28,2025-01-26,2025-01-26,175,389.12,68096.0,0,True,17
SHP-000923,PROD-0014,SUP-14,WH-04,2022-01-01,2022-02-11,2022-02-12,62,457.0,28334.0,1,False,2
SHP-000924,PROD-0014,SUP-14,WH-04,2022-01-13,2022-02-21,2022-02-21,375,457.0,171375.0,0,True,18
SHP-000925,PROD-0014,SUP-14,WH-04,2022-01-25,2022-03-05,2022-03-05,54,457.0,24678.0,0,True,2
SHP-000926,PROD-0014,SUP-14,WH-04,2022-02-06,2022-03-17,2022-03-17,386,457.0,176402.0,0,True,18
SHP-000927,PROD-0014,SUP-14,WH-04,2022-02-18,2022-03-29,2022-03-29,422,457.0,192854.0,0,True,20
SHP-000928,PROD-0014,SUP-14,WH-04,2022-03-02,2022-04-13,2022-04-13,321,457.0,146697.0,0,True,15
SHP-000929,PROD-0014,SUP-14,WH-04,2022-03-14,2022-04-22,2022-04-22,80,457.0,36560.0,0,True,3
SHP-000930,PROD-0014,SUP-14,WH-04,2022-03-26,2022-05-04,2022-05-04,97,457.0,44329.0,0,True,4
SHP-000931,PROD-0014,SUP-14,WH-04,2022-04-07,2022-05-15,2022-05-16,482,457.0,220274.0,1,False,23
SHP-000932,PROD-0014,SUP-14,WH-04,2022-04-19,2022-05-28,2022-05-28,240,457.0,109680.0,0,True,11
SHP-000933,PROD-0014,SUP-14,WH-04,2022-05-01,2022-06-10,2022-06-18,93,457.0,42501.0,8,False,4
SHP-000934,PROD-0014,SUP-14,WH-04,2022-05-13,2022-06-19,2022-06-19,118,457.0,53926.0,0,True,5
SHP-000935,PROD-0014,SUP-14,WH-04,2022-05-25,2022-07-03,2022-07-03,88,457.0,40216.0,0,True,4
SHP-000936,PROD-0014,SUP-14,WH-04,2022-06-06,2022-07-15,2022-07-15,272,457.0,124304.0,0,True,13
SHP-000937,PROD-0014,SUP-14,WH-04,2022-06-18,2022-07-28,2022-08-08,171,457.0,78147.0,11,False,8
SHP-000938,PROD-0014,SUP-14,WH-04,2022-06-30,2022-08-10,2022-08-10,211,457.0,96427.0,0,True,10
SHP-000939,PROD-0014,SUP-14,WH-04,2022-07-12,2022-08-20,2022-08-20,475,457.0,217075.0,0,True,22
SHP-000940,PROD-0014,SUP-14,WH-04,2022-07-24,2022-09-02,2022-09-02,281,457.0,128417.0,0,True,13
SHP-000941,PROD-0014,SUP-14,WH-04,2022-08-05,2022-09-13,2022-09-13,153,457.0,69921.0,0,True,7
SHP-000942,PROD-0014,SUP-14,WH-04,2022-08-17,2022-09-26,2022-09-26,349,457.0,159493.0,0,True,16
SHP-000943,PROD-0014,SUP-14,WH-04,2022-08-29,2022-10-07,2022-10-07,134,457.0,61238.0,0,True,6
SHP-000944,PROD-0014,SUP-14,WH-04,2022-09-10,2022-10-21,2022-10-21,258,457.0,117906.0,0,True,12
SHP-000945,PROD-0014,SUP-14,WH-04,2022-09-22,2022-11-01,2022-11-01,444,457.0,202908.0,0,True,21
SHP-000946,PROD-0014,SUP-14,WH-04,2022-10-04,2022-11-14,2022-11-14,287,457.0,131159.0,0,True,13
SHP-000947,PROD-0014,SUP-14,WH-04,2022-10-16,2022-11-25,2022-11-25,96,457.0,43872.0,0,True,4
SHP-000948,PROD-0014,SUP-14,WH-04,2022-10-28,2022-12-07,2022-12-07,205,457.0,93685.0,0,True,9
SHP-000949,PROD-0014,SUP-14,WH-04,2022-11-09,2022-12-19,2022-12-19,358,457.0,163606.0,0,True,17
SHP-000950,PROD-0014,SUP-14,WH-04,2022-11-21,2023-01-01,2023-01-01,488,457.0,223016.0,0,True,23
SHP-000951,PROD-0014,SUP-14,WH-04,2022-12-03,2023-01-13,2023-01-13,414,457.0,189198.0,0,True,19
SHP-000952,PROD-0014,SUP-14,WH-04,2022-12-15,2023-01-26,2023-01-30,252,457.0,115164.0,4,False,12
SHP-000953,PROD-0014,SUP-14,WH-04,2022-12-27,2023-02-04,2023-02-04,203,457.0,92771.0,0,True,9
SHP-000954,PROD-0014,SUP-14,WH-04,2023-01-08,2023-02-17,2023-02-17,139,457.0,63523.0,0,True,6
SHP-000955,PROD-0014,SUP-14,WH-04,2023-01-20,2023-02-28,2023-03-01,487,457.0,222559.0,1,False,23
SHP-000956,PROD-0014,SUP-14,WH-04,2023-02-01,2023-03-12,2023-03-12,331,457.0,151267.0,0,True,15
SHP-000957,PROD-0014,SUP-14,WH-04,2023-02-13,2023-03-25,2023-03-25,102,457.0,46614.0,0,True,4
SHP-000958,PROD-0014,SUP-14,WH-04,2023-02-25,2023-04-03,2023-04-03,112,457.0,51184.0,0,True,5
SHP-000959,PROD-0014,SUP-14,WH-04,2023-03-09,2023-04-18,2023-04-18,449,457.0,205193.0,0,True,21
SHP-000960,PROD-0014,SUP-14,WH-04,2023-03-21,2023-05-01,2023-05-01,471,457.0,215247.0,0,True,22
SHP-000961,PROD-0014,SUP-14,WH-04,2023-04-02,2023-05-12,2023-05-12,372,457.0,170004.0,0,True,17
SHP-000962,PROD-0014,SUP-14,WH-04,2023-04-14,2023-05-24,2023-05-24,350,457.0,159950.0,0,True,16
SHP-000963,PROD-0014,SUP-14,WH-04,2023-04-26,2023-06-03,2023-06-08,88,457.0,40216.0,5,False,4
SHP-000964,PROD-0014,SUP-14,WH-04,2023-05-08,2023-06-18,2023-06-19,151,457.0,69007.0,1,False,7
SHP-000965,PROD-0014,SUP-14,WH-04,2023-05-20,2023-06-28,2023-06-28,115,457.0,52555.0,0,True,5
SHP-000966,PROD-0014,SUP-14,WH-04,2023-06-01,2023-07-11,2023-07-13,474,457.0,216618.0,2,False,22
SHP-000967,PROD-0014,SUP-14,WH-04,2023-06-13,2023-07-22,2023-07-22,71,457.0,32447.0,0,True,3
SHP-000968,PROD-0014,SUP-14,WH-04,2023-06-25,2023-08-03,2023-08-03,343,457.0,156751.0,0,True,16
SHP-000969,PROD-0014,SUP-14,WH-04,2023-07-07,2023-08-16,2023-08-16,252,457.0,115164.0,0,True,12
SHP-000970,PROD-0014,SUP-14,WH-04,2023-07-19,2023-08-29,2023-08-29,399,457.0,182343.0,0,True,19
SHP-000971,PROD-0014,SUP-14,WH-04,2023-07-31,2023-09-08,2023-09-08,159,457.0,72663.0,0,True,7
SHP-000972,PROD-0014,SUP-14,WH-04,2023-08-12,2023-09-21,2023-09-21,278,457.0,127046.0,0,True,13
SHP-000973,PROD-0014,SUP-14,WH-04,2023-08-24,2023-10-01,2023-10-01,367,457.0,167719.0,0,True,17
SHP-000974,PROD-0014,SUP-14,WH-04,2023-09-05,2023-10-16,2023-10-16,201,457.0,91857.0,0,True,9
SHP-000975,PROD-0014,SUP-14,WH-04,2023-09-17,2023-10-24,2023-10-24,331,457.0,151267.0,0,True,15
SHP-000976,PROD-0014,SUP-14,WH-04,2023-09-29,2023-11-06,2023-11-06,193,457.0,88201.0,0,True,9
SHP-000977,PROD-0014,SUP-14,WH-04,2023-10-11,2023-11-17,2023-11-17,152,457.0,69464.0,0,True,7
SHP-000978,PROD-0014,SUP-14,WH-04,2023-10-23,2023-12-01,2023-12-01,319,457.0,145783.0,0,True,15
SHP-000979,PROD-0014,SUP-14,WH-04,2023-11-04,2023-12-13,2023-12-13,460,457.0,210220.0,0,True,22
SHP-000980,PROD-0014,SUP-14,WH-04,2023-11-16,2023-12-26,2023-12-26,245,457.0,111965.0,0,True,11
SHP-000981,PROD-0014,SUP-14,WH-04,2023-11-28,2024-01-08,2024-01-08,295,457.0,134815.0,0,True,14
SHP-000982,PROD-0014,SUP-14,WH-04,2023-12-10,2024-01-18,2024-01-18,226,457.0,103282.0,0,True,10
SHP-000983,PROD-0014,SUP-14,WH-04,2023-12-22,2024-01-31,2024-01-31,248,457.0,113336.0,0,True,11
SHP-000984,PROD-0014,SUP-14,WH-04,2024-01-03,2024-02-10,2024-02-10,213,457.0,97341.0,0,True,10
SHP-000985,PROD-0014,SUP-14,WH-04,2024-01-15,2024-02-24,2024-02-24,465,457.0,212505.0,0,True,22
SHP-000986,PROD-0014,SUP-14,WH-04,2024-01-27,2024-03-06,2024-03-06,464,457.0,212048.0,0,True,22
SHP-000987,PROD-0014,SUP-14,WH-04,2024-02-08,2024-03-18,2024-03-18,442,457.0,201994.0,0,True,21
SHP-000988,PROD-0014,SUP-14,WH-04,2024-02-20,2024-03-30,2024-04-09,131,457.0,59867.0,10,False,6
SHP-000989,PROD-0014,SUP-14,WH-04,2024-03-03,2024-04-11,2024-04-11,173,457.0,79061.0,0,True,8
SHP-000990,PROD-0014,SUP-14,WH-04,2024-03-15,2024-04-23,2024-04-23,455,457.0,207935.0,0,True,21
SHP-000991,PROD-0014,SUP-14,WH-04,2024-03-27,2024-05-07,2024-05-07,162,457.0,74034.0,0,True,7
SHP-000992,PROD-0014,SUP-14,WH-04,2024-04-08,2024-05-19,2024-05-19,458,457.0,209306.0,0,True,22
SHP-000993,PROD-0014,SUP-14,WH-04,2024-04-20,2024-05-30,2024-05-30,479,457.0,218903.0,0,True,23
SHP-000994,PROD-0014,SUP-14,WH-04,2024-05-02,2024-06-10,2024-06-10,171,457.0,78147.0,0,True,8
SHP-000995,PROD-0014,SUP-14,WH-04,2024-05-14,2024-06-22,2024-06-22,427,457.0,195139.0,0,True,20
SHP-000996,PROD-0014,SUP-14,WH-04,2024-05-26,2024-07-04,2024-07-04,352,457.0,160864.0,0,True,17
SHP-000997,PROD-0014,SUP-14,WH-04,2024-06-07,2024-07-18,2024-07-18,230,457.0,105110.0,0,True,11
SHP-000998,PROD-0014,SUP-14,WH-04,2024-06-19,2024-07-28,2024-07-28,338,457.0,154466.0,0,True,16
SHP-000999,PROD-0014,SUP-14,WH-04,2024-07-01,2024-08-08,2024-08-08,464,457.0,212048.0,0,True,22
SHP-001000,PROD-0014,SUP-14,WH-04,2024-07-13,2024-08-20,2024-08-20,139,457.0,63523.0,0,True,6
SHP-001001,PROD-0014,SUP-14,WH-04,2024-07-25,2024-09-01,2024-09-01,78,457.0,35646.0,0,True,3
SHP-001002,PROD-0014,SUP-14,WH-04,2024-08-06,2024-09-12,2024-09-12,60,457.0,27420.0,0,True,2
SHP-001003,PROD-0014,SUP-14,WH-04,2024-08-18,2024-09-26,2024-09-26,219,457.0,100083.0,0,True,10
SHP-001004,PROD-0014,SUP-14,WH-04,2024-08-30,2024-10-06,2024-10-06,116,457.0,53012.0,0,True,5
SHP-001005,PROD-0014,SUP-14,WH-04,2024-09-11,2024-10-21,2024-10-21,460,457.0,210220.0,0,True,22
SHP-001006,PROD-0014,SUP-14,WH-04,2024-09-23,2024-11-01,2024-11-01,80,457.0,36560.0,0,True,3
SHP-001007,PROD-0014,SUP-14,WH-04,2024-10-05,2024-11-14,2024-11-14,410,457.0,187370.0,0,True,19
SHP-001008,PROD-0014,SUP-14,WH-04,2024-10-17,2024-11-26,2024-11-26,483,457.0,220731.0,0,True,23
SHP-001009,PROD-0014,SUP-14,WH-04,2024-10-29,2024-12-10,2024-12-10,87,457.0,39759.0,0,True,4
SHP-001010,PROD-0014,SUP-14,WH-04,2024-11-10,2024-12-19,2024-12-19,389,457.0,177773.0,0,True,18
SHP-001011,PROD-0014,SUP-14,WH-04,2024-11-22,2024-12-31,2024-12-31,222,457.0,101454.0,0,True,10
SHP-001012,PROD-0014,SUP-14,WH-04,2024-12-04,2025-01-14,2025-01-14,130,457.0,59410.0,0,True,6
SHP-001013,PROD-0014,SUP-14,WH-04,2024-12-16,2025-01-25,2025-02-06,455,457.0,207935.0,12,False,21
SHP-001014,PROD-0014,SUP-14,WH-04,2024-12-28,2025-02-06,2025-02-17,382,457.0,174574.0,11,False,18
SHP-001015,PROD-0015,SUP-15,WH-05,2022-01-01,2022-01-27,2022-01-27,337,457.7,154244.9,0,True,4
SHP-001016,PROD-0015,SUP-15,WH-05,2022-01-16,2022-02-12,2022-02-12,364,457.7,166602.8,0,True,4
SHP-001017,PROD-0015,SUP-15,WH-05,2022-01-31,2022-02-07,2022-02-07,390,457.7,178503.0,0,True,4
SHP-001018,PROD-0015,SUP-15,WH-05,2022-02-15,2022-03-05,2022-03-05,243,457.7,111221.1,0,True,3
SHP-001019,PROD-0015,SUP-15,WH-05,2022-03-02,2022-03-25,2022-03-25,200,457.7,91540.0,0,True,2
SHP-001020,PROD-0015,SUP-15,WH-05,2022-03-17,2022-03-18,2022-03-18,50,457.7,22885.0,0,True,0
SHP-001021,PROD-0015,SUP-15,WH-05,2022-04-01,2022-04-15,2022-04-15,250,457.7,114425.0,0,True,3
SHP-001022,PROD-0015,SUP-15,WH-05,2022-04-16,2022-05-09,2022-05-23,340,457.7,155618.0,14,False,4
SHP-001023,PROD-0015,SUP-15,WH-05,2022-05-01,2022-05-27,2022-05-27,212,457.7,97032.4,0,True,2
SHP-001024,PROD-0015,SUP-15,WH-05,2022-05-16,2022-06-02,2022-06-02,163,457.7,74605.1,0,True,2
SHP-001025,PROD-0015,SUP-15,WH-05,2022-05-31,2022-06-12,2022-06-12,304,457.7,139140.8,0,True,3
SHP-001026,PROD-0015,SUP-15,WH-05,2022-06-15,2022-07-05,2022-07-05,89,457.7,40735.3,0,True,1
SHP-001027,PROD-0015,SUP-15,WH-05,2022-06-30,2022-07-19,2022-07-19,213,457.7,97490.1,0,True,2
SHP-001028,PROD-0015,SUP-15,WH-05,2022-07-15,2022-07-30,2022-07-30,95,457.7,43481.5,0,True,1
SHP-001029,PROD-0015,SUP-15,WH-05,2022-07-30,2022-08-08,2022-08-08,377,457.7,172552.9,0,True,4
SHP-001030,PROD-0015,SUP-15,WH-05,2022-08-14,2022-08-30,2022-08-30,278,457.7,127240.6,0,True,3
SHP-001031,PROD-0015,SUP-15,WH-05,2022-08-29,2022-09-06,2022-09-06,177,457.7,81012.9,0,True,2
SHP-001032,PROD-0015,SUP-15,WH-05,2022-09-13,2022-09-27,2022-09-27,181,457.7,82843.7,0,True,2
SHP-001033,PROD-0015,SUP-15,WH-05,2022-09-28,2022-10-17,2022-10-17,50,457.7,22885.0,0,True,0
SHP-001034,PROD-0015,SUP-15,WH-05,2022-10-13,2022-10-28,2022-10-28,425,457.7,194522.5,0,True,5
SHP-001035,PROD-0015,SUP-15,WH-05,2022-10-28,2022-11-30,2022-11-30,261,457.7,119459.7,0,True,3
SHP-001036,PROD-0015,SUP-15,WH-05,2022-11-12,2022-11-30,2022-11-30,229,457.7,104813.3,0,True,2
SHP-001037,PROD-0015,SUP-15,WH-05,2022-11-27,2022-12-23,2022-12-23,474,457.7,216949.8,0,True,5
SHP-001038,PROD-0015,SUP-15,WH-05,2022-12-12,2023-01-01,2023-01-01,345,457.7,157906.5,0,True,4
SHP-001039,PROD-0015,SUP-15,WH-05,2022-12-27,2023-01-07,2023-01-07,165,457.7,75520.5,0,True,2
SHP-001040,PROD-0015,SUP-15,WH-05,2023-01-11,2023-01-26,2023-01-26,459,457.7,210084.3,0,True,5
SHP-001041,PROD-0015,SUP-15,WH-05,2023-01-26,2023-02-13,2023-02-13,60,457.7,27462.0,0,True,0
SHP-001042,PROD-0015,SUP-15,WH-05,2023-02-10,2023-02-25,2023-02-25,103,457.7,47143.1,0,True,1
SHP-001043,PROD-0015,SUP-15,WH-05,2023-02-25,2023-03-16,2023-03-16,242,457.7,110763.4,0,True,3
SHP-001044,PROD-0015,SUP-15,WH-05,2023-03-12,2023-03-27,2023-03-27,330,457.7,151041.0,0,True,4
SHP-001045,PROD-0015,SUP-15,WH-05,2023-03-27,2023-04-16,2023-04-16,364,457.7,166602.8,0,True,4
SHP-001046,PROD-0015,SUP-15,WH-05,2023-04-11,2023-05-07,2023-05-07,270,457.7,123579.0,0,True,3
SHP-001047,PROD-0015,SUP-15,WH-05,2023-04-26,2023-05-21,2023-05-21,272,457.7,124494.4,0,True,3
SHP-001048,PROD-0015,SUP-15,WH-05,2023-05-11,2023-06-02,2023-06-02,219,457.7,100236.3,0,True,2
SHP-001049,PROD-0015,SUP-15,WH-05,2023-05-26,2023-06-16,2023-06-16,259,457.7,118544.3,0,True,3
SHP-001050,PROD-0015,SUP-15,WH-05,2023-06-10,2023-06-22,2023-06-22,423,457.7,193607.1,0,True,5
SHP-001051,PROD-0015,SUP-15,WH-05,2023-06-25,2023-07-22,2023-07-22,194,457.7,88793.8,0,True,2
SHP-001052,PROD-0015,SUP-15,WH-05,2023-07-10,2023-07-17,2023-07-17,75,457.7,34327.5,0,True,0
SHP-001053,PROD-0015,SUP-15,WH-05,2023-07-25,2023-08-11,2023-08-11,480,457.7,219696.0,0,True,6
SHP-001054,PROD-0015,SUP-15,WH-05,2023-08-09,2023-08-22,2023-08-22,234,457.7,107101.8,0,True,2
SHP-001055,PROD-0015,SUP-15,WH-05,2023-08-24,2023-09-17,2023-09-17,200,457.7,91540.0,0,True,2
SHP-001056,PROD-0015,SUP-15,WH-05,2023-09-08,2023-10-10,2023-10-10,357,457.7,163398.9,0,True,4
SHP-001057,PROD-0015,SUP-15,WH-05,2023-09-23,2023-10-10,2023-10-10,63,457.7,28835.1,0,True,0
SHP-001058,PROD-0015,SUP-15,WH-05,2023-10-08,2023-11-08,2023-11-08,199,457.7,91082.3,0,True,2
SHP-001059,PROD-0015,SUP-15,WH-05,2023-10-23,2023-11-08,2023-11-08,109,457.7,49889.3,0,True,1
SHP-001060,PROD-0015,SUP-15,WH-05,2023-11-07,2023-11-22,2023-11-22,291,457.7,133190.7,0,True,3
SHP-001061,PROD-0015,SUP-15,WH-05,2023-11-22,2023-12-07,2023-12-07,185,457.7,84674.5,0,True,2
SHP-001062,PROD-0015,SUP-15,WH-05,2023-12-07,2024-01-04,2024-01-04,248,457.7,113509.6,0,True,3
SHP-001063,PROD-0015,SUP-15,WH-05,2023-12-22,2024-01-19,2024-01-19,245,457.7,112136.5,0,True,3
SHP-001064,PROD-0015,SUP-15,WH-05,2024-01-06,2024-01-23,2024-01-23,72,457.7,32954.4,0,True,0
SHP-001065,PROD-0015,SUP-15,WH-05,2024-01-21,2024-02-14,2024-02-14,184,457.7,84216.8,0,True,2
SHP-001066,PROD-0015,SUP-15,WH-05,2024-02-05,2024-02-21,2024-02-21,338,457.7,154702.6,0,True,4
SHP-001067,PROD-0015,SUP-15,WH-05,2024-02-20,2024-03-18,2024-03-18,406,457.7,185826.2,0,True,5
SHP-001068,PROD-0015,SUP-15,WH-05,2024-03-06,2024-03-22,2024-03-22,392,457.7,179418.4,0,True,4
SHP-001069,PROD-0015,SUP-15,WH-05,2024-03-21,2024-04-16,2024-04-16,261,457.7,119459.7,0,True,3
SHP-001070,PROD-0015,SUP-15,WH-05,2024-04-05,2024-04-30,2024-04-30,333,457.7,152414.1,0,True,4
SHP-001071,PROD-0015,SUP-15,WH-05,2024-04-20,2024-05-13,2024-05-13,469,457.7,214661.3,0,True,5
SHP-001072,PROD-0015,SUP-15,WH-05,2024-05-05,2024-05-09,2024-05-09,324,457.7,148294.8,0,True,4
SHP-001073,PROD-0015,SUP-15,WH-05,2024-05-20,2024-06-14,2024-06-14,293,457.7,134106.1,0,True,3
SHP-001074,PROD-0015,SUP-15,WH-05,2024-06-04,2024-07-02,2024-07-02,293,457.7,134106.1,0,True,3
SHP-001075,PROD-0015,SUP-15,WH-05,2024-06-19,2024-07-10,2024-07-10,487,457.7,222899.9,0,True,6
SHP-001076,PROD-0015,SUP-15,WH-05,2024-07-04,2024-07-30,2024-07-30,342,457.7,156533.4,0,True,4
SHP-001077,PROD-0015,SUP-15,WH-05,2024-07-19,2024-08-07,2024-08-07,396,457.7,181249.2,0,True,4
SHP-001078,PROD-0015,SUP-15,WH-05,2024-08-03,2024-08-17,2024-08-17,437,457.7,200014.9,0,True,5
SHP-001079,PROD-0015,SUP-15,WH-05,2024-08-18,2024-09-06,2024-09-06,135,457.7,61789.5,0,True,1
SHP-001080,PROD-0015,SUP-15,WH-05,2024-09-02,2024-10-02,2024-10-02,114,457.7,52177.8,0,True,1
SHP-001081,PROD-0015,SUP-15,WH-05,2024-09-17,2024-10-09,2024-10-09,399,457.7,182622.3,0,True,4
SHP-001082,PROD-0015,SUP-15,WH-05,2024-10-02,2024-10-16,2024-10-16,471,457.7,215576.7,0,True,5
SHP-001083,PROD-0015,SUP-15,WH-05,2024-10-17,2024-11-12,2024-11-12,354,457.7,162025.8,0,True,4
SHP-001084,PROD-0015,SUP-15,WH-05,2024-11-01,2024-11-26,2024-11-26,422,457.7,193149.4,0,True,5
SHP-001085,PROD-0015,SUP-15,WH-05,2024-11-16,2024-12-15,2024-12-15,248,457.7,113509.6,0,True,3
SHP-001086,PROD-0015,SUP-15,WH-05,2024-12-01,2024-12-13,2024-12-13,216,457.7,98863.2,0,True,2
SHP-001087,PROD-0015,SUP-15,WH-05,2024-12-16,2024-12-31,2024-12-31,284,457.7,129986.8,0,True,3
SHP-001088,PROD-0016,SUP-16,WH-01,2022-01-01,2022-02-16,2022-02-16,350,271.79,95126.5,0,True,24
SHP-001089,PROD-0016,SUP-16,WH-01,2022-01-11,2022-02-13,2022-02-13,107,271.79,29081.53,0,True,7
SHP-001090,PROD-0016,SUP-16,WH-01,2022-01-21,2022-02-03,2022-02-03,340,271.79,92408.6,0,True,23
SHP-001091,PROD-0016,SUP-16,WH-01,2022-01-31,2022-02-22,2022-02-22,101,271.79,27450.79,0,True,7
SHP-001092,PROD-0016,SUP-16,WH-01,2022-02-10,2022-03-23,2022-03-23,101,271.79,27450.79,0,True,7
SHP-001093,PROD-0016,SUP-16,WH-01,2022-02-20,2022-03-23,2022-03-23,324,271.79,88059.96,0,True,22
SHP-001094,PROD-0016,SUP-16,WH-01,2022-03-02,2022-03-31,2022-04-06,185,271.79,50281.15,6,False,12
SHP-001095,PROD-0016,SUP-16,WH-01,2022-03-12,2022-04-29,2022-04-29,342,271.79,92952.18,0,True,23
SHP-001096,PROD-0016,SUP-16,WH-01,2022-03-22,2022-04-27,2022-04-27,138,271.79,37507.02,0,True,9
SHP-001097,PROD-0016,SUP-16,WH-01,2022-04-01,2022-05-14,2022-05-14,366,271.79,99475.14,0,True,25
SHP-001098,PROD-0016,SUP-16,WH-01,2022-04-11,2022-05-17,2022-05-17,255,271.79,69306.45,0,True,17
SHP-001099,PROD-0016,SUP-16,WH-01,2022-04-21,2022-05-22,2022-05-22,500,271.79,135895.0,0,True,34
SHP-001100,PROD-0016,SUP-16,WH-01,2022-05-01,2022-05-22,2022-05-22,75,271.79,20384.25,0,True,5
SHP-001101,PROD-0016,SUP-16,WH-01,2022-05-11,2022-06-11,2022-06-11,187,271.79,50824.73,0,True,12
SHP-001102,PROD-0016,SUP-16,WH-01,2022-05-21,2022-06-22,2022-06-22,468,271.79,127197.72,0,True,32
SHP-001103,PROD-0016,SUP-16,WH-01,2022-05-31,2022-06-25,2022-06-25,193,271.79,52455.47,0,True,13
SHP-001104,PROD-0016,SUP-16,WH-01,2022-06-10,2022-07-20,2022-07-20,406,271.79,110346.74,0,True,28
SHP-001105,PROD-0016,SUP-16,WH-01,2022-06-20,2022-07-18,2022-07-18,494,271.79,134264.26,0,True,34
SHP-001106,PROD-0016,SUP-16,WH-01,2022-06-30,2022-08-04,2022-08-04,430,271.79,116869.7,0,True,29
SHP-001107,PROD-0016,SUP-16,WH-01,2022-07-10,2022-08-09,2022-08-09,214,271.79,58163.06,0,True,14
SHP-001108,PROD-0016,SUP-16,WH-01,2022-07-20,2022-08-16,2022-08-16,359,271.79,97572.61,0,True,24
SHP-001109,PROD-0016,SUP-16,WH-01,2022-07-30,2022-08-22,2022-08-22,276,271.79,75014.04,0,True,19
SHP-001110,PROD-0016,SUP-16,WH-01,2022-08-09,2022-09-08,2022-09-12,258,271.79,70121.82,4,False,17
SHP-001111,PROD-0016,SUP-16,WH-01,2022-08-19,2022-09-21,2022-09-21,314,271.79,85342.06,0,True,21
SHP-001112,PROD-0016,SUP-16,WH-01,2022-08-29,2022-10-03,2022-10-03,78,271.79,21199.62,0,True,5
SHP-001113,PROD-0016,SUP-16,WH-01,2022-09-08,2022-10-09,2022-10-09,83,271.79,22558.57,0,True,5
SHP-001114,PROD-0016,SUP-16,WH-01,2022-09-18,2022-10-23,2022-10-23,256,271.79,69578.24,0,True,17
SHP-001115,PROD-0016,SUP-16,WH-01,2022-09-28,2022-11-03,2022-11-03,318,271.79,86429.22,0,True,22
SHP-001116,PROD-0016,SUP-16,WH-01,2022-10-08,2022-11-18,2022-11-18,148,271.79,40224.92,0,True,10
SHP-001117,PROD-0016,SUP-16,WH-01,2022-10-18,2022-12-01,2022-12-01,79,271.79,21471.41,0,True,5
SHP-001118,PROD-0016,SUP-16,WH-01,2022-10-28,2022-12-10,2022-12-10,75,271.79,20384.25,0,True,5
SHP-001119,PROD-0016,SUP-16,WH-01,2022-11-07,2022-12-04,2022-12-04,190,271.79,51640.1,0,True,13
SHP-001120,PROD-0016,SUP-16,WH-01,2022-11-17,2022-12-22,2022-12-22,308,271.79,83711.32,0,True,21
SHP-001121,PROD-0016,SUP-16,WH-01,2022-11-27,2023-01-13,2023-01-13,113,271.79,30712.27,0,True,7
SHP-001122,PROD-0016,SUP-16,WH-01,2022-12-07,2023-01-07,2023-01-07,240,271.79,65229.6,0,True,16
SHP-001123,PROD-0016,SUP-16,WH-01,2022-12-17,2023-01-31,2023-01-31,140,271.79,38050.6,0,True,9
SHP-001124,PROD-0016,SUP-16,WH-01,2022-12-27,2023-02-02,2023-02-02,332,271.79,90234.28,0,True,23
SHP-001125,PROD-0016,SUP-16,WH-01,2023-01-06,2023-01-29,2023-01-29,478,271.79,129915.62,0,True,33
SHP-001126,PROD-0016,SUP-16,WH-01,2023-01-16,2023-03-07,2023-03-07,402,271.79,109259.58,0,True,27
SHP-001127,PROD-0016,SUP-16,WH-01,2023-01-26,2023-03-08,2023-03-08,247,271.79,67132.13,0,True,17
SHP-001128,PROD-0016,SUP-16,WH-01,2023-02-05,2023-03-15,2023-03-15,342,271.79,92952.18,0,True,23
SHP-001129,PROD-0016,SUP-16,WH-01,2023-02-15,2023-03-25,2023-04-07,488,271.79,132633.52,13,False,33
SHP-001130,PROD-0016,SUP-16,WH-01,2023-02-25,2023-04-03,2023-04-03,396,271.79,107628.84,0,True,27
SHP-001131,PROD-0016,SUP-16,WH-01,2023-03-07,2023-04-06,2023-04-06,259,271.79,70393.61,0,True,18
SHP-001132,PROD-0016,SUP-16,WH-01,2023-03-17,2023-04-26,2023-04-26,449,271.79,122033.71,0,True,31
SHP-001133,PROD-0016,SUP-16,WH-01,2023-03-27,2023-04-28,2023-04-28,292,271.79,79362.68,0,True,20
SHP-001134,PROD-0016,SUP-16,WH-01,2023-04-06,2023-05-02,2023-05-02,357,271.79,97029.03,0,True,24
SHP-001135,PROD-0016,SUP-16,WH-01,2023-04-16,2023-05-14,2023-05-14,179,271.79,48650.41,0,True,12
SHP-001136,PROD-0016,SUP-16,WH-01,2023-04-26,2023-05-17,2023-05-17,206,271.79,55988.74,0,True,14
SHP-001137,PROD-0016,SUP-16,WH-01,2023-05-06,2023-06-08,2023-06-20,379,271.79,103008.41,12,False,26
SHP-001138,PROD-0016,SUP-16,WH-01,2023-05-16,2023-06-11,2023-06-11,242,271.79,65773.18,0,True,16
SHP-001139,PROD-0016,SUP-16,WH-01,2023-05-26,2023-06-25,2023-06-25,179,271.79,48650.41,0,True,12
SHP-001140,PROD-0016,SUP-16,WH-01,2023-06-05,2023-06-28,2023-06-28,396,271.79,107628.84,0,True,27
SHP-001141,PROD-0016,SUP-16,WH-01,2023-06-15,2023-07-07,2023-07-07,253,271.79,68762.87,0,True,17
SHP-001142,PROD-0016,SUP-16,WH-01,2023-06-25,2023-08-14,2023-08-14,311,271.79,84526.69,0,True,21
SHP-001143,PROD-0016,SUP-16,WH-01,2023-07-05,2023-08-09,2023-08-20,479,271.79,130187.41,11,False,33
SHP-001144,PROD-0016,SUP-16,WH-01,2023-07-15,2023-08-16,2023-08-16,354,271.79,96213.66,0,True,24
SHP-001145,PROD-0016,SUP-16,WH-01,2023-07-25,2023-08-23,2023-08-23,400,271.79,108716.0,0,True,27
SHP-001146,PROD-0016,SUP-16,WH-01,2023-08-04,2023-09-10,2023-09-10,222,271.79,60337.38,0,True,15
SHP-001147,PROD-0016,SUP-16,WH-01,2023-08-14,2023-09-18,2023-09-18,491,271.79,133448.89,0,True,34
SHP-001148,PROD-0016,SUP-16,WH-01,2023-08-24,2023-09-25,2023-09-25,414,271.79,112521.06,0,True,28
SHP-001149,PROD-0016,SUP-16,WH-01,2023-09-03,2023-10-11,2023-10-11,126,271.79,34245.54,0,True,8
SHP-001150,PROD-0016,SUP-16,WH-01,2023-09-13,2023-10-22,2023-10-22,79,271.79,21471.41,0,True,5
SHP-001151,PROD-0016,SUP-16,WH-01,2023-09-23,2023-10-10,2023-10-10,464,271.79,126110.56,0,True,32
SHP-001152,PROD-0016,SUP-16,WH-01,2023-10-03,2023-11-07,2023-11-07,213,271.79,57891.27,0,True,14
SHP-001153,PROD-0016,SUP-16,WH-01,2023-10-13,2023-11-20,2023-11-20,63,271.79,17122.77,0,True,4
SHP-001154,PROD-0016,SUP-16,WH-01,2023-10-23,2023-11-25,2023-11-25,201,271.79,54629.79,0,True,13
SHP-001155,PROD-0016,SUP-16,WH-01,2023-11-02,2023-11-25,2023-11-30,257,271.79,69850.03,5,False,17
SHP-001156,PROD-0016,SUP-16,WH-01,2023-11-12,2023-12-14,2023-12-14,348,271.79,94582.92,0,True,24
SHP-001157,PROD-0016,SUP-16,WH-01,2023-11-22,2023-12-26,2024-01-07,467,271.79,126925.93,12,False,32
SHP-001158,PROD-0016,SUP-16,WH-01,2023-12-02,2024-01-07,2024-01-07,415,271.79,112792.85,0,True,28
SHP-001159,PROD-0016,SUP-16,WH-01,2023-12-12,2024-01-23,2024-01-23,376,271.79,102193.04,0,True,26
SHP-001160,PROD-0016,SUP-16,WH-01,2023-12-22,2024-02-02,2024-02-02,393,271.79,106813.47,0,True,27
SHP-001161,PROD-0016,SUP-16,WH-01,2024-01-01,2024-02-03,2024-02-03,482,271.79,131002.78,0,True,33
SHP-001162,PROD-0016,SUP-16,WH-01,2024-01-11,2024-02-17,2024-02-17,498,271.79,135351.42,0,True,34
SHP-001163,PROD-0016,SUP-16,WH-01,2024-01-21,2024-02-24,2024-02-24,99,271.79,26907.21,0,True,6
SHP-001164,PROD-0016,SUP-16,WH-01,2024-01-31,2024-03-13,2024-03-13,182,271.79,49465.78,0,True,12
SHP-001165,PROD-0016,SUP-16,WH-01,2024-02-10,2024-03-22,2024-03-22,440,271.79,119587.6,0,True,30
SHP-001166,PROD-0016,SUP-16,WH-01,2024-02-20,2024-03-31,2024-04-03,221,271.79,60065.59,3,False,15
SHP-001167,PROD-0016,SUP-16,WH-01,2024-03-01,2024-04-03,2024-04-03,231,271.79,62783.49,0,True,16
SHP-001168,PROD-0016,SUP-16,WH-01,2024-03-11,2024-04-24,2024-04-24,207,271.79,56260.53,0,True,14
SHP-001169,PROD-0016,SUP-16,WH-01,2024-03-21,2024-04-29,2024-04-29,219,271.79,59522.01,0,True,15
SHP-001170,PROD-0016,SUP-16,WH-01,2024-03-31,2024-05-01,2024-05-01,200,271.79,54358.0,0,True,13
SHP-001171,PROD-0016,SUP-16,WH-01,2024-04-10,2024-05-15,2024-05-15,290,271.79,78819.1,0,True,20
SHP-001172,PROD-0016,SUP-16,WH-01,2024-04-20,2024-05-19,2024-05-20,348,271.79,94582.92,1,False,24
SHP-001173,PROD-0016,SUP-16,WH-01,2024-04-30,2024-06-07,2024-06-17,86,271.79,23373.94,10,False,5
SHP-001174,PROD-0016,SUP-16,WH-01,2024-05-10,2024-06-16,2024-06-24,306,271.79,83167.74,8,False,21
SHP-001175,PROD-0016,SUP-16,WH-01,2024-05-20,2024-06-23,2024-06-25,245,271.79,66588.55,2,False,17
SHP-001176,PROD-0016,SUP-16,WH-01,2024-05-30,2024-06-25,2024-06-25,77,271.79,20927.83,0,True,5
SHP-001177,PROD-0016,SUP-16,WH-01,2024-06-09,2024-07-18,2024-07-18,120,271.79,32614.8,0,True,8
SHP-001178,PROD-0016,SUP-16,WH-01,2024-06-19,2024-07-26,2024-07-26,341,271.79,92680.39,0,True,23
SHP-001179,PROD-0016,SUP-16,WH-01,2024-06-29,2024-07-23,2024-07-23,491,271.79,133448.89,0,True,34
SHP-001180,PROD-0016,SUP-16,WH-01,2024-07-09,2024-08-18,2024-08-18,91,271.79,24732.89,0,True,6
SHP-001181,PROD-0016,SUP-16,WH-01,2024-07-19,2024-08-20,2024-08-20,140,271.79,38050.6,0,True,9
SHP-001182,PROD-0016,SUP-16,WH-01,2024-07-29,2024-08-24,2024-08-24,52,271.79,14133.08,0,True,3
SHP-001183,PROD-0016,SUP-16,WH-01,2024-08-08,2024-09-16,2024-09-16,439,271.79,119315.81,0,True,30
SHP-001184,PROD-0016,SUP-16,WH-01,2024-08-18,2024-09-15,2024-09-15,441,271.79,119859.39,0,True,30
SHP-001185,PROD-0016,SUP-16,WH-01,2024-08-28,2024-09-19,2024-09-19,440,271.79,119587.6,0,True,30
SHP-001186,PROD-0016,SUP-16,WH-01,2024-09-07,2024-10-13,2024-10-13,364,271.79,98931.56,0,True,25
SHP-001187,PROD-0016,SUP-16,WH-01,2024-09-17,2024-10-15,2024-10-15,256,271.79,69578.24,0,True,17
SHP-001188,PROD-0016,SUP-16,WH-01,2024-09-27,2024-11-02,2024-11-09,246,271.79,66860.34,7,False,17
SHP-001189,PROD-0016,SUP-16,WH-01,2024-10-07,2024-11-22,2024-11-22,152,271.79,41312.08,0,True,10
SHP-001190,PROD-0016,SUP-16,WH-01,2024-10-17,2024-11-30,2024-11-30,57,271.79,15492.03,0,True,3
SHP-001191,PROD-0016,SUP-16,WH-01,2024-10-27,2024-11-28,2024-11-28,321,271.79,87244.59,0,True,22
SHP-001192,PROD-0016,SUP-16,WH-01,2024-11-06,2024-12-10,2024-12-10,52,271.79,14133.08,0,True,3
SHP-001193,PROD-0016,SUP-16,WH-01,2024-11-16,2024-12-05,2024-12-05,165,271.79,44845.35,0,True,11
SHP-001194,PROD-0016,SUP-16,WH-01,2024-11-26,2024-12-23,2025-01-04,209,271.79,56804.11,12,False,14
SHP-001195,PROD-0016,SUP-16,WH-01,2024-12-06,2025-01-18,2025-01-18,307,271.79,83439.53,0,True,21
SHP-001196,PROD-0016,SUP-16,WH-01,2024-12-16,2025-01-28,2025-01-28,83,271.79,22558.57,0,True,5
SHP-001197,PROD-0016,SUP-16,WH-01,2024-12-26,2025-02-14,2025-02-14,198,271.79,53814.42,0,True,13
SHP-001198,PROD-0017,SUP-17,WH-02,2022-01-01,2022-01-20,2022-01-20,318,113.56,36112.08,0,True,11
SHP-001199,PROD-0017,SUP-17,WH-02,2022-01-18,2022-02-09,2022-02-09,401,113.56,45537.56,0,True,14
SHP-001200,PROD-0017,SUP-17,WH-02,2022-02-04,2022-02-22,2022-02-22,300,113.56,34068.0,0,True,10
SHP-001201,PROD-0017,SUP-17,WH-02,2022-02-21,2022-03-16,2022-03-16,134,113.56,15217.04,0,True,4
SHP-001202,PROD-0017,SUP-17,WH-02,2022-03-10,2022-04-06,2022-04-06,166,113.56,18850.96,0,True,5
SHP-001203,PROD-0017,SUP-17,WH-02,2022-03-27,2022-04-21,2022-04-21,117,113.56,13286.52,0,True,4
SHP-001204,PROD-0017,SUP-17,WH-02,2022-04-13,2022-05-03,2022-05-03,351,113.56,39859.56,0,True,12
SHP-001205,PROD-0017,SUP-17,WH-02,2022-04-30,2022-05-22,2022-05-22,237,113.56,26913.72,0,True,8
SHP-001206,PROD-0017,SUP-17,WH-02,2022-05-17,2022-06-03,2022-06-03,69,113.56,7835.64,0,True,2
SHP-001207,PROD-0017,SUP-17,WH-02,2022-06-03,2022-06-22,2022-06-22,180,113.56,20440.8,0,True,6
SHP-001208,PROD-0017,SUP-17,WH-02,2022-06-20,2022-07-14,2022-07-14,74,113.56,8403.44,0,True,2
SHP-001209,PROD-0017,SUP-17,WH-02,2022-07-07,2022-08-04,2022-08-14,388,113.56,44061.28,10,False,13
SHP-001210,PROD-0017,SUP-17,WH-02,2022-07-24,2022-08-16,2022-08-16,60,113.56,6813.6,0,True,2
SHP-001211,PROD-0017,SUP-17,WH-02,2022-08-10,2022-09-09,2022-09-09,263,113.56,29866.28,0,True,9
SHP-001212,PROD-0017,SUP-17,WH-02,2022-08-27,2022-09-24,2022-09-24,330,113.56,37474.8,0,True,11
SHP-001213,PROD-0017,SUP-17,WH-02,2022-09-13,2022-10-09,2022-10-09,128,113.56,14535.68,0,True,4
SHP-001214,PROD-0017,SUP-17,WH-02,2022-09-30,2022-10-23,2022-10-23,372,113.56,42244.32,0,True,13
SHP-001215,PROD-0017,SUP-17,WH-02,2022-10-17,2022-11-08,2022-11-08,388,113.56,44061.28,0,True,13
SHP-001216,PROD-0017,SUP-17,WH-02,2022-11-03,2022-11-21,2022-11-21,188,113.56,21349.28,0,True,6
SHP-001217,PROD-0017,SUP-17,WH-02,2022-11-20,2022-12-11,2022-12-11,120,113.56,13627.2,0,True,4
SHP-001218,PROD-0017,SUP-17,WH-02,2022-12-07,2022-12-22,2022-12-22,103,113.56,11696.68,0,True,3
SHP-001219,PROD-0017,SUP-17,WH-02,2022-12-24,2023-01-12,2023-01-12,110,113.56,12491.6,0,True,3
SHP-001220,PROD-0017,SUP-17,WH-02,2023-01-10,2023-02-03,2023-02-03,104,113.56,11810.24,0,True,3
SHP-001221,PROD-0017,SUP-17,WH-02,2023-01-27,2023-02-19,2023-02-19,152,113.56,17261.12,0,True,5
SHP-001222,PROD-0017,SUP-17,WH-02,2023-02-13,2023-03-14,2023-03-14,317,113.56,35998.52,0,True,11
SHP-001223,PROD-0017,SUP-17,WH-02,2023-03-02,2023-03-19,2023-03-19,259,113.56,29412.04,0,True,9
SHP-001224,PROD-0017,SUP-17,WH-02,2023-03-19,2023-04-18,2023-04-18,330,113.56,37474.8,0,True,11
SHP-001225,PROD-0017,SUP-17,WH-02,2023-04-05,2023-04-29,2023-04-29,402,113.56,45651.12,0,True,14
SHP-001226,PROD-0017,SUP-17,WH-02,2023-04-22,2023-05-17,2023-05-17,51,113.56,5791.56,0,True,1
SHP-001227,PROD-0017,SUP-17,WH-02,2023-05-09,2023-06-07,2023-06-07,106,113.56,12037.36,0,True,3
SHP-001228,PROD-0017,SUP-17,WH-02,2023-05-26,2023-06-20,2023-06-20,302,113.56,34295.12,0,True,10
SHP-001229,PROD-0017,SUP-17,WH-02,2023-06-12,2023-06-23,2023-06-26,449,113.56,50988.44,3,False,15
SHP-001230,PROD-0017,SUP-17,WH-02,2023-06-29,2023-07-30,2023-07-30,420,113.56,47695.2,0,True,14
SHP-001231,PROD-0017,SUP-17,WH-02,2023-07-16,2023-08-06,2023-08-06,379,113.56,43039.24,0,True,13
SHP-001232,PROD-0017,SUP-17,WH-02,2023-08-02,2023-08-22,2023-08-22,201,113.56,22825.56,0,True,7
SHP-001233,PROD-0017,SUP-17,WH-02,2023-08-19,2023-09-14,2023-09-14,101,113.56,11469.56,0,True,3
SHP-001234,PROD-0017,SUP-17,WH-02,2023-09-05,2023-09-24,2023-09-24,70,113.56,7949.2,0,True,2
SHP-001235,PROD-0017,SUP-17,WH-02,2023-09-22,2023-10-16,2023-10-16,460,113.56,52237.6,0,True,16
SHP-001236,PROD-0017,SUP-17,WH-02,2023-10-09,2023-10-23,2023-10-23,428,113.56,48603.68,0,True,14
SHP-001237,PROD-0017,SUP-17,WH-02,2023-10-26,2023-11-17,2023-11-17,438,113.56,49739.28,0,True,15
SHP-001238,PROD-0017,SUP-17,WH-02,2023-11-12,2023-12-06,2023-12-06,120,113.56,13627.2,0,True,4
SHP-001239,PROD-0017,SUP-17,WH-02,2023-11-29,2023-12-18,2023-12-18,218,113.56,24756.08,0,True,7
SHP-001240,PROD-0017,SUP-17,WH-02,2023-12-16,2024-01-04,2024-01-04,368,113.56,41790.08,0,True,12
SHP-001241,PROD-0017,SUP-17,WH-02,2024-01-02,2024-01-28,2024-01-28,97,113.56,11015.32,0,True,3
SHP-001242,PROD-0017,SUP-17,WH-02,2024-01-19,2024-02-10,2024-02-10,143,113.56,16239.08,0,True,5
SHP-001243,PROD-0017,SUP-17,WH-02,2024-02-05,2024-02-25,2024-02-25,283,113.56,32137.48,0,True,9
SHP-001244,PROD-0017,SUP-17,WH-02,2024-02-22,2024-03-18,2024-03-18,403,113.56,45764.68,0,True,14
SHP-001245,PROD-0017,SUP-17,WH-02,2024-03-10,2024-03-29,2024-03-29,265,113.56,30093.4,0,True,9
SHP-001246,PROD-0017,SUP-17,WH-02,2024-03-27,2024-04-11,2024-04-11,135,113.56,15330.6,0,True,4
SHP-001247,PROD-0017,SUP-17,WH-02,2024-04-13,2024-04-29,2024-04-29,421,113.56,47808.76,0,True,14
SHP-001248,PROD-0017,SUP-17,WH-02,2024-04-30,2024-05-22,2024-05-23,482,113.56,54735.92,1,False,16
SHP-001249,PROD-0017,SUP-17,WH-02,2024-05-17,2024-06-07,2024-06-07,352,113.56,39973.12,0,True,12
SHP-001250,PROD-0017,SUP-17,WH-02,2024-06-03,2024-06-24,2024-06-24,397,113.56,45083.32,0,True,13
SHP-001251,PROD-0017,SUP-17,WH-02,2024-06-20,2024-07-14,2024-07-14,244,113.56,27708.64,0,True,8
SHP-001252,PROD-0017,SUP-17,WH-02,2024-07-07,2024-07-21,2024-07-21,64,113.56,7267.84,0,True,2
SHP-001253,PROD-0017,SUP-17,WH-02,2024-07-24,2024-08-18,2024-08-18,479,113.56,54395.24,0,True,16
SHP-001254,PROD-0017,SUP-17,WH-02,2024-08-10,2024-08-30,2024-09-11,116,113.56,13172.96,12,False,4
SHP-001255,PROD-0017,SUP-17,WH-02,2024-08-27,2024-09-19,2024-09-19,107,113.56,12150.92,0,True,3
SHP-001256,PROD-0017,SUP-17,WH-02,2024-09-13,2024-10-08,2024-10-08,82,113.56,9311.92,0,True,2
SHP-001257,PROD-0017,SUP-17,WH-02,2024-09-30,2024-10-28,2024-10-28,56,113.56,6359.36,0,True,1
SHP-001258,PROD-0017,SUP-17,WH-02,2024-10-17,2024-11-05,2024-11-05,318,113.56,36112.08,0,True,11
SHP-001259,PROD-0017,SUP-17,WH-02,2024-11-03,2024-11-29,2024-11-29,420,113.56,47695.2,0,True,14
SHP-001260,PROD-0017,SUP-17,WH-02,2024-11-20,2024-12-15,2024-12-15,392,113.56,44515.52,0,True,13
SHP-001261,PROD-0017,SUP-17,WH-02,2024-12-07,2024-12-29,2024-12-29,317,113.56,35998.52,0,True,11
SHP-001262,PROD-0017,SUP-17,WH-02,2024-12-24,2025-01-18,2025-01-18,98,113.56,11128.88,0,True,3
SHP-001263,PROD-0018,SUP-18,WH-03,2022-01-01,2022-02-08,2022-02-08,296,59.28,17546.88,0,True,14
SHP-001264,PROD-0018,SUP-18,WH-03,2022-01-17,2022-02-21,2022-02-21,378,59.28,22407.84,0,True,18
SHP-001265,PROD-0018,SUP-18,WH-03,2022-02-02,2022-03-22,2022-03-22,473,59.28,28039.44,0,True,23
SHP-001266,PROD-0018,SUP-18,WH-03,2022-02-18,2022-03-30,2022-03-30,363,59.28,21518.64,0,True,18
SHP-001267,PROD-0018,SUP-18,WH-03,2022-03-06,2022-04-27,2022-04-27,130,59.28,7706.4,0,True,6
SHP-001268,PROD-0018,SUP-18,WH-03,2022-03-22,2022-05-12,2022-05-12,486,59.28,28810.08,0,True,24
SHP-001269,PROD-0018,SUP-18,WH-03,2022-04-07,2022-05-11,2022-05-11,88,59.28,5216.64,0,True,4
SHP-001270,PROD-0018,SUP-18,WH-03,2022-04-23,2022-06-13,2022-06-13,173,59.28,10255.44,0,True,8
SHP-001271,PROD-0018,SUP-18,WH-03,2022-05-09,2022-06-19,2022-06-25,75,59.28,4446.0,6,False,3
SHP-001272,PROD-0018,SUP-18,WH-03,2022-05-25,2022-07-08,2022-07-08,379,59.28,22467.12,0,True,18
SHP-001273,PROD-0018,SUP-18,WH-03,2022-06-10,2022-07-24,2022-07-24,170,59.28,10077.6,0,True,8
SHP-001274,PROD-0018,SUP-18,WH-03,2022-06-26,2022-08-01,2022-08-01,460,59.28,27268.8,0,True,22
SHP-001275,PROD-0018,SUP-18,WH-03,2022-07-12,2022-08-20,2022-08-20,488,59.28,28928.64,0,True,24
SHP-001276,PROD-0018,SUP-18,WH-03,2022-07-28,2022-09-15,2022-09-15,110,59.28,6520.8,0,True,5
SHP-001277,PROD-0018,SUP-18,WH-03,2022-08-13,2022-09-25,2022-09-25,59,59.28,3497.52,0,True,2
SHP-001278,PROD-0018,SUP-18,WH-03,2022-08-29,2022-10-02,2022-10-02,68,59.28,4031.04,0,True,3
SHP-001279,PROD-0018,SUP-18,WH-03,2022-09-14,2022-10-31,2022-10-31,472,59.28,27980.16,0,True,23
SHP-001280,PROD-0018,SUP-18,WH-03,2022-09-30,2022-11-03,2022-11-03,366,59.28,21696.48,0,True,18
SHP-001281,PROD-0018,SUP-18,WH-03,2022-10-16,2022-12-02,2022-12-02,310,59.28,18376.8,0,True,15
SHP-001282,PROD-0018,SUP-18,WH-03,2022-11-01,2022-12-22,2022-12-22,393,59.28,23297.04,0,True,19
SHP-001283,PROD-0018,SUP-18,WH-03,2022-11-17,2022-12-22,2022-12-30,236,59.28,13990.08,8,False,11
SHP-001284,PROD-0018,SUP-18,WH-03,2022-12-03,2023-01-20,2023-01-20,164,59.28,9721.92,0,True,8
SHP-001285,PROD-0018,SUP-18,WH-03,2022-12-19,2023-02-04,2023-02-04,336,59.28,19918.08,0,True,16
SHP-001286,PROD-0018,SUP-18,WH-03,2023-01-04,2023-02-25,2023-02-25,292,59.28,17309.76,0,True,14
SHP-001287,PROD-0018,SUP-18,WH-03,2023-01-20,2023-02-23,2023-02-23,416,59.28,24660.48,0,True,20
SHP-001288,PROD-0018,SUP-18,WH-03,2023-02-05,2023-03-11,2023-03-11,438,59.28,25964.64,0,True,21
SHP-001289,PROD-0018,SUP-18,WH-03,2023-02-21,2023-03-31,2023-03-31,224,59.28,13278.72,0,True,11
SHP-001290,PROD-0018,SUP-18,WH-03,2023-03-09,2023-04-13,2023-04-13,459,59.28,27209.52,0,True,22
SHP-001291,PROD-0018,SUP-18,WH-03,2023-03-25,2023-05-22,2023-05-22,241,59.28,14286.48,0,True,11
SHP-001292,PROD-0018,SUP-18,WH-03,2023-04-10,2023-05-22,2023-05-22,134,59.28,7943.52,0,True,6
SHP-001293,PROD-0018,SUP-18,WH-03,2023-04-26,2023-06-07,2023-06-07,417,59.28,24719.76,0,True,20
SHP-001294,PROD-0018,SUP-18,WH-03,2023-05-12,2023-07-02,2023-07-02,104,59.28,6165.12,0,True,5
SHP-001295,PROD-0018,SUP-18,WH-03,2023-05-28,2023-07-05,2023-07-05,146,59.28,8654.88,0,True,7
SHP-001296,PROD-0018,SUP-18,WH-03,2023-06-13,2023-07-27,2023-07-29,251,59.28,14879.28,2,False,12
SHP-001297,PROD-0018,SUP-18,WH-03,2023-06-29,2023-07-31,2023-07-31,450,59.28,26676.0,0,True,22
SHP-001298,PROD-0018,SUP-18,WH-03,2023-07-15,2023-08-24,2023-08-24,105,59.28,6224.4,0,True,5
SHP-001299,PROD-0018,SUP-18,WH-03,2023-07-31,2023-09-21,2023-09-21,374,59.28,22170.72,0,True,18
SHP-001300,PROD-0018,SUP-18,WH-03,2023-08-16,2023-10-04,2023-10-04,113,59.28,6698.64,0,True,5
SHP-001301,PROD-0018,SUP-18,WH-03,2023-09-01,2023-10-15,2023-10-15,284,59.28,16835.52,0,True,14
SHP-001302,PROD-0018,SUP-18,WH-03,2023-09-17,2023-10-28,2023-10-28,308,59.28,18258.24,0,True,15
SHP-001303,PROD-0018,SUP-18,WH-03,2023-10-03,2023-11-14,2023-11-17,52,59.28,3082.56,3,False,2
SHP-001304,PROD-0018,SUP-18,WH-03,2023-10-19,2023-12-02,2023-12-02,333,59.28,19740.24,0,True,16
SHP-001305,PROD-0018,SUP-18,WH-03,2023-11-04,2023-12-04,2023-12-04,297,59.28,17606.16,0,True,14
SHP-001306,PROD-0018,SUP-18,WH-03,2023-11-20,2024-01-11,2024-01-11,140,59.28,8299.2,0,True,6
SHP-001307,PROD-0018,SUP-18,WH-03,2023-12-06,2024-01-07,2024-01-07,424,59.28,25134.72,0,True,21
SHP-001308,PROD-0018,SUP-18,WH-03,2023-12-22,2024-01-25,2024-01-25,248,59.28,14701.44,0,True,12
SHP-001309,PROD-0018,SUP-18,WH-03,2024-01-07,2024-02-05,2024-02-05,214,59.28,12685.92,0,True,10
SHP-001310,PROD-0018,SUP-18,WH-03,2024-01-23,2024-03-09,2024-03-09,264,59.28,15649.92,0,True,13
SHP-001311,PROD-0018,SUP-18,WH-03,2024-02-08,2024-04-01,2024-04-11,440,59.28,26083.2,10,False,21
SHP-001312,PROD-0018,SUP-18,WH-03,2024-02-24,2024-03-29,2024-03-29,225,59.28,13338.0,0,True,11
SHP-001313,PROD-0018,SUP-18,WH-03,2024-03-11,2024-04-18,2024-04-18,118,59.28,6995.04,0,True,5
SHP-001314,PROD-0018,SUP-18,WH-03,2024-03-27,2024-05-04,2024-05-04,408,59.28,24186.24,0,True,20
SHP-001315,PROD-0018,SUP-18,WH-03,2024-04-12,2024-05-19,2024-05-19,481,59.28,28513.68,0,True,23
SHP-001316,PROD-0018,SUP-18,WH-03,2024-04-28,2024-06-08,2024-06-08,210,59.28,12448.8,0,True,10
SHP-001317,PROD-0018,SUP-18,WH-03,2024-05-14,2024-06-23,2024-06-23,333,59.28,19740.24,0,True,16
SHP-001318,PROD-0018,SUP-18,WH-03,2024-05-30,2024-07-16,2024-07-16,157,59.28,9306.96,0,True,7
SHP-001319,PROD-0018,SUP-18,WH-03,2024-06-15,2024-07-26,2024-07-26,401,59.28,23771.28,0,True,19
SHP-001320,PROD-0018,SUP-18,WH-03,2024-07-01,2024-08-03,2024-08-09,117,59.28,6935.76,6,False,5
SHP-001321,PROD-0018,SUP-18,WH-03,2024-07-17,2024-09-04,2024-09-04,141,59.28,8358.48,0,True,7
SHP-001322,PROD-0018,SUP-18,WH-03,2024-08-02,2024-09-21,2024-09-21,376,59.28,22289.28,0,True,18
SHP-001323,PROD-0018,SUP-18,WH-03,2024-08-18,2024-09-25,2024-09-25,439,59.28,26023.92,0,True,21
SHP-001324,PROD-0018,SUP-18,WH-03,2024-09-03,2024-10-20,2024-10-20,348,59.28,20629.44,0,True,17
SHP-001325,PROD-0018,SUP-18,WH-03,2024-09-19,2024-11-07,2024-11-17,413,59.28,24482.64,10,False,20
SHP-001326,PROD-0018,SUP-18,WH-03,2024-10-05,2024-11-15,2024-11-15,480,59.28,28454.4,0,True,23
SHP-001327,PROD-0018,SUP-18,WH-03,2024-10-21,2024-11-29,2024-11-29,483,59.28,28632.24,0,True,24
SHP-001328,PROD-0018,SUP-18,WH-03,2024-11-06,2024-12-27,2024-12-27,317,59.28,18791.76,0,True,15
SHP-001329,PROD-0018,SUP-18,WH-03,2024-11-22,2025-01-02,2025-01-02,124,59.28,7350.72,0,True,6
SHP-001330,PROD-0018,SUP-18,WH-03,2024-12-08,2025-01-26,2025-01-26,152,59.28,9010.56,0,True,7
SHP-001331,PROD-0018,SUP-18,WH-03,2024-12-24,2025-02-18,2025-02-18,132,59.28,7824.96,0,True,6
SHP-001332,PROD-0019,SUP-19,WH-04,2022-01-01,2022-02-09,2022-02-09,479,299.96,143680.84,0,True,33
SHP-001333,PROD-0019,SUP-19,WH-04,2022-01-15,2022-02-03,2022-02-03,201,299.96,60291.96,0,True,14
SHP-001334,PROD-0019,SUP-19,WH-04,2022-01-29,2022-02-22,2022-02-22,66,299.96,19797.36,0,True,4
SHP-001335,PROD-0019,SUP-19,WH-04,2022-02-12,2022-03-07,2022-03-07,102,299.96,30595.92,0,True,7
SHP-001336,PROD-0019,SUP-19,WH-04,2022-02-26,2022-04-03,2022-04-13,428,299.96,128382.88,10,False,29
SHP-001337,PROD-0019,SUP-19,WH-04,2022-03-12,2022-03-25,2022-04-03,430,299.96,128982.8,9,False,29
SHP-001338,PROD-0019,SUP-19,WH-04,2022-03-26,2022-04-27,2022-04-27,171,299.96,51293.16,0,True,11
SHP-001339,PROD-0019,SUP-19,WH-04,2022-04-09,2022-05-04,2022-05-04,458,299.96,137381.68,0,True,31
SHP-001340,PROD-0019,SUP-19,WH-04,2022-04-23,2022-05-04,2022-05-04,390,299.96,116984.4,0,True,27
SHP-001341,PROD-0019,SUP-19,WH-04,2022-05-07,2022-06-07,2022-06-08,248,299.96,74390.08,1,False,17
SHP-001342,PROD-0019,SUP-19,WH-04,2022-05-21,2022-06-09,2022-06-16,400,299.96,119984.0,7,False,27
SHP-001343,PROD-0019,SUP-19,WH-04,2022-06-04,2022-06-28,2022-07-04,77,299.96,23096.92,6,False,5
SHP-001344,PROD-0019,SUP-19,WH-04,2022-06-18,2022-07-27,2022-07-27,153,299.96,45893.88,0,True,10
SHP-001345,PROD-0019,SUP-19,WH-04,2022-07-02,2022-08-01,2022-08-11,490,299.96,146980.4,10,False,34
SHP-001346,PROD-0019,SUP-19,WH-04,2022-07-16,2022-08-27,2022-08-27,165,299.96,49493.4,0,True,11
SHP-001347,PROD-0019,SUP-19,WH-04,2022-07-30,2022-09-07,2022-09-07,381,299.96,114284.76,0,True,26
SHP-001348,PROD-0019,SUP-19,WH-04,2022-08-13,2022-09-24,2022-09-24,329,299.96,98686.84,0,True,22
SHP-001349,PROD-0019,SUP-19,WH-04,2022-08-27,2022-10-09,2022-10-09,447,299.96,134082.12,0,True,31
SHP-001350,PROD-0019,SUP-19,WH-04,2022-09-10,2022-10-08,2022-10-20,200,299.96,59992.0,12,False,13
SHP-001351,PROD-0019,SUP-19,WH-04,2022-09-24,2022-10-23,2022-10-23,399,299.96,119684.04,0,True,27
SHP-001352,PROD-0019,SUP-19,WH-04,2022-10-08,2022-10-30,2022-10-30,138,299.96,41394.48,0,True,9
SHP-001353,PROD-0019,SUP-19,WH-04,2022-10-22,2022-11-26,2022-11-26,243,299.96,72890.28,0,True,16
SHP-001354,PROD-0019,SUP-19,WH-04,2022-11-05,2022-12-07,2022-12-07,334,299.96,100186.64,0,True,23
SHP-001355,PROD-0019,SUP-19,WH-04,2022-11-19,2022-12-11,2022-12-11,349,299.96,104686.04,0,True,24
SHP-001356,PROD-0019,SUP-19,WH-04,2022-12-03,2023-01-05,2023-01-05,219,299.96,65691.24,0,True,15
SHP-001357,PROD-0019,SUP-19,WH-04,2022-12-17,2023-01-26,2023-01-26,129,299.96,38694.84,0,True,8
SHP-001358,PROD-0019,SUP-19,WH-04,2022-12-31,2023-01-28,2023-01-28,215,299.96,64491.4,0,True,14
SHP-001359,PROD-0019,SUP-19,WH-04,2023-01-14,2023-02-16,2023-02-16,370,299.96,110985.2,0,True,25
SHP-001360,PROD-0019,SUP-19,WH-04,2023-01-28,2023-03-04,2023-03-04,204,299.96,61191.84,0,True,14
SHP-001361,PROD-0019,SUP-19,WH-04,2023-02-11,2023-03-19,2023-03-19,331,299.96,99286.76,0,True,23
SHP-001362,PROD-0019,SUP-19,WH-04,2023-02-25,2023-04-03,2023-04-03,412,299.96,123583.52,0,True,28
SHP-001363,PROD-0019,SUP-19,WH-04,2023-03-11,2023-04-08,2023-04-08,144,299.96,43194.24,0,True,10
SHP-001364,PROD-0019,SUP-19,WH-04,2023-03-25,2023-04-05,2023-04-05,308,299.96,92387.68,0,True,21
SHP-001365,PROD-0019,SUP-19,WH-04,2023-04-08,2023-05-04,2023-05-04,324,299.96,97187.04,0,True,22
SHP-001366,PROD-0019,SUP-19,WH-04,2023-04-22,2023-05-19,2023-05-19,163,299.96,48893.48,0,True,11
SHP-001367,PROD-0019,SUP-19,WH-04,2023-05-06,2023-06-19,2023-06-19,219,299.96,65691.24,0,True,15
SHP-001368,PROD-0019,SUP-19,WH-04,2023-05-20,2023-06-10,2023-06-10,435,299.96,130482.6,0,True,30
SHP-001369,PROD-0019,SUP-19,WH-04,2023-06-03,2023-07-18,2023-07-18,337,299.96,101086.52,0,True,23
SHP-001370,PROD-0019,SUP-19,WH-04,2023-06-17,2023-07-23,2023-07-23,382,299.96,114584.72,0,True,26
SHP-001371,PROD-0019,SUP-19,WH-04,2023-07-01,2023-08-09,2023-08-09,227,299.96,68090.92,0,True,15
SHP-001372,PROD-0019,SUP-19,WH-04,2023-07-15,2023-08-09,2023-08-09,378,299.96,113384.88,0,True,26
SHP-001373,PROD-0019,SUP-19,WH-04,2023-07-29,2023-08-20,2023-08-30,174,299.96,52193.04,10,False,12
SHP-001374,PROD-0019,SUP-19,WH-04,2023-08-12,2023-09-27,2023-09-27,214,299.96,64191.44,0,True,14
SHP-001375,PROD-0019,SUP-19,WH-04,2023-08-26,2023-09-18,2023-09-25,108,299.96,32395.68,7,False,7
SHP-001376,PROD-0019,SUP-19,WH-04,2023-09-09,2023-10-02,2023-10-02,420,299.96,125983.2,0,True,29
SHP-001377,PROD-0019,SUP-19,WH-04,2023-09-23,2023-10-12,2023-10-12,314,299.96,94187.44,0,True,21
SHP-001378,PROD-0019,SUP-19,WH-04,2023-10-07,2023-10-26,2023-10-26,313,299.96,93887.48,0,True,21
SHP-001379,PROD-0019,SUP-19,WH-04,2023-10-21,2023-11-23,2023-11-23,299,299.96,89688.04,0,True,20
SHP-001380,PROD-0019,SUP-19,WH-04,2023-11-04,2023-12-18,2023-12-18,383,299.96,114884.68,0,True,26
SHP-001381,PROD-0019,SUP-19,WH-04,2023-11-18,2023-12-21,2023-12-21,92,299.96,27596.32,0,True,6
SHP-001382,PROD-0019,SUP-19,WH-04,2023-12-02,2024-01-07,2024-01-07,445,299.96,133482.2,0,True,31
SHP-001383,PROD-0019,SUP-19,WH-04,2023-12-16,2024-01-24,2024-01-24,370,299.96,110985.2,0,True,25
SHP-001384,PROD-0019,SUP-19,WH-04,2023-12-30,2024-01-09,2024-01-09,372,299.96,111585.12,0,True,25
SHP-001385,PROD-0019,SUP-19,WH-04,2024-01-13,2024-02-15,2024-02-15,400,299.96,119984.0,0,True,27
SHP-001386,PROD-0019,SUP-19,WH-04,2024-01-27,2024-03-02,2024-03-02,155,299.96,46493.8,0,True,10
SHP-001387,PROD-0019,SUP-19,WH-04,2024-02-10,2024-03-01,2024-03-01,499,299.96,149680.04,0,True,34
SHP-001388,PROD-0019,SUP-19,WH-04,2024-02-24,2024-04-02,2024-04-02,381,299.96,114284.76,0,True,26
SHP-001389,PROD-0019,SUP-19,WH-04,2024-03-09,2024-04-05,2024-04-19,432,299.96,129582.72,14,False,30
SHP-001390,PROD-0019,SUP-19,WH-04,2024-03-23,2024-04-22,2024-04-22,285,299.96,85488.6,0,True,19
SHP-001391,PROD-0019,SUP-19,WH-04,2024-04-06,2024-05-24,2024-05-24,94,299.96,28196.24,0,True,6
SHP-001392,PROD-0019,SUP-19,WH-04,2024-04-20,2024-05-31,2024-05-31,456,299.96,136781.76,0,True,31
SHP-001393,PROD-0019,SUP-19,WH-04,2024-05-04,2024-06-10,2024-06-10,344,299.96,103186.24,0,True,23
SHP-001394,PROD-0019,SUP-19,WH-04,2024-05-18,2024-06-22,2024-06-22,182,299.96,54592.72,0,True,12
SHP-001395,PROD-0019,SUP-19,WH-04,2024-06-01,2024-06-25,2024-06-25,372,299.96,111585.12,0,True,25
SHP-001396,PROD-0019,SUP-19,WH-04,2024-06-15,2024-07-12,2024-07-12,58,299.96,17397.68,0,True,4
SHP-001397,PROD-0019,SUP-19,WH-04,2024-06-29,2024-08-01,2024-08-01,323,299.96,96887.08,0,True,22
SHP-001398,PROD-0019,SUP-19,WH-04,2024-07-13,2024-08-04,2024-08-04,366,299.96,109785.36,0,True,25
SHP-001399,PROD-0019,SUP-19,WH-04,2024-07-27,2024-08-20,2024-08-20,349,299.96,104686.04,0,True,24
SHP-001400,PROD-0019,SUP-19,WH-04,2024-08-10,2024-09-05,2024-09-05,87,299.96,26096.52,0,True,6
SHP-001401,PROD-0019,SUP-19,WH-04,2024-08-24,2024-10-13,2024-10-19,104,299.96,31195.84,6,False,7
SHP-001402,PROD-0019,SUP-19,WH-04,2024-09-07,2024-10-19,2024-10-19,204,299.96,61191.84,0,True,14
SHP-001403,PROD-0019,SUP-19,WH-04,2024-09-21,2024-10-23,2024-10-23,441,299.96,132282.36,0,True,30
SHP-001404,PROD-0019,SUP-19,WH-04,2024-10-05,2024-10-26,2024-10-26,470,299.96,140981.2,0,True,32
SHP-001405,PROD-0019,SUP-19,WH-04,2024-10-19,2024-11-20,2024-11-20,130,299.96,38994.8,0,True,9
SHP-001406,PROD-0019,SUP-19,WH-04,2024-11-02,2024-12-03,2024-12-03,432,299.96,129582.72,0,True,30
SHP-001407,PROD-0019,SUP-19,WH-04,2024-11-16,2025-01-02,2025-01-02,484,299.96,145180.64,0,True,33
SHP-001408,PROD-0019,SUP-19,WH-04,2024-11-30,2025-01-14,2025-01-14,374,299.96,112185.04,0,True,26
SHP-001409,PROD-0019,SUP-19,WH-04,2024-12-14,2025-01-06,2025-01-06,457,299.96,137081.72,0,True,31
SHP-001410,PROD-0019,SUP-19,WH-04,2024-12-28,2025-02-04,2025-02-04,241,299.96,72290.36,0,True,16
SHP-001411,PROD-0020,SUP-20,WH-05,2022-01-01,2022-01-20,2022-01-29,122,10.68,1302.96,9,False,12
SHP-001412,PROD-0020,SUP-20,WH-05,2022-01-11,2022-01-28,2022-01-28,343,10.68,3663.24,0,True,33
SHP-001413,PROD-0020,SUP-20,WH-05,2022-01-21,2022-02-18,2022-02-18,330,10.68,3524.4,0,True,32
SHP-001414,PROD-0020,SUP-20,WH-05,2022-01-31,2022-02-23,2022-02-23,433,10.68,4624.44,0,True,42
SHP-001415,PROD-0020,SUP-20,WH-05,2022-02-10,2022-03-17,2022-03-29,226,10.68,2413.68,12,False,22
SHP-001416,PROD-0020,SUP-20,WH-05,2022-02-20,2022-03-12,2022-03-12,380,10.68,4058.4,0,True,37
SHP-001417,PROD-0020,SUP-20,WH-05,2022-03-02,2022-03-19,2022-03-19,132,10.68,1409.76,0,True,13
SHP-001418,PROD-0020,SUP-20,WH-05,2022-03-12,2022-03-30,2022-03-30,477,10.68,5094.36,0,True,47
SHP-001419,PROD-0020,SUP-20,WH-05,2022-03-22,2022-04-13,2022-04-13,142,10.68,1516.56,0,True,14
SHP-001420,PROD-0020,SUP-20,WH-05,2022-04-01,2022-04-17,2022-04-17,486,10.68,5190.48,0,True,48
SHP-001421,PROD-0020,SUP-20,WH-05,2022-04-11,2022-04-30,2022-05-01,331,10.68,3535.08,1,False,32
SHP-001422,PROD-0020,SUP-20,WH-05,2022-04-21,2022-05-07,2022-05-07,87,10.68,929.16,0,True,8
SHP-001423,PROD-0020,SUP-20,WH-05,2022-05-01,2022-05-19,2022-05-19,178,10.68,1901.04,0,True,17
SHP-001424,PROD-0020,SUP-20,WH-05,2022-05-11,2022-05-29,2022-05-29,347,10.68,3705.96,0,True,34
SHP-001425,PROD-0020,SUP-20,WH-05,2022-05-21,2022-06-14,2022-06-22,232,10.68,2477.76,8,False,22
SHP-001426,PROD-0020,SUP-20,WH-05,2022-05-31,2022-06-20,2022-06-20,170,10.68,1815.6,0,True,16
SHP-001427,PROD-0020,SUP-20,WH-05,2022-06-10,2022-06-30,2022-06-30,85,10.68,907.8,0,True,8
SHP-001428,PROD-0020,SUP-20,WH-05,2022-06-20,2022-07-09,2022-07-09,280,10.68,2990.4,0,True,27
SHP-001429,PROD-0020,SUP-20,WH-05,2022-06-30,2022-07-14,2022-07-14,206,10.68,2200.08,0,True,20
SHP-001430,PROD-0020,SUP-20,WH-05,2022-07-10,2022-07-28,2022-07-28,339,10.68,3620.52,0,True,33
SHP-001431,PROD-0020,SUP-20,WH-05,2022-07-20,2022-08-18,2022-08-18,211,10.68,2253.48,0,True,20
SHP-001432,PROD-0020,SUP-20,WH-05,2022-07-30,2022-08-14,2022-08-14,210,10.68,2242.8,0,True,20
SHP-001433,PROD-0020,SUP-20,WH-05,2022-08-09,2022-08-29,2022-08-29,414,10.68,4421.52,0,True,40
SHP-001434,PROD-0020,SUP-20,WH-05,2022-08-19,2022-09-05,2022-09-05,191,10.68,2039.88,0,True,18
SHP-001435,PROD-0020,SUP-20,WH-05,2022-08-29,2022-09-22,2022-09-22,397,10.68,4239.96,0,True,39
SHP-001436,PROD-0020,SUP-20,WH-05,2022-09-08,2022-09-26,2022-09-26,295,10.68,3150.6,0,True,29
SHP-001437,PROD-0020,SUP-20,WH-05,2022-09-18,2022-10-10,2022-10-10,446,10.68,4763.28,0,True,44
SHP-001438,PROD-0020,SUP-20,WH-05,2022-09-28,2022-10-25,2022-10-25,105,10.68,1121.4,0,True,10
SHP-001439,PROD-0020,SUP-20,WH-05,2022-10-08,2022-10-29,2022-10-29,91,10.68,971.88,0,True,9
SHP-001440,PROD-0020,SUP-20,WH-05,2022-10-18,2022-11-05,2022-11-05,473,10.68,5051.64,0,True,46
SHP-001441,PROD-0020,SUP-20,WH-05,2022-10-28,2022-11-25,2022-11-28,150,10.68,1602.0,3,False,14
SHP-001442,PROD-0020,SUP-20,WH-05,2022-11-07,2022-11-27,2022-11-27,370,10.68,3951.6,0,True,36
SHP-001443,PROD-0020,SUP-20,WH-05,2022-11-17,2022-12-11,2022-12-11,59,10.68,630.12,0,True,5
SHP-001444,PROD-0020,SUP-20,WH-05,2022-11-27,2022-12-16,2022-12-16,65,10.68,694.2,0,True,6
SHP-001445,PROD-0020,SUP-20,WH-05,2022-12-07,2023-01-01,2023-01-01,257,10.68,2744.76,0,True,25
SHP-001446,PROD-0020,SUP-20,WH-05,2022-12-17,2023-01-11,2023-01-11,68,10.68,726.24,0,True,6
SHP-001447,PROD-0020,SUP-20,WH-05,2022-12-27,2023-01-26,2023-01-26,326,10.68,3481.68,0,True,32
SHP-001448,PROD-0020,SUP-20,WH-05,2023-01-06,2023-01-26,2023-01-26,126,10.68,1345.68,0,True,12
SHP-001449,PROD-0020,SUP-20,WH-05,2023-01-16,2023-02-12,2023-02-12,445,10.68,4752.6,0,True,44
SHP-001450,PROD-0020,SUP-20,WH-05,2023-01-26,2023-02-20,2023-02-20,198,10.68,2114.64,0,True,19
SHP-001451,PROD-0020,SUP-20,WH-05,2023-02-05,2023-02-26,2023-02-26,311,10.68,3321.48,0,True,30
SHP-001452,PROD-0020,SUP-20,WH-05,2023-02-15,2023-03-04,2023-03-04,307,10.68,3278.76,0,True,30
SHP-001453,PROD-0020,SUP-20,WH-05,2023-02-25,2023-03-10,2023-03-10,484,10.68,5169.12,0,True,47
SHP-001454,PROD-0020,SUP-20,WH-05,2023-03-07,2023-03-27,2023-04-09,400,10.68,4272.0,13,False,39
SHP-001455,PROD-0020,SUP-20,WH-05,2023-03-17,2023-04-05,2023-04-05,121,10.68,1292.28,0,True,11
SHP-001456,PROD-0020,SUP-20,WH-05,2023-03-27,2023-04-18,2023-04-18,339,10.68,3620.52,0,True,33
SHP-001457,PROD-0020,SUP-20,WH-05,2023-04-06,2023-04-24,2023-04-24,124,10.68,1324.32,0,True,12
SHP-001458,PROD-0020,SUP-20,WH-05,2023-04-16,2023-05-11,2023-05-11,233,10.68,2488.44,0,True,23
SHP-001459,PROD-0020,SUP-20,WH-05,2023-04-26,2023-05-16,2023-05-16,299,10.68,3193.32,0,True,29
SHP-001460,PROD-0020,SUP-20,WH-05,2023-05-06,2023-05-28,2023-05-28,239,10.68,2552.52,0,True,23
SHP-001461,PROD-0020,SUP-20,WH-05,2023-05-16,2023-05-30,2023-05-30,155,10.68,1655.4,0,True,15
SHP-001462,PROD-0020,SUP-20,WH-05,2023-05-26,2023-06-16,2023-06-25,234,10.68,2499.12,9,False,23
SHP-001463,PROD-0020,SUP-20,WH-05,2023-06-05,2023-07-01,2023-07-01,282,10.68,3011.76,0,True,27
SHP-001464,PROD-0020,SUP-20,WH-05,2023-06-15,2023-07-05,2023-07-05,382,10.68,4079.76,0,True,37
SHP-001465,PROD-0020,SUP-20,WH-05,2023-06-25,2023-07-08,2023-07-08,316,10.68,3374.88,0,True,31
SHP-001466,PROD-0020,SUP-20,WH-05,2023-07-05,2023-07-25,2023-08-05,477,10.68,5094.36,11,False,47
SHP-001467,PROD-0020,SUP-20,WH-05,2023-07-15,2023-08-10,2023-08-10,328,10.68,3503.04,0,True,32
SHP-001468,PROD-0020,SUP-20,WH-05,2023-07-25,2023-08-08,2023-08-08,384,10.68,4101.12,0,True,38
SHP-001469,PROD-0020,SUP-20,WH-05,2023-08-04,2023-08-12,2023-08-12,384,10.68,4101.12,0,True,38
SHP-001470,PROD-0020,SUP-20,WH-05,2023-08-14,2023-09-04,2023-09-04,178,10.68,1901.04,0,True,17
SHP-001471,PROD-0020,SUP-20,WH-05,2023-08-24,2023-09-07,2023-09-14,164,10.68,1751.52,7,False,16
SHP-001472,PROD-0020,SUP-20,WH-05,2023-09-03,2023-09-16,2023-09-16,468,10.68,4998.24,0,True,46
SHP-001473,PROD-0020,SUP-20,WH-05,2023-09-13,2023-10-04,2023-10-04,455,10.68,4859.4,0,True,45
SHP-001474,PROD-0020,SUP-20,WH-05,2023-09-23,2023-10-22,2023-10-30,53,10.68,566.04,8,False,5
SHP-001475,PROD-0020,SUP-20,WH-05,2023-10-03,2023-10-22,2023-10-31,275,10.68,2937.0,9,False,27
SHP-001476,PROD-0020,SUP-20,WH-05,2023-10-13,2023-10-26,2023-10-26,313,10.68,3342.84,0,True,30
SHP-001477,PROD-0020,SUP-20,WH-05,2023-10-23,2023-11-02,2023-11-02,126,10.68,1345.68,0,True,12
SHP-001478,PROD-0020,SUP-20,WH-05,2023-11-02,2023-11-24,2023-11-24,358,10.68,3823.44,0,True,35
SHP-001479,PROD-0020,SUP-20,WH-05,2023-11-12,2023-12-05,2023-12-17,388,10.68,4143.84,12,False,38
SHP-001480,PROD-0020,SUP-20,WH-05,2023-11-22,2023-12-13,2023-12-13,219,10.68,2338.92,0,True,21
SHP-001481,PROD-0020,SUP-20,WH-05,2023-12-02,2023-12-28,2023-12-28,395,10.68,4218.6,0,True,39
SHP-001482,PROD-0020,SUP-20,WH-05,2023-12-12,2024-01-07,2024-01-07,352,10.68,3759.36,0,True,34
SHP-001483,PROD-0020,SUP-20,WH-05,2023-12-22,2024-01-07,2024-01-07,260,10.68,2776.8,0,True,25
SHP-001484,PROD-0020,SUP-20,WH-05,2024-01-01,2024-01-28,2024-01-28,115,10.68,1228.2,0,True,11
SHP-001485,PROD-0020,SUP-20,WH-05,2024-01-11,2024-02-02,2024-02-02,118,10.68,1260.24,0,True,11
SHP-001486,PROD-0020,SUP-20,WH-05,2024-01-21,2024-02-10,2024-02-10,343,10.68,3663.24,0,True,33
SHP-001487,PROD-0020,SUP-20,WH-05,2024-01-31,2024-02-15,2024-02-15,182,10.68,1943.76,0,True,18
SHP-001488,PROD-0020,SUP-20,WH-05,2024-02-10,2024-02-27,2024-02-27,257,10.68,2744.76,0,True,25
SHP-001489,PROD-0020,SUP-20,WH-05,2024-02-20,2024-03-07,2024-03-17,376,10.68,4015.68,10,False,37
SHP-001490,PROD-0020,SUP-20,WH-05,2024-03-01,2024-03-29,2024-03-30,422,10.68,4506.96,1,False,41
SHP-001491,PROD-0020,SUP-20,WH-05,2024-03-11,2024-03-30,2024-04-10,93,10.68,993.24,11,False,9
SHP-001492,PROD-0020,SUP-20,WH-05,2024-03-21,2024-04-12,2024-04-12,291,10.68,3107.88,0,True,28
SHP-001493,PROD-0020,SUP-20,WH-05,2024-03-31,2024-04-11,2024-04-11,162,10.68,1730.16,0,True,16
SHP-001494,PROD-0020,SUP-20,WH-05,2024-04-10,2024-04-25,2024-04-25,123,10.68,1313.64,0,True,12
SHP-001495,PROD-0020,SUP-20,WH-05,2024-04-20,2024-05-08,2024-05-08,442,10.68,4720.56,0,True,43
SHP-001496,PROD-0020,SUP-20,WH-05,2024-04-30,2024-05-31,2024-05-31,311,10.68,3321.48,0,True,30
SHP-001497,PROD-0020,SUP-20,WH-05,2024-05-10,2024-05-30,2024-05-30,401,10.68,4282.68,0,True,39
SHP-001498,PROD-0020,SUP-20,WH-05,2024-05-20,2024-06-09,2024-06-15,355,10.68,3791.4,6,False,35
SHP-001499,PROD-0020,SUP-20,WH-05,2024-05-30,2024-06-14,2024-06-14,243,10.68,2595.24,0,True,24
SHP-001500,PROD-0020,SUP-20,WH-05,2024-06-09,2024-06-27,2024-06-27,58,10.68,619.44,0,True,5
SHP-001501,PROD-0020,SUP-20,WH-05,2024-06-19,2024-07-07,2024-07-07,308,10.68,3289.44,0,True,30
SHP-001502,PROD-0020,SUP-20,WH-05,2024-06-29,2024-07-26,2024-07-26,126,10.68,1345.68,0,True,12
SHP-001503,PROD-0020,SUP-20,WH-05,2024-07-09,2024-07-19,2024-07-19,293,10.68,3129.24,0,True,29
SHP-001504,PROD-0020,SUP-20,WH-05,2024-07-19,2024-08-01,2024-08-01,499,10.68,5329.32,0,True,49
SHP-001505,PROD-0020,SUP-20,WH-05,2024-07-29,2024-08-20,2024-08-20,435,10.68,4645.8,0,True,43
SHP-001506,PROD-0020,SUP-20,WH-05,2024-08-08,2024-09-02,2024-09-02,387,10.68,4133.16,0,True,38
SHP-001507,PROD-0020,SUP-20,WH-05,2024-08-18,2024-09-04,2024-09-07,326,10.68,3481.68,3,False,32
SHP-001508,PROD-0020,SUP-20,WH-05,2024-08-28,2024-09-24,2024-09-24,446,10.68,4763.28,0,True,44
SHP-001509,PROD-0020,SUP-20,WH-05,2024-09-07,2024-09-28,2024-09-28,317,10.68,3385.56,0,True,31
SHP-001510,PROD-0020,SUP-20,WH-05,2024-09-17,2024-10-03,2024-10-03,72,10.68,768.96,0,True,7
SHP-001511,PROD-0020,SUP-20,WH-05,2024-09-27,2024-10-12,2024-10-12,167,10.68,1783.56,0,True,16
SHP-001512,PROD-0020,SUP-20,WH-05,2024-10-07,2024-10-30,2024-10-30,443,10.68,4731.24,0,True,43
SHP-001513,PROD-0020,SUP-20,WH-05,2024-10-17,2024-11-10,2024-11-10,461,10.68,4923.48,0,True,45
SHP-001514,PROD-0020,SUP-20,WH-05,2024-10-27,2024-11-05,2024-11-17,478,10.68,5105.04,12,False,47
SHP-001515,PROD-0020,SUP-20,WH-05,2024-11-06,2024-11-24,2024-11-24,267,10.68,2851.56,0,True,26
SHP-001516,PROD-0020,SUP-20,WH-05,2024-11-16,2024-11-29,2024-11-29,442,10.68,4720.56,0,True,43
SHP-001517,PROD-0020,SUP-20,WH-05,2024-11-26,2024-12-17,2024-12-21,92,10.68,982.56,4,False,9
SHP-001518,PROD-0020,SUP-20,WH-05,2024-12-06,2024-12-27,2024-12-27,328,10.68,3503.04,0,True,32
SHP-001519,PROD-0020,SUP-20,WH-05,2024-12-16,2025-01-05,2025-01-05,52,10.68,555.36,0,True,5
SHP-001520,PROD-0020,SUP-20,WH-05,2024-12-26,2025-01-28,2025-01-28,53,10.68,566.04,0,True,5
SHP-001521,PROD-0021,SUP-01,WH-01,2022-01-01,2022-02-21,2022-02-21,53,173.39,9189.67,0,True,3
SHP-001522,PROD-0021,SUP-01,WH-01,2022-01-20,2022-03-04,2022-03-04,402,173.39,69702.78,0,True,26
SHP-001523,PROD-0021,SUP-01,WH-01,2022-02-08,2022-03-14,2022-03-14,235,173.39,40746.65,0,True,15
SHP-001524,PROD-0021,SUP-01,WH-01,2022-02-27,2022-04-02,2022-04-02,383,173.39,66408.37,0,True,25
SHP-001525,PROD-0021,SUP-01,WH-01,2022-03-18,2022-05-06,2022-05-06,487,173.39,84440.93,0,True,32
SHP-001526,PROD-0021,SUP-01,WH-01,2022-04-06,2022-05-07,2022-05-07,237,173.39,41093.43,0,True,15
SHP-001527,PROD-0021,SUP-01,WH-01,2022-04-25,2022-06-06,2022-06-06,398,173.39,69009.22,0,True,26
SHP-001528,PROD-0021,SUP-01,WH-01,2022-05-14,2022-07-07,2022-07-07,261,173.39,45254.79,0,True,17
SHP-001529,PROD-0021,SUP-01,WH-01,2022-06-02,2022-07-01,2022-07-01,297,173.39,51496.83,0,True,19
SHP-001530,PROD-0021,SUP-01,WH-01,2022-06-21,2022-08-09,2022-08-09,334,173.39,57912.26,0,True,22
SHP-001531,PROD-0021,SUP-01,WH-01,2022-07-10,2022-08-24,2022-08-24,207,173.39,35891.73,0,True,13
SHP-001532,PROD-0021,SUP-01,WH-01,2022-07-29,2022-09-10,2022-09-10,411,173.39,71263.29,0,True,27
SHP-001533,PROD-0021,SUP-01,WH-01,2022-08-17,2022-09-28,2022-09-28,487,173.39,84440.93,0,True,32
SHP-001534,PROD-0021,SUP-01,WH-01,2022-09-05,2022-10-18,2022-10-18,432,173.39,74904.48,0,True,28
SHP-001535,PROD-0021,SUP-01,WH-01,2022-09-24,2022-11-07,2022-11-07,408,173.39,70743.12,0,True,26
SHP-001536,PROD-0021,SUP-01,WH-01,2022-10-13,2022-11-18,2022-11-18,310,173.39,53750.9,0,True,20
SHP-001537,PROD-0021,SUP-01,WH-01,2022-11-01,2022-12-15,2022-12-15,460,173.39,79759.4,0,True,30
SHP-001538,PROD-0021,SUP-01,WH-01,2022-11-20,2022-12-27,2022-12-27,400,173.39,69356.0,0,True,26
SHP-001539,PROD-0021,SUP-01,WH-01,2022-12-09,2023-01-13,2023-01-13,249,173.39,43174.11,0,True,16
SHP-001540,PROD-0021,SUP-01,WH-01,2022-12-28,2023-02-04,2023-02-04,96,173.39,16645.44,0,True,6
SHP-001541,PROD-0021,SUP-01,WH-01,2023-01-16,2023-02-24,2023-02-24,357,173.39,61900.23,0,True,23
SHP-001542,PROD-0021,SUP-01,WH-01,2023-02-04,2023-03-29,2023-03-29,184,173.39,31903.76,0,True,12
SHP-001543,PROD-0021,SUP-01,WH-01,2023-02-23,2023-04-12,2023-04-12,361,173.39,62593.79,0,True,23
SHP-001544,PROD-0021,SUP-01,WH-01,2023-03-14,2023-04-25,2023-04-25,255,173.39,44214.45,0,True,16
SHP-001545,PROD-0021,SUP-01,WH-01,2023-04-02,2023-05-03,2023-05-03,196,173.39,33984.44,0,True,12
SHP-001546,PROD-0021,SUP-01,WH-01,2023-04-21,2023-05-26,2023-06-07,79,173.39,13697.81,12,False,5
SHP-001547,PROD-0021,SUP-01,WH-01,2023-05-10,2023-07-01,2023-07-01,377,173.39,65368.03,0,True,24
SHP-001548,PROD-0021,SUP-01,WH-01,2023-05-29,2023-06-30,2023-06-30,153,173.39,26528.67,0,True,10
SHP-001549,PROD-0021,SUP-01,WH-01,2023-06-17,2023-08-01,2023-08-01,461,173.39,79932.79,0,True,30
SHP-001550,PROD-0021,SUP-01,WH-01,2023-07-06,2023-08-11,2023-08-11,67,173.39,11617.13,0,True,4
SHP-001551,PROD-0021,SUP-01,WH-01,2023-07-25,2023-09-08,2023-09-08,314,173.39,54444.46,0,True,20
SHP-001552,PROD-0021,SUP-01,WH-01,2023-08-13,2023-09-24,2023-09-24,136,173.39,23581.04,0,True,8
SHP-001553,PROD-0021,SUP-01,WH-01,2023-09-01,2023-10-13,2023-10-13,172,173.39,29823.08,0,True,11
SHP-001554,PROD-0021,SUP-01,WH-01,2023-09-20,2023-10-23,2023-10-23,130,173.39,22540.7,0,True,8
SHP-001555,PROD-0021,SUP-01,WH-01,2023-10-09,2023-11-21,2023-11-23,449,173.39,77852.11,2,False,29
SHP-001556,PROD-0021,SUP-01,WH-01,2023-10-28,2023-12-07,2023-12-07,252,173.39,43694.28,0,True,16
SHP-001557,PROD-0021,SUP-01,WH-01,2023-11-16,2023-12-25,2023-12-25,315,173.39,54617.85,0,True,20
SHP-001558,PROD-0021,SUP-01,WH-01,2023-12-05,2024-01-09,2024-01-09,85,173.39,14738.15,0,True,5
SHP-001559,PROD-0021,SUP-01,WH-01,2023-12-24,2024-01-30,2024-01-30,421,173.39,72997.19,0,True,27
SHP-001560,PROD-0021,SUP-01,WH-01,2024-01-12,2024-02-14,2024-02-14,348,173.39,60339.72,0,True,23
SHP-001561,PROD-0021,SUP-01,WH-01,2024-01-31,2024-03-09,2024-03-09,467,173.39,80973.13,0,True,30
SHP-001562,PROD-0021,SUP-01,WH-01,2024-02-19,2024-04-03,2024-04-03,149,173.39,25835.11,0,True,9
SHP-001563,PROD-0021,SUP-01,WH-01,2024-03-09,2024-04-08,2024-04-16,344,173.39,59646.16,8,False,22
SHP-001564,PROD-0021,SUP-01,WH-01,2024-03-28,2024-05-07,2024-05-07,258,173.39,44734.62,0,True,17
SHP-001565,PROD-0021,SUP-01,WH-01,2024-04-16,2024-05-22,2024-05-22,87,173.39,15084.93,0,True,5
SHP-001566,PROD-0021,SUP-01,WH-01,2024-05-05,2024-06-23,2024-06-23,109,173.39,18899.51,0,True,7
SHP-001567,PROD-0021,SUP-01,WH-01,2024-05-24,2024-07-01,2024-07-01,181,173.39,31383.59,0,True,11
SHP-001568,PROD-0021,SUP-01,WH-01,2024-06-12,2024-07-22,2024-07-22,344,173.39,59646.16,0,True,22
SHP-001569,PROD-0021,SUP-01,WH-01,2024-07-01,2024-08-13,2024-08-13,243,173.39,42133.77,0,True,16
SHP-001570,PROD-0021,SUP-01,WH-01,2024-07-20,2024-09-10,2024-09-10,174,173.39,30169.86,0,True,11
SHP-001571,PROD-0021,SUP-01,WH-01,2024-08-08,2024-09-20,2024-09-20,447,173.39,77505.33,0,True,29
SHP-001572,PROD-0021,SUP-01,WH-01,2024-08-27,2024-10-23,2024-10-23,350,173.39,60686.5,0,True,23
SHP-001573,PROD-0021,SUP-01,WH-01,2024-09-15,2024-11-03,2024-11-03,109,173.39,18899.51,0,True,7
SHP-001574,PROD-0021,SUP-01,WH-01,2024-10-04,2024-11-13,2024-11-13,374,173.39,64847.86,0,True,24
SHP-001575,PROD-0021,SUP-01,WH-01,2024-10-23,2024-11-13,2024-11-26,396,173.39,68662.44,13,False,26
SHP-001576,PROD-0021,SUP-01,WH-01,2024-11-11,2024-12-16,2024-12-16,211,173.39,36585.29,0,True,13
SHP-001577,PROD-0021,SUP-01,WH-01,2024-11-30,2025-01-14,2025-01-21,314,173.39,54444.46,7,False,20
SHP-001578,PROD-0021,SUP-01,WH-01,2024-12-19,2025-01-20,2025-01-20,476,173.39,82533.64,0,True,31
SHP-001579,PROD-0022,SUP-02,WH-02,2022-01-01,2022-01-02,2022-01-02,254,438.55,111391.7,0,True,3
SHP-001580,PROD-0022,SUP-02,WH-02,2022-01-15,2022-01-26,2022-01-26,225,438.55,98673.75,0,True,3
SHP-001581,PROD-0022,SUP-02,WH-02,2022-01-29,2022-01-30,2022-01-30,141,438.55,61835.55,0,True,1
SHP-001582,PROD-0022,SUP-02,WH-02,2022-02-12,2022-02-21,2022-02-21,161,438.55,70606.55,0,True,2
SHP-001583,PROD-0022,SUP-02,WH-02,2022-02-26,2022-03-05,2022-03-05,432,438.55,189453.6,0,True,5
SHP-001584,PROD-0022,SUP-02,WH-02,2022-03-12,2022-03-13,2022-03-13,147,438.55,64466.85,0,True,1
SHP-001585,PROD-0022,SUP-02,WH-02,2022-03-26,2022-04-22,2022-04-22,170,438.55,74553.5,0,True,2
SHP-001586,PROD-0022,SUP-02,WH-02,2022-04-09,2022-04-11,2022-04-11,185,438.55,81131.75,0,True,2
SHP-001587,PROD-0022,SUP-02,WH-02,2022-04-23,2022-05-11,2022-05-11,477,438.55,209188.35,0,True,6
SHP-001588,PROD-0022,SUP-02,WH-02,2022-05-07,2022-05-28,2022-05-28,232,438.55,101743.6,0,True,3
SHP-001589,PROD-0022,SUP-02,WH-02,2022-05-21,2022-05-22,2022-05-22,111,438.55,48679.05,0,True,1
SHP-001590,PROD-0022,SUP-02,WH-02,2022-06-04,2022-07-03,2022-07-03,389,438.55,170595.95,0,True,5
SHP-001591,PROD-0022,SUP-02,WH-02,2022-06-18,2022-06-19,2022-06-19,441,438.55,193400.55,0,True,5
SHP-001592,PROD-0022,SUP-02,WH-02,2022-07-02,2022-07-09,2022-07-09,71,438.55,31137.05,0,True,0
SHP-001593,PROD-0022,SUP-02,WH-02,2022-07-16,2022-07-27,2022-07-27,367,438.55,160947.85,0,True,4
SHP-001594,PROD-0022,SUP-02,WH-02,2022-07-30,2022-07-31,2022-07-31,344,438.55,150861.2,0,True,4
SHP-001595,PROD-0022,SUP-02,WH-02,2022-08-13,2022-08-20,2022-08-20,143,438.55,62712.65,0,True,1
SHP-001596,PROD-0022,SUP-02,WH-02,2022-08-27,2022-09-11,2022-09-11,193,438.55,84640.15,0,True,2
SHP-001597,PROD-0022,SUP-02,WH-02,2022-09-10,2022-09-22,2022-09-22,345,438.55,151299.75,0,True,4
SHP-001598,PROD-0022,SUP-02,WH-02,2022-09-24,2022-10-16,2022-10-16,459,438.55,201294.45,0,True,6
SHP-001599,PROD-0022,SUP-02,WH-02,2022-10-08,2022-10-09,2022-10-09,326,438.55,142967.3,0,True,4
SHP-001600,PROD-0022,SUP-02,WH-02,2022-10-22,2022-10-28,2022-10-28,251,438.55,110076.05,0,True,3
SHP-001601,PROD-0022,SUP-02,WH-02,2022-11-05,2022-11-08,2022-11-08,139,438.55,60958.45,0,True,1
SHP-001602,PROD-0022,SUP-02,WH-02,2022-11-19,2022-11-20,2022-11-28,407,438.55,178489.85,8,False,5
SHP-001603,PROD-0022,SUP-02,WH-02,2022-12-03,2022-12-08,2022-12-08,402,438.55,176297.1,0,True,5
SHP-001604,PROD-0022,SUP-02,WH-02,2022-12-17,2022-12-28,2022-12-28,157,438.55,68852.35,0,True,2
SHP-001605,PROD-0022,SUP-02,WH-02,2022-12-31,2023-01-01,2023-01-01,216,438.55,94726.8,0,True,2
SHP-001606,PROD-0022,SUP-02,WH-02,2023-01-14,2023-01-15,2023-01-15,182,438.55,79816.1,0,True,2
SHP-001607,PROD-0022,SUP-02,WH-02,2023-01-28,2023-02-09,2023-02-09,171,438.55,74992.05,0,True,2
SHP-001608,PROD-0022,SUP-02,WH-02,2023-02-11,2023-03-04,2023-03-04,363,438.55,159193.65,0,True,4
SHP-001609,PROD-0022,SUP-02,WH-02,2023-02-25,2023-03-17,2023-03-17,305,438.55,133757.75,0,True,4
SHP-001610,PROD-0022,SUP-02,WH-02,2023-03-11,2023-03-24,2023-03-24,408,438.55,178928.4,0,True,5
SHP-001611,PROD-0022,SUP-02,WH-02,2023-03-25,2023-03-26,2023-03-26,487,438.55,213573.85,0,True,6
SHP-001612,PROD-0022,SUP-02,WH-02,2023-04-08,2023-04-09,2023-04-09,142,438.55,62274.1,0,True,1
SHP-001613,PROD-0022,SUP-02,WH-02,2023-04-22,2023-04-24,2023-04-24,344,438.55,150861.2,0,True,4
SHP-001614,PROD-0022,SUP-02,WH-02,2023-05-06,2023-05-10,2023-05-10,101,438.55,44293.55,0,True,1
SHP-001615,PROD-0022,SUP-02,WH-02,2023-05-20,2023-05-31,2023-05-31,170,438.55,74553.5,0,True,2
SHP-001616,PROD-0022,SUP-02,WH-02,2023-06-03,2023-06-05,2023-06-05,245,438.55,107444.75,0,True,3
SHP-001617,PROD-0022,SUP-02,WH-02,2023-06-17,2023-06-30,2023-06-30,428,438.55,187699.4,0,True,5
SHP-001618,PROD-0022,SUP-02,WH-02,2023-07-01,2023-07-02,2023-07-02,54,438.55,23681.7,0,True,0
SHP-001619,PROD-0022,SUP-02,WH-02,2023-07-15,2023-08-04,2023-08-04,118,438.55,51748.9,0,True,1
SHP-001620,PROD-0022,SUP-02,WH-02,2023-07-29,2023-08-05,2023-08-05,323,438.55,141651.65,0,True,4
SHP-001621,PROD-0022,SUP-02,WH-02,2023-08-12,2023-08-26,2023-08-26,299,438.55,131126.45,0,True,4
SHP-001622,PROD-0022,SUP-02,WH-02,2023-08-26,2023-09-04,2023-09-04,489,438.55,214450.95,0,True,6
SHP-001623,PROD-0022,SUP-02,WH-02,2023-09-09,2023-09-10,2023-09-10,100,438.55,43855.0,0,True,1
SHP-001624,PROD-0022,SUP-02,WH-02,2023-09-23,2023-10-09,2023-10-09,160,438.55,70168.0,0,True,2
SHP-001625,PROD-0022,SUP-02,WH-02,2023-10-07,2023-10-08,2023-10-08,479,438.55,210065.45,0,True,6
SHP-001626,PROD-0022,SUP-02,WH-02,2023-10-21,2023-10-25,2023-10-25,431,438.55,189015.05,0,True,5
SHP-001627,PROD-0022,SUP-02,WH-02,2023-11-04,2023-11-05,2023-11-05,234,438.55,102620.7,0,True,3
SHP-001628,PROD-0022,SUP-02,WH-02,2023-11-18,2023-11-19,2023-11-19,464,438.55,203487.2,0,True,6
SHP-001629,PROD-0022,SUP-02,WH-02,2023-12-02,2023-12-03,2023-12-03,260,438.55,114023.0,0,True,3
SHP-001630,PROD-0022,SUP-02,WH-02,2023-12-16,2023-12-18,2023-12-18,397,438.55,174104.35,0,True,5
SHP-001631,PROD-0022,SUP-02,WH-02,2023-12-30,2024-01-11,2024-01-11,344,438.55,150861.2,0,True,4
SHP-001632,PROD-0022,SUP-02,WH-02,2024-01-13,2024-01-25,2024-01-25,139,438.55,60958.45,0,True,1
SHP-001633,PROD-0022,SUP-02,WH-02,2024-01-27,2024-02-27,2024-02-27,216,438.55,94726.8,0,True,2
SHP-001634,PROD-0022,SUP-02,WH-02,2024-02-10,2024-02-27,2024-02-27,446,438.55,195593.3,0,True,6
SHP-001635,PROD-0022,SUP-02,WH-02,2024-02-24,2024-03-22,2024-03-22,90,438.55,39469.5,0,True,1
SHP-001636,PROD-0022,SUP-02,WH-02,2024-03-09,2024-03-10,2024-03-10,287,438.55,125863.85,0,True,3
SHP-001637,PROD-0022,SUP-02,WH-02,2024-03-23,2024-03-31,2024-03-31,494,438.55,216643.7,0,True,6
SHP-001638,PROD-0022,SUP-02,WH-02,2024-04-06,2024-04-29,2024-04-29,222,438.55,97358.1,0,True,2
SHP-001639,PROD-0022,SUP-02,WH-02,2024-04-20,2024-05-01,2024-05-01,342,438.55,149984.1,0,True,4
SHP-001640,PROD-0022,SUP-02,WH-02,2024-05-04,2024-05-14,2024-05-14,86,438.55,37715.3,0,True,1
SHP-001641,PROD-0022,SUP-02,WH-02,2024-05-18,2024-06-02,2024-06-02,166,438.55,72799.3,0,True,2
SHP-001642,PROD-0022,SUP-02,WH-02,2024-06-01,2024-06-02,2024-06-02,199,438.55,87271.45,0,True,2
SHP-001643,PROD-0022,SUP-02,WH-02,2024-06-15,2024-07-07,2024-07-07,380,438.55,166649.0,0,True,5
SHP-001644,PROD-0022,SUP-02,WH-02,2024-06-29,2024-06-30,2024-06-30,277,438.55,121478.35,0,True,3
SHP-001645,PROD-0022,SUP-02,WH-02,2024-07-13,2024-07-15,2024-07-15,235,438.55,103059.25,0,True,3
SHP-001646,PROD-0022,SUP-02,WH-02,2024-07-27,2024-07-28,2024-07-28,280,438.55,122794.0,0,True,3
SHP-001647,PROD-0022,SUP-02,WH-02,2024-08-10,2024-08-19,2024-08-19,487,438.55,213573.85,0,True,6
SHP-001648,PROD-0022,SUP-02,WH-02,2024-08-24,2024-09-05,2024-09-05,170,438.55,74553.5,0,True,2
SHP-001649,PROD-0022,SUP-02,WH-02,2024-09-07,2024-09-11,2024-09-11,430,438.55,188576.5,0,True,5
SHP-001650,PROD-0022,SUP-02,WH-02,2024-09-21,2024-09-22,2024-09-22,157,438.55,68852.35,0,True,2
SHP-001651,PROD-0022,SUP-02,WH-02,2024-10-05,2024-10-06,2024-10-06,98,438.55,42977.9,0,True,1
SHP-001652,PROD-0022,SUP-02,WH-02,2024-10-19,2024-10-21,2024-10-21,292,438.55,128056.6,0,True,3
SHP-001653,PROD-0022,SUP-02,WH-02,2024-11-02,2024-11-18,2024-11-18,444,438.55,194716.2,0,True,5
SHP-001654,PROD-0022,SUP-02,WH-02,2024-11-16,2024-11-17,2024-11-17,92,438.55,40346.6,0,True,1
SHP-001655,PROD-0022,SUP-02,WH-02,2024-11-30,2024-12-25,2024-12-25,129,438.55,56572.95,0,True,1
SHP-001656,PROD-0022,SUP-02,WH-02,2024-12-14,2024-12-15,2024-12-15,249,438.55,109198.95,0,True,3
SHP-001657,PROD-0022,SUP-02,WH-02,2024-12-28,2025-01-10,2025-01-10,427,438.55,187260.85,0,True,5
SHP-001658,PROD-0023,SUP-03,WH-03,2022-01-01,2022-02-13,2022-02-13,117,314.52,36798.84,0,True,15
SHP-001659,PROD-0023,SUP-03,WH-03,2022-01-15,2022-02-25,2022-03-06,64,314.52,20129.28,9,False,8
SHP-001660,PROD-0023,SUP-03,WH-03,2022-01-29,2022-03-14,2022-03-14,490,314.52,154114.8,0,True,66
SHP-001661,PROD-0023,SUP-03,WH-03,2022-02-12,2022-03-22,2022-03-28,289,314.52,90896.28,6,False,39
SHP-001662,PROD-0023,SUP-03,WH-03,2022-02-26,2022-04-10,2022-04-10,189,314.52,59444.28,0,True,25
SHP-001663,PROD-0023,SUP-03,WH-03,2022-03-12,2022-04-20,2022-04-20,407,314.52,128009.64,0,True,55
SHP-001664,PROD-0023,SUP-03,WH-03,2022-03-26,2022-05-08,2022-05-08,355,314.52,111654.6,0,True,47
SHP-001665,PROD-0023,SUP-03,WH-03,2022-04-09,2022-05-23,2022-05-23,375,314.52,117945.0,0,True,50
SHP-001666,PROD-0023,SUP-03,WH-03,2022-04-23,2022-06-03,2022-06-03,377,314.52,118574.04,0,True,50
SHP-001667,PROD-0023,SUP-03,WH-03,2022-05-07,2022-06-24,2022-06-24,227,314.52,71396.04,0,True,30
SHP-001668,PROD-0023,SUP-03,WH-03,2022-05-21,2022-07-04,2022-07-04,462,314.52,145308.24,0,True,62
SHP-001669,PROD-0023,SUP-03,WH-03,2022-06-04,2022-07-18,2022-07-18,237,314.52,74541.24,0,True,32
SHP-001670,PROD-0023,SUP-03,WH-03,2022-06-18,2022-07-30,2022-07-30,205,314.52,64476.6,0,True,27
SHP-001671,PROD-0023,SUP-03,WH-03,2022-07-02,2022-08-13,2022-08-13,467,314.52,146880.84,0,True,63
SHP-001672,PROD-0023,SUP-03,WH-03,2022-07-16,2022-08-30,2022-09-12,226,314.52,71081.52,13,False,30
SHP-001673,PROD-0023,SUP-03,WH-03,2022-07-30,2022-09-15,2022-09-15,54,314.52,16984.08,0,True,7
SHP-001674,PROD-0023,SUP-03,WH-03,2022-08-13,2022-09-23,2022-10-05,436,314.52,137130.72,12,False,58
SHP-001675,PROD-0023,SUP-03,WH-03,2022-08-27,2022-10-08,2022-10-08,442,314.52,139017.84,0,True,59
SHP-001676,PROD-0023,SUP-03,WH-03,2022-09-10,2022-10-23,2022-10-30,355,314.52,111654.6,7,False,47
SHP-001677,PROD-0023,SUP-03,WH-03,2022-09-24,2022-11-08,2022-11-12,330,314.52,103791.6,4,False,44
SHP-001678,PROD-0023,SUP-03,WH-03,2022-10-08,2022-11-18,2022-11-18,337,314.52,105993.24,0,True,45
SHP-001679,PROD-0023,SUP-03,WH-03,2022-10-22,2022-12-01,2022-12-01,133,314.52,41831.16,0,True,17
SHP-001680,PROD-0023,SUP-03,WH-03,2022-11-05,2022-12-15,2022-12-27,249,314.52,78315.48,12,False,33
SHP-001681,PROD-0023,SUP-03,WH-03,2022-11-19,2023-01-02,2023-01-02,184,314.52,57871.68,0,True,24
SHP-001682,PROD-0023,SUP-03,WH-03,2022-12-03,2023-01-16,2023-01-16,172,314.52,54097.44,0,True,23
SHP-001683,PROD-0023,SUP-03,WH-03,2022-12-17,2023-01-25,2023-02-03,363,314.52,114170.76,9,False,49
SHP-001684,PROD-0023,SUP-03,WH-03,2022-12-31,2023-02-15,2023-02-15,189,314.52,59444.28,0,True,25
SHP-001685,PROD-0023,SUP-03,WH-03,2023-01-14,2023-02-22,2023-02-22,322,314.52,101275.44,0,True,43
SHP-001686,PROD-0023,SUP-03,WH-03,2023-01-28,2023-03-10,2023-03-10,146,314.52,45919.92,0,True,19
SHP-001687,PROD-0023,SUP-03,WH-03,2023-02-11,2023-03-23,2023-03-23,119,314.52,37427.88,0,True,16
SHP-001688,PROD-0023,SUP-03,WH-03,2023-02-25,2023-04-10,2023-04-10,283,314.52,89009.16,0,True,38
SHP-001689,PROD-0023,SUP-03,WH-03,2023-03-11,2023-04-25,2023-04-25,408,314.52,128324.16,0,True,55
SHP-001690,PROD-0023,SUP-03,WH-03,2023-03-25,2023-05-08,2023-05-08,214,314.52,67307.28,0,True,28
SHP-001691,PROD-0023,SUP-03,WH-03,2023-04-08,2023-05-20,2023-05-20,323,314.52,101589.96,0,True,43
SHP-001692,PROD-0023,SUP-03,WH-03,2023-04-22,2023-06-04,2023-06-04,102,314.52,32081.04,0,True,13
SHP-001693,PROD-0023,SUP-03,WH-03,2023-05-06,2023-06-17,2023-06-17,416,314.52,130840.32,0,True,56
SHP-001694,PROD-0023,SUP-03,WH-03,2023-05-20,2023-07-02,2023-07-02,169,314.52,53153.88,0,True,22
SHP-001695,PROD-0023,SUP-03,WH-03,2023-06-03,2023-07-17,2023-07-17,302,314.52,94985.04,0,True,40
SHP-001696,PROD-0023,SUP-03,WH-03,2023-06-17,2023-07-29,2023-07-29,209,314.52,65734.68,0,True,28
SHP-001697,PROD-0023,SUP-03,WH-03,2023-07-01,2023-08-11,2023-08-24,240,314.52,75484.8,13,False,32
SHP-001698,PROD-0023,SUP-03,WH-03,2023-07-15,2023-08-28,2023-08-28,66,314.52,20758.32,0,True,8
SHP-001699,PROD-0023,SUP-03,WH-03,2023-07-29,2023-09-06,2023-09-06,434,314.52,136501.68,0,True,58
SHP-001700,PROD-0023,SUP-03,WH-03,2023-08-12,2023-09-25,2023-09-25,447,314.52,140590.44,0,True,60
SHP-001701,PROD-0023,SUP-03,WH-03,2023-08-26,2023-10-11,2023-10-11,290,314.52,91210.8,0,True,39
SHP-001702,PROD-0023,SUP-03,WH-03,2023-09-09,2023-10-20,2023-10-20,480,314.52,150969.6,0,True,64
SHP-001703,PROD-0023,SUP-03,WH-03,2023-09-23,2023-11-04,2023-11-09,474,314.52,149082.48,5,False,64
SHP-001704,PROD-0023,SUP-03,WH-03,2023-10-07,2023-11-18,2023-11-18,443,314.52,139332.36,0,True,59
SHP-001705,PROD-0023,SUP-03,WH-03,2023-10-21,2023-12-02,2023-12-02,444,314.52,139646.88,0,True,60
SHP-001706,PROD-0023,SUP-03,WH-03,2023-11-04,2023-12-17,2023-12-17,67,314.52,21072.84,0,True,9
SHP-001707,PROD-0023,SUP-03,WH-03,2023-11-18,2023-12-30,2023-12-30,444,314.52,139646.88,0,True,60
SHP-001708,PROD-0023,SUP-03,WH-03,2023-12-02,2024-01-12,2024-01-12,156,314.52,49065.12,0,True,21
SHP-001709,PROD-0023,SUP-03,WH-03,2023-12-16,2024-01-28,2024-01-28,209,314.52,65734.68,0,True,28
SHP-001710,PROD-0023,SUP-03,WH-03,2023-12-30,2024-02-12,2024-02-12,422,314.52,132727.44,0,True,57
SHP-001711,PROD-0023,SUP-03,WH-03,2024-01-13,2024-02-24,2024-02-25,331,314.52,104106.12,1,False,44
SHP-001712,PROD-0023,SUP-03,WH-03,2024-01-27,2024-03-08,2024-03-08,296,314.52,93097.92,0,True,40
SHP-001713,PROD-0023,SUP-03,WH-03,2024-02-10,2024-03-26,2024-03-26,234,314.52,73597.68,0,True,31
SHP-001714,PROD-0023,SUP-03,WH-03,2024-02-24,2024-04-07,2024-04-08,161,314.52,50637.72,1,False,21
SHP-001715,PROD-0023,SUP-03,WH-03,2024-03-09,2024-04-17,2024-04-17,272,314.52,85549.44,0,True,36
SHP-001716,PROD-0023,SUP-03,WH-03,2024-03-23,2024-05-07,2024-05-07,456,314.52,143421.12,0,True,61
SHP-001717,PROD-0023,SUP-03,WH-03,2024-04-06,2024-05-16,2024-05-16,252,314.52,79259.04,0,True,34
SHP-001718,PROD-0023,SUP-03,WH-03,2024-04-20,2024-06-01,2024-06-01,71,314.52,22330.92,0,True,9
SHP-001719,PROD-0023,SUP-03,WH-03,2024-05-04,2024-06-15,2024-06-25,293,314.52,92154.36,10,False,39
SHP-001720,PROD-0023,SUP-03,WH-03,2024-05-18,2024-06-28,2024-06-28,240,314.52,75484.8,0,True,32
SHP-001721,PROD-0023,SUP-03,WH-03,2024-06-01,2024-07-15,2024-07-15,130,314.52,40887.6,0,True,17
SHP-001722,PROD-0023,SUP-03,WH-03,2024-06-15,2024-07-31,2024-07-31,366,314.52,115114.32,0,True,49
SHP-001723,PROD-0023,SUP-03,WH-03,2024-06-29,2024-08-12,2024-08-18,438,314.52,137759.76,6,False,59
SHP-001724,PROD-0023,SUP-03,WH-03,2024-07-13,2024-08-26,2024-08-26,232,314.52,72968.64,0,True,31
SHP-001725,PROD-0023,SUP-03,WH-03,2024-07-27,2024-09-07,2024-09-07,324,314.52,101904.48,0,True,43
SHP-001726,PROD-0023,SUP-03,WH-03,2024-08-10,2024-09-26,2024-09-26,299,314.52,94041.48,0,True,40
SHP-001727,PROD-0023,SUP-03,WH-03,2024-08-24,2024-10-06,2024-10-06,335,314.52,105364.2,0,True,45
SHP-001728,PROD-0023,SUP-03,WH-03,2024-09-07,2024-10-22,2024-10-22,227,314.52,71396.04,0,True,30
SHP-001729,PROD-0023,SUP-03,WH-03,2024-09-21,2024-11-01,2024-11-14,425,314.52,133671.0,13,False,57
SHP-001730,PROD-0023,SUP-03,WH-03,2024-10-05,2024-11-20,2024-11-20,243,314.52,76428.36,0,True,32
SHP-001731,PROD-0023,SUP-03,WH-03,2024-10-19,2024-11-26,2024-11-26,178,314.52,55984.56,0,True,24
SHP-001732,PROD-0023,SUP-03,WH-03,2024-11-02,2024-12-11,2024-12-11,274,314.52,86178.48,0,True,37
SHP-001733,PROD-0023,SUP-03,WH-03,2024-11-16,2024-12-30,2024-12-30,406,314.52,127695.12,0,True,54
SHP-001734,PROD-0023,SUP-03,WH-03,2024-11-30,2025-01-09,2025-01-09,145,314.52,45605.4,0,True,19
SHP-001735,PROD-0023,SUP-03,WH-03,2024-12-14,2025-01-24,2025-01-24,424,314.52,133356.48,0,True,57
SHP-001736,PROD-0023,SUP-03,WH-03,2024-12-28,2025-02-08,2025-02-08,475,314.52,149397.0,0,True,64
SHP-001737,PROD-0024,SUP-04,WH-04,2022-01-01,2022-02-09,2022-02-09,85,271.99,23119.15,0,True,3
SHP-001738,PROD-0024,SUP-04,WH-04,2022-01-20,2022-03-13,2022-03-13,201,271.99,54669.99,0,True,7
SHP-001739,PROD-0024,SUP-04,WH-04,2022-02-08,2022-03-19,2022-03-19,237,271.99,64461.63,0,True,8
SHP-001740,PROD-0024,SUP-04,WH-04,2022-02-27,2022-03-28,2022-03-28,376,271.99,102268.24,0,True,13
SHP-001741,PROD-0024,SUP-04,WH-04,2022-03-18,2022-04-27,2022-04-27,144,271.99,39166.56,0,True,5
SHP-001742,PROD-0024,SUP-04,WH-04,2022-04-06,2022-05-10,2022-05-10,236,271.99,64189.64,0,True,8
SHP-001743,PROD-0024,SUP-04,WH-04,2022-04-25,2022-06-01,2022-06-01,214,271.99,58205.86,0,True,7
SHP-001744,PROD-0024,SUP-04,WH-04,2022-05-14,2022-06-23,2022-06-23,325,271.99,88396.75,0,True,11
SHP-001745,PROD-0024,SUP-04,WH-04,2022-06-02,2022-07-16,2022-07-16,318,271.99,86492.82,0,True,11
SHP-001746,PROD-0024,SUP-04,WH-04,2022-06-21,2022-08-02,2022-08-02,332,271.99,90300.68,0,True,12
SHP-001747,PROD-0024,SUP-04,WH-04,2022-07-10,2022-08-18,2022-08-18,215,271.99,58477.85,0,True,7
SHP-001748,PROD-0024,SUP-04,WH-04,2022-07-29,2022-09-13,2022-09-13,106,271.99,28830.94,0,True,3
SHP-001749,PROD-0024,SUP-04,WH-04,2022-08-17,2022-09-27,2022-09-27,84,271.99,22847.16,0,True,3
SHP-001750,PROD-0024,SUP-04,WH-04,2022-09-05,2022-10-17,2022-10-17,116,271.99,31550.84,0,True,4
SHP-001751,PROD-0024,SUP-04,WH-04,2022-09-24,2022-10-19,2022-10-19,153,271.99,41614.47,0,True,5
SHP-001752,PROD-0024,SUP-04,WH-04,2022-10-13,2022-12-02,2022-12-02,100,271.99,27199.0,0,True,3
SHP-001753,PROD-0024,SUP-04,WH-04,2022-11-01,2022-12-04,2022-12-04,478,271.99,130011.22,0,True,17
SHP-001754,PROD-0024,SUP-04,WH-04,2022-11-20,2022-12-23,2022-12-23,319,271.99,86764.81,0,True,11
SHP-001755,PROD-0024,SUP-04,WH-04,2022-12-09,2023-01-19,2023-01-19,181,271.99,49230.19,0,True,6
SHP-001756,PROD-0024,SUP-04,WH-04,2022-12-28,2023-01-30,2023-01-30,360,271.99,97916.4,0,True,13
SHP-001757,PROD-0024,SUP-04,WH-04,2023-01-16,2023-02-18,2023-02-18,156,271.99,42430.44,0,True,5
SHP-001758,PROD-0024,SUP-04,WH-04,2023-02-04,2023-03-27,2023-03-27,476,271.99,129467.24,0,True,17
SHP-001759,PROD-0024,SUP-04,WH-04,2023-02-23,2023-04-14,2023-04-14,377,271.99,102540.23,0,True,13
SHP-001760,PROD-0024,SUP-04,WH-04,2023-03-14,2023-04-20,2023-04-20,430,271.99,116955.7,0,True,15
SHP-001761,PROD-0024,SUP-04,WH-04,2023-04-02,2023-05-07,2023-05-07,456,271.99,124027.44,0,True,16
SHP-001762,PROD-0024,SUP-04,WH-04,2023-04-21,2023-05-26,2023-05-26,365,271.99,99276.35,0,True,13
SHP-001763,PROD-0024,SUP-04,WH-04,2023-05-10,2023-05-27,2023-05-27,425,271.99,115595.75,0,True,15
SHP-001764,PROD-0024,SUP-04,WH-04,2023-05-29,2023-07-13,2023-07-13,89,271.99,24207.11,0,True,3
SHP-001765,PROD-0024,SUP-04,WH-04,2023-06-17,2023-07-27,2023-07-31,99,271.99,26927.01,4,False,3
SHP-001766,PROD-0024,SUP-04,WH-04,2023-07-06,2023-08-09,2023-08-09,322,271.99,87580.78,0,True,11
SHP-001767,PROD-0024,SUP-04,WH-04,2023-07-25,2023-09-18,2023-09-18,319,271.99,86764.81,0,True,11
SHP-001768,PROD-0024,SUP-04,WH-04,2023-08-13,2023-09-07,2023-09-07,370,271.99,100636.3,0,True,13
SHP-001769,PROD-0024,SUP-04,WH-04,2023-09-01,2023-10-20,2023-10-20,335,271.99,91116.65,0,True,12
SHP-001770,PROD-0024,SUP-04,WH-04,2023-09-20,2023-10-21,2023-10-21,442,271.99,120219.58,0,True,16
SHP-001771,PROD-0024,SUP-04,WH-04,2023-10-09,2023-11-30,2023-11-30,395,271.99,107436.05,0,True,14
SHP-001772,PROD-0024,SUP-04,WH-04,2023-10-28,2023-12-16,2023-12-16,268,271.99,72893.32,0,True,9
SHP-001773,PROD-0024,SUP-04,WH-04,2023-11-16,2023-12-16,2023-12-16,142,271.99,38622.58,0,True,5
SHP-001774,PROD-0024,SUP-04,WH-04,2023-12-05,2024-01-17,2024-01-17,222,271.99,60381.78,0,True,8
SHP-001775,PROD-0024,SUP-04,WH-04,2023-12-24,2024-02-04,2024-02-04,357,271.99,97100.43,0,True,13
SHP-001776,PROD-0024,SUP-04,WH-04,2024-01-12,2024-02-15,2024-02-23,211,271.99,57389.89,8,False,7
SHP-001777,PROD-0024,SUP-04,WH-04,2024-01-31,2024-03-16,2024-03-25,216,271.99,58749.84,9,False,7
SHP-001778,PROD-0024,SUP-04,WH-04,2024-02-19,2024-04-05,2024-04-05,441,271.99,119947.59,0,True,16
SHP-001779,PROD-0024,SUP-04,WH-04,2024-03-09,2024-04-21,2024-04-21,421,271.99,114507.79,0,True,15
SHP-001780,PROD-0024,SUP-04,WH-04,2024-03-28,2024-05-01,2024-05-01,338,271.99,91932.62,0,True,12
SHP-001781,PROD-0024,SUP-04,WH-04,2024-04-16,2024-06-05,2024-06-05,442,271.99,120219.58,0,True,16
SHP-001782,PROD-0024,SUP-04,WH-04,2024-05-05,2024-06-08,2024-06-08,180,271.99,48958.2,0,True,6
SHP-001783,PROD-0024,SUP-04,WH-04,2024-05-24,2024-06-30,2024-07-06,279,271.99,75885.21,6,False,10
SHP-001784,PROD-0024,SUP-04,WH-04,2024-06-12,2024-07-20,2024-07-20,67,271.99,18223.33,0,True,2
SHP-001785,PROD-0024,SUP-04,WH-04,2024-07-01,2024-08-11,2024-08-11,315,271.99,85676.85,0,True,11
SHP-001786,PROD-0024,SUP-04,WH-04,2024-07-20,2024-08-25,2024-08-28,204,271.99,55485.96,3,False,7
SHP-001787,PROD-0024,SUP-04,WH-04,2024-08-08,2024-09-14,2024-09-14,163,271.99,44334.37,0,True,5
SHP-001788,PROD-0024,SUP-04,WH-04,2024-08-27,2024-09-24,2024-09-24,61,271.99,16591.39,0,True,2
SHP-001789,PROD-0024,SUP-04,WH-04,2024-09-15,2024-10-09,2024-10-09,403,271.99,109611.97,0,True,14
SHP-001790,PROD-0024,SUP-04,WH-04,2024-10-04,2024-11-17,2024-11-17,333,271.99,90572.67,0,True,12
SHP-001791,PROD-0024,SUP-04,WH-04,2024-10-23,2024-12-07,2024-12-07,342,271.99,93020.58,0,True,12
SHP-001792,PROD-0024,SUP-04,WH-04,2024-11-11,2025-01-07,2025-01-07,285,271.99,77517.15,0,True,10
SHP-001793,PROD-0024,SUP-04,WH-04,2024-11-30,2025-01-09,2025-01-09,185,271.99,50318.15,0,True,6
SHP-001794,PROD-0024,SUP-04,WH-04,2024-12-19,2025-01-19,2025-01-19,177,271.99,48142.23,0,True,6
SHP-001795,PROD-0025,SUP-05,WH-05,2022-01-01,2022-01-25,2022-01-30,97,60.37,5855.89,5,False,13
SHP-001796,PROD-0025,SUP-05,WH-05,2022-01-14,2022-02-08,2022-02-08,161,60.37,9719.57,0,True,22
SHP-001797,PROD-0025,SUP-05,WH-05,2022-01-27,2022-02-22,2022-02-22,216,60.37,13039.92,0,True,30
SHP-001798,PROD-0025,SUP-05,WH-05,2022-02-09,2022-03-06,2022-03-06,299,60.37,18050.63,0,True,41
SHP-001799,PROD-0025,SUP-05,WH-05,2022-02-22,2022-03-20,2022-04-03,409,60.37,24691.33,14,False,57
SHP-001800,PROD-0025,SUP-05,WH-05,2022-03-07,2022-04-02,2022-04-12,98,60.37,5916.26,10,False,13
SHP-001801,PROD-0025,SUP-05,WH-05,2022-03-20,2022-04-15,2022-04-15,69,60.37,4165.53,0,True,9
SHP-001802,PROD-0025,SUP-05,WH-05,2022-04-02,2022-04-26,2022-05-08,245,60.37,14790.65,12,False,34
SHP-001803,PROD-0025,SUP-05,WH-05,2022-04-15,2022-05-12,2022-05-14,444,60.37,26804.28,2,False,62
SHP-001804,PROD-0025,SUP-05,WH-05,2022-04-28,2022-05-26,2022-05-26,468,60.37,28253.16,0,True,65
SHP-001805,PROD-0025,SUP-05,WH-05,2022-05-11,2022-06-04,2022-06-04,494,60.37,29822.78,0,True,69
SHP-001806,PROD-0025,SUP-05,WH-05,2022-05-24,2022-06-18,2022-06-20,166,60.37,10021.42,2,False,23
SHP-001807,PROD-0025,SUP-05,WH-05,2022-06-06,2022-06-30,2022-06-30,358,60.37,21612.46,0,True,50
SHP-001808,PROD-0025,SUP-05,WH-05,2022-06-19,2022-07-15,2022-07-15,373,60.37,22518.01,0,True,52
SHP-001809,PROD-0025,SUP-05,WH-05,2022-07-02,2022-07-28,2022-07-28,318,60.37,19197.66,0,True,44
SHP-001810,PROD-0025,SUP-05,WH-05,2022-07-15,2022-08-09,2022-08-09,339,60.37,20465.43,0,True,47
SHP-001811,PROD-0025,SUP-05,WH-05,2022-07-28,2022-08-24,2022-08-24,407,60.37,24570.59,0,True,56
SHP-001812,PROD-0025,SUP-05,WH-05,2022-08-10,2022-09-06,2022-09-06,394,60.37,23785.78,0,True,55
SHP-001813,PROD-0025,SUP-05,WH-05,2022-08-23,2022-09-16,2022-09-28,278,60.37,16782.86,12,False,38
SHP-001814,PROD-0025,SUP-05,WH-05,2022-09-05,2022-10-01,2022-10-01,308,60.37,18593.96,0,True,43
SHP-001815,PROD-0025,SUP-05,WH-05,2022-09-18,2022-10-14,2022-10-14,198,60.37,11953.26,0,True,27
SHP-001816,PROD-0025,SUP-05,WH-05,2022-10-01,2022-10-27,2022-10-27,117,60.37,7063.29,0,True,16
SHP-001817,PROD-0025,SUP-05,WH-05,2022-10-14,2022-11-08,2022-11-08,342,60.37,20646.54,0,True,47
SHP-001818,PROD-0025,SUP-05,WH-05,2022-10-27,2022-11-22,2022-11-22,254,60.37,15333.98,0,True,35
SHP-001819,PROD-0025,SUP-05,WH-05,2022-11-09,2022-12-03,2022-12-03,306,60.37,18473.22,0,True,42
SHP-001820,PROD-0025,SUP-05,WH-05,2022-11-22,2022-12-19,2022-12-26,116,60.37,7002.92,7,False,16
SHP-001821,PROD-0025,SUP-05,WH-05,2022-12-05,2022-12-30,2022-12-30,336,60.37,20284.32,0,True,47
SHP-001822,PROD-0025,SUP-05,WH-05,2022-12-18,2023-01-12,2023-01-12,383,60.37,23121.71,0,True,53
SHP-001823,PROD-0025,SUP-05,WH-05,2022-12-31,2023-01-24,2023-01-24,365,60.37,22035.05,0,True,51
SHP-001824,PROD-0025,SUP-05,WH-05,2023-01-13,2023-02-09,2023-02-09,174,60.37,10504.38,0,True,24
SHP-001825,PROD-0025,SUP-05,WH-05,2023-01-26,2023-02-22,2023-02-22,270,60.37,16299.9,0,True,37
SHP-001826,PROD-0025,SUP-05,WH-05,2023-02-08,2023-03-06,2023-03-06,344,60.37,20767.28,0,True,48
SHP-001827,PROD-0025,SUP-05,WH-05,2023-02-21,2023-03-17,2023-03-17,261,60.37,15756.57,0,True,36
SHP-001828,PROD-0025,SUP-05,WH-05,2023-03-06,2023-03-31,2023-03-31,147,60.37,8874.39,0,True,20
SHP-001829,PROD-0025,SUP-05,WH-05,2023-03-19,2023-04-13,2023-04-13,385,60.37,23242.45,0,True,53
SHP-001830,PROD-0025,SUP-05,WH-05,2023-04-01,2023-04-26,2023-04-27,136,60.37,8210.32,1,False,19
SHP-001831,PROD-0025,SUP-05,WH-05,2023-04-14,2023-05-10,2023-05-10,461,60.37,27830.57,0,True,64
SHP-001832,PROD-0025,SUP-05,WH-05,2023-04-27,2023-05-23,2023-05-23,275,60.37,16601.75,0,True,38
SHP-001833,PROD-0025,SUP-05,WH-05,2023-05-10,2023-06-05,2023-06-06,169,60.37,10202.53,1,False,23
SHP-001834,PROD-0025,SUP-05,WH-05,2023-05-23,2023-06-16,2023-06-16,129,60.37,7787.73,0,True,18
SHP-001835,PROD-0025,SUP-05,WH-05,2023-06-05,2023-06-30,2023-07-13,93,60.37,5614.41,13,False,13
SHP-001836,PROD-0025,SUP-05,WH-05,2023-06-18,2023-07-13,2023-07-15,174,60.37,10504.38,2,False,24
SHP-001837,PROD-0025,SUP-05,WH-05,2023-07-01,2023-07-26,2023-08-05,494,60.37,29822.78,10,False,69
SHP-001838,PROD-0025,SUP-05,WH-05,2023-07-14,2023-08-10,2023-08-24,57,60.37,3441.09,14,False,7
SHP-001839,PROD-0025,SUP-05,WH-05,2023-07-27,2023-08-21,2023-08-21,106,60.37,6399.22,0,True,14
SHP-001840,PROD-0025,SUP-05,WH-05,2023-08-09,2023-09-04,2023-09-04,61,60.37,3682.57,0,True,8
SHP-001841,PROD-0025,SUP-05,WH-05,2023-08-22,2023-09-18,2023-09-18,325,60.37,19620.25,0,True,45
SHP-001842,PROD-0025,SUP-05,WH-05,2023-09-04,2023-09-29,2023-09-29,317,60.37,19137.29,0,True,44
SHP-001843,PROD-0025,SUP-05,WH-05,2023-09-17,2023-10-13,2023-10-13,297,60.37,17929.89,0,True,41
SHP-001844,PROD-0025,SUP-05,WH-05,2023-09-30,2023-10-26,2023-11-05,122,60.37,7365.14,10,False,17
SHP-001845,PROD-0025,SUP-05,WH-05,2023-10-13,2023-11-09,2023-11-09,59,60.37,3561.83,0,True,8
SHP-001846,PROD-0025,SUP-05,WH-05,2023-10-26,2023-11-23,2023-11-23,389,60.37,23483.93,0,True,54
SHP-001847,PROD-0025,SUP-05,WH-05,2023-11-08,2023-12-04,2023-12-04,137,60.37,8270.69,0,True,19
SHP-001848,PROD-0025,SUP-05,WH-05,2023-11-21,2023-12-18,2023-12-18,454,60.37,27407.98,0,True,63
SHP-001849,PROD-0025,SUP-05,WH-05,2023-12-04,2023-12-31,2023-12-31,77,60.37,4648.49,0,True,10
SHP-001850,PROD-0025,SUP-05,WH-05,2023-12-17,2024-01-13,2024-01-13,54,60.37,3259.98,0,True,7
SHP-001851,PROD-0025,SUP-05,WH-05,2023-12-30,2024-01-25,2024-01-25,188,60.37,11349.56,0,True,26
SHP-001852,PROD-0025,SUP-05,WH-05,2024-01-12,2024-02-07,2024-02-18,387,60.37,23363.19,11,False,54
SHP-001853,PROD-0025,SUP-05,WH-05,2024-01-25,2024-02-21,2024-02-27,59,60.37,3561.83,6,False,8
SHP-001854,PROD-0025,SUP-05,WH-05,2024-02-07,2024-03-02,2024-03-07,382,60.37,23061.34,5,False,53
SHP-001855,PROD-0025,SUP-05,WH-05,2024-02-20,2024-03-16,2024-03-16,244,60.37,14730.28,0,True,34
SHP-001856,PROD-0025,SUP-05,WH-05,2024-03-04,2024-03-31,2024-04-09,100,60.37,6037.0,9,False,14
SHP-001857,PROD-0025,SUP-05,WH-05,2024-03-17,2024-04-10,2024-04-10,355,60.37,21431.35,0,True,49
SHP-001858,PROD-0025,SUP-05,WH-05,2024-03-30,2024-04-27,2024-04-27,151,60.37,9115.87,0,True,21
SHP-001859,PROD-0025,SUP-05,WH-05,2024-04-12,2024-05-06,2024-05-15,337,60.37,20344.69,9,False,47
SHP-001860,PROD-0025,SUP-05,WH-05,2024-04-25,2024-05-22,2024-05-22,176,60.37,10625.12,0,True,24
SHP-001861,PROD-0025,SUP-05,WH-05,2024-05-08,2024-06-01,2024-06-01,300,60.37,18111.0,0,True,42
SHP-001862,PROD-0025,SUP-05,WH-05,2024-05-21,2024-06-16,2024-06-23,59,60.37,3561.83,7,False,8
SHP-001863,PROD-0025,SUP-05,WH-05,2024-06-03,2024-06-28,2024-06-28,231,60.37,13945.47,0,True,32
SHP-001864,PROD-0025,SUP-05,WH-05,2024-06-16,2024-07-12,2024-07-12,306,60.37,18473.22,0,True,42
SHP-001865,PROD-0025,SUP-05,WH-05,2024-06-29,2024-07-25,2024-07-30,370,60.37,22336.9,5,False,51
SHP-001866,PROD-0025,SUP-05,WH-05,2024-07-12,2024-08-07,2024-08-12,467,60.37,28192.79,5,False,65
SHP-001867,PROD-0025,SUP-05,WH-05,2024-07-25,2024-08-20,2024-08-21,193,60.37,11651.41,1,False,27
SHP-001868,PROD-0025,SUP-05,WH-05,2024-08-07,2024-09-02,2024-09-02,251,60.37,15152.87,0,True,35
SHP-001869,PROD-0025,SUP-05,WH-05,2024-08-20,2024-09-15,2024-09-15,423,60.37,25536.51,0,True,59
SHP-001870,PROD-0025,SUP-05,WH-05,2024-09-02,2024-09-28,2024-09-28,397,60.37,23966.89,0,True,55
SHP-001871,PROD-0025,SUP-05,WH-05,2024-09-15,2024-10-10,2024-10-20,401,60.37,24208.37,10,False,56
SHP-001872,PROD-0025,SUP-05,WH-05,2024-09-28,2024-10-23,2024-10-23,343,60.37,20706.91,0,True,48
SHP-001873,PROD-0025,SUP-05,WH-05,2024-10-11,2024-11-07,2024-11-07,209,60.37,12617.33,0,True,29
SHP-001874,PROD-0025,SUP-05,WH-05,2024-10-24,2024-11-19,2024-11-19,327,60.37,19740.99,0,True,45
SHP-001875,PROD-0025,SUP-05,WH-05,2024-11-06,2024-12-01,2024-12-01,120,60.37,7244.4,0,True,16
SHP-001876,PROD-0025,SUP-05,WH-05,2024-11-19,2024-12-15,2024-12-15,459,60.37,27709.83,0,True,64
SHP-001877,PROD-0025,SUP-05,WH-05,2024-12-02,2024-12-28,2025-01-01,208,60.37,12556.96,4,False,29
SHP-001878,PROD-0025,SUP-05,WH-05,2024-12-15,2025-01-11,2025-01-11,318,60.37,19197.66,0,True,44
SHP-001879,PROD-0025,SUP-05,WH-05,2024-12-28,2025-01-22,2025-01-22,444,60.37,26804.28,0,True,62
SHP-001880,PROD-0026,SUP-06,WH-01,2022-01-01,2022-01-25,2022-01-25,130,473.74,61586.2,0,True,4
SHP-001881,PROD-0026,SUP-06,WH-01,2022-01-13,2022-02-14,2022-02-14,322,473.74,152544.28,0,True,9
SHP-001882,PROD-0026,SUP-06,WH-01,2022-01-25,2022-02-15,2022-02-15,212,473.74,100432.88,0,True,6
SHP-001883,PROD-0026,SUP-06,WH-01,2022-02-06,2022-03-08,2022-03-08,422,473.74,199918.28,0,True,12
SHP-001884,PROD-0026,SUP-06,WH-01,2022-02-18,2022-03-18,2022-03-18,500,473.74,236870.0,0,True,15
SHP-001885,PROD-0026,SUP-06,WH-01,2022-03-02,2022-03-30,2022-04-06,205,473.74,97116.7,7,False,6
SHP-001886,PROD-0026,SUP-06,WH-01,2022-03-14,2022-04-03,2022-04-03,470,473.74,222657.8,0,True,14
SHP-001887,PROD-0026,SUP-06,WH-01,2022-03-26,2022-04-29,2022-04-29,190,473.74,90010.6,0,True,5
SHP-001888,PROD-0026,SUP-06,WH-01,2022-04-07,2022-05-10,2022-05-10,104,473.74,49268.96,0,True,3
SHP-001889,PROD-0026,SUP-06,WH-01,2022-04-19,2022-05-20,2022-05-20,440,473.74,208445.6,0,True,13
SHP-001890,PROD-0026,SUP-06,WH-01,2022-05-01,2022-06-07,2022-06-07,360,473.74,170546.4,0,True,11
SHP-001891,PROD-0026,SUP-06,WH-01,2022-05-13,2022-06-14,2022-06-14,355,473.74,168177.7,0,True,10
SHP-001892,PROD-0026,SUP-06,WH-01,2022-05-25,2022-06-27,2022-06-27,63,473.74,29845.62,0,True,1
SHP-001893,PROD-0026,SUP-06,WH-01,2022-06-06,2022-07-12,2022-07-12,449,473.74,212709.26,0,True,13
SHP-001894,PROD-0026,SUP-06,WH-01,2022-06-18,2022-07-21,2022-07-21,483,473.74,228816.42,0,True,14
SHP-001895,PROD-0026,SUP-06,WH-01,2022-06-30,2022-07-30,2022-07-30,382,473.74,180968.68,0,True,11
SHP-001896,PROD-0026,SUP-06,WH-01,2022-07-12,2022-08-10,2022-08-10,248,473.74,117487.52,0,True,7
SHP-001897,PROD-0026,SUP-06,WH-01,2022-07-24,2022-08-18,2022-08-18,133,473.74,63007.42,0,True,4
SHP-001898,PROD-0026,SUP-06,WH-01,2022-08-05,2022-09-05,2022-09-05,259,473.74,122698.66,0,True,7
SHP-001899,PROD-0026,SUP-06,WH-01,2022-08-17,2022-09-24,2022-10-07,188,473.74,89063.12,13,False,5
SHP-001900,PROD-0026,SUP-06,WH-01,2022-08-29,2022-10-02,2022-10-02,393,473.74,186179.82,0,True,12
SHP-001901,PROD-0026,SUP-06,WH-01,2022-09-10,2022-10-09,2022-10-09,83,473.74,39320.42,0,True,2
SHP-001902,PROD-0026,SUP-06,WH-01,2022-09-22,2022-10-28,2022-10-28,274,473.74,129804.76,0,True,8
SHP-001903,PROD-0026,SUP-06,WH-01,2022-10-04,2022-11-07,2022-11-07,402,473.74,190443.48,0,True,12
SHP-001904,PROD-0026,SUP-06,WH-01,2022-10-16,2022-11-13,2022-11-13,176,473.74,83378.24,0,True,5
SHP-001905,PROD-0026,SUP-06,WH-01,2022-10-28,2022-12-07,2022-12-07,71,473.74,33635.54,0,True,2
SHP-001906,PROD-0026,SUP-06,WH-01,2022-11-09,2022-12-03,2022-12-03,244,473.74,115592.56,0,True,7
SHP-001907,PROD-0026,SUP-06,WH-01,2022-11-21,2022-12-22,2022-12-22,363,473.74,171967.62,0,True,11
SHP-001908,PROD-0026,SUP-06,WH-01,2022-12-03,2022-12-30,2022-12-30,324,473.74,153491.76,0,True,9
SHP-001909,PROD-0026,SUP-06,WH-01,2022-12-15,2023-01-22,2023-01-22,410,473.74,194233.4,0,True,12
SHP-001910,PROD-0026,SUP-06,WH-01,2022-12-27,2023-01-20,2023-01-20,105,473.74,49742.7,0,True,3
SHP-001911,PROD-0026,SUP-06,WH-01,2023-01-08,2023-02-03,2023-02-03,499,473.74,236396.26,0,True,15
SHP-001912,PROD-0026,SUP-06,WH-01,2023-01-20,2023-03-06,2023-03-06,175,473.74,82904.5,0,True,5
SHP-001913,PROD-0026,SUP-06,WH-01,2023-02-01,2023-03-05,2023-03-05,426,473.74,201813.24,0,True,13
SHP-001914,PROD-0026,SUP-06,WH-01,2023-02-13,2023-03-21,2023-03-21,314,473.74,148754.36,0,True,9
SHP-001915,PROD-0026,SUP-06,WH-01,2023-02-25,2023-03-29,2023-03-29,75,473.74,35530.5,0,True,2
SHP-001916,PROD-0026,SUP-06,WH-01,2023-03-09,2023-04-08,2023-04-08,253,473.74,119856.22,0,True,7
SHP-001917,PROD-0026,SUP-06,WH-01,2023-03-21,2023-04-26,2023-04-26,196,473.74,92853.04,0,True,6
SHP-001918,PROD-0026,SUP-06,WH-01,2023-04-02,2023-05-03,2023-05-03,200,473.74,94748.0,0,True,6
SHP-001919,PROD-0026,SUP-06,WH-01,2023-04-14,2023-05-12,2023-05-12,403,473.74,190917.22,0,True,12
SHP-001920,PROD-0026,SUP-06,WH-01,2023-04-26,2023-06-02,2023-06-02,287,473.74,135963.38,0,True,8
SHP-001921,PROD-0026,SUP-06,WH-01,2023-05-08,2023-06-15,2023-06-15,96,473.74,45479.04,0,True,2
SHP-001922,PROD-0026,SUP-06,WH-01,2023-05-20,2023-06-25,2023-06-25,142,473.74,67271.08,0,True,4
SHP-001923,PROD-0026,SUP-06,WH-01,2023-06-01,2023-07-07,2023-07-07,406,473.74,192338.44,0,True,12
SHP-001924,PROD-0026,SUP-06,WH-01,2023-06-13,2023-07-16,2023-07-16,261,473.74,123646.14,0,True,8
SHP-001925,PROD-0026,SUP-06,WH-01,2023-06-25,2023-07-31,2023-07-31,141,473.74,66797.34,0,True,4
SHP-001926,PROD-0026,SUP-06,WH-01,2023-07-07,2023-08-03,2023-08-03,414,473.74,196128.36,0,True,12
SHP-001927,PROD-0026,SUP-06,WH-01,2023-07-19,2023-08-22,2023-08-22,96,473.74,45479.04,0,True,2
SHP-001928,PROD-0026,SUP-06,WH-01,2023-07-31,2023-09-01,2023-09-01,382,473.74,180968.68,0,True,11
SHP-001929,PROD-0026,SUP-06,WH-01,2023-08-12,2023-09-09,2023-09-09,417,473.74,197549.58,0,True,12
SHP-001930,PROD-0026,SUP-06,WH-01,2023-08-24,2023-10-05,2023-10-05,108,473.74,51163.92,0,True,3
SHP-001931,PROD-0026,SUP-06,WH-01,2023-09-05,2023-10-08,2023-10-08,235,473.74,111328.9,0,True,7
SHP-001932,PROD-0026,SUP-06,WH-01,2023-09-17,2023-10-13,2023-10-13,246,473.74,116540.04,0,True,7
SHP-001933,PROD-0026,SUP-06,WH-01,2023-09-29,2023-10-30,2023-10-30,311,473.74,147333.14,0,True,9
SHP-001934,PROD-0026,SUP-06,WH-01,2023-10-11,2023-11-13,2023-11-23,243,473.74,115118.82,10,False,7
SHP-001935,PROD-0026,SUP-06,WH-01,2023-10-23,2023-11-30,2023-11-30,443,473.74,209866.82,0,True,13
SHP-001936,PROD-0026,SUP-06,WH-01,2023-11-04,2023-12-09,2023-12-09,339,473.74,160597.86,0,True,10
SHP-001937,PROD-0026,SUP-06,WH-01,2023-11-16,2023-12-20,2023-12-20,126,473.74,59691.24,0,True,3
SHP-001938,PROD-0026,SUP-06,WH-01,2023-11-28,2024-01-01,2024-01-01,141,473.74,66797.34,0,True,4
SHP-001939,PROD-0026,SUP-06,WH-01,2023-12-10,2024-01-10,2024-01-10,264,473.74,125067.36,0,True,8
SHP-001940,PROD-0026,SUP-06,WH-01,2023-12-22,2024-01-22,2024-01-22,443,473.74,209866.82,0,True,13
SHP-001941,PROD-0026,SUP-06,WH-01,2024-01-03,2024-02-11,2024-02-11,142,473.74,67271.08,0,True,4
SHP-001942,PROD-0026,SUP-06,WH-01,2024-01-15,2024-02-28,2024-02-28,153,473.74,72482.22,0,True,4
SHP-001943,PROD-0026,SUP-06,WH-01,2024-01-27,2024-03-10,2024-03-10,179,473.74,84799.46,0,True,5
SHP-001944,PROD-0026,SUP-06,WH-01,2024-02-08,2024-03-04,2024-03-04,487,473.74,230711.38,0,True,14
SHP-001945,PROD-0026,SUP-06,WH-01,2024-02-20,2024-03-18,2024-03-18,52,473.74,24634.48,0,True,1
SHP-001946,PROD-0026,SUP-06,WH-01,2024-03-03,2024-04-01,2024-04-01,171,473.74,81009.54,0,True,5
SHP-001947,PROD-0026,SUP-06,WH-01,2024-03-15,2024-04-18,2024-04-18,293,473.74,138805.82,0,True,9
SHP-001948,PROD-0026,SUP-06,WH-01,2024-03-27,2024-04-20,2024-04-20,90,473.74,42636.6,0,True,2
SHP-001949,PROD-0026,SUP-06,WH-01,2024-04-08,2024-05-06,2024-05-06,175,473.74,82904.5,0,True,5
SHP-001950,PROD-0026,SUP-06,WH-01,2024-04-20,2024-05-24,2024-05-24,371,473.74,175757.54,0,True,11
SHP-001951,PROD-0026,SUP-06,WH-01,2024-05-02,2024-05-28,2024-05-28,156,473.74,73903.44,0,True,4
SHP-001952,PROD-0026,SUP-06,WH-01,2024-05-14,2024-06-17,2024-06-17,78,473.74,36951.72,0,True,2
SHP-001953,PROD-0026,SUP-06,WH-01,2024-05-26,2024-07-02,2024-07-02,124,473.74,58743.76,0,True,3
SHP-001954,PROD-0026,SUP-06,WH-01,2024-06-07,2024-07-15,2024-07-15,345,473.74,163440.3,0,True,10
SHP-001955,PROD-0026,SUP-06,WH-01,2024-06-19,2024-07-23,2024-07-23,219,473.74,103749.06,0,True,6
SHP-001956,PROD-0026,SUP-06,WH-01,2024-07-01,2024-08-07,2024-08-07,263,473.74,124593.62,0,True,8
SHP-001957,PROD-0026,SUP-06,WH-01,2024-07-13,2024-08-07,2024-08-07,195,473.74,92379.3,0,True,6
SHP-001958,PROD-0026,SUP-06,WH-01,2024-07-25,2024-08-29,2024-08-29,408,473.74,193285.92,0,True,12
SHP-001959,PROD-0026,SUP-06,WH-01,2024-08-06,2024-09-18,2024-09-18,337,473.74,159650.38,0,True,10
SHP-001960,PROD-0026,SUP-06,WH-01,2024-08-18,2024-09-09,2024-09-12,433,473.74,205129.42,3,False,13
SHP-001961,PROD-0026,SUP-06,WH-01,2024-08-30,2024-10-06,2024-10-06,68,473.74,32214.32,0,True,2
SHP-001962,PROD-0026,SUP-06,WH-01,2024-09-11,2024-10-15,2024-10-15,215,473.74,101854.1,0,True,6
SHP-001963,PROD-0026,SUP-06,WH-01,2024-09-23,2024-11-02,2024-11-02,469,473.74,222184.06,0,True,14
SHP-001964,PROD-0026,SUP-06,WH-01,2024-10-05,2024-10-30,2024-10-30,481,473.74,227868.94,0,True,14
SHP-001965,PROD-0026,SUP-06,WH-01,2024-10-17,2024-11-12,2024-11-12,291,473.74,137858.34,0,True,8
SHP-001966,PROD-0026,SUP-06,WH-01,2024-10-29,2024-12-08,2024-12-08,490,473.74,232132.6,0,True,15
SHP-001967,PROD-0026,SUP-06,WH-01,2024-11-10,2024-12-01,2024-12-01,261,473.74,123646.14,0,True,8
SHP-001968,PROD-0026,SUP-06,WH-01,2024-11-22,2024-12-13,2024-12-13,157,473.74,74377.18,0,True,4
SHP-001969,PROD-0026,SUP-06,WH-01,2024-12-04,2025-01-10,2025-01-10,342,473.74,162019.08,0,True,10
SHP-001970,PROD-0026,SUP-06,WH-01,2024-12-16,2025-01-03,2025-01-15,320,473.74,151596.8,12,False,9
SHP-001971,PROD-0026,SUP-06,WH-01,2024-12-28,2025-01-31,2025-01-31,402,473.74,190443.48,0,True,12
SHP-001972,PROD-0027,SUP-07,WH-02,2022-01-01,2022-01-02,2022-01-15,197,67.25,13248.25,13,False,9
SHP-001973,PROD-0027,SUP-07,WH-02,2022-01-20,2022-02-07,2022-02-07,212,67.25,14257.0,0,True,10
SHP-001974,PROD-0027,SUP-07,WH-02,2022-02-08,2022-02-22,2022-02-22,369,67.25,24815.25,0,True,17
SHP-001975,PROD-0027,SUP-07,WH-02,2022-02-27,2022-04-02,2022-04-08,364,67.25,24479.0,6,False,17
SHP-001976,PROD-0027,SUP-07,WH-02,2022-03-18,2022-03-22,2022-03-22,423,67.25,28446.75,0,True,20
SHP-001977,PROD-0027,SUP-07,WH-02,2022-04-06,2022-04-18,2022-04-18,463,67.25,31136.75,0,True,21
SHP-001978,PROD-0027,SUP-07,WH-02,2022-04-25,2022-05-13,2022-05-13,169,67.25,11365.25,0,True,8
SHP-001979,PROD-0027,SUP-07,WH-02,2022-05-14,2022-05-16,2022-05-16,149,67.25,10020.25,0,True,7
SHP-001980,PROD-0027,SUP-07,WH-02,2022-06-02,2022-06-09,2022-06-09,288,67.25,19368.0,0,True,13
SHP-001981,PROD-0027,SUP-07,WH-02,2022-06-21,2022-07-19,2022-07-19,427,67.25,28715.75,0,True,20
SHP-001982,PROD-0027,SUP-07,WH-02,2022-07-10,2022-07-25,2022-07-25,365,67.25,24546.25,0,True,17
SHP-001983,PROD-0027,SUP-07,WH-02,2022-07-29,2022-08-06,2022-08-06,220,67.25,14795.0,0,True,10
SHP-001984,PROD-0027,SUP-07,WH-02,2022-08-17,2022-09-04,2022-09-04,376,67.25,25286.0,0,True,17
SHP-001985,PROD-0027,SUP-07,WH-02,2022-09-05,2022-09-17,2022-09-17,153,67.25,10289.25,0,True,7
SHP-001986,PROD-0027,SUP-07,WH-02,2022-09-24,2022-10-07,2022-10-07,454,67.25,30531.5,0,True,21
SHP-001987,PROD-0027,SUP-07,WH-02,2022-10-13,2022-11-11,2022-11-11,309,67.25,20780.25,0,True,14
SHP-001988,PROD-0027,SUP-07,WH-02,2022-11-01,2022-11-19,2022-11-19,53,67.25,3564.25,0,True,2
SHP-001989,PROD-0027,SUP-07,WH-02,2022-11-20,2022-12-14,2022-12-14,224,67.25,15064.0,0,True,10
SHP-001990,PROD-0027,SUP-07,WH-02,2022-12-09,2022-12-27,2022-12-27,365,67.25,24546.25,0,True,17
SHP-001991,PROD-0027,SUP-07,WH-02,2022-12-28,2023-01-07,2023-01-07,149,67.25,10020.25,0,True,7
SHP-001992,PROD-0027,SUP-07,WH-02,2023-01-16,2023-02-01,2023-02-01,394,67.25,26496.5,0,True,18
SHP-001993,PROD-0027,SUP-07,WH-02,2023-02-04,2023-03-03,2023-03-11,458,67.25,30800.5,8,False,21
SHP-001994,PROD-0027,SUP-07,WH-02,2023-02-23,2023-03-02,2023-03-02,296,67.25,19906.0,0,True,14
SHP-001995,PROD-0027,SUP-07,WH-02,2023-03-14,2023-03-27,2023-03-27,492,67.25,33087.0,0,True,23
SHP-001996,PROD-0027,SUP-07,WH-02,2023-04-02,2023-04-19,2023-04-19,286,67.25,19233.5,0,True,13
SHP-001997,PROD-0027,SUP-07,WH-02,2023-04-21,2023-04-25,2023-04-25,430,67.25,28917.5,0,True,20
SHP-001998,PROD-0027,SUP-07,WH-02,2023-05-10,2023-06-01,2023-06-01,203,67.25,13651.75,0,True,9
SHP-001999,PROD-0027,SUP-07,WH-02,2023-05-29,2023-06-17,2023-06-17,211,67.25,14189.75,0,True,10
SHP-002000,PROD-0027,SUP-07,WH-02,2023-06-17,2023-06-19,2023-06-19,156,67.25,10491.0,0,True,7
SHP-002001,PROD-0027,SUP-07,WH-02,2023-07-06,2023-07-17,2023-07-17,459,67.25,30867.75,0,True,21
SHP-002002,PROD-0027,SUP-07,WH-02,2023-07-25,2023-07-28,2023-07-28,126,67.25,8473.5,0,True,5
SHP-002003,PROD-0027,SUP-07,WH-02,2023-08-13,2023-08-27,2023-08-27,223,67.25,14996.75,0,True,10
SHP-002004,PROD-0027,SUP-07,WH-02,2023-09-01,2023-09-14,2023-09-14,481,67.25,32347.25,0,True,22
SHP-002005,PROD-0027,SUP-07,WH-02,2023-09-20,2023-10-01,2023-10-01,249,67.25,16745.25,0,True,11
SHP-002006,PROD-0027,SUP-07,WH-02,2023-10-09,2023-10-20,2023-10-20,492,67.25,33087.0,0,True,23
SHP-002007,PROD-0027,SUP-07,WH-02,2023-10-28,2023-11-04,2023-11-04,411,67.25,27639.75,0,True,19
SHP-002008,PROD-0027,SUP-07,WH-02,2023-11-16,2023-11-30,2023-11-30,66,67.25,4438.5,0,True,3
SHP-002009,PROD-0027,SUP-07,WH-02,2023-12-05,2023-12-26,2023-12-26,304,67.25,20444.0,0,True,14
SHP-002010,PROD-0027,SUP-07,WH-02,2023-12-24,2024-01-13,2024-01-13,474,67.25,31876.5,0,True,22
SHP-002011,PROD-0027,SUP-07,WH-02,2024-01-12,2024-01-24,2024-01-24,204,67.25,13719.0,0,True,9
SHP-002012,PROD-0027,SUP-07,WH-02,2024-01-31,2024-02-01,2024-02-01,451,67.25,30329.75,0,True,21
SHP-002013,PROD-0027,SUP-07,WH-02,2024-02-19,2024-03-07,2024-03-07,97,67.25,6523.25,0,True,4
SHP-002014,PROD-0027,SUP-07,WH-02,2024-03-09,2024-03-24,2024-03-24,459,67.25,30867.75,0,True,21
SHP-002015,PROD-0027,SUP-07,WH-02,2024-03-28,2024-04-08,2024-04-08,128,67.25,8608.0,0,True,6
SHP-002016,PROD-0027,SUP-07,WH-02,2024-04-16,2024-05-08,2024-05-08,297,67.25,19973.25,0,True,14
SHP-002017,PROD-0027,SUP-07,WH-02,2024-05-05,2024-05-30,2024-05-30,208,67.25,13988.0,0,True,9
SHP-002018,PROD-0027,SUP-07,WH-02,2024-05-24,2024-06-22,2024-06-22,443,67.25,29791.75,0,True,20
SHP-002019,PROD-0027,SUP-07,WH-02,2024-06-12,2024-07-14,2024-07-14,314,67.25,21116.5,0,True,14
SHP-002020,PROD-0027,SUP-07,WH-02,2024-07-01,2024-07-15,2024-07-26,155,67.25,10423.75,11,False,7
SHP-002021,PROD-0027,SUP-07,WH-02,2024-07-20,2024-08-24,2024-08-24,248,67.25,16678.0,0,True,11
SHP-002022,PROD-0027,SUP-07,WH-02,2024-08-08,2024-08-20,2024-08-20,109,67.25,7330.25,0,True,5
SHP-002023,PROD-0027,SUP-07,WH-02,2024-08-27,2024-09-12,2024-09-12,72,67.25,4842.0,0,True,3
SHP-002024,PROD-0027,SUP-07,WH-02,2024-09-15,2024-10-16,2024-10-16,496,67.25,33356.0,0,True,23
SHP-002025,PROD-0027,SUP-07,WH-02,2024-10-04,2024-10-11,2024-10-11,73,67.25,4909.25,0,True,3
SHP-002026,PROD-0027,SUP-07,WH-02,2024-10-23,2024-11-12,2024-11-12,387,67.25,26025.75,0,True,18
SHP-002027,PROD-0027,SUP-07,WH-02,2024-11-11,2024-12-07,2024-12-07,345,67.25,23201.25,0,True,16
SHP-002028,PROD-0027,SUP-07,WH-02,2024-11-30,2024-12-12,2024-12-12,157,67.25,10558.25,0,True,7
SHP-002029,PROD-0027,SUP-07,WH-02,2024-12-19,2025-01-02,2025-01-02,196,67.25,13181.0,0,True,9
SHP-002030,PROD-0028,SUP-08,WH-03,2022-01-01,2022-02-16,2022-02-16,275,305.26,83946.5,0,True,16
SHP-002031,PROD-0028,SUP-08,WH-03,2022-01-15,2022-02-18,2022-02-18,126,305.26,38462.76,0,True,7
SHP-002032,PROD-0028,SUP-08,WH-03,2022-01-29,2022-03-02,2022-03-02,57,305.26,17399.82,0,True,3
SHP-002033,PROD-0028,SUP-08,WH-03,2022-02-12,2022-03-10,2022-03-10,102,305.26,31136.52,0,True,6
SHP-002034,PROD-0028,SUP-08,WH-03,2022-02-26,2022-03-28,2022-03-28,331,305.26,101041.06,0,True,20
SHP-002035,PROD-0028,SUP-08,WH-03,2022-03-12,2022-04-12,2022-04-12,410,305.26,125156.6,0,True,24
SHP-002036,PROD-0028,SUP-08,WH-03,2022-03-26,2022-04-23,2022-04-23,175,305.26,53420.5,0,True,10
SHP-002037,PROD-0028,SUP-08,WH-03,2022-04-09,2022-05-26,2022-05-26,363,305.26,110809.38,0,True,22
SHP-002038,PROD-0028,SUP-08,WH-03,2022-04-23,2022-05-23,2022-05-23,75,305.26,22894.5,0,True,4
SHP-002039,PROD-0028,SUP-08,WH-03,2022-05-07,2022-06-25,2022-06-25,395,305.26,120577.7,0,True,23
SHP-002040,PROD-0028,SUP-08,WH-03,2022-05-21,2022-07-10,2022-07-10,77,305.26,23505.02,0,True,4
SHP-002041,PROD-0028,SUP-08,WH-03,2022-06-04,2022-07-17,2022-07-17,141,305.26,43041.66,0,True,8
SHP-002042,PROD-0028,SUP-08,WH-03,2022-06-18,2022-07-20,2022-07-20,353,305.26,107756.78,0,True,21
SHP-002043,PROD-0028,SUP-08,WH-03,2022-07-02,2022-08-01,2022-08-01,408,305.26,124546.08,0,True,24
SHP-002044,PROD-0028,SUP-08,WH-03,2022-07-16,2022-08-25,2022-08-25,209,305.26,63799.34,0,True,12
SHP-002045,PROD-0028,SUP-08,WH-03,2022-07-30,2022-09-03,2022-09-03,415,305.26,126682.9,0,True,25
SHP-002046,PROD-0028,SUP-08,WH-03,2022-08-13,2022-09-18,2022-09-18,323,305.26,98598.98,0,True,19
SHP-002047,PROD-0028,SUP-08,WH-03,2022-08-27,2022-10-11,2022-10-13,436,305.26,133093.36,2,False,26
SHP-002048,PROD-0028,SUP-08,WH-03,2022-09-10,2022-10-05,2022-10-05,117,305.26,35715.42,0,True,7
SHP-002049,PROD-0028,SUP-08,WH-03,2022-09-24,2022-10-28,2022-10-28,407,305.26,124240.82,0,True,24
SHP-002050,PROD-0028,SUP-08,WH-03,2022-10-08,2022-11-11,2022-11-11,208,305.26,63494.08,0,True,12
SHP-002051,PROD-0028,SUP-08,WH-03,2022-10-22,2022-11-27,2022-11-27,442,305.26,134924.92,0,True,26
SHP-002052,PROD-0028,SUP-08,WH-03,2022-11-05,2022-12-17,2022-12-17,164,305.26,50062.64,0,True,9
SHP-002053,PROD-0028,SUP-08,WH-03,2022-11-19,2023-01-12,2023-01-12,365,305.26,111419.9,0,True,22
SHP-002054,PROD-0028,SUP-08,WH-03,2022-12-03,2023-01-05,2023-01-10,250,305.26,76315.0,5,False,15
SHP-002055,PROD-0028,SUP-08,WH-03,2022-12-17,2023-01-26,2023-01-26,390,305.26,119051.4,0,True,23
SHP-002056,PROD-0028,SUP-08,WH-03,2022-12-31,2023-01-27,2023-01-27,216,305.26,65936.16,0,True,13
SHP-002057,PROD-0028,SUP-08,WH-03,2023-01-14,2023-02-18,2023-02-18,83,305.26,25336.58,0,True,5
SHP-002058,PROD-0028,SUP-08,WH-03,2023-01-28,2023-03-15,2023-03-15,295,305.26,90051.7,0,True,17
SHP-002059,PROD-0028,SUP-08,WH-03,2023-02-11,2023-03-20,2023-03-20,194,305.26,59220.44,0,True,11
SHP-002060,PROD-0028,SUP-08,WH-03,2023-02-25,2023-04-15,2023-04-15,344,305.26,105009.44,0,True,20
SHP-002061,PROD-0028,SUP-08,WH-03,2023-03-11,2023-04-10,2023-04-10,257,305.26,78451.82,0,True,15
SHP-002062,PROD-0028,SUP-08,WH-03,2023-03-25,2023-04-30,2023-04-30,104,305.26,31747.04,0,True,6
SHP-002063,PROD-0028,SUP-08,WH-03,2023-04-08,2023-05-02,2023-05-02,86,305.26,26252.36,0,True,5
SHP-002064,PROD-0028,SUP-08,WH-03,2023-04-22,2023-06-04,2023-06-04,286,305.26,87304.36,0,True,17
SHP-002065,PROD-0028,SUP-08,WH-03,2023-05-06,2023-06-01,2023-06-01,172,305.26,52504.72,0,True,10
SHP-002066,PROD-0028,SUP-08,WH-03,2023-05-20,2023-06-24,2023-06-24,131,305.26,39989.06,0,True,7
SHP-002067,PROD-0028,SUP-08,WH-03,2023-06-03,2023-07-23,2023-07-23,224,305.26,68378.24,0,True,13
SHP-002068,PROD-0028,SUP-08,WH-03,2023-06-17,2023-07-26,2023-07-26,352,305.26,107451.52,0,True,21
SHP-002069,PROD-0028,SUP-08,WH-03,2023-07-01,2023-07-29,2023-07-29,272,305.26,83030.72,0,True,16
SHP-002070,PROD-0028,SUP-08,WH-03,2023-07-15,2023-08-01,2023-08-01,328,305.26,100125.28,0,True,19
SHP-002071,PROD-0028,SUP-08,WH-03,2023-07-29,2023-08-24,2023-08-24,389,305.26,118746.14,0,True,23
SHP-002072,PROD-0028,SUP-08,WH-03,2023-08-12,2023-09-19,2023-09-19,414,305.26,126377.64,0,True,25
SHP-002073,PROD-0028,SUP-08,WH-03,2023-08-26,2023-10-06,2023-10-06,108,305.26,32968.08,0,True,6
SHP-002074,PROD-0028,SUP-08,WH-03,2023-09-09,2023-10-13,2023-10-13,216,305.26,65936.16,0,True,13
SHP-002075,PROD-0028,SUP-08,WH-03,2023-09-23,2023-10-18,2023-10-18,277,305.26,84557.02,0,True,16
SHP-002076,PROD-0028,SUP-08,WH-03,2023-10-07,2023-11-08,2023-11-08,257,305.26,78451.82,0,True,15
SHP-002077,PROD-0028,SUP-08,WH-03,2023-10-21,2023-11-22,2023-11-22,400,305.26,122104.0,0,True,24
SHP-002078,PROD-0028,SUP-08,WH-03,2023-11-04,2023-12-18,2023-12-18,469,305.26,143166.94,0,True,28
SHP-002079,PROD-0028,SUP-08,WH-03,2023-11-18,2023-12-30,2023-12-30,380,305.26,115998.8,0,True,23
SHP-002080,PROD-0028,SUP-08,WH-03,2023-12-02,2024-01-08,2024-01-08,161,305.26,49146.86,0,True,9
SHP-002081,PROD-0028,SUP-08,WH-03,2023-12-16,2024-01-28,2024-01-28,347,305.26,105925.22,0,True,21
SHP-002082,PROD-0028,SUP-08,WH-03,2023-12-30,2024-02-06,2024-02-06,50,305.26,15263.0,0,True,3
SHP-002083,PROD-0028,SUP-08,WH-03,2024-01-13,2024-02-25,2024-02-25,126,305.26,38462.76,0,True,7
SHP-002084,PROD-0028,SUP-08,WH-03,2024-01-27,2024-03-06,2024-03-06,249,305.26,76009.74,0,True,15
SHP-002085,PROD-0028,SUP-08,WH-03,2024-02-10,2024-03-19,2024-03-19,150,305.26,45789.0,0,True,9
SHP-002086,PROD-0028,SUP-08,WH-03,2024-02-24,2024-03-29,2024-03-29,212,305.26,64715.12,0,True,12
SHP-002087,PROD-0028,SUP-08,WH-03,2024-03-09,2024-04-28,2024-04-28,397,305.26,121188.22,0,True,24
SHP-002088,PROD-0028,SUP-08,WH-03,2024-03-23,2024-04-30,2024-05-05,272,305.26,83030.72,5,False,16
SHP-002089,PROD-0028,SUP-08,WH-03,2024-04-06,2024-05-08,2024-05-20,226,305.26,68988.76,12,False,13
SHP-002090,PROD-0028,SUP-08,WH-03,2024-04-20,2024-05-14,2024-05-14,363,305.26,110809.38,0,True,22
SHP-002091,PROD-0028,SUP-08,WH-03,2024-05-04,2024-06-18,2024-06-18,115,305.26,35104.9,0,True,6
SHP-002092,PROD-0028,SUP-08,WH-03,2024-05-18,2024-06-20,2024-06-20,239,305.26,72957.14,0,True,14
SHP-002093,PROD-0028,SUP-08,WH-03,2024-06-01,2024-07-07,2024-07-16,50,305.26,15263.0,9,False,3
SHP-002094,PROD-0028,SUP-08,WH-03,2024-06-15,2024-08-01,2024-08-01,233,305.26,71125.58,0,True,14
SHP-002095,PROD-0028,SUP-08,WH-03,2024-06-29,2024-08-07,2024-08-07,493,305.26,150493.18,0,True,29
SHP-002096,PROD-0028,SUP-08,WH-03,2024-07-13,2024-08-21,2024-08-21,409,305.26,124851.34,0,True,24
SHP-002097,PROD-0028,SUP-08,WH-03,2024-07-27,2024-09-03,2024-09-03,212,305.26,64715.12,0,True,12
SHP-002098,PROD-0028,SUP-08,WH-03,2024-08-10,2024-09-15,2024-09-15,245,305.26,74788.7,0,True,14
SHP-002099,PROD-0028,SUP-08,WH-03,2024-08-24,2024-09-24,2024-09-24,389,305.26,118746.14,0,True,23
SHP-002100,PROD-0028,SUP-08,WH-03,2024-09-07,2024-10-15,2024-10-15,146,305.26,44567.96,0,True,8
SHP-002101,PROD-0028,SUP-08,WH-03,2024-09-21,2024-10-19,2024-10-19,234,305.26,71430.84,0,True,14
SHP-002102,PROD-0028,SUP-08,WH-03,2024-10-05,2024-11-06,2024-11-06,197,305.26,60136.22,0,True,11
SHP-002103,PROD-0028,SUP-08,WH-03,2024-10-19,2024-11-08,2024-11-08,118,305.26,36020.68,0,True,7
SHP-002104,PROD-0028,SUP-08,WH-03,2024-11-02,2024-11-30,2024-11-30,58,305.26,17705.08,0,True,3
SHP-002105,PROD-0028,SUP-08,WH-03,2024-11-16,2024-12-26,2024-12-26,299,305.26,91272.74,0,True,18
SHP-002106,PROD-0028,SUP-08,WH-03,2024-11-30,2025-01-08,2025-01-08,119,305.26,36325.94,0,True,7
SHP-002107,PROD-0028,SUP-08,WH-03,2024-12-14,2025-01-23,2025-01-23,462,305.26,141030.12,0,True,28
SHP-002108,PROD-0028,SUP-08,WH-03,2024-12-28,2025-01-07,2025-01-07,453,305.26,138282.78,0,True,27
SHP-002109,PROD-0029,SUP-09,WH-04,2022-01-01,2022-01-23,2022-01-23,369,337.49,124533.81,0,True,11
SHP-002110,PROD-0029,SUP-09,WH-04,2022-01-22,2022-02-19,2022-02-19,267,337.49,90109.83,0,True,8
SHP-002111,PROD-0029,SUP-09,WH-04,2022-02-12,2022-03-10,2022-03-10,246,337.49,83022.54,0,True,7
SHP-002112,PROD-0029,SUP-09,WH-04,2022-03-05,2022-03-26,2022-03-26,267,337.49,90109.83,0,True,8
SHP-002113,PROD-0029,SUP-09,WH-04,2022-03-26,2022-04-20,2022-04-20,305,337.49,102934.45,0,True,9
SHP-002114,PROD-0029,SUP-09,WH-04,2022-04-16,2022-05-01,2022-05-01,414,337.49,139720.86,0,True,12
SHP-002115,PROD-0029,SUP-09,WH-04,2022-05-07,2022-06-03,2022-06-03,329,337.49,111034.21,0,True,9
SHP-002116,PROD-0029,SUP-09,WH-04,2022-05-28,2022-06-17,2022-06-17,69,337.49,23286.81,0,True,2
SHP-002117,PROD-0029,SUP-09,WH-04,2022-06-18,2022-07-04,2022-07-04,238,337.49,80322.62,0,True,7
SHP-002118,PROD-0029,SUP-09,WH-04,2022-07-09,2022-07-30,2022-07-30,403,337.49,136008.47,0,True,12
SHP-002119,PROD-0029,SUP-09,WH-04,2022-07-30,2022-08-17,2022-08-17,424,337.49,143095.76,0,True,12
SHP-002120,PROD-0029,SUP-09,WH-04,2022-08-20,2022-09-03,2022-09-12,434,337.49,146470.66,9,False,13
SHP-002121,PROD-0029,SUP-09,WH-04,2022-09-10,2022-09-30,2022-09-30,314,337.49,105971.86,0,True,9
SHP-002122,PROD-0029,SUP-09,WH-04,2022-10-01,2022-10-24,2022-10-24,362,337.49,122171.38,0,True,10
SHP-002123,PROD-0029,SUP-09,WH-04,2022-10-22,2022-11-17,2022-11-17,372,337.49,125546.28,0,True,11
SHP-002124,PROD-0029,SUP-09,WH-04,2022-11-12,2022-12-06,2022-12-06,392,337.49,132296.08,0,True,11
SHP-002125,PROD-0029,SUP-09,WH-04,2022-12-03,2023-01-08,2023-01-08,326,337.49,110021.74,0,True,9
SHP-002126,PROD-0029,SUP-09,WH-04,2022-12-24,2023-01-16,2023-01-16,363,337.49,122508.87,0,True,10
SHP-002127,PROD-0029,SUP-09,WH-04,2023-01-14,2023-02-14,2023-02-14,323,337.49,109009.27,0,True,9
SHP-002128,PROD-0029,SUP-09,WH-04,2023-02-04,2023-02-27,2023-02-27,282,337.49,95172.18,0,True,8
SHP-002129,PROD-0029,SUP-09,WH-04,2023-02-25,2023-03-23,2023-03-23,343,337.49,115759.07,0,True,10
SHP-002130,PROD-0029,SUP-09,WH-04,2023-03-18,2023-04-09,2023-04-09,230,337.49,77622.7,0,True,6
SHP-002131,PROD-0029,SUP-09,WH-04,2023-04-08,2023-05-02,2023-05-02,135,337.49,45561.15,0,True,4
SHP-002132,PROD-0029,SUP-09,WH-04,2023-04-29,2023-05-24,2023-05-24,355,337.49,119808.95,0,True,10
SHP-002133,PROD-0029,SUP-09,WH-04,2023-05-20,2023-06-17,2023-06-17,451,337.49,152207.99,0,True,13
SHP-002134,PROD-0029,SUP-09,WH-04,2023-06-10,2023-06-22,2023-06-22,372,337.49,125546.28,0,True,11
SHP-002135,PROD-0029,SUP-09,WH-04,2023-07-01,2023-07-21,2023-07-21,343,337.49,115759.07,0,True,10
SHP-002136,PROD-0029,SUP-09,WH-04,2023-07-22,2023-08-07,2023-08-07,199,337.49,67160.51,0,True,6
SHP-002137,PROD-0029,SUP-09,WH-04,2023-08-12,2023-08-21,2023-08-21,63,337.49,21261.87,0,True,1
SHP-002138,PROD-0029,SUP-09,WH-04,2023-09-02,2023-09-27,2023-09-27,114,337.49,38473.86,0,True,3
SHP-002139,PROD-0029,SUP-09,WH-04,2023-09-23,2023-10-13,2023-10-13,451,337.49,152207.99,0,True,13
SHP-002140,PROD-0029,SUP-09,WH-04,2023-10-14,2023-11-01,2023-11-01,365,337.49,123183.85,0,True,11
SHP-002141,PROD-0029,SUP-09,WH-04,2023-11-04,2023-11-27,2023-11-27,181,337.49,61085.69,0,True,5
SHP-002142,PROD-0029,SUP-09,WH-04,2023-11-25,2023-12-21,2023-12-21,359,337.49,121158.91,0,True,10
SHP-002143,PROD-0029,SUP-09,WH-04,2023-12-16,2024-01-10,2024-01-10,428,337.49,144445.72,0,True,12
SHP-002144,PROD-0029,SUP-09,WH-04,2024-01-06,2024-01-24,2024-01-24,239,337.49,80660.11,0,True,7
SHP-002145,PROD-0029,SUP-09,WH-04,2024-01-27,2024-02-18,2024-02-18,450,337.49,151870.5,0,True,13
SHP-002146,PROD-0029,SUP-09,WH-04,2024-02-17,2024-03-15,2024-03-15,142,337.49,47923.58,0,True,4
SHP-002147,PROD-0029,SUP-09,WH-04,2024-03-09,2024-03-19,2024-03-19,66,337.49,22274.34,0,True,1
SHP-002148,PROD-0029,SUP-09,WH-04,2024-03-30,2024-04-15,2024-04-21,124,337.49,41848.76,6,False,3
SHP-002149,PROD-0029,SUP-09,WH-04,2024-04-20,2024-05-11,2024-05-11,128,337.49,43198.72,0,True,3
SHP-002150,PROD-0029,SUP-09,WH-04,2024-05-11,2024-05-23,2024-05-23,261,337.49,88084.89,0,True,7
SHP-002151,PROD-0029,SUP-09,WH-04,2024-06-01,2024-06-16,2024-06-16,388,337.49,130946.12,0,True,11
SHP-002152,PROD-0029,SUP-09,WH-04,2024-06-22,2024-07-21,2024-07-21,135,337.49,45561.15,0,True,4
SHP-002153,PROD-0029,SUP-09,WH-04,2024-07-13,2024-08-05,2024-08-05,481,337.49,162332.69,0,True,14
SHP-002154,PROD-0029,SUP-09,WH-04,2024-08-03,2024-08-24,2024-08-24,185,337.49,62435.65,0,True,5
SHP-002155,PROD-0029,SUP-09,WH-04,2024-08-24,2024-09-09,2024-09-09,76,337.49,25649.24,0,True,2
SHP-002156,PROD-0029,SUP-09,WH-04,2024-09-14,2024-10-03,2024-10-03,293,337.49,98884.57,0,True,8
SHP-002157,PROD-0029,SUP-09,WH-04,2024-10-05,2024-10-18,2024-10-18,435,337.49,146808.15,0,True,13
SHP-002158,PROD-0029,SUP-09,WH-04,2024-10-26,2024-11-15,2024-11-15,399,337.49,134658.51,0,True,12
SHP-002159,PROD-0029,SUP-09,WH-04,2024-11-16,2024-11-27,2024-11-27,184,337.49,62098.16,0,True,5
SHP-002160,PROD-0029,SUP-09,WH-04,2024-12-07,2025-01-05,2025-01-05,272,337.49,91797.28,0,True,8
SHP-002161,PROD-0029,SUP-09,WH-04,2024-12-28,2025-01-13,2025-01-13,458,337.49,154570.42,0,True,13
SHP-002162,PROD-0030,SUP-10,WH-05,2022-01-01,2022-01-14,2022-01-14,321,36.69,11777.49,0,True,9
SHP-002163,PROD-0030,SUP-10,WH-05,2022-01-18,2022-02-08,2022-02-19,99,36.69,3632.31,11,False,2
SHP-002164,PROD-0030,SUP-10,WH-05,2022-02-04,2022-03-01,2022-03-01,482,36.69,17684.58,0,True,14
SHP-002165,PROD-0030,SUP-10,WH-05,2022-02-21,2022-03-15,2022-03-15,383,36.69,14052.27,0,True,11
SHP-002166,PROD-0030,SUP-10,WH-05,2022-03-10,2022-04-06,2022-04-06,188,36.69,6897.72,0,True,5
SHP-002167,PROD-0030,SUP-10,WH-05,2022-03-27,2022-04-11,2022-04-11,180,36.69,6604.2,0,True,5
SHP-002168,PROD-0030,SUP-10,WH-05,2022-04-13,2022-05-05,2022-05-05,286,36.69,10493.34,0,True,8
SHP-002169,PROD-0030,SUP-10,WH-05,2022-04-30,2022-05-22,2022-05-22,173,36.69,6347.37,0,True,5
SHP-002170,PROD-0030,SUP-10,WH-05,2022-05-17,2022-06-11,2022-06-11,444,36.69,16290.36,0,True,13
SHP-002171,PROD-0030,SUP-10,WH-05,2022-06-03,2022-06-28,2022-06-28,396,36.69,14529.24,0,True,11
SHP-002172,PROD-0030,SUP-10,WH-05,2022-06-20,2022-07-18,2022-07-30,210,36.69,7704.9,12,False,6
SHP-002173,PROD-0030,SUP-10,WH-05,2022-07-07,2022-08-13,2022-08-13,54,36.69,1981.26,0,True,1
SHP-002174,PROD-0030,SUP-10,WH-05,2022-07-24,2022-08-13,2022-08-13,260,36.69,9539.4,0,True,7
SHP-002175,PROD-0030,SUP-10,WH-05,2022-08-10,2022-08-23,2022-08-23,400,36.69,14676.0,0,True,11
SHP-002176,PROD-0030,SUP-10,WH-05,2022-08-27,2022-09-13,2022-09-13,421,36.69,15446.49,0,True,12
SHP-002177,PROD-0030,SUP-10,WH-05,2022-09-13,2022-10-02,2022-10-02,67,36.69,2458.23,0,True,1
SHP-002178,PROD-0030,SUP-10,WH-05,2022-09-30,2022-10-27,2022-10-27,79,36.69,2898.51,0,True,2
SHP-002179,PROD-0030,SUP-10,WH-05,2022-10-17,2022-11-13,2022-11-13,477,36.69,17501.13,0,True,14
SHP-002180,PROD-0030,SUP-10,WH-05,2022-11-03,2022-11-27,2022-12-01,376,36.69,13795.44,4,False,11
SHP-002181,PROD-0030,SUP-10,WH-05,2022-11-20,2022-12-13,2022-12-13,111,36.69,4072.59,0,True,3
SHP-002182,PROD-0030,SUP-10,WH-05,2022-12-07,2022-12-26,2022-12-26,116,36.69,4256.04,0,True,3
SHP-002183,PROD-0030,SUP-10,WH-05,2022-12-24,2023-01-14,2023-01-14,381,36.69,13978.89,0,True,11
SHP-002184,PROD-0030,SUP-10,WH-05,2023-01-10,2023-01-22,2023-01-22,144,36.69,5283.36,0,True,4
SHP-002185,PROD-0030,SUP-10,WH-05,2023-01-27,2023-02-17,2023-02-17,179,36.69,6567.51,0,True,5
SHP-002186,PROD-0030,SUP-10,WH-05,2023-02-13,2023-03-08,2023-03-08,88,36.69,3228.72,0,True,2
SHP-002187,PROD-0030,SUP-10,WH-05,2023-03-02,2023-04-01,2023-04-01,191,36.69,7007.79,0,True,5
SHP-002188,PROD-0030,SUP-10,WH-05,2023-03-19,2023-03-28,2023-03-28,391,36.69,14345.79,0,True,11
SHP-002189,PROD-0030,SUP-10,WH-05,2023-04-05,2023-04-29,2023-04-29,181,36.69,6640.89,0,True,5
SHP-002190,PROD-0030,SUP-10,WH-05,2023-04-22,2023-05-28,2023-05-28,191,36.69,7007.79,0,True,5
SHP-002191,PROD-0030,SUP-10,WH-05,2023-05-09,2023-06-02,2023-06-02,248,36.69,9099.12,0,True,7
SHP-002192,PROD-0030,SUP-10,WH-05,2023-05-26,2023-06-15,2023-06-21,182,36.69,6677.58,6,False,5
SHP-002193,PROD-0030,SUP-10,WH-05,2023-06-12,2023-07-09,2023-07-09,275,36.69,10089.75,0,True,8
SHP-002194,PROD-0030,SUP-10,WH-05,2023-06-29,2023-07-21,2023-07-21,152,36.69,5576.88,0,True,4
SHP-002195,PROD-0030,SUP-10,WH-05,2023-07-16,2023-07-29,2023-07-29,380,36.69,13942.2,0,True,11
SHP-002196,PROD-0030,SUP-10,WH-05,2023-08-02,2023-08-23,2023-08-23,326,36.69,11960.94,0,True,9
SHP-002197,PROD-0030,SUP-10,WH-05,2023-08-19,2023-09-15,2023-09-15,364,36.69,13355.16,0,True,10
SHP-002198,PROD-0030,SUP-10,WH-05,2023-09-05,2023-09-09,2023-09-09,276,36.69,10126.44,0,True,8
SHP-002199,PROD-0030,SUP-10,WH-05,2023-09-22,2023-10-10,2023-10-10,67,36.69,2458.23,0,True,1
SHP-002200,PROD-0030,SUP-10,WH-05,2023-10-09,2023-10-20,2023-10-20,422,36.69,15483.18,0,True,12
SHP-002201,PROD-0030,SUP-10,WH-05,2023-10-26,2023-11-16,2023-11-16,59,36.69,2164.71,0,True,1
SHP-002202,PROD-0030,SUP-10,WH-05,2023-11-12,2023-12-08,2023-12-08,377,36.69,13832.13,0,True,11
SHP-002203,PROD-0030,SUP-10,WH-05,2023-11-29,2023-12-19,2023-12-19,390,36.69,14309.1,0,True,11
SHP-002204,PROD-0030,SUP-10,WH-05,2023-12-16,2024-01-02,2024-01-02,408,36.69,14969.52,0,True,12
SHP-002205,PROD-0030,SUP-10,WH-05,2024-01-02,2024-01-17,2024-01-17,344,36.69,12621.36,0,True,10
SHP-002206,PROD-0030,SUP-10,WH-05,2024-01-19,2024-02-03,2024-02-03,444,36.69,16290.36,0,True,13
SHP-002207,PROD-0030,SUP-10,WH-05,2024-02-05,2024-03-02,2024-03-02,256,36.69,9392.64,0,True,7
SHP-002208,PROD-0030,SUP-10,WH-05,2024-02-22,2024-03-19,2024-03-19,465,36.69,17060.85,0,True,13
SHP-002209,PROD-0030,SUP-10,WH-05,2024-03-10,2024-04-14,2024-04-14,165,36.69,6053.85,0,True,4
SHP-002210,PROD-0030,SUP-10,WH-05,2024-03-27,2024-04-21,2024-04-21,402,36.69,14749.38,0,True,11
SHP-002211,PROD-0030,SUP-10,WH-05,2024-04-13,2024-05-12,2024-05-12,112,36.69,4109.28,0,True,3
SHP-002212,PROD-0030,SUP-10,WH-05,2024-04-30,2024-05-13,2024-05-13,233,36.69,8548.77,0,True,6
SHP-002213,PROD-0030,SUP-10,WH-05,2024-05-17,2024-06-05,2024-06-05,255,36.69,9355.95,0,True,7
SHP-002214,PROD-0030,SUP-10,WH-05,2024-06-03,2024-06-15,2024-06-15,381,36.69,13978.89,0,True,11
SHP-002215,PROD-0030,SUP-10,WH-05,2024-06-20,2024-07-09,2024-07-09,486,36.69,17831.34,0,True,14
SHP-002216,PROD-0030,SUP-10,WH-05,2024-07-07,2024-07-24,2024-07-24,285,36.69,10456.65,0,True,8
SHP-002217,PROD-0030,SUP-10,WH-05,2024-07-24,2024-08-17,2024-08-17,381,36.69,13978.89,0,True,11
SHP-002218,PROD-0030,SUP-10,WH-05,2024-08-10,2024-08-31,2024-08-31,70,36.69,2568.3,0,True,2
SHP-002219,PROD-0030,SUP-10,WH-05,2024-08-27,2024-09-22,2024-09-22,203,36.69,7448.07,0,True,5
SHP-002220,PROD-0030,SUP-10,WH-05,2024-09-13,2024-10-14,2024-10-14,104,36.69,3815.76,0,True,3
SHP-002221,PROD-0030,SUP-10,WH-05,2024-09-30,2024-10-24,2024-10-24,299,36.69,10970.31,0,True,8
SHP-002222,PROD-0030,SUP-10,WH-05,2024-10-17,2024-11-07,2024-11-07,274,36.69,10053.06,0,True,8
SHP-002223,PROD-0030,SUP-10,WH-05,2024-11-03,2024-11-26,2024-11-26,68,36.69,2494.92,0,True,2
SHP-002224,PROD-0030,SUP-10,WH-05,2024-11-20,2024-12-26,2024-12-26,353,36.69,12951.57,0,True,10
SHP-002225,PROD-0030,SUP-10,WH-05,2024-12-07,2024-12-22,2024-12-22,82,36.69,3008.58,0,True,2
SHP-002226,PROD-0030,SUP-10,WH-05,2024-12-24,2025-01-15,2025-01-15,207,36.69,7594.83,0,True,6
SHP-002227,PROD-0031,SUP-11,WH-01,2022-01-01,2022-02-07,2022-02-16,465,40.14,18665.1,9,False,19
SHP-002228,PROD-0031,SUP-11,WH-01,2022-01-18,2022-02-28,2022-03-08,58,40.14,2328.12,8,False,2
SHP-002229,PROD-0031,SUP-11,WH-01,2022-02-04,2022-03-24,2022-03-24,222,40.14,8911.08,0,True,9
SHP-002230,PROD-0031,SUP-11,WH-01,2022-02-21,2022-04-08,2022-04-08,257,40.14,10315.98,0,True,10
SHP-002231,PROD-0031,SUP-11,WH-01,2022-03-10,2022-04-23,2022-04-23,384,40.14,15413.76,0,True,15
SHP-002232,PROD-0031,SUP-11,WH-01,2022-03-27,2022-04-29,2022-04-29,397,40.14,15935.58,0,True,16
SHP-002233,PROD-0031,SUP-11,WH-01,2022-04-13,2022-06-01,2022-06-01,126,40.14,5057.64,0,True,5
SHP-002234,PROD-0031,SUP-11,WH-01,2022-04-30,2022-06-22,2022-06-22,86,40.14,3452.04,0,True,3
SHP-002235,PROD-0031,SUP-11,WH-01,2022-05-17,2022-06-18,2022-06-18,300,40.14,12042.0,0,True,12
SHP-002236,PROD-0031,SUP-11,WH-01,2022-06-03,2022-07-21,2022-07-21,366,40.14,14691.24,0,True,15
SHP-002237,PROD-0031,SUP-11,WH-01,2022-06-20,2022-07-25,2022-07-25,382,40.14,15333.48,0,True,15
SHP-002238,PROD-0031,SUP-11,WH-01,2022-07-07,2022-08-26,2022-08-26,373,40.14,14972.22,0,True,15
SHP-002239,PROD-0031,SUP-11,WH-01,2022-07-24,2022-09-11,2022-09-11,470,40.14,18865.8,0,True,19
SHP-002240,PROD-0031,SUP-11,WH-01,2022-08-10,2022-10-02,2022-10-02,362,40.14,14530.68,0,True,14
SHP-002241,PROD-0031,SUP-11,WH-01,2022-08-27,2022-10-06,2022-10-06,82,40.14,3291.48,0,True,3
SHP-002242,PROD-0031,SUP-11,WH-01,2022-09-13,2022-10-22,2022-10-22,108,40.14,4335.12,0,True,4
SHP-002243,PROD-0031,SUP-11,WH-01,2022-09-30,2022-11-26,2022-11-26,365,40.14,14651.1,0,True,15
SHP-002244,PROD-0031,SUP-11,WH-01,2022-10-17,2022-11-28,2022-11-28,153,40.14,6141.42,0,True,6
SHP-002245,PROD-0031,SUP-11,WH-01,2022-11-03,2022-12-13,2022-12-13,477,40.14,19146.78,0,True,19
SHP-002246,PROD-0031,SUP-11,WH-01,2022-11-20,2022-12-28,2022-12-28,216,40.14,8670.24,0,True,8
SHP-002247,PROD-0031,SUP-11,WH-01,2022-12-07,2023-01-09,2023-01-11,344,40.14,13808.16,2,False,14
SHP-002248,PROD-0031,SUP-11,WH-01,2022-12-24,2023-02-03,2023-02-03,478,40.14,19186.92,0,True,19
SHP-002249,PROD-0031,SUP-11,WH-01,2023-01-10,2023-03-01,2023-03-01,73,40.14,2930.22,0,True,3
SHP-002250,PROD-0031,SUP-11,WH-01,2023-01-27,2023-03-01,2023-03-01,82,40.14,3291.48,0,True,3
SHP-002251,PROD-0031,SUP-11,WH-01,2023-02-13,2023-03-28,2023-03-28,437,40.14,17541.18,0,True,18
SHP-002252,PROD-0031,SUP-11,WH-01,2023-03-02,2023-04-15,2023-04-15,239,40.14,9593.46,0,True,9
SHP-002253,PROD-0031,SUP-11,WH-01,2023-03-19,2023-04-23,2023-04-23,174,40.14,6984.36,0,True,7
SHP-002254,PROD-0031,SUP-11,WH-01,2023-04-05,2023-05-09,2023-05-09,101,40.14,4054.14,0,True,4
SHP-002255,PROD-0031,SUP-11,WH-01,2023-04-22,2023-06-04,2023-06-04,363,40.14,14570.82,0,True,14
SHP-002256,PROD-0031,SUP-11,WH-01,2023-05-09,2023-06-29,2023-06-29,58,40.14,2328.12,0,True,2
SHP-002257,PROD-0031,SUP-11,WH-01,2023-05-26,2023-07-01,2023-07-01,53,40.14,2127.42,0,True,2
SHP-002258,PROD-0031,SUP-11,WH-01,2023-06-12,2023-07-22,2023-07-25,411,40.14,16497.54,3,False,16
SHP-002259,PROD-0031,SUP-11,WH-01,2023-06-29,2023-08-11,2023-08-11,195,40.14,7827.3,0,True,8
SHP-002260,PROD-0031,SUP-11,WH-01,2023-07-16,2023-09-08,2023-09-08,455,40.14,18263.7,0,True,18
SHP-002261,PROD-0031,SUP-11,WH-01,2023-08-02,2023-09-19,2023-09-19,114,40.14,4575.96,0,True,4
SHP-002262,PROD-0031,SUP-11,WH-01,2023-08-19,2023-10-12,2023-10-12,188,40.14,7546.32,0,True,7
SHP-002263,PROD-0031,SUP-11,WH-01,2023-09-05,2023-10-24,2023-10-24,172,40.14,6904.08,0,True,7
SHP-002264,PROD-0031,SUP-11,WH-01,2023-09-22,2023-11-12,2023-11-12,69,40.14,2769.66,0,True,2
SHP-002265,PROD-0031,SUP-11,WH-01,2023-10-09,2023-11-10,2023-11-10,305,40.14,12242.7,0,True,12
SHP-002266,PROD-0031,SUP-11,WH-01,2023-10-26,2023-11-21,2023-12-01,371,40.14,14891.94,10,False,15
SHP-002267,PROD-0031,SUP-11,WH-01,2023-11-12,2024-01-01,2024-01-01,228,40.14,9151.92,0,True,9
SHP-002268,PROD-0031,SUP-11,WH-01,2023-11-29,2024-01-14,2024-01-14,170,40.14,6823.8,0,True,7
SHP-002269,PROD-0031,SUP-11,WH-01,2023-12-16,2024-01-13,2024-01-13,321,40.14,12884.94,0,True,13
SHP-002270,PROD-0031,SUP-11,WH-01,2024-01-02,2024-02-09,2024-02-09,491,40.14,19708.74,0,True,20
SHP-002271,PROD-0031,SUP-11,WH-01,2024-01-19,2024-02-28,2024-03-12,309,40.14,12403.26,13,False,12
SHP-002272,PROD-0031,SUP-11,WH-01,2024-02-05,2024-03-25,2024-03-25,370,40.14,14851.8,0,True,15
SHP-002273,PROD-0031,SUP-11,WH-01,2024-02-22,2024-04-06,2024-04-06,77,40.14,3090.78,0,True,3
SHP-002274,PROD-0031,SUP-11,WH-01,2024-03-10,2024-04-28,2024-04-28,126,40.14,5057.64,0,True,5
SHP-002275,PROD-0031,SUP-11,WH-01,2024-03-27,2024-05-01,2024-05-01,292,40.14,11720.88,0,True,12
SHP-002276,PROD-0031,SUP-11,WH-01,2024-04-13,2024-05-15,2024-05-15,393,40.14,15775.02,0,True,16
SHP-002277,PROD-0031,SUP-11,WH-01,2024-04-30,2024-05-30,2024-05-30,236,40.14,9473.04,0,True,9
SHP-002278,PROD-0031,SUP-11,WH-01,2024-05-17,2024-07-03,2024-07-03,178,40.14,7144.92,0,True,7
SHP-002279,PROD-0031,SUP-11,WH-01,2024-06-03,2024-07-16,2024-07-16,438,40.14,17581.32,0,True,18
SHP-002280,PROD-0031,SUP-11,WH-01,2024-06-20,2024-08-03,2024-08-03,429,40.14,17220.06,0,True,17
SHP-002281,PROD-0031,SUP-11,WH-01,2024-07-07,2024-08-21,2024-08-22,140,40.14,5619.6,1,False,5
SHP-002282,PROD-0031,SUP-11,WH-01,2024-07-24,2024-08-22,2024-08-22,298,40.14,11961.72,0,True,12
SHP-002283,PROD-0031,SUP-11,WH-01,2024-08-10,2024-09-22,2024-09-22,170,40.14,6823.8,0,True,7
SHP-002284,PROD-0031,SUP-11,WH-01,2024-08-27,2024-10-17,2024-10-17,346,40.14,13888.44,0,True,14
SHP-002285,PROD-0031,SUP-11,WH-01,2024-09-13,2024-11-03,2024-11-03,432,40.14,17340.48,0,True,17
SHP-002286,PROD-0031,SUP-11,WH-01,2024-09-30,2024-11-08,2024-11-08,167,40.14,6703.38,0,True,6
SHP-002287,PROD-0031,SUP-11,WH-01,2024-10-17,2024-11-25,2024-11-25,166,40.14,6663.24,0,True,6
SHP-002288,PROD-0031,SUP-11,WH-01,2024-11-03,2024-12-19,2024-12-19,261,40.14,10476.54,0,True,10
SHP-002289,PROD-0031,SUP-11,WH-01,2024-11-20,2025-01-03,2025-01-03,162,40.14,6502.68,0,True,6
SHP-002290,PROD-0031,SUP-11,WH-01,2024-12-07,2025-01-11,2025-01-11,298,40.14,11961.72,0,True,12
SHP-002291,PROD-0031,SUP-11,WH-01,2024-12-24,2025-02-02,2025-02-02,124,40.14,4977.36,0,True,5
SHP-002292,PROD-0032,SUP-12,WH-02,2022-01-01,2022-01-22,2022-01-22,248,168.56,41802.88,0,True,36
SHP-002293,PROD-0032,SUP-12,WH-02,2022-01-14,2022-01-21,2022-01-21,418,168.56,70458.08,0,True,60
SHP-002294,PROD-0032,SUP-12,WH-02,2022-01-27,2022-02-27,2022-02-27,188,168.56,31689.28,0,True,27
SHP-002295,PROD-0032,SUP-12,WH-02,2022-02-09,2022-02-24,2022-02-24,66,168.56,11124.96,0,True,9
SHP-002296,PROD-0032,SUP-12,WH-02,2022-02-22,2022-03-06,2022-03-06,193,168.56,32532.08,0,True,28
SHP-002297,PROD-0032,SUP-12,WH-02,2022-03-07,2022-03-30,2022-03-30,288,168.56,48545.28,0,True,41
SHP-002298,PROD-0032,SUP-12,WH-02,2022-03-20,2022-04-07,2022-04-07,439,168.56,73997.84,0,True,64
SHP-002299,PROD-0032,SUP-12,WH-02,2022-04-02,2022-04-23,2022-04-23,201,168.56,33880.56,0,True,29
SHP-002300,PROD-0032,SUP-12,WH-02,2022-04-15,2022-04-18,2022-04-18,456,168.56,76863.36,0,True,66
SHP-002301,PROD-0032,SUP-12,WH-02,2022-04-28,2022-05-15,2022-05-26,137,168.56,23092.72,11,False,19
SHP-002302,PROD-0032,SUP-12,WH-02,2022-05-11,2022-06-01,2022-06-11,487,168.56,82088.72,10,False,71
SHP-002303,PROD-0032,SUP-12,WH-02,2022-05-24,2022-06-10,2022-06-10,488,168.56,82257.28,0,True,71
SHP-002304,PROD-0032,SUP-12,WH-02,2022-06-06,2022-06-28,2022-06-28,160,168.56,26969.6,0,True,23
SHP-002305,PROD-0032,SUP-12,WH-02,2022-06-19,2022-07-17,2022-07-17,286,168.56,48208.16,0,True,41
SHP-002306,PROD-0032,SUP-12,WH-02,2022-07-02,2022-07-24,2022-07-24,269,168.56,45342.64,0,True,39
SHP-002307,PROD-0032,SUP-12,WH-02,2022-07-15,2022-07-31,2022-08-12,176,168.56,29666.56,12,False,25
SHP-002308,PROD-0032,SUP-12,WH-02,2022-07-28,2022-08-26,2022-08-26,163,168.56,27475.28,0,True,23
SHP-002309,PROD-0032,SUP-12,WH-02,2022-08-10,2022-09-05,2022-09-15,343,168.56,57816.08,10,False,50
SHP-002310,PROD-0032,SUP-12,WH-02,2022-08-23,2022-09-16,2022-09-16,72,168.56,12136.32,0,True,10
SHP-002311,PROD-0032,SUP-12,WH-02,2022-09-05,2022-09-17,2022-09-18,425,168.56,71638.0,1,False,61
SHP-002312,PROD-0032,SUP-12,WH-02,2022-09-18,2022-09-27,2022-09-27,267,168.56,45005.52,0,True,38
SHP-002313,PROD-0032,SUP-12,WH-02,2022-10-01,2022-10-14,2022-10-14,464,168.56,78211.84,0,True,67
SHP-002314,PROD-0032,SUP-12,WH-02,2022-10-14,2022-11-02,2022-11-02,100,168.56,16856.0,0,True,14
SHP-002315,PROD-0032,SUP-12,WH-02,2022-10-27,2022-11-08,2022-11-08,92,168.56,15507.52,0,True,13
SHP-002316,PROD-0032,SUP-12,WH-02,2022-11-09,2022-11-26,2022-12-05,404,168.56,68098.24,9,False,58
SHP-002317,PROD-0032,SUP-12,WH-02,2022-11-22,2022-12-10,2022-12-10,161,168.56,27138.16,0,True,23
SHP-002318,PROD-0032,SUP-12,WH-02,2022-12-05,2022-12-30,2022-12-30,172,168.56,28992.32,0,True,25
SHP-002319,PROD-0032,SUP-12,WH-02,2022-12-18,2023-01-16,2023-01-27,58,168.56,9776.48,11,False,8
SHP-002320,PROD-0032,SUP-12,WH-02,2022-12-31,2023-01-16,2023-01-16,132,168.56,22249.92,0,True,19
SHP-002321,PROD-0032,SUP-12,WH-02,2023-01-13,2023-01-22,2023-01-22,342,168.56,57647.52,0,True,49
SHP-002322,PROD-0032,SUP-12,WH-02,2023-01-26,2023-02-17,2023-02-17,282,168.56,47533.92,0,True,41
SHP-002323,PROD-0032,SUP-12,WH-02,2023-02-08,2023-02-18,2023-02-26,497,168.56,83774.32,8,False,72
SHP-002324,PROD-0032,SUP-12,WH-02,2023-02-21,2023-02-28,2023-02-28,454,168.56,76526.24,0,True,66
SHP-002325,PROD-0032,SUP-12,WH-02,2023-03-06,2023-04-01,2023-04-01,287,168.56,48376.72,0,True,41
SHP-002326,PROD-0032,SUP-12,WH-02,2023-03-19,2023-03-30,2023-03-30,490,168.56,82594.4,0,True,71
SHP-002327,PROD-0032,SUP-12,WH-02,2023-04-01,2023-04-26,2023-04-26,403,168.56,67929.68,0,True,58
SHP-002328,PROD-0032,SUP-12,WH-02,2023-04-14,2023-04-20,2023-04-20,201,168.56,33880.56,0,True,29
SHP-002329,PROD-0032,SUP-12,WH-02,2023-04-27,2023-05-19,2023-05-26,407,168.56,68603.92,7,False,59
SHP-002330,PROD-0032,SUP-12,WH-02,2023-05-10,2023-06-10,2023-06-10,456,168.56,76863.36,0,True,66
SHP-002331,PROD-0032,SUP-12,WH-02,2023-05-23,2023-05-28,2023-06-01,91,168.56,15338.96,4,False,13
SHP-002332,PROD-0032,SUP-12,WH-02,2023-06-05,2023-06-25,2023-07-05,426,168.56,71806.56,10,False,62
SHP-002333,PROD-0032,SUP-12,WH-02,2023-06-18,2023-06-30,2023-06-30,395,168.56,66581.2,0,True,57
SHP-002334,PROD-0032,SUP-12,WH-02,2023-07-01,2023-07-09,2023-07-15,106,168.56,17867.36,6,False,15
SHP-002335,PROD-0032,SUP-12,WH-02,2023-07-14,2023-08-23,2023-08-23,366,168.56,61692.96,0,True,53
SHP-002336,PROD-0032,SUP-12,WH-02,2023-07-27,2023-08-03,2023-08-03,139,168.56,23429.84,0,True,20
SHP-002337,PROD-0032,SUP-12,WH-02,2023-08-09,2023-08-29,2023-08-29,84,168.56,14159.04,0,True,12
SHP-002338,PROD-0032,SUP-12,WH-02,2023-08-22,2023-08-30,2023-09-08,154,168.56,25958.24,9,False,22
SHP-002339,PROD-0032,SUP-12,WH-02,2023-09-04,2023-09-21,2023-09-24,172,168.56,28992.32,3,False,25
SHP-002340,PROD-0032,SUP-12,WH-02,2023-09-17,2023-10-03,2023-10-03,294,168.56,49556.64,0,True,42
SHP-002341,PROD-0032,SUP-12,WH-02,2023-09-30,2023-10-20,2023-11-01,347,168.56,58490.32,12,False,50
SHP-002342,PROD-0032,SUP-12,WH-02,2023-10-13,2023-10-28,2023-11-11,157,168.56,26463.92,14,False,22
SHP-002343,PROD-0032,SUP-12,WH-02,2023-10-26,2023-11-10,2023-11-23,165,168.56,27812.4,13,False,24
SHP-002344,PROD-0032,SUP-12,WH-02,2023-11-08,2023-11-26,2023-11-26,186,168.56,31352.16,0,True,27
SHP-002345,PROD-0032,SUP-12,WH-02,2023-11-21,2023-12-10,2023-12-10,191,168.56,32194.96,0,True,27
SHP-002346,PROD-0032,SUP-12,WH-02,2023-12-04,2023-12-27,2023-12-27,226,168.56,38094.56,0,True,32
SHP-002347,PROD-0032,SUP-12,WH-02,2023-12-17,2023-12-29,2023-12-29,319,168.56,53770.64,0,True,46
SHP-002348,PROD-0032,SUP-12,WH-02,2023-12-30,2024-01-04,2024-01-04,413,168.56,69615.28,0,True,60
SHP-002349,PROD-0032,SUP-12,WH-02,2024-01-12,2024-01-21,2024-01-21,322,168.56,54276.32,0,True,46
SHP-002350,PROD-0032,SUP-12,WH-02,2024-01-25,2024-02-13,2024-02-13,238,168.56,40117.28,0,True,34
SHP-002351,PROD-0032,SUP-12,WH-02,2024-02-07,2024-02-13,2024-02-13,404,168.56,68098.24,0,True,58
SHP-002352,PROD-0032,SUP-12,WH-02,2024-02-20,2024-02-26,2024-03-10,83,168.56,13990.48,13,False,12
SHP-002353,PROD-0032,SUP-12,WH-02,2024-03-04,2024-03-12,2024-03-16,284,168.56,47871.04,4,False,41
SHP-002354,PROD-0032,SUP-12,WH-02,2024-03-17,2024-03-27,2024-03-27,141,168.56,23766.96,0,True,20
SHP-002355,PROD-0032,SUP-12,WH-02,2024-03-30,2024-04-07,2024-04-12,89,168.56,15001.84,5,False,12
SHP-002356,PROD-0032,SUP-12,WH-02,2024-04-12,2024-04-28,2024-04-28,107,168.56,18035.92,0,True,15
SHP-002357,PROD-0032,SUP-12,WH-02,2024-04-25,2024-05-09,2024-05-09,127,168.56,21407.12,0,True,18
SHP-002358,PROD-0032,SUP-12,WH-02,2024-05-08,2024-05-28,2024-05-28,371,168.56,62535.76,0,True,54
SHP-002359,PROD-0032,SUP-12,WH-02,2024-05-21,2024-05-31,2024-05-31,399,168.56,67255.44,0,True,58
SHP-002360,PROD-0032,SUP-12,WH-02,2024-06-03,2024-06-24,2024-07-03,292,168.56,49219.52,9,False,42
SHP-002361,PROD-0032,SUP-12,WH-02,2024-06-16,2024-06-24,2024-06-24,427,168.56,71975.12,0,True,62
SHP-002362,PROD-0032,SUP-12,WH-02,2024-06-29,2024-07-31,2024-07-31,146,168.56,24609.76,0,True,21
SHP-002363,PROD-0032,SUP-12,WH-02,2024-07-12,2024-07-16,2024-07-16,460,168.56,77537.6,0,True,67
SHP-002364,PROD-0032,SUP-12,WH-02,2024-07-25,2024-08-10,2024-08-14,316,168.56,53264.96,4,False,46
SHP-002365,PROD-0032,SUP-12,WH-02,2024-08-07,2024-08-26,2024-08-26,346,168.56,58321.76,0,True,50
SHP-002366,PROD-0032,SUP-12,WH-02,2024-08-20,2024-09-11,2024-09-11,452,168.56,76189.12,0,True,65
SHP-002367,PROD-0032,SUP-12,WH-02,2024-09-02,2024-09-03,2024-09-03,390,168.56,65738.4,0,True,56
SHP-002368,PROD-0032,SUP-12,WH-02,2024-09-15,2024-09-21,2024-09-21,330,168.56,55624.8,0,True,48
SHP-002369,PROD-0032,SUP-12,WH-02,2024-09-28,2024-10-12,2024-10-12,340,168.56,57310.4,0,True,49
SHP-002370,PROD-0032,SUP-12,WH-02,2024-10-11,2024-10-22,2024-10-25,206,168.56,34723.36,3,False,30
SHP-002371,PROD-0032,SUP-12,WH-02,2024-10-24,2024-11-13,2024-11-16,166,168.56,27980.96,3,False,24
SHP-002372,PROD-0032,SUP-12,WH-02,2024-11-06,2024-11-18,2024-11-18,197,168.56,33206.32,0,True,28
SHP-002373,PROD-0032,SUP-12,WH-02,2024-11-19,2024-12-10,2024-12-23,125,168.56,21070.0,13,False,18
SHP-002374,PROD-0032,SUP-12,WH-02,2024-12-02,2024-12-04,2024-12-04,135,168.56,22755.6,0,True,19
SHP-002375,PROD-0032,SUP-12,WH-02,2024-12-15,2025-01-09,2025-01-19,414,168.56,69783.84,10,False,60
SHP-002376,PROD-0032,SUP-12,WH-02,2024-12-28,2025-01-25,2025-01-25,139,168.56,23429.84,0,True,20
SHP-002377,PROD-0033,SUP-13,WH-03,2022-01-01,2022-02-02,2022-02-14,456,70.49,32143.44,12,False,44
SHP-002378,PROD-0033,SUP-13,WH-03,2022-01-22,2022-02-19,2022-02-19,109,70.49,7683.41,0,True,10
SHP-002379,PROD-0033,SUP-13,WH-03,2022-02-12,2022-03-04,2022-03-05,344,70.49,24248.56,1,False,33
SHP-002380,PROD-0033,SUP-13,WH-03,2022-03-05,2022-03-30,2022-03-30,239,70.49,16847.11,0,True,23
SHP-002381,PROD-0033,SUP-13,WH-03,2022-03-26,2022-04-19,2022-04-19,412,70.49,29041.88,0,True,40
SHP-002382,PROD-0033,SUP-13,WH-03,2022-04-16,2022-05-11,2022-05-11,226,70.49,15930.74,0,True,22
SHP-002383,PROD-0033,SUP-13,WH-03,2022-05-07,2022-05-30,2022-05-30,326,70.49,22979.74,0,True,32
SHP-002384,PROD-0033,SUP-13,WH-03,2022-05-28,2022-06-24,2022-06-24,112,70.49,7894.88,0,True,11
SHP-002385,PROD-0033,SUP-13,WH-03,2022-06-18,2022-07-09,2022-07-09,305,70.49,21499.45,0,True,30
SHP-002386,PROD-0033,SUP-13,WH-03,2022-07-09,2022-07-28,2022-07-28,284,70.49,20019.16,0,True,28
SHP-002387,PROD-0033,SUP-13,WH-03,2022-07-30,2022-08-27,2022-08-27,428,70.49,30169.72,0,True,42
SHP-002388,PROD-0033,SUP-13,WH-03,2022-08-20,2022-09-17,2022-09-26,219,70.49,15437.31,9,False,21
SHP-002389,PROD-0033,SUP-13,WH-03,2022-09-10,2022-09-30,2022-09-30,292,70.49,20583.08,0,True,28
SHP-002390,PROD-0033,SUP-13,WH-03,2022-10-01,2022-10-28,2022-11-02,436,70.49,30733.64,5,False,42
SHP-002391,PROD-0033,SUP-13,WH-03,2022-10-22,2022-11-22,2022-11-22,459,70.49,32354.91,0,True,45
SHP-002392,PROD-0033,SUP-13,WH-03,2022-11-12,2022-12-07,2022-12-07,276,70.49,19455.24,0,True,27
SHP-002393,PROD-0033,SUP-13,WH-03,2022-12-03,2023-01-01,2023-01-01,424,70.49,29887.76,0,True,41
SHP-002394,PROD-0033,SUP-13,WH-03,2022-12-24,2023-01-10,2023-01-18,121,70.49,8529.29,8,False,11
SHP-002395,PROD-0033,SUP-13,WH-03,2023-01-14,2023-02-07,2023-02-07,207,70.49,14591.43,0,True,20
SHP-002396,PROD-0033,SUP-13,WH-03,2023-02-04,2023-02-28,2023-02-28,480,70.49,33835.2,0,True,47
SHP-002397,PROD-0033,SUP-13,WH-03,2023-02-25,2023-03-25,2023-03-25,97,70.49,6837.53,0,True,9
SHP-002398,PROD-0033,SUP-13,WH-03,2023-03-18,2023-04-13,2023-04-13,378,70.49,26645.22,0,True,37
SHP-002399,PROD-0033,SUP-13,WH-03,2023-04-08,2023-05-08,2023-05-08,163,70.49,11489.87,0,True,16
SHP-002400,PROD-0033,SUP-13,WH-03,2023-04-29,2023-05-19,2023-06-01,192,70.49,13534.08,13,False,18
SHP-002401,PROD-0033,SUP-13,WH-03,2023-05-20,2023-06-11,2023-06-11,325,70.49,22909.25,0,True,32
SHP-002402,PROD-0033,SUP-13,WH-03,2023-06-10,2023-07-10,2023-07-10,393,70.49,27702.57,0,True,38
SHP-002403,PROD-0033,SUP-13,WH-03,2023-07-01,2023-07-30,2023-08-01,251,70.49,17692.99,2,False,24
SHP-002404,PROD-0033,SUP-13,WH-03,2023-07-22,2023-08-13,2023-08-13,358,70.49,25235.42,0,True,35
SHP-002405,PROD-0033,SUP-13,WH-03,2023-08-12,2023-09-05,2023-09-05,78,70.49,5498.22,0,True,7
SHP-002406,PROD-0033,SUP-13,WH-03,2023-09-02,2023-09-25,2023-09-25,125,70.49,8811.25,0,True,12
SHP-002407,PROD-0033,SUP-13,WH-03,2023-09-23,2023-10-10,2023-10-22,239,70.49,16847.11,12,False,23
SHP-002408,PROD-0033,SUP-13,WH-03,2023-10-14,2023-11-09,2023-11-09,195,70.49,13745.55,0,True,19
SHP-002409,PROD-0033,SUP-13,WH-03,2023-11-04,2023-11-23,2023-11-23,278,70.49,19596.22,0,True,27
SHP-002410,PROD-0033,SUP-13,WH-03,2023-11-25,2023-12-20,2023-12-20,160,70.49,11278.4,0,True,15
SHP-002411,PROD-0033,SUP-13,WH-03,2023-12-16,2024-01-07,2024-01-19,429,70.49,30240.21,12,False,42
SHP-002412,PROD-0033,SUP-13,WH-03,2024-01-06,2024-01-30,2024-02-06,197,70.49,13886.53,7,False,19
SHP-002413,PROD-0033,SUP-13,WH-03,2024-01-27,2024-03-02,2024-03-05,267,70.49,18820.83,3,False,26
SHP-002414,PROD-0033,SUP-13,WH-03,2024-02-17,2024-03-04,2024-03-16,121,70.49,8529.29,12,False,11
SHP-002415,PROD-0033,SUP-13,WH-03,2024-03-09,2024-04-14,2024-04-14,94,70.49,6626.06,0,True,9
SHP-002416,PROD-0033,SUP-13,WH-03,2024-03-30,2024-04-24,2024-04-24,293,70.49,20653.57,0,True,28
SHP-002417,PROD-0033,SUP-13,WH-03,2024-04-20,2024-05-19,2024-05-19,221,70.49,15578.29,0,True,21
SHP-002418,PROD-0033,SUP-13,WH-03,2024-05-11,2024-05-29,2024-05-31,352,70.49,24812.48,2,False,34
SHP-002419,PROD-0033,SUP-13,WH-03,2024-06-01,2024-07-02,2024-07-02,53,70.49,3735.97,0,True,5
SHP-002420,PROD-0033,SUP-13,WH-03,2024-06-22,2024-07-17,2024-07-17,189,70.49,13322.61,0,True,18
SHP-002421,PROD-0033,SUP-13,WH-03,2024-07-13,2024-08-05,2024-08-05,286,70.49,20160.14,0,True,28
SHP-002422,PROD-0033,SUP-13,WH-03,2024-08-03,2024-08-25,2024-08-25,120,70.49,8458.8,0,True,11
SHP-002423,PROD-0033,SUP-13,WH-03,2024-08-24,2024-09-08,2024-09-08,245,70.49,17270.05,0,True,24
SHP-002424,PROD-0033,SUP-13,WH-03,2024-09-14,2024-10-04,2024-10-04,71,70.49,5004.79,0,True,7
SHP-002425,PROD-0033,SUP-13,WH-03,2024-10-05,2024-10-26,2024-11-09,477,70.49,33623.73,14,False,47
SHP-002426,PROD-0033,SUP-13,WH-03,2024-10-26,2024-11-15,2024-11-15,336,70.49,23684.64,0,True,33
SHP-002427,PROD-0033,SUP-13,WH-03,2024-11-16,2024-12-16,2024-12-16,63,70.49,4440.87,0,True,6
SHP-002428,PROD-0033,SUP-13,WH-03,2024-12-07,2025-01-03,2025-01-03,184,70.49,12970.16,0,True,18
SHP-002429,PROD-0033,SUP-13,WH-03,2024-12-28,2025-01-29,2025-02-03,477,70.49,33623.73,5,False,47
SHP-002430,PROD-0034,SUP-14,WH-04,2022-01-01,2022-02-08,2022-02-08,390,206.49,80531.1,0,True,18
SHP-002431,PROD-0034,SUP-14,WH-04,2022-01-21,2022-03-01,2022-03-01,301,206.49,62153.49,0,True,14
SHP-002432,PROD-0034,SUP-14,WH-04,2022-02-10,2022-03-22,2022-03-22,64,206.49,13215.36,0,True,3
SHP-002433,PROD-0034,SUP-14,WH-04,2022-03-02,2022-04-10,2022-04-10,302,206.49,62359.98,0,True,14
SHP-002434,PROD-0034,SUP-14,WH-04,2022-03-22,2022-04-30,2022-04-30,235,206.49,48525.15,0,True,11
SHP-002435,PROD-0034,SUP-14,WH-04,2022-04-11,2022-05-21,2022-05-21,273,206.49,56371.77,0,True,13
SHP-002436,PROD-0034,SUP-14,WH-04,2022-05-01,2022-06-09,2022-06-09,401,206.49,82802.49,0,True,19
SHP-002437,PROD-0034,SUP-14,WH-04,2022-05-21,2022-06-27,2022-07-05,468,206.49,96637.32,8,False,22
SHP-002438,PROD-0034,SUP-14,WH-04,2022-06-10,2022-07-19,2022-07-19,425,206.49,87758.25,0,True,20
SHP-002439,PROD-0034,SUP-14,WH-04,2022-06-30,2022-08-10,2022-08-10,182,206.49,37581.18,0,True,8
SHP-002440,PROD-0034,SUP-14,WH-04,2022-07-20,2022-08-28,2022-08-28,124,206.49,25604.76,0,True,5
SHP-002441,PROD-0034,SUP-14,WH-04,2022-08-09,2022-09-17,2022-09-17,404,206.49,83421.96,0,True,19
SHP-002442,PROD-0034,SUP-14,WH-04,2022-08-29,2022-10-08,2022-10-08,77,206.49,15899.73,0,True,3
SHP-002443,PROD-0034,SUP-14,WH-04,2022-09-18,2022-10-27,2022-10-27,375,206.49,77433.75,0,True,18
SHP-002444,PROD-0034,SUP-14,WH-04,2022-10-08,2022-11-14,2022-11-14,199,206.49,41091.51,0,True,9
SHP-002445,PROD-0034,SUP-14,WH-04,2022-10-28,2022-12-05,2022-12-05,89,206.49,18377.61,0,True,4
SHP-002446,PROD-0034,SUP-14,WH-04,2022-11-17,2022-12-26,2022-12-26,371,206.49,76607.79,0,True,17
SHP-002447,PROD-0034,SUP-14,WH-04,2022-12-07,2023-01-16,2023-01-16,356,206.49,73510.44,0,True,17
SHP-002448,PROD-0034,SUP-14,WH-04,2022-12-27,2023-02-06,2023-02-06,215,206.49,44395.35,0,True,10
SHP-002449,PROD-0034,SUP-14,WH-04,2023-01-16,2023-02-24,2023-02-24,482,206.49,99528.18,0,True,23
SHP-002450,PROD-0034,SUP-14,WH-04,2023-02-05,2023-03-18,2023-03-18,188,206.49,38820.12,0,True,9
SHP-002451,PROD-0034,SUP-14,WH-04,2023-02-25,2023-04-06,2023-04-06,235,206.49,48525.15,0,True,11
SHP-002452,PROD-0034,SUP-14,WH-04,2023-03-17,2023-04-25,2023-04-25,230,206.49,47492.7,0,True,11
SHP-002453,PROD-0034,SUP-14,WH-04,2023-04-06,2023-05-16,2023-05-16,120,206.49,24778.8,0,True,5
SHP-002454,PROD-0034,SUP-14,WH-04,2023-04-26,2023-06-05,2023-06-05,448,206.49,92507.52,0,True,21
SHP-002455,PROD-0034,SUP-14,WH-04,2023-05-16,2023-06-25,2023-06-25,133,206.49,27463.17,0,True,6
SHP-002456,PROD-0034,SUP-14,WH-04,2023-06-05,2023-07-14,2023-07-14,307,206.49,63392.43,0,True,14
SHP-002457,PROD-0034,SUP-14,WH-04,2023-06-25,2023-08-04,2023-08-04,457,206.49,94365.93,0,True,22
SHP-002458,PROD-0034,SUP-14,WH-04,2023-07-15,2023-08-25,2023-08-25,475,206.49,98082.75,0,True,22
SHP-002459,PROD-0034,SUP-14,WH-04,2023-08-04,2023-09-15,2023-09-15,414,206.49,85486.86,0,True,19
SHP-002460,PROD-0034,SUP-14,WH-04,2023-08-24,2023-10-03,2023-10-03,460,206.49,94985.4,0,True,22
SHP-002461,PROD-0034,SUP-14,WH-04,2023-09-13,2023-10-23,2023-10-23,89,206.49,18377.61,0,True,4
SHP-002462,PROD-0034,SUP-14,WH-04,2023-10-03,2023-11-11,2023-11-11,58,206.49,11976.42,0,True,2
SHP-002463,PROD-0034,SUP-14,WH-04,2023-10-23,2023-12-01,2023-12-01,403,206.49,83215.47,0,True,19
SHP-002464,PROD-0034,SUP-14,WH-04,2023-11-12,2023-12-20,2023-12-20,276,206.49,56991.24,0,True,13
SHP-002465,PROD-0034,SUP-14,WH-04,2023-12-02,2024-01-09,2024-01-09,225,206.49,46460.25,0,True,10
SHP-002466,PROD-0034,SUP-14,WH-04,2023-12-22,2024-01-31,2024-01-31,64,206.49,13215.36,0,True,3
SHP-002467,PROD-0034,SUP-14,WH-04,2024-01-11,2024-02-19,2024-02-19,163,206.49,33657.87,0,True,7
SHP-002468,PROD-0034,SUP-14,WH-04,2024-01-31,2024-03-10,2024-03-10,122,206.49,25191.78,0,True,5
SHP-002469,PROD-0034,SUP-14,WH-04,2024-02-20,2024-03-31,2024-03-31,114,206.49,23539.86,0,True,5
SHP-002470,PROD-0034,SUP-14,WH-04,2024-03-11,2024-04-20,2024-04-20,90,206.49,18584.1,0,True,4
SHP-002471,PROD-0034,SUP-14,WH-04,2024-03-31,2024-05-09,2024-05-09,451,206.49,93126.99,0,True,21
SHP-002472,PROD-0034,SUP-14,WH-04,2024-04-20,2024-05-27,2024-05-27,446,206.49,92094.54,0,True,21
SHP-002473,PROD-0034,SUP-14,WH-04,2024-05-10,2024-06-17,2024-06-17,71,206.49,14660.79,0,True,3
SHP-002474,PROD-0034,SUP-14,WH-04,2024-05-30,2024-07-10,2024-07-10,456,206.49,94159.44,0,True,22
SHP-002475,PROD-0034,SUP-14,WH-04,2024-06-19,2024-07-30,2024-07-30,80,206.49,16519.2,0,True,3
SHP-002476,PROD-0034,SUP-14,WH-04,2024-07-09,2024-08-20,2024-08-20,179,206.49,36961.71,0,True,8
SHP-002477,PROD-0034,SUP-14,WH-04,2024-07-29,2024-09-06,2024-09-06,391,206.49,80737.59,0,True,18
SHP-002478,PROD-0034,SUP-14,WH-04,2024-08-18,2024-09-26,2024-09-26,450,206.49,92920.5,0,True,21
SHP-002479,PROD-0034,SUP-14,WH-04,2024-09-07,2024-10-16,2024-10-18,155,206.49,32005.95,2,False,7
SHP-002480,PROD-0034,SUP-14,WH-04,2024-09-27,2024-11-05,2024-11-05,144,206.49,29734.56,0,True,6
SHP-002481,PROD-0034,SUP-14,WH-04,2024-10-17,2024-11-27,2024-11-27,96,206.49,19823.04,0,True,4
SHP-002482,PROD-0034,SUP-14,WH-04,2024-11-06,2024-12-15,2024-12-15,192,206.49,39646.08,0,True,9
SHP-002483,PROD-0034,SUP-14,WH-04,2024-11-26,2025-01-08,2025-01-08,132,206.49,27256.68,0,True,6
SHP-002484,PROD-0034,SUP-14,WH-04,2024-12-16,2025-01-25,2025-01-25,423,206.49,87345.27,0,True,20
SHP-002485,PROD-0035,SUP-15,WH-05,2022-01-01,2022-01-30,2022-01-30,84,432.6,36338.4,0,True,1
SHP-002486,PROD-0035,SUP-15,WH-05,2022-01-20,2022-01-28,2022-01-28,440,432.6,190344.0,0,True,5
SHP-002487,PROD-0035,SUP-15,WH-05,2022-02-08,2022-03-14,2022-03-14,416,432.6,179961.6,0,True,5
SHP-002488,PROD-0035,SUP-15,WH-05,2022-02-27,2022-03-18,2022-03-18,137,432.6,59266.2,0,True,1
SHP-002489,PROD-0035,SUP-15,WH-05,2022-03-18,2022-04-05,2022-04-05,421,432.6,182124.6,0,True,5
SHP-002490,PROD-0035,SUP-15,WH-05,2022-04-06,2022-04-19,2022-04-19,308,432.6,133240.8,0,True,3
SHP-002491,PROD-0035,SUP-15,WH-05,2022-04-25,2022-05-05,2022-05-05,237,432.6,102526.2,0,True,2
SHP-002492,PROD-0035,SUP-15,WH-05,2022-05-14,2022-06-05,2022-06-05,275,432.6,118965.0,0,True,3
SHP-002493,PROD-0035,SUP-15,WH-05,2022-06-02,2022-06-14,2022-06-14,142,432.6,61429.2,0,True,1
SHP-002494,PROD-0035,SUP-15,WH-05,2022-06-21,2022-07-19,2022-07-19,244,432.6,105554.4,0,True,3
SHP-002495,PROD-0035,SUP-15,WH-05,2022-07-10,2022-07-27,2022-07-27,166,432.6,71811.6,0,True,2
SHP-002496,PROD-0035,SUP-15,WH-05,2022-07-29,2022-08-16,2022-08-16,210,432.6,90846.0,0,True,2
SHP-002497,PROD-0035,SUP-15,WH-05,2022-08-17,2022-08-29,2022-08-29,316,432.6,136701.6,0,True,3
SHP-002498,PROD-0035,SUP-15,WH-05,2022-09-05,2022-09-29,2022-09-29,234,432.6,101228.4,0,True,2
SHP-002499,PROD-0035,SUP-15,WH-05,2022-09-24,2022-10-11,2022-10-11,419,432.6,181259.4,0,True,5
SHP-002500,PROD-0035,SUP-15,WH-05,2022-10-13,2022-10-28,2022-10-28,302,432.6,130645.2,0,True,3
SHP-002501,PROD-0035,SUP-15,WH-05,2022-11-01,2022-11-14,2022-11-14,283,432.6,122425.8,0,True,3
SHP-002502,PROD-0035,SUP-15,WH-05,2022-11-20,2022-12-16,2022-12-16,401,432.6,173472.6,0,True,5
SHP-002503,PROD-0035,SUP-15,WH-05,2022-12-09,2022-12-29,2022-12-29,333,432.6,144055.8,0,True,4
SHP-002504,PROD-0035,SUP-15,WH-05,2022-12-28,2023-01-14,2023-01-14,487,432.6,210676.2,0,True,6
SHP-002505,PROD-0035,SUP-15,WH-05,2023-01-16,2023-02-12,2023-02-12,85,432.6,36771.0,0,True,1
SHP-002506,PROD-0035,SUP-15,WH-05,2023-02-04,2023-02-25,2023-02-25,397,432.6,171742.2,0,True,4
SHP-002507,PROD-0035,SUP-15,WH-05,2023-02-23,2023-03-15,2023-03-15,395,432.6,170877.0,0,True,4
SHP-002508,PROD-0035,SUP-15,WH-05,2023-03-14,2023-03-29,2023-03-29,252,432.6,109015.2,0,True,3
SHP-002509,PROD-0035,SUP-15,WH-05,2023-04-02,2023-04-26,2023-04-26,396,432.6,171309.6,0,True,4
SHP-002510,PROD-0035,SUP-15,WH-05,2023-04-21,2023-05-16,2023-05-16,252,432.6,109015.2,0,True,3
SHP-002511,PROD-0035,SUP-15,WH-05,2023-05-10,2023-05-31,2023-05-31,102,432.6,44125.2,0,True,1
SHP-002512,PROD-0035,SUP-15,WH-05,2023-05-29,2023-06-18,2023-06-18,136,432.6,58833.6,0,True,1
SHP-002513,PROD-0035,SUP-15,WH-05,2023-06-17,2023-07-20,2023-07-20,151,432.6,65322.6,0,True,1
SHP-002514,PROD-0035,SUP-15,WH-05,2023-07-06,2023-07-20,2023-07-20,482,432.6,208513.2,0,True,6
SHP-002515,PROD-0035,SUP-15,WH-05,2023-07-25,2023-08-11,2023-08-11,479,432.6,207215.4,0,True,5
SHP-002516,PROD-0035,SUP-15,WH-05,2023-08-13,2023-08-26,2023-08-26,192,432.6,83059.2,0,True,2
SHP-002517,PROD-0035,SUP-15,WH-05,2023-09-01,2023-09-22,2023-09-22,347,432.6,150112.2,0,True,4
SHP-002518,PROD-0035,SUP-15,WH-05,2023-09-20,2023-10-03,2023-10-03,454,432.6,196400.4,0,True,5
SHP-002519,PROD-0035,SUP-15,WH-05,2023-10-09,2023-10-26,2023-10-26,254,432.6,109880.4,0,True,3
SHP-002520,PROD-0035,SUP-15,WH-05,2023-10-28,2023-11-22,2023-11-22,358,432.6,154870.8,0,True,4
SHP-002521,PROD-0035,SUP-15,WH-05,2023-11-16,2023-11-28,2023-12-05,311,432.6,134538.6,7,False,3
SHP-002522,PROD-0035,SUP-15,WH-05,2023-12-05,2023-12-30,2023-12-30,282,432.6,121993.2,0,True,3
SHP-002523,PROD-0035,SUP-15,WH-05,2023-12-24,2024-01-05,2024-01-05,300,432.6,129780.0,0,True,3
SHP-002524,PROD-0035,SUP-15,WH-05,2024-01-12,2024-02-02,2024-02-02,118,432.6,51046.8,0,True,1
SHP-002525,PROD-0035,SUP-15,WH-05,2024-01-31,2024-02-22,2024-02-22,77,432.6,33310.2,0,True,0
SHP-002526,PROD-0035,SUP-15,WH-05,2024-02-19,2024-03-17,2024-03-17,397,432.6,171742.2,0,True,4
SHP-002527,PROD-0035,SUP-15,WH-05,2024-03-09,2024-04-04,2024-04-04,245,432.6,105987.0,0,True,3
SHP-002528,PROD-0035,SUP-15,WH-05,2024-03-28,2024-04-10,2024-04-10,128,432.6,55372.8,0,True,1
SHP-002529,PROD-0035,SUP-15,WH-05,2024-04-16,2024-05-07,2024-05-07,99,432.6,42827.4,0,True,1
SHP-002530,PROD-0035,SUP-15,WH-05,2024-05-05,2024-05-19,2024-05-19,434,432.6,187748.4,0,True,5
SHP-002531,PROD-0035,SUP-15,WH-05,2024-05-24,2024-06-17,2024-06-17,455,432.6,196833.0,0,True,5
SHP-002532,PROD-0035,SUP-15,WH-05,2024-06-12,2024-07-09,2024-07-09,388,432.6,167848.8,0,True,4
SHP-002533,PROD-0035,SUP-15,WH-05,2024-07-01,2024-07-20,2024-07-20,183,432.6,79165.8,0,True,2
SHP-002534,PROD-0035,SUP-15,WH-05,2024-07-20,2024-08-09,2024-08-09,490,432.6,211974.0,0,True,6
SHP-002535,PROD-0035,SUP-15,WH-05,2024-08-08,2024-08-27,2024-08-27,441,432.6,190776.6,0,True,5
SHP-002536,PROD-0035,SUP-15,WH-05,2024-08-27,2024-09-12,2024-09-13,500,432.6,216300.0,1,False,6
SHP-002537,PROD-0035,SUP-15,WH-05,2024-09-15,2024-09-30,2024-09-30,211,432.6,91278.6,0,True,2
SHP-002538,PROD-0035,SUP-15,WH-05,2024-10-04,2024-10-30,2024-10-30,285,432.6,123291.0,0,True,3
SHP-002539,PROD-0035,SUP-15,WH-05,2024-10-23,2024-11-10,2024-11-10,335,432.6,144921.0,0,True,4
SHP-002540,PROD-0035,SUP-15,WH-05,2024-11-11,2024-12-01,2024-12-01,205,432.6,88683.0,0,True,2
SHP-002541,PROD-0035,SUP-15,WH-05,2024-11-30,2024-12-24,2024-12-24,270,432.6,116802.0,0,True,3
SHP-002542,PROD-0035,SUP-15,WH-05,2024-12-19,2025-01-09,2025-01-09,249,432.6,107717.4,0,True,3
SHP-002543,PROD-0036,SUP-16,WH-01,2022-01-01,2022-01-30,2022-01-30,395,431.53,170454.35,0,True,27
SHP-002544,PROD-0036,SUP-16,WH-01,2022-01-18,2022-02-21,2022-02-21,400,431.53,172612.0,0,True,27
SHP-002545,PROD-0036,SUP-16,WH-01,2022-02-04,2022-03-15,2022-03-15,293,431.53,126438.29,0,True,20
SHP-002546,PROD-0036,SUP-16,WH-01,2022-02-21,2022-03-30,2022-03-30,309,431.53,133342.77,0,True,21
SHP-002547,PROD-0036,SUP-16,WH-01,2022-03-10,2022-04-03,2022-04-03,303,431.53,130753.59,0,True,21
SHP-002548,PROD-0036,SUP-16,WH-01,2022-03-27,2022-04-19,2022-04-29,365,431.53,157508.45,10,False,25
SHP-002549,PROD-0036,SUP-16,WH-01,2022-04-13,2022-05-12,2022-05-12,195,431.53,84148.35,0,True,13
SHP-002550,PROD-0036,SUP-16,WH-01,2022-04-30,2022-06-01,2022-06-01,352,431.53,151898.56,0,True,24
SHP-002551,PROD-0036,SUP-16,WH-01,2022-05-17,2022-06-15,2022-06-15,237,431.53,102272.61,0,True,16
SHP-002552,PROD-0036,SUP-16,WH-01,2022-06-03,2022-06-24,2022-06-24,348,431.53,150172.44,0,True,24
SHP-002553,PROD-0036,SUP-16,WH-01,2022-06-20,2022-07-14,2022-07-14,370,431.53,159666.1,0,True,25
SHP-002554,PROD-0036,SUP-16,WH-01,2022-07-07,2022-08-07,2022-08-07,269,431.53,116081.57,0,True,18
SHP-002555,PROD-0036,SUP-16,WH-01,2022-07-24,2022-09-10,2022-09-16,260,431.53,112197.8,6,False,18
SHP-002556,PROD-0036,SUP-16,WH-01,2022-08-10,2022-10-02,2022-10-02,175,431.53,75517.75,0,True,12
SHP-002557,PROD-0036,SUP-16,WH-01,2022-08-27,2022-10-05,2022-10-05,209,431.53,90189.77,0,True,14
SHP-002558,PROD-0036,SUP-16,WH-01,2022-09-13,2022-10-16,2022-10-16,402,431.53,173475.06,0,True,27
SHP-002559,PROD-0036,SUP-16,WH-01,2022-09-30,2022-11-04,2022-11-06,108,431.53,46605.24,2,False,7
SHP-002560,PROD-0036,SUP-16,WH-01,2022-10-17,2022-11-21,2022-11-21,325,431.53,140247.25,0,True,22
SHP-002561,PROD-0036,SUP-16,WH-01,2022-11-03,2022-12-10,2022-12-10,386,431.53,166570.58,0,True,26
SHP-002562,PROD-0036,SUP-16,WH-01,2022-11-20,2022-12-23,2022-12-23,313,431.53,135068.89,0,True,21
SHP-002563,PROD-0036,SUP-16,WH-01,2022-12-07,2023-01-07,2023-01-07,406,431.53,175201.18,0,True,28
SHP-002564,PROD-0036,SUP-16,WH-01,2022-12-24,2023-02-10,2023-02-10,212,431.53,91484.36,0,True,14
SHP-002565,PROD-0036,SUP-16,WH-01,2023-01-10,2023-02-04,2023-02-04,215,431.53,92778.95,0,True,14
SHP-002566,PROD-0036,SUP-16,WH-01,2023-01-27,2023-03-10,2023-03-10,300,431.53,129459.0,0,True,20
SHP-002567,PROD-0036,SUP-16,WH-01,2023-02-13,2023-03-05,2023-03-05,155,431.53,66887.15,0,True,10
SHP-002568,PROD-0036,SUP-16,WH-01,2023-03-02,2023-04-09,2023-04-09,465,431.53,200661.45,0,True,32
SHP-002569,PROD-0036,SUP-16,WH-01,2023-03-19,2023-04-09,2023-04-09,135,431.53,58256.55,0,True,9
SHP-002570,PROD-0036,SUP-16,WH-01,2023-04-05,2023-05-24,2023-05-24,273,431.53,117807.69,0,True,18
SHP-002571,PROD-0036,SUP-16,WH-01,2023-04-22,2023-05-20,2023-05-20,483,431.53,208428.99,0,True,33
SHP-002572,PROD-0036,SUP-16,WH-01,2023-05-09,2023-06-14,2023-06-14,485,431.53,209292.05,0,True,33
SHP-002573,PROD-0036,SUP-16,WH-01,2023-05-26,2023-07-07,2023-07-07,185,431.53,79833.05,0,True,12
SHP-002574,PROD-0036,SUP-16,WH-01,2023-06-12,2023-07-08,2023-07-08,343,431.53,148014.79,0,True,23
SHP-002575,PROD-0036,SUP-16,WH-01,2023-06-29,2023-08-03,2023-08-03,369,431.53,159234.57,0,True,25
SHP-002576,PROD-0036,SUP-16,WH-01,2023-07-16,2023-08-17,2023-08-29,417,431.53,179948.01,12,False,28
SHP-002577,PROD-0036,SUP-16,WH-01,2023-08-02,2023-09-13,2023-09-13,353,431.53,152330.09,0,True,24
SHP-002578,PROD-0036,SUP-16,WH-01,2023-08-19,2023-10-01,2023-10-01,340,431.53,146720.2,0,True,23
SHP-002579,PROD-0036,SUP-16,WH-01,2023-09-05,2023-10-12,2023-10-12,268,431.53,115650.04,0,True,18
SHP-002580,PROD-0036,SUP-16,WH-01,2023-09-22,2023-10-16,2023-10-16,89,431.53,38406.17,0,True,6
SHP-002581,PROD-0036,SUP-16,WH-01,2023-10-09,2023-11-08,2023-11-08,308,431.53,132911.24,0,True,21
SHP-002582,PROD-0036,SUP-16,WH-01,2023-10-26,2023-11-29,2023-11-29,389,431.53,167865.17,0,True,27
SHP-002583,PROD-0036,SUP-16,WH-01,2023-11-12,2023-12-27,2023-12-27,262,431.53,113060.86,0,True,18
SHP-002584,PROD-0036,SUP-16,WH-01,2023-11-29,2023-12-22,2023-12-22,313,431.53,135068.89,0,True,21
SHP-002585,PROD-0036,SUP-16,WH-01,2023-12-16,2024-01-17,2024-01-17,330,431.53,142404.9,0,True,22
SHP-002586,PROD-0036,SUP-16,WH-01,2024-01-02,2024-02-16,2024-02-19,371,431.53,160097.63,3,False,25
SHP-002587,PROD-0036,SUP-16,WH-01,2024-01-19,2024-02-21,2024-02-21,145,431.53,62571.85,0,True,10
SHP-002588,PROD-0036,SUP-16,WH-01,2024-02-05,2024-03-10,2024-03-10,388,431.53,167433.64,0,True,26
SHP-002589,PROD-0036,SUP-16,WH-01,2024-02-22,2024-03-13,2024-03-13,289,431.53,124712.17,0,True,20
SHP-002590,PROD-0036,SUP-16,WH-01,2024-03-10,2024-04-10,2024-04-15,322,431.53,138952.66,5,False,22
SHP-002591,PROD-0036,SUP-16,WH-01,2024-03-27,2024-05-05,2024-05-05,443,431.53,191167.79,0,True,30
SHP-002592,PROD-0036,SUP-16,WH-01,2024-04-13,2024-05-11,2024-05-18,422,431.53,182105.66,7,False,29
SHP-002593,PROD-0036,SUP-16,WH-01,2024-04-30,2024-05-20,2024-05-20,152,431.53,65592.56,0,True,10
SHP-002594,PROD-0036,SUP-16,WH-01,2024-05-17,2024-06-13,2024-06-13,173,431.53,74654.69,0,True,12
SHP-002595,PROD-0036,SUP-16,WH-01,2024-06-03,2024-07-18,2024-07-18,441,431.53,190304.73,0,True,30
SHP-002596,PROD-0036,SUP-16,WH-01,2024-06-20,2024-07-27,2024-07-27,260,431.53,112197.8,0,True,18
SHP-002597,PROD-0036,SUP-16,WH-01,2024-07-07,2024-08-18,2024-08-18,82,431.53,35385.46,0,True,5
SHP-002598,PROD-0036,SUP-16,WH-01,2024-07-24,2024-09-01,2024-09-01,261,431.53,112629.33,0,True,18
SHP-002599,PROD-0036,SUP-16,WH-01,2024-08-10,2024-10-03,2024-10-03,380,431.53,163981.4,0,True,26
SHP-002600,PROD-0036,SUP-16,WH-01,2024-08-27,2024-10-09,2024-10-09,357,431.53,154056.21,0,True,24
SHP-002601,PROD-0036,SUP-16,WH-01,2024-09-13,2024-10-17,2024-10-17,108,431.53,46605.24,0,True,7
SHP-002602,PROD-0036,SUP-16,WH-01,2024-09-30,2024-11-01,2024-11-01,175,431.53,75517.75,0,True,12
SHP-002603,PROD-0036,SUP-16,WH-01,2024-10-17,2024-11-24,2024-11-24,287,431.53,123849.11,0,True,19
SHP-002604,PROD-0036,SUP-16,WH-01,2024-11-03,2024-12-17,2024-12-17,273,431.53,117807.69,0,True,18
SHP-002605,PROD-0036,SUP-16,WH-01,2024-11-20,2024-12-18,2024-12-18,68,431.53,29344.04,0,True,4
SHP-002606,PROD-0036,SUP-16,WH-01,2024-12-07,2025-01-14,2025-01-14,119,431.53,51352.07,0,True,8
SHP-002607,PROD-0036,SUP-16,WH-01,2024-12-24,2025-01-29,2025-01-29,461,431.53,198935.33,0,True,32
SHP-002608,PROD-0037,SUP-17,WH-02,2022-01-01,2022-01-25,2022-01-25,379,95.83,36319.57,0,True,13
SHP-002609,PROD-0037,SUP-17,WH-02,2022-01-15,2022-02-05,2022-02-05,419,95.83,40152.77,0,True,14
SHP-002610,PROD-0037,SUP-17,WH-02,2022-01-29,2022-02-23,2022-02-23,78,95.83,7474.74,0,True,2
SHP-002611,PROD-0037,SUP-17,WH-02,2022-02-12,2022-03-12,2022-03-12,210,95.83,20124.3,0,True,7
SHP-002612,PROD-0037,SUP-17,WH-02,2022-02-26,2022-03-22,2022-03-22,82,95.83,7858.06,0,True,2
SHP-002613,PROD-0037,SUP-17,WH-02,2022-03-12,2022-03-27,2022-03-27,393,95.83,37661.19,0,True,13
SHP-002614,PROD-0037,SUP-17,WH-02,2022-03-26,2022-04-14,2022-04-14,253,95.83,24244.99,0,True,8
SHP-002615,PROD-0037,SUP-17,WH-02,2022-04-09,2022-05-08,2022-05-08,121,95.83,11595.43,0,True,4
SHP-002616,PROD-0037,SUP-17,WH-02,2022-04-23,2022-05-11,2022-05-11,426,95.83,40823.58,0,True,14
SHP-002617,PROD-0037,SUP-17,WH-02,2022-05-07,2022-05-24,2022-06-02,317,95.83,30378.11,9,False,11
SHP-002618,PROD-0037,SUP-17,WH-02,2022-05-21,2022-06-10,2022-06-10,446,95.83,42740.18,0,True,15
SHP-002619,PROD-0037,SUP-17,WH-02,2022-06-04,2022-06-23,2022-06-23,96,95.83,9199.68,0,True,3
SHP-002620,PROD-0037,SUP-17,WH-02,2022-06-18,2022-07-11,2022-07-11,445,95.83,42644.35,0,True,15
SHP-002621,PROD-0037,SUP-17,WH-02,2022-07-02,2022-07-26,2022-07-26,476,95.83,45615.08,0,True,16
SHP-002622,PROD-0037,SUP-17,WH-02,2022-07-16,2022-08-09,2022-08-09,462,95.83,44273.46,0,True,16
SHP-002623,PROD-0037,SUP-17,WH-02,2022-07-30,2022-08-20,2022-08-20,266,95.83,25490.78,0,True,9
SHP-002624,PROD-0037,SUP-17,WH-02,2022-08-13,2022-09-02,2022-09-02,139,95.83,13320.37,0,True,4
SHP-002625,PROD-0037,SUP-17,WH-02,2022-08-27,2022-09-17,2022-09-21,275,95.83,26353.25,4,False,9
SHP-002626,PROD-0037,SUP-17,WH-02,2022-09-10,2022-10-07,2022-10-07,351,95.83,33636.33,0,True,12
SHP-002627,PROD-0037,SUP-17,WH-02,2022-09-24,2022-10-15,2022-10-15,241,95.83,23095.03,0,True,8
SHP-002628,PROD-0037,SUP-17,WH-02,2022-10-08,2022-11-01,2022-11-13,212,95.83,20315.96,12,False,7
SHP-002629,PROD-0037,SUP-17,WH-02,2022-10-22,2022-11-13,2022-11-13,399,95.83,38236.17,0,True,13
SHP-002630,PROD-0037,SUP-17,WH-02,2022-11-05,2022-11-25,2022-11-29,500,95.83,47915.0,4,False,17
SHP-002631,PROD-0037,SUP-17,WH-02,2022-11-19,2022-12-15,2022-12-28,235,95.83,22520.05,13,False,8
SHP-002632,PROD-0037,SUP-17,WH-02,2022-12-03,2022-12-23,2022-12-23,470,95.83,45040.1,0,True,16
SHP-002633,PROD-0037,SUP-17,WH-02,2022-12-17,2023-01-09,2023-01-09,360,95.83,34498.8,0,True,12
SHP-002634,PROD-0037,SUP-17,WH-02,2022-12-31,2023-01-25,2023-01-25,389,95.83,37277.87,0,True,13
SHP-002635,PROD-0037,SUP-17,WH-02,2023-01-14,2023-02-07,2023-02-20,403,95.83,38619.49,13,False,14
SHP-002636,PROD-0037,SUP-17,WH-02,2023-01-28,2023-02-21,2023-02-21,179,95.83,17153.57,0,True,6
SHP-002637,PROD-0037,SUP-17,WH-02,2023-02-11,2023-03-06,2023-03-06,377,95.83,36127.91,0,True,13
SHP-002638,PROD-0037,SUP-17,WH-02,2023-02-25,2023-03-20,2023-03-20,465,95.83,44560.95,0,True,16
SHP-002639,PROD-0037,SUP-17,WH-02,2023-03-11,2023-04-02,2023-04-02,493,95.83,47244.19,0,True,17
SHP-002640,PROD-0037,SUP-17,WH-02,2023-03-25,2023-04-14,2023-04-14,248,95.83,23765.84,0,True,8
SHP-002641,PROD-0037,SUP-17,WH-02,2023-04-08,2023-04-28,2023-04-28,251,95.83,24053.33,0,True,8
SHP-002642,PROD-0037,SUP-17,WH-02,2023-04-22,2023-05-14,2023-05-14,471,95.83,45135.93,0,True,16
SHP-002643,PROD-0037,SUP-17,WH-02,2023-05-06,2023-05-29,2023-05-29,157,95.83,15045.31,0,True,5
SHP-002644,PROD-0037,SUP-17,WH-02,2023-05-20,2023-06-13,2023-06-13,274,95.83,26257.42,0,True,9
SHP-002645,PROD-0037,SUP-17,WH-02,2023-06-03,2023-06-28,2023-06-28,465,95.83,44560.95,0,True,16
SHP-002646,PROD-0037,SUP-17,WH-02,2023-06-17,2023-07-05,2023-07-05,454,95.83,43506.82,0,True,15
SHP-002647,PROD-0037,SUP-17,WH-02,2023-07-01,2023-07-25,2023-07-25,91,95.83,8720.53,0,True,3
SHP-002648,PROD-0037,SUP-17,WH-02,2023-07-15,2023-08-08,2023-08-08,301,95.83,28844.83,0,True,10
SHP-002649,PROD-0037,SUP-17,WH-02,2023-07-29,2023-08-22,2023-08-22,480,95.83,45998.4,0,True,16
SHP-002650,PROD-0037,SUP-17,WH-02,2023-08-12,2023-09-05,2023-09-05,498,95.83,47723.34,0,True,17
SHP-002651,PROD-0037,SUP-17,WH-02,2023-08-26,2023-09-15,2023-09-15,132,95.83,12649.56,0,True,4
SHP-002652,PROD-0037,SUP-17,WH-02,2023-09-09,2023-10-02,2023-10-02,83,95.83,7953.89,0,True,2
SHP-002653,PROD-0037,SUP-17,WH-02,2023-09-23,2023-10-16,2023-10-16,423,95.83,40536.09,0,True,14
SHP-002654,PROD-0037,SUP-17,WH-02,2023-10-07,2023-10-23,2023-10-23,217,95.83,20795.11,0,True,7
SHP-002655,PROD-0037,SUP-17,WH-02,2023-10-21,2023-11-18,2023-11-18,440,95.83,42165.2,0,True,15
SHP-002656,PROD-0037,SUP-17,WH-02,2023-11-04,2023-11-23,2023-11-23,144,95.83,13799.52,0,True,5
SHP-002657,PROD-0037,SUP-17,WH-02,2023-11-18,2023-12-11,2023-12-11,378,95.83,36223.74,0,True,13
SHP-002658,PROD-0037,SUP-17,WH-02,2023-12-02,2023-12-16,2023-12-16,152,95.83,14566.16,0,True,5
SHP-002659,PROD-0037,SUP-17,WH-02,2023-12-16,2024-01-12,2024-01-12,344,95.83,32965.52,0,True,12
SHP-002660,PROD-0037,SUP-17,WH-02,2023-12-30,2024-01-19,2024-01-19,177,95.83,16961.91,0,True,6
SHP-002661,PROD-0037,SUP-17,WH-02,2024-01-13,2024-02-03,2024-02-03,443,95.83,42452.69,0,True,15
SHP-002662,PROD-0037,SUP-17,WH-02,2024-01-27,2024-02-15,2024-02-15,116,95.83,11116.28,0,True,4
SHP-002663,PROD-0037,SUP-17,WH-02,2024-02-10,2024-03-02,2024-03-02,260,95.83,24915.8,0,True,9
SHP-002664,PROD-0037,SUP-17,WH-02,2024-02-24,2024-03-18,2024-03-31,281,95.83,26928.23,13,False,9
SHP-002665,PROD-0037,SUP-17,WH-02,2024-03-09,2024-04-07,2024-04-07,118,95.83,11307.94,0,True,4
SHP-002666,PROD-0037,SUP-17,WH-02,2024-03-23,2024-04-18,2024-04-18,353,95.83,33827.99,0,True,12
SHP-002667,PROD-0037,SUP-17,WH-02,2024-04-06,2024-05-02,2024-05-02,194,95.83,18591.02,0,True,6
SHP-002668,PROD-0037,SUP-17,WH-02,2024-04-20,2024-05-08,2024-05-08,238,95.83,22807.54,0,True,8
SHP-002669,PROD-0037,SUP-17,WH-02,2024-05-04,2024-05-27,2024-05-27,243,95.83,23286.69,0,True,8
SHP-002670,PROD-0037,SUP-17,WH-02,2024-05-18,2024-06-08,2024-06-08,164,95.83,15716.12,0,True,5
SHP-002671,PROD-0037,SUP-17,WH-02,2024-06-01,2024-06-19,2024-06-20,335,95.83,32103.05,1,False,11
SHP-002672,PROD-0037,SUP-17,WH-02,2024-06-15,2024-07-05,2024-07-05,167,95.83,16003.61,0,True,5
SHP-002673,PROD-0037,SUP-17,WH-02,2024-06-29,2024-07-22,2024-07-24,151,95.83,14470.33,2,False,5
SHP-002674,PROD-0037,SUP-17,WH-02,2024-07-13,2024-08-03,2024-08-03,136,95.83,13032.88,0,True,4
SHP-002675,PROD-0037,SUP-17,WH-02,2024-07-27,2024-08-20,2024-08-20,269,95.83,25778.27,0,True,9
SHP-002676,PROD-0037,SUP-17,WH-02,2024-08-10,2024-08-28,2024-08-28,95,95.83,9103.85,0,True,3
SHP-002677,PROD-0037,SUP-17,WH-02,2024-08-24,2024-09-25,2024-09-25,340,95.83,32582.2,0,True,11
SHP-002678,PROD-0037,SUP-17,WH-02,2024-09-07,2024-09-30,2024-09-30,319,95.83,30569.77,0,True,11
SHP-002679,PROD-0037,SUP-17,WH-02,2024-09-21,2024-10-12,2024-10-12,282,95.83,27024.06,0,True,9
SHP-002680,PROD-0037,SUP-17,WH-02,2024-10-05,2024-10-26,2024-10-26,110,95.83,10541.3,0,True,3
SHP-002681,PROD-0037,SUP-17,WH-02,2024-10-19,2024-11-05,2024-11-05,147,95.83,14087.01,0,True,5
SHP-002682,PROD-0037,SUP-17,WH-02,2024-11-02,2024-11-18,2024-11-18,186,95.83,17824.38,0,True,6
SHP-002683,PROD-0037,SUP-17,WH-02,2024-11-16,2024-12-08,2024-12-08,245,95.83,23478.35,0,True,8
SHP-002684,PROD-0037,SUP-17,WH-02,2024-11-30,2024-12-23,2024-12-23,155,95.83,14853.65,0,True,5
SHP-002685,PROD-0037,SUP-17,WH-02,2024-12-14,2024-12-31,2024-12-31,471,95.83,45135.93,0,True,16
SHP-002686,PROD-0037,SUP-17,WH-02,2024-12-28,2025-01-16,2025-01-16,146,95.83,13991.18,0,True,5
SHP-002687,PROD-0038,SUP-18,WH-03,2022-01-01,2022-02-12,2022-02-12,124,277.41,34398.84,0,True,6
SHP-002688,PROD-0038,SUP-18,WH-03,2022-01-17,2022-02-21,2022-02-21,184,277.41,51043.44,0,True,9
SHP-002689,PROD-0038,SUP-18,WH-03,2022-02-02,2022-03-21,2022-03-21,177,277.41,49101.57,0,True,8
SHP-002690,PROD-0038,SUP-18,WH-03,2022-02-18,2022-04-02,2022-04-02,381,277.41,105693.21,0,True,18
SHP-002691,PROD-0038,SUP-18,WH-03,2022-03-06,2022-04-14,2022-04-14,290,277.41,80448.9,0,True,14
SHP-002692,PROD-0038,SUP-18,WH-03,2022-03-22,2022-05-03,2022-05-03,404,277.41,112073.64,0,True,20
SHP-002693,PROD-0038,SUP-18,WH-03,2022-04-07,2022-05-13,2022-05-13,415,277.41,115125.15,0,True,20
SHP-002694,PROD-0038,SUP-18,WH-03,2022-04-23,2022-05-29,2022-05-29,426,277.41,118176.66,0,True,21
SHP-002695,PROD-0038,SUP-18,WH-03,2022-05-09,2022-06-28,2022-06-28,98,277.41,27186.18,0,True,4
SHP-002696,PROD-0038,SUP-18,WH-03,2022-05-25,2022-07-16,2022-07-16,220,277.41,61030.2,0,True,10
SHP-002697,PROD-0038,SUP-18,WH-03,2022-06-10,2022-07-19,2022-07-19,231,277.41,64081.71,0,True,11
SHP-002698,PROD-0038,SUP-18,WH-03,2022-06-26,2022-08-07,2022-08-17,460,277.41,127608.6,10,False,22
SHP-002699,PROD-0038,SUP-18,WH-03,2022-07-12,2022-08-20,2022-08-20,464,277.41,128718.24,0,True,23
SHP-002700,PROD-0038,SUP-18,WH-03,2022-07-28,2022-09-14,2022-09-14,308,277.41,85442.28,0,True,15
SHP-002701,PROD-0038,SUP-18,WH-03,2022-08-13,2022-10-05,2022-10-05,252,277.41,69907.32,0,True,12
SHP-002702,PROD-0038,SUP-18,WH-03,2022-08-29,2022-10-06,2022-10-06,336,277.41,93209.76,0,True,16
SHP-002703,PROD-0038,SUP-18,WH-03,2022-09-14,2022-10-18,2022-10-18,183,277.41,50766.03,0,True,9
SHP-002704,PROD-0038,SUP-18,WH-03,2022-09-30,2022-11-16,2022-11-16,223,277.41,61862.43,0,True,11
SHP-002705,PROD-0038,SUP-18,WH-03,2022-10-16,2022-12-01,2022-12-01,212,277.41,58810.92,0,True,10
SHP-002706,PROD-0038,SUP-18,WH-03,2022-11-01,2022-12-20,2022-12-20,122,277.41,33844.02,0,True,6
SHP-002707,PROD-0038,SUP-18,WH-03,2022-11-17,2022-12-30,2022-12-30,72,277.41,19973.52,0,True,3
SHP-002708,PROD-0038,SUP-18,WH-03,2022-12-03,2023-01-01,2023-01-01,477,277.41,132324.57,0,True,23
SHP-002709,PROD-0038,SUP-18,WH-03,2022-12-19,2023-01-22,2023-01-22,270,277.41,74900.7,0,True,13
SHP-002710,PROD-0038,SUP-18,WH-03,2023-01-04,2023-02-25,2023-03-02,184,277.41,51043.44,5,False,9
SHP-002711,PROD-0038,SUP-18,WH-03,2023-01-20,2023-03-02,2023-03-02,185,277.41,51320.85,0,True,9
SHP-002712,PROD-0038,SUP-18,WH-03,2023-02-05,2023-03-13,2023-03-13,134,277.41,37172.94,0,True,6
SHP-002713,PROD-0038,SUP-18,WH-03,2023-02-21,2023-03-23,2023-03-23,301,277.41,83500.41,0,True,14
SHP-002714,PROD-0038,SUP-18,WH-03,2023-03-09,2023-04-22,2023-05-05,334,277.41,92654.94,13,False,16
SHP-002715,PROD-0038,SUP-18,WH-03,2023-03-25,2023-05-06,2023-05-20,375,277.41,104028.75,14,False,18
SHP-002716,PROD-0038,SUP-18,WH-03,2023-04-10,2023-05-14,2023-05-14,146,277.41,40501.86,0,True,7
SHP-002717,PROD-0038,SUP-18,WH-03,2023-04-26,2023-06-01,2023-06-01,143,277.41,39669.63,0,True,7
SHP-002718,PROD-0038,SUP-18,WH-03,2023-05-12,2023-06-18,2023-06-18,133,277.41,36895.53,0,True,6
SHP-002719,PROD-0038,SUP-18,WH-03,2023-05-28,2023-07-11,2023-07-11,109,277.41,30237.69,0,True,5
SHP-002720,PROD-0038,SUP-18,WH-03,2023-06-13,2023-08-04,2023-08-04,232,277.41,64359.12,0,True,11
SHP-002721,PROD-0038,SUP-18,WH-03,2023-06-29,2023-08-07,2023-08-07,284,277.41,78784.44,0,True,14
SHP-002722,PROD-0038,SUP-18,WH-03,2023-07-15,2023-09-04,2023-09-04,418,277.41,115957.38,0,True,20
SHP-002723,PROD-0038,SUP-18,WH-03,2023-07-31,2023-09-10,2023-09-10,228,277.41,63249.48,0,True,11
SHP-002724,PROD-0038,SUP-18,WH-03,2023-08-16,2023-09-22,2023-09-22,195,277.41,54094.95,0,True,9
SHP-002725,PROD-0038,SUP-18,WH-03,2023-09-01,2023-10-21,2023-10-21,433,277.41,120118.53,0,True,21
SHP-002726,PROD-0038,SUP-18,WH-03,2023-09-17,2023-10-31,2023-10-31,338,277.41,93764.58,0,True,16
SHP-002727,PROD-0038,SUP-18,WH-03,2023-10-03,2023-11-22,2023-11-22,348,277.41,96538.68,0,True,17
SHP-002728,PROD-0038,SUP-18,WH-03,2023-10-19,2023-12-02,2023-12-02,342,277.41,94874.22,0,True,16
SHP-002729,PROD-0038,SUP-18,WH-03,2023-11-04,2023-12-30,2023-12-30,89,277.41,24689.49,0,True,4
SHP-002730,PROD-0038,SUP-18,WH-03,2023-11-20,2024-01-02,2024-01-02,396,277.41,109854.36,0,True,19
SHP-002731,PROD-0038,SUP-18,WH-03,2023-12-06,2024-01-20,2024-01-20,63,277.41,17476.83,0,True,3
SHP-002732,PROD-0038,SUP-18,WH-03,2023-12-22,2024-01-28,2024-01-28,398,277.41,110409.18,0,True,19
SHP-002733,PROD-0038,SUP-18,WH-03,2024-01-07,2024-02-23,2024-02-23,352,277.41,97648.32,0,True,17
SHP-002734,PROD-0038,SUP-18,WH-03,2024-01-23,2024-03-04,2024-03-04,128,277.41,35508.48,0,True,6
SHP-002735,PROD-0038,SUP-18,WH-03,2024-02-08,2024-03-25,2024-03-25,475,277.41,131769.75,0,True,23
SHP-002736,PROD-0038,SUP-18,WH-03,2024-02-24,2024-04-14,2024-04-14,282,277.41,78229.62,0,True,14
SHP-002737,PROD-0038,SUP-18,WH-03,2024-03-11,2024-04-22,2024-05-03,354,277.41,98203.14,11,False,17
SHP-002738,PROD-0038,SUP-18,WH-03,2024-03-27,2024-05-12,2024-05-12,72,277.41,19973.52,0,True,3
SHP-002739,PROD-0038,SUP-18,WH-03,2024-04-12,2024-06-01,2024-06-01,281,277.41,77952.21,0,True,13
SHP-002740,PROD-0038,SUP-18,WH-03,2024-04-28,2024-06-03,2024-06-09,425,277.41,117899.25,6,False,21
SHP-002741,PROD-0038,SUP-18,WH-03,2024-05-14,2024-06-25,2024-06-25,158,277.41,43830.78,0,True,7
SHP-002742,PROD-0038,SUP-18,WH-03,2024-05-30,2024-07-01,2024-07-01,379,277.41,105138.39,0,True,18
SHP-002743,PROD-0038,SUP-18,WH-03,2024-06-15,2024-07-26,2024-07-26,78,277.41,21637.98,0,True,3
SHP-002744,PROD-0038,SUP-18,WH-03,2024-07-01,2024-08-17,2024-08-17,358,277.41,99312.78,0,True,17
SHP-002745,PROD-0038,SUP-18,WH-03,2024-07-17,2024-08-16,2024-08-16,180,277.41,49933.8,0,True,8
SHP-002746,PROD-0038,SUP-18,WH-03,2024-08-02,2024-09-07,2024-09-07,444,277.41,123170.04,0,True,22
SHP-002747,PROD-0038,SUP-18,WH-03,2024-08-18,2024-09-21,2024-09-21,60,277.41,16644.6,0,True,2
SHP-002748,PROD-0038,SUP-18,WH-03,2024-09-03,2024-10-20,2024-10-20,248,277.41,68797.68,0,True,12
SHP-002749,PROD-0038,SUP-18,WH-03,2024-09-19,2024-11-02,2024-11-02,381,277.41,105693.21,0,True,18
SHP-002750,PROD-0038,SUP-18,WH-03,2024-10-05,2024-11-22,2024-12-05,128,277.41,35508.48,13,False,6
SHP-002751,PROD-0038,SUP-18,WH-03,2024-10-21,2024-12-07,2024-12-07,460,277.41,127608.6,0,True,22
SHP-002752,PROD-0038,SUP-18,WH-03,2024-11-06,2024-12-14,2024-12-14,208,277.41,57701.28,0,True,10
SHP-002753,PROD-0038,SUP-18,WH-03,2024-11-22,2025-01-02,2025-01-02,233,277.41,64636.53,0,True,11
SHP-002754,PROD-0038,SUP-18,WH-03,2024-12-08,2025-01-16,2025-01-16,238,277.41,66023.58,0,True,11
SHP-002755,PROD-0038,SUP-18,WH-03,2024-12-24,2025-02-12,2025-02-12,278,277.41,77119.98,0,True,13
SHP-002756,PROD-0039,SUP-19,WH-04,2022-01-01,2022-02-06,2022-02-06,357,425.1,151760.7,0,True,24
SHP-002757,PROD-0039,SUP-19,WH-04,2022-01-17,2022-02-26,2022-02-26,266,425.1,113076.6,0,True,18
SHP-002758,PROD-0039,SUP-19,WH-04,2022-02-02,2022-03-12,2022-03-12,145,425.1,61639.5,0,True,10
SHP-002759,PROD-0039,SUP-19,WH-04,2022-02-18,2022-03-17,2022-03-17,97,425.1,41234.7,0,True,6
SHP-002760,PROD-0039,SUP-19,WH-04,2022-03-06,2022-03-29,2022-03-29,287,425.1,122003.7,0,True,20
SHP-002761,PROD-0039,SUP-19,WH-04,2022-03-22,2022-04-27,2022-04-27,401,425.1,170465.1,0,True,27
SHP-002762,PROD-0039,SUP-19,WH-04,2022-04-07,2022-05-22,2022-05-22,303,425.1,128805.3,0,True,21
SHP-002763,PROD-0039,SUP-19,WH-04,2022-04-23,2022-05-27,2022-05-27,318,425.1,135181.8,0,True,22
SHP-002764,PROD-0039,SUP-19,WH-04,2022-05-09,2022-05-30,2022-05-30,273,425.1,116052.3,0,True,19
SHP-002765,PROD-0039,SUP-19,WH-04,2022-05-25,2022-07-01,2022-07-03,294,425.1,124979.4,2,False,20
SHP-002766,PROD-0039,SUP-19,WH-04,2022-06-10,2022-07-07,2022-07-07,115,425.1,48886.5,0,True,8
SHP-002767,PROD-0039,SUP-19,WH-04,2022-06-26,2022-07-12,2022-07-23,480,425.1,204048.0,11,False,33
SHP-002768,PROD-0039,SUP-19,WH-04,2022-07-12,2022-08-27,2022-08-27,201,425.1,85445.1,0,True,14
SHP-002769,PROD-0039,SUP-19,WH-04,2022-07-28,2022-08-21,2022-08-21,89,425.1,37833.9,0,True,6
SHP-002770,PROD-0039,SUP-19,WH-04,2022-08-13,2022-09-25,2022-09-25,311,425.1,132206.1,0,True,21
SHP-002771,PROD-0039,SUP-19,WH-04,2022-08-29,2022-10-12,2022-10-12,287,425.1,122003.7,0,True,20
SHP-002772,PROD-0039,SUP-19,WH-04,2022-09-14,2022-10-19,2022-10-19,466,425.1,198096.6,0,True,32
SHP-002773,PROD-0039,SUP-19,WH-04,2022-09-30,2022-10-24,2022-10-24,349,425.1,148359.9,0,True,24
SHP-002774,PROD-0039,SUP-19,WH-04,2022-10-16,2022-11-27,2022-11-27,58,425.1,24655.8,0,True,4
SHP-002775,PROD-0039,SUP-19,WH-04,2022-11-01,2022-11-25,2022-11-25,286,425.1,121578.6,0,True,19
SHP-002776,PROD-0039,SUP-19,WH-04,2022-11-17,2022-12-18,2022-12-18,481,425.1,204473.1,0,True,33
SHP-002777,PROD-0039,SUP-19,WH-04,2022-12-03,2023-01-01,2023-01-01,263,425.1,111801.3,0,True,18
SHP-002778,PROD-0039,SUP-19,WH-04,2022-12-19,2023-01-16,2023-01-16,350,425.1,148785.0,0,True,24
SHP-002779,PROD-0039,SUP-19,WH-04,2023-01-04,2023-02-07,2023-02-07,393,425.1,167064.3,0,True,27
SHP-002780,PROD-0039,SUP-19,WH-04,2023-01-20,2023-02-05,2023-02-05,185,425.1,78643.5,0,True,12
SHP-002781,PROD-0039,SUP-19,WH-04,2023-02-05,2023-03-02,2023-03-08,496,425.1,210849.6,6,False,34
SHP-002782,PROD-0039,SUP-19,WH-04,2023-02-21,2023-03-16,2023-03-16,144,425.1,61214.4,0,True,10
SHP-002783,PROD-0039,SUP-19,WH-04,2023-03-09,2023-04-14,2023-04-14,359,425.1,152610.9,0,True,25
SHP-002784,PROD-0039,SUP-19,WH-04,2023-03-25,2023-05-02,2023-05-07,104,425.1,44210.4,5,False,7
SHP-002785,PROD-0039,SUP-19,WH-04,2023-04-10,2023-05-10,2023-05-10,52,425.1,22105.2,0,True,3
SHP-002786,PROD-0039,SUP-19,WH-04,2023-04-26,2023-06-02,2023-06-02,137,425.1,58238.7,0,True,9
SHP-002787,PROD-0039,SUP-19,WH-04,2023-05-12,2023-06-12,2023-06-12,404,425.1,171740.4,0,True,28
SHP-002788,PROD-0039,SUP-19,WH-04,2023-05-28,2023-06-26,2023-07-03,431,425.1,183218.1,7,False,30
SHP-002789,PROD-0039,SUP-19,WH-04,2023-06-13,2023-07-17,2023-07-17,205,425.1,87145.5,0,True,14
SHP-002790,PROD-0039,SUP-19,WH-04,2023-06-29,2023-08-01,2023-08-01,365,425.1,155161.5,0,True,25
SHP-002791,PROD-0039,SUP-19,WH-04,2023-07-15,2023-08-06,2023-08-06,403,425.1,171315.3,0,True,28
SHP-002792,PROD-0039,SUP-19,WH-04,2023-07-31,2023-09-09,2023-09-09,204,425.1,86720.4,0,True,14
SHP-002793,PROD-0039,SUP-19,WH-04,2023-08-16,2023-09-04,2023-09-04,57,425.1,24230.7,0,True,3
SHP-002794,PROD-0039,SUP-19,WH-04,2023-09-01,2023-09-21,2023-09-21,58,425.1,24655.8,0,True,4
SHP-002795,PROD-0039,SUP-19,WH-04,2023-09-17,2023-10-09,2023-10-21,489,425.1,207873.9,12,False,34
SHP-002796,PROD-0039,SUP-19,WH-04,2023-10-03,2023-11-03,2023-11-03,382,425.1,162388.2,0,True,26
SHP-002797,PROD-0039,SUP-19,WH-04,2023-10-19,2023-12-04,2023-12-04,273,425.1,116052.3,0,True,19
SHP-002798,PROD-0039,SUP-19,WH-04,2023-11-04,2023-12-17,2023-12-17,454,425.1,192995.4,0,True,31
SHP-002799,PROD-0039,SUP-19,WH-04,2023-11-20,2023-12-13,2023-12-13,204,425.1,86720.4,0,True,14
SHP-002800,PROD-0039,SUP-19,WH-04,2023-12-06,2024-01-06,2024-01-06,292,425.1,124129.2,0,True,20
SHP-002801,PROD-0039,SUP-19,WH-04,2023-12-22,2024-01-11,2024-01-11,135,425.1,57388.5,0,True,9
SHP-002802,PROD-0039,SUP-19,WH-04,2024-01-07,2024-02-01,2024-02-01,277,425.1,117752.7,0,True,19
SHP-002803,PROD-0039,SUP-19,WH-04,2024-01-23,2024-03-12,2024-03-12,490,425.1,208299.0,0,True,34
SHP-002804,PROD-0039,SUP-19,WH-04,2024-02-08,2024-03-09,2024-03-09,153,425.1,65040.3,0,True,10
SHP-002805,PROD-0039,SUP-19,WH-04,2024-02-24,2024-04-06,2024-04-06,476,425.1,202347.6,0,True,33
SHP-002806,PROD-0039,SUP-19,WH-04,2024-03-11,2024-04-19,2024-04-19,54,425.1,22955.4,0,True,3
SHP-002807,PROD-0039,SUP-19,WH-04,2024-03-27,2024-04-21,2024-04-21,415,425.1,176416.5,0,True,28
SHP-002808,PROD-0039,SUP-19,WH-04,2024-04-12,2024-05-06,2024-05-13,484,425.1,205748.4,7,False,33
SHP-002809,PROD-0039,SUP-19,WH-04,2024-04-28,2024-05-29,2024-05-29,355,425.1,150910.5,0,True,24
SHP-002810,PROD-0039,SUP-19,WH-04,2024-05-14,2024-06-13,2024-06-13,198,425.1,84169.8,0,True,13
SHP-002811,PROD-0039,SUP-19,WH-04,2024-05-30,2024-07-09,2024-07-09,298,425.1,126679.8,0,True,20
SHP-002812,PROD-0039,SUP-19,WH-04,2024-06-15,2024-07-14,2024-07-14,363,425.1,154311.3,0,True,25
SHP-002813,PROD-0039,SUP-19,WH-04,2024-07-01,2024-08-09,2024-08-20,494,425.1,209999.4,11,False,34
SHP-002814,PROD-0039,SUP-19,WH-04,2024-07-17,2024-08-11,2024-08-11,81,425.1,34433.1,0,True,5
SHP-002815,PROD-0039,SUP-19,WH-04,2024-08-02,2024-09-03,2024-09-03,345,425.1,146659.5,0,True,24
SHP-002816,PROD-0039,SUP-19,WH-04,2024-08-18,2024-09-10,2024-09-10,187,425.1,79493.7,0,True,13
SHP-002817,PROD-0039,SUP-19,WH-04,2024-09-03,2024-09-19,2024-09-19,292,425.1,124129.2,0,True,20
SHP-002818,PROD-0039,SUP-19,WH-04,2024-09-19,2024-10-12,2024-10-12,380,425.1,161538.0,0,True,26
SHP-002819,PROD-0039,SUP-19,WH-04,2024-10-05,2024-11-10,2024-11-10,273,425.1,116052.3,0,True,19
SHP-002820,PROD-0039,SUP-19,WH-04,2024-10-21,2024-12-04,2024-12-04,421,425.1,178967.1,0,True,29
SHP-002821,PROD-0039,SUP-19,WH-04,2024-11-06,2024-12-06,2024-12-06,274,425.1,116477.4,0,True,19
SHP-002822,PROD-0039,SUP-19,WH-04,2024-11-22,2024-12-28,2024-12-28,350,425.1,148785.0,0,True,24
SHP-002823,PROD-0039,SUP-19,WH-04,2024-12-08,2025-01-06,2025-01-06,358,425.1,152185.8,0,True,24
SHP-002824,PROD-0039,SUP-19,WH-04,2024-12-24,2025-01-20,2025-01-20,386,425.1,164088.6,0,True,26
SHP-002825,PROD-0040,SUP-20,WH-05,2022-01-01,2022-01-28,2022-01-31,420,451.71,189718.2,3,False,41
SHP-002826,PROD-0040,SUP-20,WH-05,2022-01-18,2022-02-15,2022-02-15,263,451.71,118799.73,0,True,26
SHP-002827,PROD-0040,SUP-20,WH-05,2022-02-04,2022-03-05,2022-03-19,384,451.71,173456.64,14,False,38
SHP-002828,PROD-0040,SUP-20,WH-05,2022-02-21,2022-03-19,2022-03-19,291,451.71,131447.61,0,True,28
SHP-002829,PROD-0040,SUP-20,WH-05,2022-03-10,2022-03-30,2022-04-12,132,451.71,59625.72,13,False,13
SHP-002830,PROD-0040,SUP-20,WH-05,2022-03-27,2022-04-15,2022-04-15,403,451.71,182039.13,0,True,39
SHP-002831,PROD-0040,SUP-20,WH-05,2022-04-13,2022-04-26,2022-04-26,297,451.71,134157.87,0,True,29
SHP-002832,PROD-0040,SUP-20,WH-05,2022-04-30,2022-05-31,2022-05-31,130,451.71,58722.3,0,True,12
SHP-002833,PROD-0040,SUP-20,WH-05,2022-05-17,2022-05-31,2022-05-31,456,451.71,205979.76,0,True,45
SHP-002834,PROD-0040,SUP-20,WH-05,2022-06-03,2022-06-25,2022-07-02,302,451.71,136416.42,7,False,29
SHP-002835,PROD-0040,SUP-20,WH-05,2022-06-20,2022-07-03,2022-07-03,335,451.71,151322.85,0,True,33
SHP-002836,PROD-0040,SUP-20,WH-05,2022-07-07,2022-08-03,2022-08-04,233,451.71,105248.43,1,False,23
SHP-002837,PROD-0040,SUP-20,WH-05,2022-07-24,2022-08-16,2022-08-16,131,451.71,59174.01,0,True,12
SHP-002838,PROD-0040,SUP-20,WH-05,2022-08-10,2022-09-07,2022-09-10,307,451.71,138674.97,3,False,30
SHP-002839,PROD-0040,SUP-20,WH-05,2022-08-27,2022-09-19,2022-09-20,222,451.71,100279.62,1,False,21
SHP-002840,PROD-0040,SUP-20,WH-05,2022-09-13,2022-10-08,2022-10-08,166,451.71,74983.86,0,True,16
SHP-002841,PROD-0040,SUP-20,WH-05,2022-09-30,2022-10-23,2022-10-23,299,451.71,135061.29,0,True,29
SHP-002842,PROD-0040,SUP-20,WH-05,2022-10-17,2022-11-14,2022-11-19,451,451.71,203721.21,5,False,44
SHP-002843,PROD-0040,SUP-20,WH-05,2022-11-03,2022-11-26,2022-11-26,444,451.71,200559.24,0,True,43
SHP-002844,PROD-0040,SUP-20,WH-05,2022-11-20,2022-12-16,2022-12-16,127,451.71,57367.17,0,True,12
SHP-002845,PROD-0040,SUP-20,WH-05,2022-12-07,2023-01-08,2023-01-08,313,451.71,141385.23,0,True,30
SHP-002846,PROD-0040,SUP-20,WH-05,2022-12-24,2023-01-10,2023-01-10,411,451.71,185652.81,0,True,40
SHP-002847,PROD-0040,SUP-20,WH-05,2023-01-10,2023-01-28,2023-01-29,274,451.71,123768.54,1,False,27
SHP-002848,PROD-0040,SUP-20,WH-05,2023-01-27,2023-02-24,2023-02-24,480,451.71,216820.8,0,True,47
SHP-002849,PROD-0040,SUP-20,WH-05,2023-02-13,2023-03-08,2023-03-08,104,451.71,46977.84,0,True,10
SHP-002850,PROD-0040,SUP-20,WH-05,2023-03-02,2023-03-25,2023-03-25,450,451.71,203269.5,0,True,44
SHP-002851,PROD-0040,SUP-20,WH-05,2023-03-19,2023-04-13,2023-04-27,471,451.71,212755.41,14,False,46
SHP-002852,PROD-0040,SUP-20,WH-05,2023-04-05,2023-04-28,2023-04-28,103,451.71,46526.13,0,True,10
SHP-002853,PROD-0040,SUP-20,WH-05,2023-04-22,2023-05-06,2023-05-06,495,451.71,223596.45,0,True,49
SHP-002854,PROD-0040,SUP-20,WH-05,2023-05-09,2023-06-01,2023-06-05,130,451.71,58722.3,4,False,12
SHP-002855,PROD-0040,SUP-20,WH-05,2023-05-26,2023-06-11,2023-06-11,276,451.71,124671.96,0,True,27
SHP-002856,PROD-0040,SUP-20,WH-05,2023-06-12,2023-07-06,2023-07-06,425,451.71,191976.75,0,True,42
SHP-002857,PROD-0040,SUP-20,WH-05,2023-06-29,2023-07-23,2023-07-23,381,451.71,172101.51,0,True,37
SHP-002858,PROD-0040,SUP-20,WH-05,2023-07-16,2023-08-08,2023-08-08,120,451.71,54205.2,0,True,11
SHP-002859,PROD-0040,SUP-20,WH-05,2023-08-02,2023-08-23,2023-08-25,274,451.71,123768.54,2,False,27
SHP-002860,PROD-0040,SUP-20,WH-05,2023-08-19,2023-09-20,2023-09-20,53,451.71,23940.63,0,True,5
SHP-002861,PROD-0040,SUP-20,WH-05,2023-09-05,2023-10-08,2023-10-12,292,451.71,131899.32,4,False,28
SHP-002862,PROD-0040,SUP-20,WH-05,2023-09-22,2023-10-05,2023-10-05,137,451.71,61884.27,0,True,13
SHP-002863,PROD-0040,SUP-20,WH-05,2023-10-09,2023-10-28,2023-10-28,416,451.71,187911.36,0,True,41
SHP-002864,PROD-0040,SUP-20,WH-05,2023-10-26,2023-11-25,2023-11-25,372,451.71,168036.12,0,True,36
SHP-002865,PROD-0040,SUP-20,WH-05,2023-11-12,2023-12-09,2023-12-09,435,451.71,196493.85,0,True,43
SHP-002866,PROD-0040,SUP-20,WH-05,2023-11-29,2023-12-19,2023-12-19,453,451.71,204624.63,0,True,44
SHP-002867,PROD-0040,SUP-20,WH-05,2023-12-16,2024-01-13,2024-01-13,269,451.71,121509.99,0,True,26
SHP-002868,PROD-0040,SUP-20,WH-05,2024-01-02,2024-01-20,2024-01-27,284,451.71,128285.64,7,False,28
SHP-002869,PROD-0040,SUP-20,WH-05,2024-01-19,2024-02-06,2024-02-06,399,451.71,180232.29,0,True,39
SHP-002870,PROD-0040,SUP-20,WH-05,2024-02-05,2024-02-27,2024-03-04,276,451.71,124671.96,6,False,27
SHP-002871,PROD-0040,SUP-20,WH-05,2024-02-22,2024-03-17,2024-03-17,417,451.71,188363.07,0,True,41
SHP-002872,PROD-0040,SUP-20,WH-05,2024-03-10,2024-04-03,2024-04-03,85,451.71,38395.35,0,True,8
SHP-002873,PROD-0040,SUP-20,WH-05,2024-03-27,2024-04-19,2024-04-19,255,451.71,115186.05,0,True,25
SHP-002874,PROD-0040,SUP-20,WH-05,2024-04-13,2024-05-05,2024-05-05,81,451.71,36588.51,0,True,8
SHP-002875,PROD-0040,SUP-20,WH-05,2024-04-30,2024-05-21,2024-05-21,388,451.71,175263.48,0,True,38
SHP-002876,PROD-0040,SUP-20,WH-05,2024-05-17,2024-06-06,2024-06-06,344,451.71,155388.24,0,True,34
SHP-002877,PROD-0040,SUP-20,WH-05,2024-06-03,2024-06-25,2024-06-26,415,451.71,187459.65,1,False,41
SHP-002878,PROD-0040,SUP-20,WH-05,2024-06-20,2024-07-13,2024-07-13,316,451.71,142740.36,0,True,31
SHP-002879,PROD-0040,SUP-20,WH-05,2024-07-07,2024-07-25,2024-07-25,398,451.71,179780.58,0,True,39
SHP-002880,PROD-0040,SUP-20,WH-05,2024-07-24,2024-08-08,2024-08-08,205,451.71,92600.55,0,True,20
SHP-002881,PROD-0040,SUP-20,WH-05,2024-08-10,2024-09-01,2024-09-01,226,451.71,102086.46,0,True,22
SHP-002882,PROD-0040,SUP-20,WH-05,2024-08-27,2024-09-18,2024-09-19,320,451.71,144547.2,1,False,31
SHP-002883,PROD-0040,SUP-20,WH-05,2024-09-13,2024-10-03,2024-10-13,408,451.71,184297.68,10,False,40
SHP-002884,PROD-0040,SUP-20,WH-05,2024-09-30,2024-10-19,2024-10-19,155,451.71,70015.05,0,True,15
SHP-002885,PROD-0040,SUP-20,WH-05,2024-10-17,2024-11-08,2024-11-08,366,451.71,165325.86,0,True,36
SHP-002886,PROD-0040,SUP-20,WH-05,2024-11-03,2024-11-24,2024-11-24,226,451.71,102086.46,0,True,22
SHP-002887,PROD-0040,SUP-20,WH-05,2024-11-20,2024-12-11,2024-12-11,257,451.71,116089.47,0,True,25
SHP-002888,PROD-0040,SUP-20,WH-05,2024-12-07,2025-01-07,2025-01-07,204,451.71,92148.84,0,True,20
SHP-002889,PROD-0040,SUP-20,WH-05,2024-12-24,2025-01-05,2025-01-05,221,451.71,99827.91,0,True,21
SHP-002890,PROD-0041,SUP-01,WH-01,2022-01-01,2022-02-02,2022-02-02,500,393.11,196555.0,0,True,33
SHP-002891,PROD-0041,SUP-01,WH-01,2022-01-17,2022-02-25,2022-02-25,326,393.11,128153.86,0,True,21
SHP-002892,PROD-0041,SUP-01,WH-01,2022-02-02,2022-03-19,2022-03-19,311,393.11,122257.21,0,True,20
SHP-002893,PROD-0041,SUP-01,WH-01,2022-02-18,2022-03-26,2022-03-26,224,393.11,88056.64,0,True,14
SHP-002894,PROD-0041,SUP-01,WH-01,2022-03-06,2022-04-07,2022-04-07,61,393.11,23979.71,0,True,4
SHP-002895,PROD-0041,SUP-01,WH-01,2022-03-22,2022-04-30,2022-05-01,326,393.11,128153.86,1,False,21
SHP-002896,PROD-0041,SUP-01,WH-01,2022-04-07,2022-05-16,2022-05-16,476,393.11,187120.36,0,True,31
SHP-002897,PROD-0041,SUP-01,WH-01,2022-04-23,2022-05-21,2022-05-21,266,393.11,104567.26,0,True,17
SHP-002898,PROD-0041,SUP-01,WH-01,2022-05-09,2022-06-21,2022-06-21,80,393.11,31448.8,0,True,5
SHP-002899,PROD-0041,SUP-01,WH-01,2022-05-25,2022-07-03,2022-07-03,371,393.11,145843.81,0,True,24
SHP-002900,PROD-0041,SUP-01,WH-01,2022-06-10,2022-07-24,2022-07-24,74,393.11,29090.14,0,True,4
SHP-002901,PROD-0041,SUP-01,WH-01,2022-06-26,2022-08-09,2022-08-09,113,393.11,44421.43,0,True,7
SHP-002902,PROD-0041,SUP-01,WH-01,2022-07-12,2022-08-06,2022-08-06,427,393.11,167857.97,0,True,28
SHP-002903,PROD-0041,SUP-01,WH-01,2022-07-28,2022-09-06,2022-09-06,170,393.11,66828.7,0,True,11
SHP-002904,PROD-0041,SUP-01,WH-01,2022-08-13,2022-09-22,2022-09-22,347,393.11,136409.17,0,True,22
SHP-002905,PROD-0041,SUP-01,WH-01,2022-08-29,2022-10-05,2022-10-05,371,393.11,145843.81,0,True,24
SHP-002906,PROD-0041,SUP-01,WH-01,2022-09-14,2022-10-26,2022-10-26,354,393.11,139160.94,0,True,23
SHP-002907,PROD-0041,SUP-01,WH-01,2022-09-30,2022-11-07,2022-11-07,195,393.11,76656.45,0,True,12
SHP-002908,PROD-0041,SUP-01,WH-01,2022-10-16,2022-11-21,2022-11-21,416,393.11,163533.76,0,True,27
SHP-002909,PROD-0041,SUP-01,WH-01,2022-11-01,2022-12-10,2022-12-10,415,393.11,163140.65,0,True,27
SHP-002910,PROD-0041,SUP-01,WH-01,2022-11-17,2022-12-22,2022-12-22,176,393.11,69187.36,0,True,11
SHP-002911,PROD-0041,SUP-01,WH-01,2022-12-03,2023-01-13,2023-01-13,348,393.11,136802.28,0,True,23
SHP-002912,PROD-0041,SUP-01,WH-01,2022-12-19,2023-01-25,2023-01-25,234,393.11,91987.74,0,True,15
SHP-002913,PROD-0041,SUP-01,WH-01,2023-01-04,2023-02-11,2023-02-11,414,393.11,162747.54,0,True,27
SHP-002914,PROD-0041,SUP-01,WH-01,2023-01-20,2023-02-19,2023-02-19,91,393.11,35773.01,0,True,6
SHP-002915,PROD-0041,SUP-01,WH-01,2023-02-05,2023-03-10,2023-03-10,116,393.11,45600.76,0,True,7
SHP-002916,PROD-0041,SUP-01,WH-01,2023-02-21,2023-04-05,2023-04-05,89,393.11,34986.79,0,True,5
SHP-002917,PROD-0041,SUP-01,WH-01,2023-03-09,2023-04-27,2023-04-27,256,393.11,100636.16,0,True,16
SHP-002918,PROD-0041,SUP-01,WH-01,2023-03-25,2023-05-05,2023-05-05,448,393.11,176113.28,0,True,29
SHP-002919,PROD-0041,SUP-01,WH-01,2023-04-10,2023-06-01,2023-06-08,349,393.11,137195.39,7,False,23
SHP-002920,PROD-0041,SUP-01,WH-01,2023-04-26,2023-06-09,2023-06-09,275,393.11,108105.25,0,True,18
SHP-002921,PROD-0041,SUP-01,WH-01,2023-05-12,2023-06-20,2023-07-02,300,393.11,117933.0,12,False,19
SHP-002922,PROD-0041,SUP-01,WH-01,2023-05-28,2023-07-18,2023-07-30,471,393.11,185154.81,12,False,31
SHP-002923,PROD-0041,SUP-01,WH-01,2023-06-13,2023-07-18,2023-07-18,115,393.11,45207.65,0,True,7
SHP-002924,PROD-0041,SUP-01,WH-01,2023-06-29,2023-08-11,2023-08-11,116,393.11,45600.76,0,True,7
SHP-002925,PROD-0041,SUP-01,WH-01,2023-07-15,2023-08-26,2023-08-26,320,393.11,125795.2,0,True,21
SHP-002926,PROD-0041,SUP-01,WH-01,2023-07-31,2023-08-24,2023-08-24,283,393.11,111250.13,0,True,18
SHP-002927,PROD-0041,SUP-01,WH-01,2023-08-16,2023-09-24,2023-09-24,130,393.11,51104.3,0,True,8
SHP-002928,PROD-0041,SUP-01,WH-01,2023-09-01,2023-10-24,2023-10-24,110,393.11,43242.1,0,True,7
SHP-002929,PROD-0041,SUP-01,WH-01,2023-09-17,2023-10-24,2023-10-24,106,393.11,41669.66,0,True,7
SHP-002930,PROD-0041,SUP-01,WH-01,2023-10-03,2023-11-09,2023-11-09,198,393.11,77835.78,0,True,13
SHP-002931,PROD-0041,SUP-01,WH-01,2023-10-19,2023-12-02,2023-12-02,110,393.11,43242.1,0,True,7
SHP-002932,PROD-0041,SUP-01,WH-01,2023-11-04,2023-11-29,2023-11-29,241,393.11,94739.51,0,True,15
SHP-002933,PROD-0041,SUP-01,WH-01,2023-11-20,2024-01-05,2024-01-05,64,393.11,25159.04,0,True,4
SHP-002934,PROD-0041,SUP-01,WH-01,2023-12-06,2024-01-13,2024-01-13,451,393.11,177292.61,0,True,29
SHP-002935,PROD-0041,SUP-01,WH-01,2023-12-22,2024-01-24,2024-01-24,206,393.11,80980.66,0,True,13
SHP-002936,PROD-0041,SUP-01,WH-01,2024-01-07,2024-02-23,2024-02-23,469,393.11,184368.59,0,True,31
SHP-002937,PROD-0041,SUP-01,WH-01,2024-01-23,2024-03-07,2024-03-07,112,393.11,44028.32,0,True,7
SHP-002938,PROD-0041,SUP-01,WH-01,2024-02-08,2024-03-30,2024-03-30,495,393.11,194589.45,0,True,32
SHP-002939,PROD-0041,SUP-01,WH-01,2024-02-24,2024-04-07,2024-04-07,343,393.11,134836.73,0,True,22
SHP-002940,PROD-0041,SUP-01,WH-01,2024-03-11,2024-04-22,2024-04-22,222,393.11,87270.42,0,True,14
SHP-002941,PROD-0041,SUP-01,WH-01,2024-03-27,2024-05-08,2024-05-08,477,393.11,187513.47,0,True,31
SHP-002942,PROD-0041,SUP-01,WH-01,2024-04-12,2024-05-22,2024-05-22,117,393.11,45993.87,0,True,7
SHP-002943,PROD-0041,SUP-01,WH-01,2024-04-28,2024-06-01,2024-06-01,375,393.11,147416.25,0,True,24
SHP-002944,PROD-0041,SUP-01,WH-01,2024-05-14,2024-06-28,2024-06-28,391,393.11,153706.01,0,True,25
SHP-002945,PROD-0041,SUP-01,WH-01,2024-05-30,2024-07-09,2024-07-09,422,393.11,165892.42,0,True,27
SHP-002946,PROD-0041,SUP-01,WH-01,2024-06-15,2024-08-01,2024-08-01,369,393.11,145057.59,0,True,24
SHP-002947,PROD-0041,SUP-01,WH-01,2024-07-01,2024-08-06,2024-08-06,248,393.11,97491.28,0,True,16
SHP-002948,PROD-0041,SUP-01,WH-01,2024-07-17,2024-08-21,2024-08-25,223,393.11,87663.53,4,False,14
SHP-002949,PROD-0041,SUP-01,WH-01,2024-08-02,2024-09-12,2024-09-12,393,393.11,154492.23,0,True,25
SHP-002950,PROD-0041,SUP-01,WH-01,2024-08-18,2024-09-28,2024-09-28,380,393.11,149381.8,0,True,25
SHP-002951,PROD-0041,SUP-01,WH-01,2024-09-03,2024-10-15,2024-10-15,412,393.11,161961.32,0,True,27
SHP-002952,PROD-0041,SUP-01,WH-01,2024-09-19,2024-10-29,2024-10-29,457,393.11,179651.27,0,True,30
SHP-002953,PROD-0041,SUP-01,WH-01,2024-10-05,2024-11-22,2024-11-22,337,393.11,132478.07,0,True,22
SHP-002954,PROD-0041,SUP-01,WH-01,2024-10-21,2024-11-18,2024-11-18,336,393.11,132084.96,0,True,22
SHP-002955,PROD-0041,SUP-01,WH-01,2024-11-06,2024-12-13,2024-12-13,366,393.11,143878.26,0,True,24
SHP-002956,PROD-0041,SUP-01,WH-01,2024-11-22,2025-01-02,2025-01-02,77,393.11,30269.47,0,True,5
SHP-002957,PROD-0041,SUP-01,WH-01,2024-12-08,2025-01-18,2025-01-18,434,393.11,170609.74,0,True,28
SHP-002958,PROD-0041,SUP-01,WH-01,2024-12-24,2025-02-01,2025-02-01,59,393.11,23193.49,0,True,3
SHP-002959,PROD-0042,SUP-02,WH-02,2022-01-01,2022-01-02,2022-01-02,142,392.76,55771.92,0,True,1
SHP-002960,PROD-0042,SUP-02,WH-02,2022-01-12,2022-01-13,2022-01-13,155,392.76,60877.8,0,True,2
SHP-002961,PROD-0042,SUP-02,WH-02,2022-01-23,2022-02-08,2022-02-08,479,392.76,188132.04,0,True,6
SHP-002962,PROD-0042,SUP-02,WH-02,2022-02-03,2022-02-13,2022-02-13,463,392.76,181847.88,0,True,6
SHP-002963,PROD-0042,SUP-02,WH-02,2022-02-14,2022-03-04,2022-03-04,255,392.76,100153.8,0,True,3
SHP-002964,PROD-0042,SUP-02,WH-02,2022-02-25,2022-02-26,2022-02-26,491,392.76,192845.16,0,True,6
SHP-002965,PROD-0042,SUP-02,WH-02,2022-03-08,2022-03-09,2022-03-09,142,392.76,55771.92,0,True,1
SHP-002966,PROD-0042,SUP-02,WH-02,2022-03-19,2022-03-26,2022-03-26,320,392.76,125683.2,0,True,4
SHP-002967,PROD-0042,SUP-02,WH-02,2022-03-30,2022-03-31,2022-03-31,96,392.76,37704.96,0,True,1
SHP-002968,PROD-0042,SUP-02,WH-02,2022-04-10,2022-04-15,2022-04-17,327,392.76,128432.52,2,False,4
SHP-002969,PROD-0042,SUP-02,WH-02,2022-04-21,2022-05-08,2022-05-08,143,392.76,56164.68,0,True,1
SHP-002970,PROD-0042,SUP-02,WH-02,2022-05-02,2022-05-03,2022-05-03,128,392.76,50273.28,0,True,1
SHP-002971,PROD-0042,SUP-02,WH-02,2022-05-13,2022-06-03,2022-06-03,397,392.76,155925.72,0,True,5
SHP-002972,PROD-0042,SUP-02,WH-02,2022-05-24,2022-05-25,2022-05-25,216,392.76,84836.16,0,True,2
SHP-002973,PROD-0042,SUP-02,WH-02,2022-06-04,2022-06-20,2022-06-20,79,392.76,31028.04,0,True,1
SHP-002974,PROD-0042,SUP-02,WH-02,2022-06-15,2022-06-16,2022-06-16,213,392.76,83657.88,0,True,2
SHP-002975,PROD-0042,SUP-02,WH-02,2022-06-26,2022-07-18,2022-07-18,215,392.76,84443.4,0,True,2
SHP-002976,PROD-0042,SUP-02,WH-02,2022-07-07,2022-07-19,2022-07-19,473,392.76,185775.48,0,True,6
SHP-002977,PROD-0042,SUP-02,WH-02,2022-07-18,2022-07-31,2022-07-31,172,392.76,67554.72,0,True,2
SHP-002978,PROD-0042,SUP-02,WH-02,2022-07-29,2022-07-30,2022-07-30,171,392.76,67161.96,0,True,2
SHP-002979,PROD-0042,SUP-02,WH-02,2022-08-09,2022-08-11,2022-08-11,308,392.76,120970.08,0,True,4
SHP-002980,PROD-0042,SUP-02,WH-02,2022-08-20,2022-09-02,2022-09-02,187,392.76,73446.12,0,True,2
SHP-002981,PROD-0042,SUP-02,WH-02,2022-08-31,2022-09-14,2022-09-14,333,392.76,130789.08,0,True,4
SHP-002982,PROD-0042,SUP-02,WH-02,2022-09-11,2022-09-12,2022-09-12,64,392.76,25136.64,0,True,0
SHP-002983,PROD-0042,SUP-02,WH-02,2022-09-22,2022-10-13,2022-10-13,59,392.76,23172.84,0,True,0
SHP-002984,PROD-0042,SUP-02,WH-02,2022-10-03,2022-10-13,2022-10-13,350,392.76,137466.0,0,True,4
SHP-002985,PROD-0042,SUP-02,WH-02,2022-10-14,2022-10-28,2022-10-28,440,392.76,172814.4,0,True,5
SHP-002986,PROD-0042,SUP-02,WH-02,2022-10-25,2022-11-06,2022-11-06,114,392.76,44774.64,0,True,1
SHP-002987,PROD-0042,SUP-02,WH-02,2022-11-05,2022-11-06,2022-11-06,278,392.76,109187.28,0,True,3
SHP-002988,PROD-0042,SUP-02,WH-02,2022-11-16,2022-12-10,2022-12-10,306,392.76,120184.56,0,True,4
SHP-002989,PROD-0042,SUP-02,WH-02,2022-11-27,2022-12-20,2022-12-20,122,392.76,47916.72,0,True,1
SHP-002990,PROD-0042,SUP-02,WH-02,2022-12-08,2022-12-13,2022-12-13,136,392.76,53415.36,0,True,1
SHP-002991,PROD-0042,SUP-02,WH-02,2022-12-19,2023-01-16,2023-01-16,266,392.76,104474.16,0,True,3
SHP-002992,PROD-0042,SUP-02,WH-02,2022-12-30,2023-01-09,2023-01-09,50,392.76,19638.0,0,True,0
SHP-002993,PROD-0042,SUP-02,WH-02,2023-01-10,2023-01-20,2023-01-20,474,392.76,186168.24,0,True,6
SHP-002994,PROD-0042,SUP-02,WH-02,2023-01-21,2023-01-28,2023-01-28,135,392.76,53022.6,0,True,1
SHP-002995,PROD-0042,SUP-02,WH-02,2023-02-01,2023-02-08,2023-02-08,296,392.76,116256.96,0,True,3
SHP-002996,PROD-0042,SUP-02,WH-02,2023-02-12,2023-03-12,2023-03-12,479,392.76,188132.04,0,True,6
SHP-002997,PROD-0042,SUP-02,WH-02,2023-02-23,2023-03-12,2023-03-12,229,392.76,89942.04,0,True,3
SHP-002998,PROD-0042,SUP-02,WH-02,2023-03-06,2023-03-16,2023-03-16,349,392.76,137073.24,0,True,4
SHP-002999,PROD-0042,SUP-02,WH-02,2023-03-17,2023-03-21,2023-03-21,73,392.76,28671.48,0,True,0
SHP-003000,PROD-0042,SUP-02,WH-02,2023-03-28,2023-04-01,2023-04-01,338,392.76,132752.88,0,True,4
SHP-003001,PROD-0042,SUP-02,WH-02,2023-04-08,2023-04-14,2023-04-14,252,392.76,98975.52,0,True,3
SHP-003002,PROD-0042,SUP-02,WH-02,2023-04-19,2023-04-20,2023-04-20,121,392.76,47523.96,0,True,1
SHP-003003,PROD-0042,SUP-02,WH-02,2023-04-30,2023-05-11,2023-05-11,193,392.76,75802.68,0,True,2
SHP-003004,PROD-0042,SUP-02,WH-02,2023-05-11,2023-06-03,2023-06-03,308,392.76,120970.08,0,True,4
SHP-003005,PROD-0042,SUP-02,WH-02,2023-05-22,2023-06-12,2023-06-12,399,392.76,156711.24,0,True,5
SHP-003006,PROD-0042,SUP-02,WH-02,2023-06-02,2023-06-03,2023-06-03,435,392.76,170850.6,0,True,5
SHP-003007,PROD-0042,SUP-02,WH-02,2023-06-13,2023-06-23,2023-06-23,175,392.76,68733.0,0,True,2
SHP-003008,PROD-0042,SUP-02,WH-02,2023-06-24,2023-06-25,2023-07-06,224,392.76,87978.24,11,False,3
SHP-003009,PROD-0042,SUP-02,WH-02,2023-07-05,2023-07-22,2023-07-22,356,392.76,139822.56,0,True,4
SHP-003010,PROD-0042,SUP-02,WH-02,2023-07-16,2023-07-24,2023-07-24,404,392.76,158675.04,0,True,5
SHP-003011,PROD-0042,SUP-02,WH-02,2023-07-27,2023-08-25,2023-08-25,51,392.76,20030.76,0,True,0
SHP-003012,PROD-0042,SUP-02,WH-02,2023-08-07,2023-08-20,2023-08-20,54,392.76,21209.04,0,True,0
SHP-003013,PROD-0042,SUP-02,WH-02,2023-08-18,2023-08-19,2023-08-19,334,392.76,131181.84,0,True,4
SHP-003014,PROD-0042,SUP-02,WH-02,2023-08-29,2023-08-30,2023-08-30,440,392.76,172814.4,0,True,5
SHP-003015,PROD-0042,SUP-02,WH-02,2023-09-09,2023-09-18,2023-09-18,453,392.76,177920.28,0,True,6
SHP-003016,PROD-0042,SUP-02,WH-02,2023-09-20,2023-10-01,2023-10-01,325,392.76,127647.0,0,True,4
SHP-003017,PROD-0042,SUP-02,WH-02,2023-10-01,2023-10-05,2023-10-05,467,392.76,183418.92,0,True,6
SHP-003018,PROD-0042,SUP-02,WH-02,2023-10-12,2023-10-19,2023-10-19,113,392.76,44381.88,0,True,1
SHP-003019,PROD-0042,SUP-02,WH-02,2023-10-23,2023-10-24,2023-10-24,242,392.76,95047.92,0,True,3
SHP-003020,PROD-0042,SUP-02,WH-02,2023-11-03,2023-11-13,2023-11-13,248,392.76,97404.48,0,True,3
SHP-003021,PROD-0042,SUP-02,WH-02,2023-11-14,2023-11-18,2023-11-18,465,392.76,182633.4,0,True,6
SHP-003022,PROD-0042,SUP-02,WH-02,2023-11-25,2023-11-28,2023-12-10,113,392.76,44381.88,12,False,1
SHP-003023,PROD-0042,SUP-02,WH-02,2023-12-06,2023-12-07,2023-12-07,148,392.76,58128.48,0,True,1
SHP-003024,PROD-0042,SUP-02,WH-02,2023-12-17,2024-01-12,2024-01-12,430,392.76,168886.8,0,True,5
SHP-003025,PROD-0042,SUP-02,WH-02,2023-12-28,2023-12-29,2023-12-29,398,392.76,156318.48,0,True,5
SHP-003026,PROD-0042,SUP-02,WH-02,2024-01-08,2024-01-24,2024-01-24,96,392.76,37704.96,0,True,1
SHP-003027,PROD-0042,SUP-02,WH-02,2024-01-19,2024-01-25,2024-01-25,205,392.76,80515.8,0,True,2
SHP-003028,PROD-0042,SUP-02,WH-02,2024-01-30,2024-02-11,2024-02-11,169,392.76,66376.44,0,True,2
SHP-003029,PROD-0042,SUP-02,WH-02,2024-02-10,2024-02-18,2024-02-18,68,392.76,26707.68,0,True,0
SHP-003030,PROD-0042,SUP-02,WH-02,2024-02-21,2024-02-24,2024-02-24,410,392.76,161031.6,0,True,5
SHP-003031,PROD-0042,SUP-02,WH-02,2024-03-03,2024-03-10,2024-03-10,53,392.76,20816.28,0,True,0
SHP-003032,PROD-0042,SUP-02,WH-02,2024-03-14,2024-03-15,2024-03-19,376,392.76,147677.76,4,False,5
SHP-003033,PROD-0042,SUP-02,WH-02,2024-03-25,2024-04-20,2024-04-20,192,392.76,75409.92,0,True,2
SHP-003034,PROD-0042,SUP-02,WH-02,2024-04-05,2024-04-11,2024-04-11,137,392.76,53808.12,0,True,1
SHP-003035,PROD-0042,SUP-02,WH-02,2024-04-16,2024-05-01,2024-05-01,428,392.76,168101.28,0,True,5
SHP-003036,PROD-0042,SUP-02,WH-02,2024-04-27,2024-05-13,2024-05-13,358,392.76,140608.08,0,True,4
SHP-003037,PROD-0042,SUP-02,WH-02,2024-05-08,2024-05-22,2024-05-22,351,392.76,137858.76,0,True,4
SHP-003038,PROD-0042,SUP-02,WH-02,2024-05-19,2024-06-02,2024-06-02,115,392.76,45167.4,0,True,1
SHP-003039,PROD-0042,SUP-02,WH-02,2024-05-30,2024-05-31,2024-05-31,488,392.76,191666.88,0,True,6
SHP-003040,PROD-0042,SUP-02,WH-02,2024-06-10,2024-06-11,2024-06-11,423,392.76,166137.48,0,True,5
SHP-003041,PROD-0042,SUP-02,WH-02,2024-06-21,2024-06-22,2024-06-22,484,392.76,190095.84,0,True,6
SHP-003042,PROD-0042,SUP-02,WH-02,2024-07-02,2024-07-03,2024-07-03,404,392.76,158675.04,0,True,5
SHP-003043,PROD-0042,SUP-02,WH-02,2024-07-13,2024-07-26,2024-07-26,179,392.76,70304.04,0,True,2
SHP-003044,PROD-0042,SUP-02,WH-02,2024-07-24,2024-08-28,2024-08-28,282,392.76,110758.32,0,True,3
SHP-003045,PROD-0042,SUP-02,WH-02,2024-08-04,2024-08-31,2024-08-31,378,392.76,148463.28,0,True,5
SHP-003046,PROD-0042,SUP-02,WH-02,2024-08-15,2024-09-07,2024-09-07,76,392.76,29849.76,0,True,1
SHP-003047,PROD-0042,SUP-02,WH-02,2024-08-26,2024-08-27,2024-08-27,271,392.76,106437.96,0,True,3
SHP-003048,PROD-0042,SUP-02,WH-02,2024-09-06,2024-09-25,2024-10-09,190,392.76,74624.4,14,False,2
SHP-003049,PROD-0042,SUP-02,WH-02,2024-09-17,2024-09-27,2024-09-27,288,392.76,113114.88,0,True,3
SHP-003050,PROD-0042,SUP-02,WH-02,2024-09-28,2024-09-29,2024-09-29,438,392.76,172028.88,0,True,5
SHP-003051,PROD-0042,SUP-02,WH-02,2024-10-09,2024-11-04,2024-11-04,164,392.76,64412.64,0,True,2
SHP-003052,PROD-0042,SUP-02,WH-02,2024-10-20,2024-10-23,2024-10-23,265,392.76,104081.4,0,True,3
SHP-003053,PROD-0042,SUP-02,WH-02,2024-10-31,2024-11-26,2024-11-26,52,392.76,20423.52,0,True,0
SHP-003054,PROD-0042,SUP-02,WH-02,2024-11-11,2024-11-26,2024-11-26,91,392.76,35741.16,0,True,1
SHP-003055,PROD-0042,SUP-02,WH-02,2024-11-22,2024-11-25,2024-11-25,427,392.76,167708.52,0,True,5
SHP-003056,PROD-0042,SUP-02,WH-02,2024-12-03,2024-12-04,2024-12-08,266,392.76,104474.16,4,False,3
SHP-003057,PROD-0042,SUP-02,WH-02,2024-12-14,2024-12-25,2024-12-25,150,392.76,58914.0,0,True,2
SHP-003058,PROD-0042,SUP-02,WH-02,2024-12-25,2025-01-15,2025-01-15,82,392.76,32206.32,0,True,1
SHP-003059,PROD-0043,SUP-03,WH-03,2022-01-01,2022-02-13,2022-02-13,295,33.95,10015.25,0,True,39
SHP-003060,PROD-0043,SUP-03,WH-03,2022-01-21,2022-03-07,2022-03-14,353,33.95,11984.35,7,False,47
SHP-003061,PROD-0043,SUP-03,WH-03,2022-02-10,2022-03-24,2022-03-24,221,33.95,7502.95,0,True,29
SHP-003062,PROD-0043,SUP-03,WH-03,2022-03-02,2022-04-13,2022-04-13,105,33.95,3564.75,0,True,14
SHP-003063,PROD-0043,SUP-03,WH-03,2022-03-22,2022-05-03,2022-05-03,224,33.95,7604.8,0,True,30
SHP-003064,PROD-0043,SUP-03,WH-03,2022-04-11,2022-05-24,2022-05-24,220,33.95,7469.0,0,True,29
SHP-003065,PROD-0043,SUP-03,WH-03,2022-05-01,2022-06-12,2022-06-21,87,33.95,2953.65,9,False,11
SHP-003066,PROD-0043,SUP-03,WH-03,2022-05-21,2022-07-01,2022-07-01,274,33.95,9302.3,0,True,37
SHP-003067,PROD-0043,SUP-03,WH-03,2022-06-10,2022-07-20,2022-07-20,278,33.95,9438.1,0,True,37
SHP-003068,PROD-0043,SUP-03,WH-03,2022-06-30,2022-08-12,2022-08-12,81,33.95,2749.95,0,True,10
SHP-003069,PROD-0043,SUP-03,WH-03,2022-07-20,2022-08-31,2022-08-31,484,33.95,16431.8,0,True,65
SHP-003070,PROD-0043,SUP-03,WH-03,2022-08-09,2022-09-18,2022-09-18,115,33.95,3904.25,0,True,15
SHP-003071,PROD-0043,SUP-03,WH-03,2022-08-29,2022-10-10,2022-10-11,276,33.95,9370.2,1,False,37
SHP-003072,PROD-0043,SUP-03,WH-03,2022-09-18,2022-10-31,2022-10-31,370,33.95,12561.5,0,True,50
SHP-003073,PROD-0043,SUP-03,WH-03,2022-10-08,2022-11-20,2022-11-20,396,33.95,13444.2,0,True,53
SHP-003074,PROD-0043,SUP-03,WH-03,2022-10-28,2022-12-11,2022-12-11,200,33.95,6790.0,0,True,27
SHP-003075,PROD-0043,SUP-03,WH-03,2022-11-17,2022-12-30,2022-12-30,99,33.95,3361.05,0,True,13
SHP-003076,PROD-0043,SUP-03,WH-03,2022-12-07,2023-01-17,2023-01-27,169,33.95,5737.55,10,False,22
SHP-003077,PROD-0043,SUP-03,WH-03,2022-12-27,2023-02-08,2023-02-08,387,33.95,13138.65,0,True,52
SHP-003078,PROD-0043,SUP-03,WH-03,2023-01-16,2023-02-26,2023-02-26,246,33.95,8351.7,0,True,33
SHP-003079,PROD-0043,SUP-03,WH-03,2023-02-05,2023-03-18,2023-03-26,500,33.95,16975.0,8,False,67
SHP-003080,PROD-0043,SUP-03,WH-03,2023-02-25,2023-04-07,2023-04-07,223,33.95,7570.85,0,True,30
SHP-003081,PROD-0043,SUP-03,WH-03,2023-03-17,2023-04-28,2023-05-09,450,33.95,15277.5,11,False,60
SHP-003082,PROD-0043,SUP-03,WH-03,2023-04-06,2023-05-20,2023-05-20,218,33.95,7401.1,0,True,29
SHP-003083,PROD-0043,SUP-03,WH-03,2023-04-26,2023-06-08,2023-06-08,102,33.95,3462.9,0,True,13
SHP-003084,PROD-0043,SUP-03,WH-03,2023-05-16,2023-06-29,2023-06-29,84,33.95,2851.8,0,True,11
SHP-003085,PROD-0043,SUP-03,WH-03,2023-06-05,2023-07-20,2023-07-30,149,33.95,5058.55,10,False,20
SHP-003086,PROD-0043,SUP-03,WH-03,2023-06-25,2023-08-04,2023-08-04,310,33.95,10524.5,0,True,41
SHP-003087,PROD-0043,SUP-03,WH-03,2023-07-15,2023-08-27,2023-08-27,296,33.95,10049.2,0,True,40
SHP-003088,PROD-0043,SUP-03,WH-03,2023-08-04,2023-09-15,2023-09-15,145,33.95,4922.75,0,True,19
SHP-003089,PROD-0043,SUP-03,WH-03,2023-08-24,2023-10-06,2023-10-06,72,33.95,2444.4,0,True,9
SHP-003090,PROD-0043,SUP-03,WH-03,2023-09-13,2023-10-26,2023-10-26,349,33.95,11848.55,0,True,47
SHP-003091,PROD-0043,SUP-03,WH-03,2023-10-03,2023-11-11,2023-11-11,383,33.95,13002.85,0,True,51
SHP-003092,PROD-0043,SUP-03,WH-03,2023-10-23,2023-12-07,2023-12-07,348,33.95,11814.6,0,True,47
SHP-003093,PROD-0043,SUP-03,WH-03,2023-11-12,2023-12-23,2024-01-01,125,33.95,4243.75,9,False,16
SHP-003094,PROD-0043,SUP-03,WH-03,2023-12-02,2024-01-14,2024-01-14,225,33.95,7638.75,0,True,30
SHP-003095,PROD-0043,SUP-03,WH-03,2023-12-22,2024-02-03,2024-02-03,54,33.95,1833.3,0,True,7
SHP-003096,PROD-0043,SUP-03,WH-03,2024-01-11,2024-02-22,2024-02-22,397,33.95,13478.15,0,True,53
SHP-003097,PROD-0043,SUP-03,WH-03,2024-01-31,2024-03-11,2024-03-11,309,33.95,10490.55,0,True,41
SHP-003098,PROD-0043,SUP-03,WH-03,2024-02-20,2024-04-03,2024-04-17,489,33.95,16601.55,14,False,66
SHP-003099,PROD-0043,SUP-03,WH-03,2024-03-11,2024-04-22,2024-04-22,150,33.95,5092.5,0,True,20
SHP-003100,PROD-0043,SUP-03,WH-03,2024-03-31,2024-05-12,2024-05-12,153,33.95,5194.35,0,True,20
SHP-003101,PROD-0043,SUP-03,WH-03,2024-04-20,2024-06-01,2024-06-01,146,33.95,4956.7,0,True,19
SHP-003102,PROD-0043,SUP-03,WH-03,2024-05-10,2024-06-23,2024-06-23,404,33.95,13715.8,0,True,54
SHP-003103,PROD-0043,SUP-03,WH-03,2024-05-30,2024-07-15,2024-07-15,219,33.95,7435.05,0,True,29
SHP-003104,PROD-0043,SUP-03,WH-03,2024-06-19,2024-08-04,2024-08-04,221,33.95,7502.95,0,True,29
SHP-003105,PROD-0043,SUP-03,WH-03,2024-07-09,2024-08-22,2024-08-22,218,33.95,7401.1,0,True,29
SHP-003106,PROD-0043,SUP-03,WH-03,2024-07-29,2024-09-11,2024-09-11,498,33.95,16907.1,0,True,67
SHP-003107,PROD-0043,SUP-03,WH-03,2024-08-18,2024-09-26,2024-10-09,303,33.95,10286.85,13,False,40
SHP-003108,PROD-0043,SUP-03,WH-03,2024-09-07,2024-10-20,2024-10-24,377,33.95,12799.15,4,False,50
SHP-003109,PROD-0043,SUP-03,WH-03,2024-09-27,2024-11-09,2024-11-09,288,33.95,9777.6,0,True,38
SHP-003110,PROD-0043,SUP-03,WH-03,2024-10-17,2024-11-24,2024-11-24,296,33.95,10049.2,0,True,40
SHP-003111,PROD-0043,SUP-03,WH-03,2024-11-06,2024-12-22,2025-01-03,467,33.95,15854.65,12,False,63
SHP-003112,PROD-0043,SUP-03,WH-03,2024-11-26,2025-01-07,2025-01-13,242,33.95,8215.9,6,False,32
SHP-003113,PROD-0043,SUP-03,WH-03,2024-12-16,2025-01-26,2025-01-26,472,33.95,16024.4,0,True,63
SHP-003114,PROD-0044,SUP-04,WH-04,2022-01-01,2022-02-01,2022-02-01,233,294.17,68541.61,0,True,8
SHP-003115,PROD-0044,SUP-04,WH-04,2022-01-11,2022-02-20,2022-02-20,122,294.17,35888.74,0,True,4
SHP-003116,PROD-0044,SUP-04,WH-04,2022-01-21,2022-03-03,2022-03-03,373,294.17,109725.41,0,True,13
SHP-003117,PROD-0044,SUP-04,WH-04,2022-01-31,2022-03-20,2022-03-20,234,294.17,68835.78,0,True,8
SHP-003118,PROD-0044,SUP-04,WH-04,2022-02-10,2022-03-14,2022-03-15,151,294.17,44419.67,1,False,5
SHP-003119,PROD-0044,SUP-04,WH-04,2022-02-20,2022-03-30,2022-03-30,162,294.17,47655.54,0,True,5
SHP-003120,PROD-0044,SUP-04,WH-04,2022-03-02,2022-04-08,2022-04-08,223,294.17,65599.91,0,True,8
SHP-003121,PROD-0044,SUP-04,WH-04,2022-03-12,2022-04-16,2022-04-16,141,294.17,41477.97,0,True,5
SHP-003122,PROD-0044,SUP-04,WH-04,2022-03-22,2022-04-24,2022-04-24,481,294.17,141495.77,0,True,17
SHP-003123,PROD-0044,SUP-04,WH-04,2022-04-01,2022-05-23,2022-05-23,60,294.17,17650.2,0,True,2
SHP-003124,PROD-0044,SUP-04,WH-04,2022-04-11,2022-05-26,2022-05-26,244,294.17,71777.48,0,True,8
SHP-003125,PROD-0044,SUP-04,WH-04,2022-04-21,2022-05-30,2022-05-30,106,294.17,31182.02,0,True,3
SHP-003126,PROD-0044,SUP-04,WH-04,2022-05-01,2022-06-11,2022-06-17,206,294.17,60599.02,6,False,7
SHP-003127,PROD-0044,SUP-04,WH-04,2022-05-11,2022-06-25,2022-06-25,464,294.17,136494.88,0,True,16
SHP-003128,PROD-0044,SUP-04,WH-04,2022-05-21,2022-06-24,2022-06-24,319,294.17,93840.23,0,True,11
SHP-003129,PROD-0044,SUP-04,WH-04,2022-05-31,2022-07-02,2022-07-15,272,294.17,80014.24,13,False,9
SHP-003130,PROD-0044,SUP-04,WH-04,2022-06-10,2022-07-17,2022-07-17,123,294.17,36182.91,0,True,4
SHP-003131,PROD-0044,SUP-04,WH-04,2022-06-20,2022-08-04,2022-08-04,148,294.17,43537.16,0,True,5
SHP-003132,PROD-0044,SUP-04,WH-04,2022-06-30,2022-08-23,2022-08-23,241,294.17,70894.97,0,True,8
SHP-003133,PROD-0044,SUP-04,WH-04,2022-07-10,2022-08-16,2022-08-16,375,294.17,110313.75,0,True,13
SHP-003134,PROD-0044,SUP-04,WH-04,2022-07-20,2022-08-20,2022-08-20,440,294.17,129434.8,0,True,16
SHP-003135,PROD-0044,SUP-04,WH-04,2022-07-30,2022-09-08,2022-09-08,487,294.17,143260.79,0,True,17
SHP-003136,PROD-0044,SUP-04,WH-04,2022-08-09,2022-09-16,2022-09-16,126,294.17,37065.42,0,True,4
SHP-003137,PROD-0044,SUP-04,WH-04,2022-08-19,2022-10-05,2022-10-05,372,294.17,109431.24,0,True,13
SHP-003138,PROD-0044,SUP-04,WH-04,2022-08-29,2022-10-07,2022-10-07,114,294.17,33535.38,0,True,4
SHP-003139,PROD-0044,SUP-04,WH-04,2022-09-08,2022-10-20,2022-10-20,349,294.17,102665.33,0,True,12
SHP-003140,PROD-0044,SUP-04,WH-04,2022-09-18,2022-10-24,2022-10-24,91,294.17,26769.47,0,True,3
SHP-003141,PROD-0044,SUP-04,WH-04,2022-09-28,2022-11-07,2022-11-07,389,294.17,114432.13,0,True,14
SHP-003142,PROD-0044,SUP-04,WH-04,2022-10-08,2022-11-07,2022-11-07,310,294.17,91192.7,0,True,11
SHP-003143,PROD-0044,SUP-04,WH-04,2022-10-18,2022-11-23,2022-11-23,380,294.17,111784.6,0,True,13
SHP-003144,PROD-0044,SUP-04,WH-04,2022-10-28,2022-11-30,2022-11-30,305,294.17,89721.85,0,True,11
SHP-003145,PROD-0044,SUP-04,WH-04,2022-11-07,2022-12-17,2022-12-17,214,294.17,62952.38,0,True,7
SHP-003146,PROD-0044,SUP-04,WH-04,2022-11-17,2022-12-24,2022-12-24,405,294.17,119138.85,0,True,14
SHP-003147,PROD-0044,SUP-04,WH-04,2022-11-27,2022-12-27,2022-12-27,303,294.17,89133.51,0,True,11
SHP-003148,PROD-0044,SUP-04,WH-04,2022-12-07,2023-01-18,2023-01-18,255,294.17,75013.35,0,True,9
SHP-003149,PROD-0044,SUP-04,WH-04,2022-12-17,2023-01-27,2023-01-27,348,294.17,102371.16,0,True,12
SHP-003150,PROD-0044,SUP-04,WH-04,2022-12-27,2023-02-10,2023-02-10,162,294.17,47655.54,0,True,5
SHP-003151,PROD-0044,SUP-04,WH-04,2023-01-06,2023-02-12,2023-02-12,170,294.17,50008.9,0,True,6
SHP-003152,PROD-0044,SUP-04,WH-04,2023-01-16,2023-02-20,2023-02-20,267,294.17,78543.39,0,True,9
SHP-003153,PROD-0044,SUP-04,WH-04,2023-01-26,2023-02-28,2023-02-28,481,294.17,141495.77,0,True,17
SHP-003154,PROD-0044,SUP-04,WH-04,2023-02-05,2023-03-18,2023-03-18,93,294.17,27357.81,0,True,3
SHP-003155,PROD-0044,SUP-04,WH-04,2023-02-15,2023-03-28,2023-03-28,201,294.17,59128.17,0,True,7
SHP-003156,PROD-0044,SUP-04,WH-04,2023-02-25,2023-04-01,2023-04-01,167,294.17,49126.39,0,True,6
SHP-003157,PROD-0044,SUP-04,WH-04,2023-03-07,2023-04-13,2023-04-13,312,294.17,91781.04,0,True,11
SHP-003158,PROD-0044,SUP-04,WH-04,2023-03-17,2023-04-27,2023-04-27,280,294.17,82367.6,0,True,10
SHP-003159,PROD-0044,SUP-04,WH-04,2023-03-27,2023-05-04,2023-05-04,238,294.17,70012.46,0,True,8
SHP-003160,PROD-0044,SUP-04,WH-04,2023-04-06,2023-05-15,2023-05-15,189,294.17,55598.13,0,True,6
SHP-003161,PROD-0044,SUP-04,WH-04,2023-04-16,2023-06-03,2023-06-03,276,294.17,81190.92,0,True,10
SHP-003162,PROD-0044,SUP-04,WH-04,2023-04-26,2023-05-26,2023-05-26,88,294.17,25886.96,0,True,3
SHP-003163,PROD-0044,SUP-04,WH-04,2023-05-06,2023-06-11,2023-06-11,200,294.17,58834.0,0,True,7
SHP-003164,PROD-0044,SUP-04,WH-04,2023-05-16,2023-07-04,2023-07-04,329,294.17,96781.93,0,True,12
SHP-003165,PROD-0044,SUP-04,WH-04,2023-05-26,2023-07-05,2023-07-05,191,294.17,56186.47,0,True,6
SHP-003166,PROD-0044,SUP-04,WH-04,2023-06-05,2023-07-08,2023-07-08,86,294.17,25298.62,0,True,3
SHP-003167,PROD-0044,SUP-04,WH-04,2023-06-15,2023-07-26,2023-07-26,152,294.17,44713.84,0,True,5
SHP-003168,PROD-0044,SUP-04,WH-04,2023-06-25,2023-08-05,2023-08-05,218,294.17,64129.06,0,True,7
SHP-003169,PROD-0044,SUP-04,WH-04,2023-07-05,2023-08-19,2023-08-19,467,294.17,137377.39,0,True,17
SHP-003170,PROD-0044,SUP-04,WH-04,2023-07-15,2023-08-28,2023-08-28,190,294.17,55892.3,0,True,6
SHP-003171,PROD-0044,SUP-04,WH-04,2023-07-25,2023-08-28,2023-08-28,120,294.17,35300.4,0,True,4
SHP-003172,PROD-0044,SUP-04,WH-04,2023-08-04,2023-09-12,2023-09-12,428,294.17,125904.76,0,True,15
SHP-003173,PROD-0044,SUP-04,WH-04,2023-08-14,2023-09-26,2023-09-26,54,294.17,15885.18,0,True,1
SHP-003174,PROD-0044,SUP-04,WH-04,2023-08-24,2023-09-26,2023-09-26,471,294.17,138554.07,0,True,17
SHP-003175,PROD-0044,SUP-04,WH-04,2023-09-03,2023-10-12,2023-10-12,256,294.17,75307.52,0,True,9
SHP-003176,PROD-0044,SUP-04,WH-04,2023-09-13,2023-10-10,2023-10-10,437,294.17,128552.29,0,True,15
SHP-003177,PROD-0044,SUP-04,WH-04,2023-09-23,2023-11-02,2023-11-02,384,294.17,112961.28,0,True,14
SHP-003178,PROD-0044,SUP-04,WH-04,2023-10-03,2023-11-12,2023-11-21,126,294.17,37065.42,9,False,4
SHP-003179,PROD-0044,SUP-04,WH-04,2023-10-13,2023-11-17,2023-11-17,166,294.17,48832.22,0,True,6
SHP-003180,PROD-0044,SUP-04,WH-04,2023-10-23,2023-12-07,2023-12-07,292,294.17,85897.64,0,True,10
SHP-003181,PROD-0044,SUP-04,WH-04,2023-11-02,2023-12-18,2023-12-18,452,294.17,132964.84,0,True,16
SHP-003182,PROD-0044,SUP-04,WH-04,2023-11-12,2023-12-14,2023-12-14,419,294.17,123257.23,0,True,15
SHP-003183,PROD-0044,SUP-04,WH-04,2023-11-22,2024-01-07,2024-01-07,455,294.17,133847.35,0,True,16
SHP-003184,PROD-0044,SUP-04,WH-04,2023-12-02,2024-01-10,2024-01-10,146,294.17,42948.82,0,True,5
SHP-003185,PROD-0044,SUP-04,WH-04,2023-12-12,2024-01-14,2024-01-14,407,294.17,119727.19,0,True,14
SHP-003186,PROD-0044,SUP-04,WH-04,2023-12-22,2024-02-07,2024-02-07,280,294.17,82367.6,0,True,10
SHP-003187,PROD-0044,SUP-04,WH-04,2024-01-01,2024-02-09,2024-02-09,241,294.17,70894.97,0,True,8
SHP-003188,PROD-0044,SUP-04,WH-04,2024-01-11,2024-02-11,2024-02-11,115,294.17,33829.55,0,True,4
SHP-003189,PROD-0044,SUP-04,WH-04,2024-01-21,2024-02-24,2024-02-29,54,294.17,15885.18,5,False,1
SHP-003190,PROD-0044,SUP-04,WH-04,2024-01-31,2024-03-10,2024-03-10,477,294.17,140319.09,0,True,17
SHP-003191,PROD-0044,SUP-04,WH-04,2024-02-10,2024-03-23,2024-03-23,264,294.17,77660.88,0,True,9
SHP-003192,PROD-0044,SUP-04,WH-04,2024-02-20,2024-04-06,2024-04-06,256,294.17,75307.52,0,True,9
SHP-003193,PROD-0044,SUP-04,WH-04,2024-03-01,2024-04-11,2024-04-11,325,294.17,95605.25,0,True,11
SHP-003194,PROD-0044,SUP-04,WH-04,2024-03-11,2024-04-10,2024-04-10,61,294.17,17944.37,0,True,2
SHP-003195,PROD-0044,SUP-04,WH-04,2024-03-21,2024-04-25,2024-04-25,121,294.17,35594.57,0,True,4
SHP-003196,PROD-0044,SUP-04,WH-04,2024-03-31,2024-05-24,2024-05-27,219,294.17,64423.23,3,False,7
SHP-003197,PROD-0044,SUP-04,WH-04,2024-04-10,2024-06-01,2024-06-01,358,294.17,105312.86,0,True,13
SHP-003198,PROD-0044,SUP-04,WH-04,2024-04-20,2024-05-30,2024-05-30,250,294.17,73542.5,0,True,9
SHP-003199,PROD-0044,SUP-04,WH-04,2024-04-30,2024-06-13,2024-06-13,250,294.17,73542.5,0,True,9
SHP-003200,PROD-0044,SUP-04,WH-04,2024-05-10,2024-06-21,2024-06-21,146,294.17,42948.82,0,True,5
SHP-003201,PROD-0044,SUP-04,WH-04,2024-05-20,2024-07-07,2024-07-07,341,294.17,100311.97,0,True,12
SHP-003202,PROD-0044,SUP-04,WH-04,2024-05-30,2024-07-12,2024-07-12,205,294.17,60304.85,0,True,7
SHP-003203,PROD-0044,SUP-04,WH-04,2024-06-09,2024-07-19,2024-07-19,395,294.17,116197.15,0,True,14
SHP-003204,PROD-0044,SUP-04,WH-04,2024-06-19,2024-08-06,2024-08-06,473,294.17,139142.41,0,True,17
SHP-003205,PROD-0044,SUP-04,WH-04,2024-06-29,2024-08-09,2024-08-09,63,294.17,18532.71,0,True,2
SHP-003206,PROD-0044,SUP-04,WH-04,2024-07-09,2024-08-14,2024-08-14,247,294.17,72659.99,0,True,9
SHP-003207,PROD-0044,SUP-04,WH-04,2024-07-19,2024-09-01,2024-09-01,199,294.17,58539.83,0,True,7
SHP-003208,PROD-0044,SUP-04,WH-04,2024-07-29,2024-09-11,2024-09-11,282,294.17,82955.94,0,True,10
SHP-003209,PROD-0044,SUP-04,WH-04,2024-08-08,2024-09-12,2024-09-12,55,294.17,16179.35,0,True,2
SHP-003210,PROD-0044,SUP-04,WH-04,2024-08-18,2024-10-04,2024-10-04,260,294.17,76484.2,0,True,9
SHP-003211,PROD-0044,SUP-04,WH-04,2024-08-28,2024-10-10,2024-10-10,106,294.17,31182.02,0,True,3
SHP-003212,PROD-0044,SUP-04,WH-04,2024-09-07,2024-10-15,2024-10-15,294,294.17,86485.98,0,True,10
SHP-003213,PROD-0044,SUP-04,WH-04,2024-09-17,2024-10-28,2024-10-28,493,294.17,145025.81,0,True,17
SHP-003214,PROD-0044,SUP-04,WH-04,2024-09-27,2024-11-13,2024-11-13,155,294.17,45596.35,0,True,5
SHP-003215,PROD-0044,SUP-04,WH-04,2024-10-07,2024-11-15,2024-11-15,413,294.17,121492.21,0,True,15
SHP-003216,PROD-0044,SUP-04,WH-04,2024-10-17,2024-11-23,2024-11-23,359,294.17,105607.03,0,True,13
SHP-003217,PROD-0044,SUP-04,WH-04,2024-10-27,2024-11-29,2024-12-09,350,294.17,102959.5,10,False,12
SHP-003218,PROD-0044,SUP-04,WH-04,2024-11-06,2024-11-29,2024-11-29,400,294.17,117668.0,0,True,14
SHP-003219,PROD-0044,SUP-04,WH-04,2024-11-16,2024-12-20,2024-12-20,53,294.17,15591.01,0,True,1
SHP-003220,PROD-0044,SUP-04,WH-04,2024-11-26,2024-12-31,2024-12-31,472,294.17,138848.24,0,True,17
SHP-003221,PROD-0044,SUP-04,WH-04,2024-12-06,2025-01-26,2025-01-26,176,294.17,51773.92,0,True,6
SHP-003222,PROD-0044,SUP-04,WH-04,2024-12-16,2025-01-12,2025-01-12,341,294.17,100311.97,0,True,12
SHP-003223,PROD-0044,SUP-04,WH-04,2024-12-26,2025-02-01,2025-02-01,344,294.17,101194.48,0,True,12
SHP-003224,PROD-0045,SUP-05,WH-05,2022-01-01,2022-01-25,2022-01-25,380,426.41,162035.8,0,True,53
SHP-003225,PROD-0045,SUP-05,WH-05,2022-01-11,2022-02-05,2022-02-05,481,426.41,205103.21,0,True,67
SHP-003226,PROD-0045,SUP-05,WH-05,2022-01-21,2022-02-18,2022-03-02,250,426.41,106602.5,12,False,35
SHP-003227,PROD-0045,SUP-05,WH-05,2022-01-31,2022-02-24,2022-03-06,485,426.41,206808.85,10,False,67
SHP-003228,PROD-0045,SUP-05,WH-05,2022-02-10,2022-03-07,2022-03-07,141,426.41,60123.81,0,True,19
SHP-003229,PROD-0045,SUP-05,WH-05,2022-02-20,2022-03-16,2022-03-26,284,426.41,121100.44,10,False,39
SHP-003230,PROD-0045,SUP-05,WH-05,2022-03-02,2022-03-28,2022-04-04,143,426.41,60976.63,7,False,20
SHP-003231,PROD-0045,SUP-05,WH-05,2022-03-12,2022-04-07,2022-04-07,251,426.41,107028.91,0,True,35
SHP-003232,PROD-0045,SUP-05,WH-05,2022-03-22,2022-04-15,2022-04-27,172,426.41,73342.52,12,False,24
SHP-003233,PROD-0045,SUP-05,WH-05,2022-04-01,2022-04-27,2022-04-27,371,426.41,158198.11,0,True,51
SHP-003234,PROD-0045,SUP-05,WH-05,2022-04-11,2022-05-08,2022-05-08,84,426.41,35818.44,0,True,11
SHP-003235,PROD-0045,SUP-05,WH-05,2022-04-21,2022-05-17,2022-05-29,161,426.41,68652.01,12,False,22
SHP-003236,PROD-0045,SUP-05,WH-05,2022-05-01,2022-05-27,2022-05-27,440,426.41,187620.4,0,True,61
SHP-003237,PROD-0045,SUP-05,WH-05,2022-05-11,2022-06-04,2022-06-04,238,426.41,101485.58,0,True,33
SHP-003238,PROD-0045,SUP-05,WH-05,2022-05-21,2022-06-17,2022-06-19,308,426.41,131334.28,2,False,43
SHP-003239,PROD-0045,SUP-05,WH-05,2022-05-31,2022-06-25,2022-07-08,259,426.41,110440.19,13,False,36
SHP-003240,PROD-0045,SUP-05,WH-05,2022-06-10,2022-07-05,2022-07-05,156,426.41,66519.96,0,True,21
SHP-003241,PROD-0045,SUP-05,WH-05,2022-06-20,2022-07-16,2022-07-16,63,426.41,26863.83,0,True,8
SHP-003242,PROD-0045,SUP-05,WH-05,2022-06-30,2022-07-25,2022-07-25,395,426.41,168431.95,0,True,55
SHP-003243,PROD-0045,SUP-05,WH-05,2022-07-10,2022-08-04,2022-08-04,225,426.41,95942.25,0,True,31
SHP-003244,PROD-0045,SUP-05,WH-05,2022-07-20,2022-08-14,2022-08-14,149,426.41,63535.09,0,True,20
SHP-003245,PROD-0045,SUP-05,WH-05,2022-07-30,2022-08-24,2022-08-24,178,426.41,75900.98,0,True,24
SHP-003246,PROD-0045,SUP-05,WH-05,2022-08-09,2022-09-05,2022-09-05,119,426.41,50742.79,0,True,16
SHP-003247,PROD-0045,SUP-05,WH-05,2022-08-19,2022-09-14,2022-09-14,287,426.41,122379.67,0,True,40
SHP-003248,PROD-0045,SUP-05,WH-05,2022-08-29,2022-09-25,2022-09-25,92,426.41,39229.72,0,True,12
SHP-003249,PROD-0045,SUP-05,WH-05,2022-09-08,2022-10-03,2022-10-03,415,426.41,176960.15,0,True,58
SHP-003250,PROD-0045,SUP-05,WH-05,2022-09-18,2022-10-13,2022-10-13,470,426.41,200412.7,0,True,65
SHP-003251,PROD-0045,SUP-05,WH-05,2022-09-28,2022-10-25,2022-10-30,137,426.41,58418.17,5,False,19
SHP-003252,PROD-0045,SUP-05,WH-05,2022-10-08,2022-11-02,2022-11-02,101,426.41,43067.41,0,True,14
SHP-003253,PROD-0045,SUP-05,WH-05,2022-10-18,2022-11-12,2022-11-12,323,426.41,137730.43,0,True,45
SHP-003254,PROD-0045,SUP-05,WH-05,2022-10-28,2022-11-24,2022-11-24,89,426.41,37950.49,0,True,12
SHP-003255,PROD-0045,SUP-05,WH-05,2022-11-07,2022-12-02,2022-12-13,396,426.41,168858.36,11,False,55
SHP-003256,PROD-0045,SUP-05,WH-05,2022-11-17,2022-12-13,2022-12-13,233,426.41,99353.53,0,True,32
SHP-003257,PROD-0045,SUP-05,WH-05,2022-11-27,2022-12-22,2022-12-22,67,426.41,28569.47,0,True,9
SHP-003258,PROD-0045,SUP-05,WH-05,2022-12-07,2023-01-02,2023-01-02,276,426.41,117689.16,0,True,38
SHP-003259,PROD-0045,SUP-05,WH-05,2022-12-17,2023-01-12,2023-01-12,375,426.41,159903.75,0,True,52
SHP-003260,PROD-0045,SUP-05,WH-05,2022-12-27,2023-01-24,2023-01-24,389,426.41,165873.49,0,True,54
SHP-003261,PROD-0045,SUP-05,WH-05,2023-01-06,2023-01-30,2023-01-30,102,426.41,43493.82,0,True,14
SHP-003262,PROD-0045,SUP-05,WH-05,2023-01-16,2023-02-10,2023-02-10,277,426.41,118115.57,0,True,38
SHP-003263,PROD-0045,SUP-05,WH-05,2023-01-26,2023-02-21,2023-02-21,74,426.41,31554.34,0,True,10
SHP-003264,PROD-0045,SUP-05,WH-05,2023-02-05,2023-03-02,2023-03-02,153,426.41,65240.73,0,True,21
SHP-003265,PROD-0045,SUP-05,WH-05,2023-02-15,2023-03-12,2023-03-12,172,426.41,73342.52,0,True,24
SHP-003266,PROD-0045,SUP-05,WH-05,2023-02-25,2023-03-21,2023-03-21,265,426.41,112998.65,0,True,37
SHP-003267,PROD-0045,SUP-05,WH-05,2023-03-07,2023-04-01,2023-04-02,222,426.41,94663.02,1,False,31
SHP-003268,PROD-0045,SUP-05,WH-05,2023-03-17,2023-04-12,2023-04-12,392,426.41,167152.72,0,True,54
SHP-003269,PROD-0045,SUP-05,WH-05,2023-03-27,2023-04-22,2023-04-22,99,426.41,42214.59,0,True,13
SHP-003270,PROD-0045,SUP-05,WH-05,2023-04-06,2023-05-01,2023-05-14,390,426.41,166299.9,13,False,54
SHP-003271,PROD-0045,SUP-05,WH-05,2023-04-16,2023-05-12,2023-05-15,72,426.41,30701.52,3,False,10
SHP-003272,PROD-0045,SUP-05,WH-05,2023-04-26,2023-05-22,2023-05-22,467,426.41,199133.47,0,True,65
SHP-003273,PROD-0045,SUP-05,WH-05,2023-05-06,2023-06-01,2023-06-01,370,426.41,157771.7,0,True,51
SHP-003274,PROD-0045,SUP-05,WH-05,2023-05-16,2023-06-09,2023-06-09,327,426.41,139436.07,0,True,45
SHP-003275,PROD-0045,SUP-05,WH-05,2023-05-26,2023-06-21,2023-06-28,111,426.41,47331.51,7,False,15
SHP-003276,PROD-0045,SUP-05,WH-05,2023-06-05,2023-06-30,2023-06-30,232,426.41,98927.12,0,True,32
SHP-003277,PROD-0045,SUP-05,WH-05,2023-06-15,2023-07-10,2023-07-10,255,426.41,108734.55,0,True,35
SHP-003278,PROD-0045,SUP-05,WH-05,2023-06-25,2023-07-20,2023-07-20,249,426.41,106176.09,0,True,34
SHP-003279,PROD-0045,SUP-05,WH-05,2023-07-05,2023-07-30,2023-07-30,83,426.41,35392.03,0,True,11
SHP-003280,PROD-0045,SUP-05,WH-05,2023-07-15,2023-08-09,2023-08-20,382,426.41,162888.62,11,False,53
SHP-003281,PROD-0045,SUP-05,WH-05,2023-07-25,2023-08-21,2023-08-21,84,426.41,35818.44,0,True,11
SHP-003282,PROD-0045,SUP-05,WH-05,2023-08-04,2023-08-30,2023-08-30,442,426.41,188473.22,0,True,61
SHP-003283,PROD-0045,SUP-05,WH-05,2023-08-14,2023-09-08,2023-09-08,102,426.41,43493.82,0,True,14
SHP-003284,PROD-0045,SUP-05,WH-05,2023-08-24,2023-09-18,2023-09-18,485,426.41,206808.85,0,True,67
SHP-003285,PROD-0045,SUP-05,WH-05,2023-09-03,2023-09-29,2023-09-29,98,426.41,41788.18,0,True,13
SHP-003286,PROD-0045,SUP-05,WH-05,2023-09-13,2023-10-08,2023-10-08,373,426.41,159050.93,0,True,52
SHP-003287,PROD-0045,SUP-05,WH-05,2023-09-23,2023-10-18,2023-10-18,444,426.41,189326.04,0,True,62
SHP-003288,PROD-0045,SUP-05,WH-05,2023-10-03,2023-10-29,2023-10-29,139,426.41,59270.99,0,True,19
SHP-003289,PROD-0045,SUP-05,WH-05,2023-10-13,2023-11-07,2023-11-18,402,426.41,171416.82,11,False,56
SHP-003290,PROD-0045,SUP-05,WH-05,2023-10-23,2023-11-17,2023-11-23,391,426.41,166726.31,6,False,54
SHP-003291,PROD-0045,SUP-05,WH-05,2023-11-02,2023-11-29,2023-11-29,59,426.41,25158.19,0,True,8
SHP-003292,PROD-0045,SUP-05,WH-05,2023-11-12,2023-12-07,2023-12-17,279,426.41,118968.39,10,False,39
SHP-003293,PROD-0045,SUP-05,WH-05,2023-11-22,2023-12-17,2023-12-17,429,426.41,182929.89,0,True,60
SHP-003294,PROD-0045,SUP-05,WH-05,2023-12-02,2023-12-28,2023-12-28,410,426.41,174828.1,0,True,57
SHP-003295,PROD-0045,SUP-05,WH-05,2023-12-12,2024-01-05,2024-01-05,365,426.41,155639.65,0,True,51
SHP-003296,PROD-0045,SUP-05,WH-05,2023-12-22,2024-01-18,2024-01-31,208,426.41,88693.28,13,False,29
SHP-003297,PROD-0045,SUP-05,WH-05,2024-01-01,2024-01-26,2024-01-30,437,426.41,186341.17,4,False,61
SHP-003298,PROD-0045,SUP-05,WH-05,2024-01-11,2024-02-05,2024-02-05,80,426.41,34112.8,0,True,11
SHP-003299,PROD-0045,SUP-05,WH-05,2024-01-21,2024-02-15,2024-02-15,201,426.41,85708.41,0,True,28
SHP-003300,PROD-0045,SUP-05,WH-05,2024-01-31,2024-02-26,2024-02-26,154,426.41,65667.14,0,True,21
SHP-003301,PROD-0045,SUP-05,WH-05,2024-02-10,2024-03-04,2024-03-04,421,426.41,179518.61,0,True,58
SHP-003302,PROD-0045,SUP-05,WH-05,2024-02-20,2024-03-16,2024-03-26,277,426.41,118115.57,10,False,38
SHP-003303,PROD-0045,SUP-05,WH-05,2024-03-01,2024-03-27,2024-04-08,118,426.41,50316.38,12,False,16
SHP-003304,PROD-0045,SUP-05,WH-05,2024-03-11,2024-04-07,2024-04-07,452,426.41,192737.32,0,True,63
SHP-003305,PROD-0045,SUP-05,WH-05,2024-03-21,2024-04-14,2024-04-14,455,426.41,194016.55,0,True,63
SHP-003306,PROD-0045,SUP-05,WH-05,2024-03-31,2024-04-24,2024-04-24,197,426.41,84002.77,0,True,27
SHP-003307,PROD-0045,SUP-05,WH-05,2024-04-10,2024-05-05,2024-05-05,483,426.41,205956.03,0,True,67
SHP-003308,PROD-0045,SUP-05,WH-05,2024-04-20,2024-05-16,2024-05-16,174,426.41,74195.34,0,True,24
SHP-003309,PROD-0045,SUP-05,WH-05,2024-04-30,2024-05-25,2024-05-25,390,426.41,166299.9,0,True,54
SHP-003310,PROD-0045,SUP-05,WH-05,2024-05-10,2024-06-04,2024-06-08,406,426.41,173122.46,4,False,56
SHP-003311,PROD-0045,SUP-05,WH-05,2024-05-20,2024-06-15,2024-06-15,496,426.41,211499.36,0,True,69
SHP-003312,PROD-0045,SUP-05,WH-05,2024-05-30,2024-06-25,2024-06-25,143,426.41,60976.63,0,True,20
SHP-003313,PROD-0045,SUP-05,WH-05,2024-06-09,2024-07-05,2024-07-05,83,426.41,35392.03,0,True,11
SHP-003314,PROD-0045,SUP-05,WH-05,2024-06-19,2024-07-13,2024-07-13,148,426.41,63108.68,0,True,20
SHP-003315,PROD-0045,SUP-05,WH-05,2024-06-29,2024-07-24,2024-07-24,122,426.41,52022.02,0,True,17
SHP-003316,PROD-0045,SUP-05,WH-05,2024-07-09,2024-08-02,2024-08-02,138,426.41,58844.58,0,True,19
SHP-003317,PROD-0045,SUP-05,WH-05,2024-07-19,2024-08-15,2024-08-15,457,426.41,194869.37,0,True,63
SHP-003318,PROD-0045,SUP-05,WH-05,2024-07-29,2024-08-23,2024-08-23,90,426.41,38376.9,0,True,12
SHP-003319,PROD-0045,SUP-05,WH-05,2024-08-08,2024-09-02,2024-09-09,209,426.41,89119.69,7,False,29
SHP-003320,PROD-0045,SUP-05,WH-05,2024-08-18,2024-09-12,2024-09-15,175,426.41,74621.75,3,False,24
SHP-003321,PROD-0045,SUP-05,WH-05,2024-08-28,2024-09-24,2024-09-24,177,426.41,75474.57,0,True,24
SHP-003322,PROD-0045,SUP-05,WH-05,2024-09-07,2024-10-02,2024-10-02,279,426.41,118968.39,0,True,39
SHP-003323,PROD-0045,SUP-05,WH-05,2024-09-17,2024-10-14,2024-10-14,491,426.41,209367.31,0,True,68
SHP-003324,PROD-0045,SUP-05,WH-05,2024-09-27,2024-10-21,2024-10-21,234,426.41,99779.94,0,True,32
SHP-003325,PROD-0045,SUP-05,WH-05,2024-10-07,2024-10-31,2024-10-31,291,426.41,124085.31,0,True,40
SHP-003326,PROD-0045,SUP-05,WH-05,2024-10-17,2024-11-11,2024-11-11,362,426.41,154360.42,0,True,50
SHP-003327,PROD-0045,SUP-05,WH-05,2024-10-27,2024-11-24,2024-11-24,129,426.41,55006.89,0,True,18
SHP-003328,PROD-0045,SUP-05,WH-05,2024-11-06,2024-11-30,2024-12-14,296,426.41,126217.36,14,False,41
SHP-003329,PROD-0045,SUP-05,WH-05,2024-11-16,2024-12-12,2024-12-13,268,426.41,114277.88,1,False,37
SHP-003330,PROD-0045,SUP-05,WH-05,2024-11-26,2024-12-21,2024-12-21,203,426.41,86561.23,0,True,28
SHP-003331,PROD-0045,SUP-05,WH-05,2024-12-06,2025-01-01,2025-01-01,333,426.41,141994.53,0,True,46
SHP-003332,PROD-0045,SUP-05,WH-05,2024-12-16,2025-01-12,2025-01-12,244,426.41,104044.04,0,True,34
SHP-003333,PROD-0045,SUP-05,WH-05,2024-12-26,2025-01-20,2025-01-20,195,426.41,83149.95,0,True,27
SHP-003334,PROD-0046,SUP-06,WH-01,2022-01-01,2022-02-04,2022-02-04,86,64.34,5533.24,0,True,2
SHP-003335,PROD-0046,SUP-06,WH-01,2022-01-17,2022-02-18,2022-02-18,290,64.34,18658.6,0,True,8
SHP-003336,PROD-0046,SUP-06,WH-01,2022-02-02,2022-03-02,2022-03-02,147,64.34,9457.98,0,True,4
SHP-003337,PROD-0046,SUP-06,WH-01,2022-02-18,2022-03-18,2022-03-18,306,64.34,19688.04,0,True,9
SHP-003338,PROD-0046,SUP-06,WH-01,2022-03-06,2022-04-08,2022-04-08,301,64.34,19366.34,0,True,9
SHP-003339,PROD-0046,SUP-06,WH-01,2022-03-22,2022-04-20,2022-04-20,252,64.34,16213.68,0,True,7
SHP-003340,PROD-0046,SUP-06,WH-01,2022-04-07,2022-05-06,2022-05-06,300,64.34,19302.0,0,True,9
SHP-003341,PROD-0046,SUP-06,WH-01,2022-04-23,2022-05-19,2022-05-19,351,64.34,22583.34,0,True,10
SHP-003342,PROD-0046,SUP-06,WH-01,2022-05-09,2022-06-06,2022-06-06,69,64.34,4439.46,0,True,2
SHP-003343,PROD-0046,SUP-06,WH-01,2022-05-25,2022-06-28,2022-06-28,339,64.34,21811.26,0,True,10
SHP-003344,PROD-0046,SUP-06,WH-01,2022-06-10,2022-07-08,2022-07-08,273,64.34,17564.82,0,True,8
SHP-003345,PROD-0046,SUP-06,WH-01,2022-06-26,2022-07-31,2022-07-31,434,64.34,27923.56,0,True,13
SHP-003346,PROD-0046,SUP-06,WH-01,2022-07-12,2022-08-17,2022-08-17,413,64.34,26572.42,0,True,12
SHP-003347,PROD-0046,SUP-06,WH-01,2022-07-28,2022-09-01,2022-09-01,238,64.34,15312.92,0,True,7
SHP-003348,PROD-0046,SUP-06,WH-01,2022-08-13,2022-09-20,2022-09-20,247,64.34,15891.98,0,True,7
SHP-003349,PROD-0046,SUP-06,WH-01,2022-08-29,2022-10-05,2022-10-05,174,64.34,11195.16,0,True,5
SHP-003350,PROD-0046,SUP-06,WH-01,2022-09-14,2022-10-21,2022-10-21,466,64.34,29982.44,0,True,14
SHP-003351,PROD-0046,SUP-06,WH-01,2022-09-30,2022-10-30,2022-10-30,396,64.34,25478.64,0,True,12
SHP-003352,PROD-0046,SUP-06,WH-01,2022-10-16,2022-11-04,2022-11-04,380,64.34,24449.2,0,True,11
SHP-003353,PROD-0046,SUP-06,WH-01,2022-11-01,2022-11-25,2022-11-25,283,64.34,18208.22,0,True,8
SHP-003354,PROD-0046,SUP-06,WH-01,2022-11-17,2022-12-17,2022-12-17,176,64.34,11323.84,0,True,5
SHP-003355,PROD-0046,SUP-06,WH-01,2022-12-03,2023-01-06,2023-01-06,389,64.34,25028.26,0,True,11
SHP-003356,PROD-0046,SUP-06,WH-01,2022-12-19,2023-01-25,2023-01-25,109,64.34,7013.06,0,True,3
SHP-003357,PROD-0046,SUP-06,WH-01,2023-01-04,2023-02-01,2023-02-01,414,64.34,26636.76,0,True,12
SHP-003358,PROD-0046,SUP-06,WH-01,2023-01-20,2023-02-25,2023-02-25,350,64.34,22519.0,0,True,10
SHP-003359,PROD-0046,SUP-06,WH-01,2023-02-05,2023-03-09,2023-03-09,146,64.34,9393.64,0,True,4
SHP-003360,PROD-0046,SUP-06,WH-01,2023-02-21,2023-03-26,2023-03-26,268,64.34,17243.12,0,True,8
SHP-003361,PROD-0046,SUP-06,WH-01,2023-03-09,2023-04-13,2023-04-13,306,64.34,19688.04,0,True,9
SHP-003362,PROD-0046,SUP-06,WH-01,2023-03-25,2023-05-01,2023-05-01,245,64.34,15763.3,0,True,7
SHP-003363,PROD-0046,SUP-06,WH-01,2023-04-10,2023-05-07,2023-05-07,260,64.34,16728.4,0,True,8
SHP-003364,PROD-0046,SUP-06,WH-01,2023-04-26,2023-05-25,2023-05-25,422,64.34,27151.48,0,True,12
SHP-003365,PROD-0046,SUP-06,WH-01,2023-05-12,2023-06-23,2023-06-23,375,64.34,24127.5,0,True,11
SHP-003366,PROD-0046,SUP-06,WH-01,2023-05-28,2023-06-18,2023-06-18,226,64.34,14540.84,0,True,6
SHP-003367,PROD-0046,SUP-06,WH-01,2023-06-13,2023-07-23,2023-07-23,433,64.34,27859.22,0,True,13
SHP-003368,PROD-0046,SUP-06,WH-01,2023-06-29,2023-07-27,2023-07-27,253,64.34,16278.02,0,True,7
SHP-003369,PROD-0046,SUP-06,WH-01,2023-07-15,2023-08-17,2023-08-17,136,64.34,8750.24,0,True,4
SHP-003370,PROD-0046,SUP-06,WH-01,2023-07-31,2023-09-07,2023-09-07,99,64.34,6369.66,0,True,3
SHP-003371,PROD-0046,SUP-06,WH-01,2023-08-16,2023-09-28,2023-09-28,263,64.34,16921.42,0,True,8
SHP-003372,PROD-0046,SUP-06,WH-01,2023-09-01,2023-10-02,2023-10-02,197,64.34,12674.98,0,True,6
SHP-003373,PROD-0046,SUP-06,WH-01,2023-09-17,2023-10-30,2023-10-30,140,64.34,9007.6,0,True,4
SHP-003374,PROD-0046,SUP-06,WH-01,2023-10-03,2023-10-27,2023-10-27,118,64.34,7592.12,0,True,3
SHP-003375,PROD-0046,SUP-06,WH-01,2023-10-19,2023-11-12,2023-11-12,307,64.34,19752.38,0,True,9
SHP-003376,PROD-0046,SUP-06,WH-01,2023-11-04,2023-12-06,2023-12-06,466,64.34,29982.44,0,True,14
SHP-003377,PROD-0046,SUP-06,WH-01,2023-11-20,2023-12-13,2023-12-13,80,64.34,5147.2,0,True,2
SHP-003378,PROD-0046,SUP-06,WH-01,2023-12-06,2024-01-03,2024-01-03,438,64.34,28180.92,0,True,13
SHP-003379,PROD-0046,SUP-06,WH-01,2023-12-22,2024-01-19,2024-01-19,496,64.34,31912.64,0,True,15
SHP-003380,PROD-0046,SUP-06,WH-01,2024-01-07,2024-02-11,2024-02-11,369,64.34,23741.46,0,True,11
SHP-003381,PROD-0046,SUP-06,WH-01,2024-01-23,2024-02-25,2024-02-25,135,64.34,8685.9,0,True,4
SHP-003382,PROD-0046,SUP-06,WH-01,2024-02-08,2024-03-09,2024-03-09,243,64.34,15634.62,0,True,7
SHP-003383,PROD-0046,SUP-06,WH-01,2024-02-24,2024-03-31,2024-03-31,225,64.34,14476.5,0,True,6
SHP-003384,PROD-0046,SUP-06,WH-01,2024-03-11,2024-04-10,2024-04-10,294,64.34,18915.96,0,True,9
SHP-003385,PROD-0046,SUP-06,WH-01,2024-03-27,2024-05-08,2024-05-08,101,64.34,6498.34,0,True,3
SHP-003386,PROD-0046,SUP-06,WH-01,2024-04-12,2024-05-14,2024-05-14,434,64.34,27923.56,0,True,13
SHP-003387,PROD-0046,SUP-06,WH-01,2024-04-28,2024-06-07,2024-06-07,454,64.34,29210.36,0,True,13
SHP-003388,PROD-0046,SUP-06,WH-01,2024-05-14,2024-06-16,2024-06-16,317,64.34,20395.78,0,True,9
SHP-003389,PROD-0046,SUP-06,WH-01,2024-05-30,2024-07-04,2024-07-04,358,64.34,23033.72,0,True,11
SHP-003390,PROD-0046,SUP-06,WH-01,2024-06-15,2024-06-28,2024-07-07,439,64.34,28245.26,9,False,13
SHP-003391,PROD-0046,SUP-06,WH-01,2024-07-01,2024-07-29,2024-07-29,292,64.34,18787.28,0,True,8
SHP-003392,PROD-0046,SUP-06,WH-01,2024-07-17,2024-08-19,2024-08-19,269,64.34,17307.46,0,True,8
SHP-003393,PROD-0046,SUP-06,WH-01,2024-08-02,2024-08-30,2024-08-30,225,64.34,14476.5,0,True,6
SHP-003394,PROD-0046,SUP-06,WH-01,2024-08-18,2024-09-21,2024-09-21,234,64.34,15055.56,0,True,7
SHP-003395,PROD-0046,SUP-06,WH-01,2024-09-03,2024-09-25,2024-09-25,362,64.34,23291.08,0,True,11
SHP-003396,PROD-0046,SUP-06,WH-01,2024-09-19,2024-10-17,2024-10-18,497,64.34,31976.98,1,False,15
SHP-003397,PROD-0046,SUP-06,WH-01,2024-10-05,2024-10-28,2024-10-28,51,64.34,3281.34,0,True,1
SHP-003398,PROD-0046,SUP-06,WH-01,2024-10-21,2024-11-21,2024-11-21,255,64.34,16406.7,0,True,7
SHP-003399,PROD-0046,SUP-06,WH-01,2024-11-06,2024-12-12,2024-12-12,121,64.34,7785.14,0,True,3
SHP-003400,PROD-0046,SUP-06,WH-01,2024-11-22,2025-01-02,2025-01-02,494,64.34,31783.96,0,True,15
SHP-003401,PROD-0046,SUP-06,WH-01,2024-12-08,2025-01-17,2025-01-17,408,64.34,26250.72,0,True,12
SHP-003402,PROD-0046,SUP-06,WH-01,2024-12-24,2025-01-30,2025-01-30,238,64.34,15312.92,0,True,7
SHP-003403,PROD-0047,SUP-07,WH-02,2022-01-01,2022-01-19,2022-01-19,495,212.52,105197.4,0,True,23
SHP-003404,PROD-0047,SUP-07,WH-02,2022-01-18,2022-01-21,2022-01-21,388,212.52,82457.76,0,True,18
SHP-003405,PROD-0047,SUP-07,WH-02,2022-02-04,2022-03-09,2022-03-09,376,212.52,79907.52,0,True,17
SHP-003406,PROD-0047,SUP-07,WH-02,2022-02-21,2022-03-15,2022-03-15,374,212.52,79482.48,0,True,17
SHP-003407,PROD-0047,SUP-07,WH-02,2022-03-10,2022-03-28,2022-03-28,463,212.52,98396.76,0,True,21
SHP-003408,PROD-0047,SUP-07,WH-02,2022-03-27,2022-04-13,2022-04-13,277,212.52,58868.04,0,True,13
SHP-003409,PROD-0047,SUP-07,WH-02,2022-04-13,2022-05-10,2022-05-10,254,212.52,53980.08,0,True,12
SHP-003410,PROD-0047,SUP-07,WH-02,2022-04-30,2022-05-05,2022-05-05,91,212.52,19339.32,0,True,4
SHP-003411,PROD-0047,SUP-07,WH-02,2022-05-17,2022-05-29,2022-05-29,293,212.52,62268.36,0,True,13
SHP-003412,PROD-0047,SUP-07,WH-02,2022-06-03,2022-06-04,2022-06-04,101,212.52,21464.52,0,True,4
SHP-003413,PROD-0047,SUP-07,WH-02,2022-06-20,2022-06-25,2022-06-25,360,212.52,76507.2,0,True,17
SHP-003414,PROD-0047,SUP-07,WH-02,2022-07-07,2022-08-08,2022-08-08,495,212.52,105197.4,0,True,23
SHP-003415,PROD-0047,SUP-07,WH-02,2022-07-24,2022-08-10,2022-08-10,451,212.52,95846.52,0,True,21
SHP-003416,PROD-0047,SUP-07,WH-02,2022-08-10,2022-08-18,2022-08-18,66,212.52,14026.32,0,True,3
SHP-003417,PROD-0047,SUP-07,WH-02,2022-08-27,2022-09-12,2022-09-12,94,212.52,19976.88,0,True,4
SHP-003418,PROD-0047,SUP-07,WH-02,2022-09-13,2022-10-08,2022-10-08,330,212.52,70131.6,0,True,15
SHP-003419,PROD-0047,SUP-07,WH-02,2022-09-30,2022-10-17,2022-10-17,278,212.52,59080.56,0,True,13
SHP-003420,PROD-0047,SUP-07,WH-02,2022-10-17,2022-11-09,2022-11-09,326,212.52,69281.52,0,True,15
SHP-003421,PROD-0047,SUP-07,WH-02,2022-11-03,2022-11-08,2022-11-08,137,212.52,29115.24,0,True,6
SHP-003422,PROD-0047,SUP-07,WH-02,2022-11-20,2022-12-16,2022-12-29,408,212.52,86708.16,13,False,19
SHP-003423,PROD-0047,SUP-07,WH-02,2022-12-07,2023-01-08,2023-01-08,416,212.52,88408.32,0,True,19
SHP-003424,PROD-0047,SUP-07,WH-02,2022-12-24,2022-12-27,2022-12-27,217,212.52,46116.84,0,True,10
SHP-003425,PROD-0047,SUP-07,WH-02,2023-01-10,2023-01-31,2023-01-31,162,212.52,34428.24,0,True,7
SHP-003426,PROD-0047,SUP-07,WH-02,2023-01-27,2023-02-20,2023-02-20,293,212.52,62268.36,0,True,13
SHP-003427,PROD-0047,SUP-07,WH-02,2023-02-13,2023-03-04,2023-03-04,119,212.52,25289.88,0,True,5
SHP-003428,PROD-0047,SUP-07,WH-02,2023-03-02,2023-03-19,2023-03-19,301,212.52,63968.52,0,True,14
SHP-003429,PROD-0047,SUP-07,WH-02,2023-03-19,2023-03-23,2023-03-23,220,212.52,46754.4,0,True,10
SHP-003430,PROD-0047,SUP-07,WH-02,2023-04-05,2023-04-18,2023-04-18,344,212.52,73106.88,0,True,16
SHP-003431,PROD-0047,SUP-07,WH-02,2023-04-22,2023-05-09,2023-05-22,83,212.52,17639.16,13,False,3
SHP-003432,PROD-0047,SUP-07,WH-02,2023-05-09,2023-06-16,2023-06-16,417,212.52,88620.84,0,True,19
SHP-003433,PROD-0047,SUP-07,WH-02,2023-05-26,2023-05-31,2023-05-31,245,212.52,52067.4,0,True,11
SHP-003434,PROD-0047,SUP-07,WH-02,2023-06-12,2023-07-08,2023-07-08,337,212.52,71619.24,0,True,15
SHP-003435,PROD-0047,SUP-07,WH-02,2023-06-29,2023-07-20,2023-07-20,169,212.52,35915.88,0,True,8
SHP-003436,PROD-0047,SUP-07,WH-02,2023-07-16,2023-07-17,2023-07-17,198,212.52,42078.96,0,True,9
SHP-003437,PROD-0047,SUP-07,WH-02,2023-08-02,2023-08-24,2023-08-24,224,212.52,47604.48,0,True,10
SHP-003438,PROD-0047,SUP-07,WH-02,2023-08-19,2023-09-01,2023-09-01,146,212.52,31027.92,0,True,6
SHP-003439,PROD-0047,SUP-07,WH-02,2023-09-05,2023-10-02,2023-10-14,343,212.52,72894.36,12,False,16
SHP-003440,PROD-0047,SUP-07,WH-02,2023-09-22,2023-10-07,2023-10-07,210,212.52,44629.2,0,True,9
SHP-003441,PROD-0047,SUP-07,WH-02,2023-10-09,2023-11-03,2023-11-03,50,212.52,10626.0,0,True,2
SHP-003442,PROD-0047,SUP-07,WH-02,2023-10-26,2023-11-01,2023-11-01,324,212.52,68856.48,0,True,15
SHP-003443,PROD-0047,SUP-07,WH-02,2023-11-12,2023-11-30,2023-11-30,266,212.52,56530.32,0,True,12
SHP-003444,PROD-0047,SUP-07,WH-02,2023-11-29,2023-12-17,2023-12-17,458,212.52,97334.16,0,True,21
SHP-003445,PROD-0047,SUP-07,WH-02,2023-12-16,2023-12-26,2024-01-06,114,212.52,24227.28,11,False,5
SHP-003446,PROD-0047,SUP-07,WH-02,2024-01-02,2024-01-15,2024-01-15,352,212.52,74807.04,0,True,16
SHP-003447,PROD-0047,SUP-07,WH-02,2024-01-19,2024-01-31,2024-01-31,54,212.52,11476.08,0,True,2
SHP-003448,PROD-0047,SUP-07,WH-02,2024-02-05,2024-03-01,2024-03-01,211,212.52,44841.72,0,True,10
SHP-003449,PROD-0047,SUP-07,WH-02,2024-02-22,2024-03-07,2024-03-07,201,212.52,42716.52,0,True,9
SHP-003450,PROD-0047,SUP-07,WH-02,2024-03-10,2024-03-26,2024-03-26,398,212.52,84582.96,0,True,18
SHP-003451,PROD-0047,SUP-07,WH-02,2024-03-27,2024-04-21,2024-04-21,195,212.52,41441.4,0,True,9
SHP-003452,PROD-0047,SUP-07,WH-02,2024-04-13,2024-05-03,2024-05-03,484,212.52,102859.68,0,True,22
SHP-003453,PROD-0047,SUP-07,WH-02,2024-04-30,2024-05-17,2024-05-17,67,212.52,14238.84,0,True,3
SHP-003454,PROD-0047,SUP-07,WH-02,2024-05-17,2024-05-24,2024-05-24,307,212.52,65243.64,0,True,14
SHP-003455,PROD-0047,SUP-07,WH-02,2024-06-03,2024-06-18,2024-06-18,484,212.52,102859.68,0,True,22
SHP-003456,PROD-0047,SUP-07,WH-02,2024-06-20,2024-07-10,2024-07-10,373,212.52,79269.96,0,True,17
SHP-003457,PROD-0047,SUP-07,WH-02,2024-07-07,2024-08-07,2024-08-07,199,212.52,42291.48,0,True,9
SHP-003458,PROD-0047,SUP-07,WH-02,2024-07-24,2024-07-25,2024-08-06,80,212.52,17001.6,12,False,3
SHP-003459,PROD-0047,SUP-07,WH-02,2024-08-10,2024-08-22,2024-08-22,473,212.52,100521.96,0,True,22
SHP-003460,PROD-0047,SUP-07,WH-02,2024-08-27,2024-09-07,2024-09-07,425,212.52,90321.0,0,True,20
SHP-003461,PROD-0047,SUP-07,WH-02,2024-09-13,2024-09-22,2024-09-22,426,212.52,90533.52,0,True,20
SHP-003462,PROD-0047,SUP-07,WH-02,2024-09-30,2024-10-01,2024-10-02,447,212.52,94996.44,1,False,21
SHP-003463,PROD-0047,SUP-07,WH-02,2024-10-17,2024-11-10,2024-11-10,422,212.52,89683.44,0,True,20
SHP-003464,PROD-0047,SUP-07,WH-02,2024-11-03,2024-11-25,2024-11-25,467,212.52,99246.84,0,True,22
SHP-003465,PROD-0047,SUP-07,WH-02,2024-11-20,2024-12-11,2024-12-22,131,212.52,27840.12,11,False,6
SHP-003466,PROD-0047,SUP-07,WH-02,2024-12-07,2024-12-20,2024-12-20,222,212.52,47179.44,0,True,10
SHP-003467,PROD-0047,SUP-07,WH-02,2024-12-24,2025-01-04,2025-01-04,228,212.52,48454.56,0,True,10
SHP-003468,PROD-0048,SUP-08,WH-03,2022-01-01,2022-01-28,2022-01-28,422,336.51,142007.22,0,True,25
SHP-003469,PROD-0048,SUP-08,WH-03,2022-01-17,2022-02-24,2022-02-24,149,336.51,50139.99,0,True,9
SHP-003470,PROD-0048,SUP-08,WH-03,2022-02-02,2022-03-02,2022-03-02,251,336.51,84464.01,0,True,15
SHP-003471,PROD-0048,SUP-08,WH-03,2022-02-18,2022-03-30,2022-03-30,435,336.51,146381.85,0,True,26
SHP-003472,PROD-0048,SUP-08,WH-03,2022-03-06,2022-04-01,2022-04-01,462,336.51,155467.62,0,True,28
SHP-003473,PROD-0048,SUP-08,WH-03,2022-03-22,2022-05-08,2022-05-08,413,336.51,138978.63,0,True,25
SHP-003474,PROD-0048,SUP-08,WH-03,2022-04-07,2022-05-11,2022-05-11,133,336.51,44755.83,0,True,8
SHP-003475,PROD-0048,SUP-08,WH-03,2022-04-23,2022-05-24,2022-05-24,406,336.51,136623.06,0,True,24
SHP-003476,PROD-0048,SUP-08,WH-03,2022-05-09,2022-06-08,2022-06-08,124,336.51,41727.24,0,True,7
SHP-003477,PROD-0048,SUP-08,WH-03,2022-05-25,2022-07-08,2022-07-08,433,336.51,145708.83,0,True,26
SHP-003478,PROD-0048,SUP-08,WH-03,2022-06-10,2022-07-18,2022-07-18,54,336.51,18171.54,0,True,3
SHP-003479,PROD-0048,SUP-08,WH-03,2022-06-26,2022-08-16,2022-08-16,344,336.51,115759.44,0,True,20
SHP-003480,PROD-0048,SUP-08,WH-03,2022-07-12,2022-08-24,2022-08-24,489,336.51,164553.39,0,True,29
SHP-003481,PROD-0048,SUP-08,WH-03,2022-07-28,2022-08-25,2022-08-25,268,336.51,90184.68,0,True,16
SHP-003482,PROD-0048,SUP-08,WH-03,2022-08-13,2022-09-16,2022-09-16,78,336.51,26247.78,0,True,4
SHP-003483,PROD-0048,SUP-08,WH-03,2022-08-29,2022-10-04,2022-10-04,292,336.51,98260.92,0,True,17
SHP-003484,PROD-0048,SUP-08,WH-03,2022-09-14,2022-10-20,2022-10-23,110,336.51,37016.1,3,False,6
SHP-003485,PROD-0048,SUP-08,WH-03,2022-09-30,2022-11-14,2022-11-14,353,336.51,118788.03,0,True,21
SHP-003486,PROD-0048,SUP-08,WH-03,2022-10-16,2022-11-17,2022-11-24,371,336.51,124845.21,7,False,22
SHP-003487,PROD-0048,SUP-08,WH-03,2022-11-01,2022-11-29,2022-11-29,67,336.51,22546.17,0,True,4
SHP-003488,PROD-0048,SUP-08,WH-03,2022-11-17,2022-12-27,2022-12-27,300,336.51,100953.0,0,True,18
SHP-003489,PROD-0048,SUP-08,WH-03,2022-12-03,2023-01-11,2023-01-11,138,336.51,46438.38,0,True,8
SHP-003490,PROD-0048,SUP-08,WH-03,2022-12-19,2023-01-18,2023-01-18,447,336.51,150419.97,0,True,27
SHP-003491,PROD-0048,SUP-08,WH-03,2023-01-04,2023-01-24,2023-02-05,393,336.51,132248.43,12,False,23
SHP-003492,PROD-0048,SUP-08,WH-03,2023-01-20,2023-03-12,2023-03-12,287,336.51,96578.37,0,True,17
SHP-003493,PROD-0048,SUP-08,WH-03,2023-02-05,2023-03-23,2023-03-23,245,336.51,82444.95,0,True,14
SHP-003494,PROD-0048,SUP-08,WH-03,2023-02-21,2023-03-21,2023-03-21,277,336.51,93213.27,0,True,16
SHP-003495,PROD-0048,SUP-08,WH-03,2023-03-09,2023-04-11,2023-04-11,109,336.51,36679.59,0,True,6
SHP-003496,PROD-0048,SUP-08,WH-03,2023-03-25,2023-04-28,2023-04-28,378,336.51,127200.78,0,True,22
SHP-003497,PROD-0048,SUP-08,WH-03,2023-04-10,2023-05-19,2023-05-30,165,336.51,55524.15,11,False,10
SHP-003498,PROD-0048,SUP-08,WH-03,2023-04-26,2023-05-28,2023-05-28,343,336.51,115422.93,0,True,20
SHP-003499,PROD-0048,SUP-08,WH-03,2023-05-12,2023-06-12,2023-06-12,431,336.51,145035.81,0,True,26
SHP-003500,PROD-0048,SUP-08,WH-03,2023-05-28,2023-07-01,2023-07-01,142,336.51,47784.42,0,True,8
SHP-003501,PROD-0048,SUP-08,WH-03,2023-06-13,2023-07-10,2023-07-10,380,336.51,127873.8,0,True,23
SHP-003502,PROD-0048,SUP-08,WH-03,2023-06-29,2023-08-10,2023-08-10,342,336.51,115086.42,0,True,20
SHP-003503,PROD-0048,SUP-08,WH-03,2023-07-15,2023-08-23,2023-08-23,82,336.51,27593.82,0,True,4
SHP-003504,PROD-0048,SUP-08,WH-03,2023-07-31,2023-08-27,2023-09-08,457,336.51,153785.07,12,False,27
SHP-003505,PROD-0048,SUP-08,WH-03,2023-08-16,2023-09-22,2023-09-22,466,336.51,156813.66,0,True,28
SHP-003506,PROD-0048,SUP-08,WH-03,2023-09-01,2023-09-30,2023-09-30,334,336.51,112394.34,0,True,20
SHP-003507,PROD-0048,SUP-08,WH-03,2023-09-17,2023-10-23,2023-10-23,465,336.51,156477.15,0,True,28
SHP-003508,PROD-0048,SUP-08,WH-03,2023-10-03,2023-10-22,2023-10-22,315,336.51,106000.65,0,True,19
SHP-003509,PROD-0048,SUP-08,WH-03,2023-10-19,2023-11-21,2023-11-21,415,336.51,139651.65,0,True,25
SHP-003510,PROD-0048,SUP-08,WH-03,2023-11-04,2023-12-19,2023-12-19,113,336.51,38025.63,0,True,6
SHP-003511,PROD-0048,SUP-08,WH-03,2023-11-20,2023-12-16,2023-12-16,387,336.51,130229.37,0,True,23
SHP-003512,PROD-0048,SUP-08,WH-03,2023-12-06,2024-01-07,2024-01-07,356,336.51,119797.56,0,True,21
SHP-003513,PROD-0048,SUP-08,WH-03,2023-12-22,2024-02-05,2024-02-05,334,336.51,112394.34,0,True,20
SHP-003514,PROD-0048,SUP-08,WH-03,2024-01-07,2024-02-24,2024-02-24,112,336.51,37689.12,0,True,6
SHP-003515,PROD-0048,SUP-08,WH-03,2024-01-23,2024-03-04,2024-03-04,155,336.51,52159.05,0,True,9
SHP-003516,PROD-0048,SUP-08,WH-03,2024-02-08,2024-03-26,2024-03-26,337,336.51,113403.87,0,True,20
SHP-003517,PROD-0048,SUP-08,WH-03,2024-02-24,2024-04-08,2024-04-08,67,336.51,22546.17,0,True,4
SHP-003518,PROD-0048,SUP-08,WH-03,2024-03-11,2024-04-01,2024-04-03,309,336.51,103981.59,2,False,18
SHP-003519,PROD-0048,SUP-08,WH-03,2024-03-27,2024-05-05,2024-05-05,328,336.51,110375.28,0,True,19
SHP-003520,PROD-0048,SUP-08,WH-03,2024-04-12,2024-05-18,2024-05-18,386,336.51,129892.86,0,True,23
SHP-003521,PROD-0048,SUP-08,WH-03,2024-04-28,2024-05-24,2024-05-24,73,336.51,24565.23,0,True,4
SHP-003522,PROD-0048,SUP-08,WH-03,2024-05-14,2024-06-04,2024-06-13,200,336.51,67302.0,9,False,12
SHP-003523,PROD-0048,SUP-08,WH-03,2024-05-30,2024-07-10,2024-07-10,121,336.51,40717.71,0,True,7
SHP-003524,PROD-0048,SUP-08,WH-03,2024-06-15,2024-07-19,2024-07-19,210,336.51,70667.1,0,True,12
SHP-003525,PROD-0048,SUP-08,WH-03,2024-07-01,2024-08-06,2024-08-15,230,336.51,77397.3,9,False,13
SHP-003526,PROD-0048,SUP-08,WH-03,2024-07-17,2024-08-26,2024-08-26,157,336.51,52832.07,0,True,9
SHP-003527,PROD-0048,SUP-08,WH-03,2024-08-02,2024-09-19,2024-09-19,469,336.51,157823.19,0,True,28
SHP-003528,PROD-0048,SUP-08,WH-03,2024-08-18,2024-09-16,2024-09-16,146,336.51,49130.46,0,True,8
SHP-003529,PROD-0048,SUP-08,WH-03,2024-09-03,2024-10-05,2024-10-05,476,336.51,160178.76,0,True,28
SHP-003530,PROD-0048,SUP-08,WH-03,2024-09-19,2024-10-21,2024-10-25,358,336.51,120470.58,4,False,21
SHP-003531,PROD-0048,SUP-08,WH-03,2024-10-05,2024-11-03,2024-11-03,233,336.51,78406.83,0,True,14
SHP-003532,PROD-0048,SUP-08,WH-03,2024-10-21,2024-12-09,2024-12-09,368,336.51,123835.68,0,True,22
SHP-003533,PROD-0048,SUP-08,WH-03,2024-11-06,2024-12-18,2024-12-18,180,336.51,60571.8,0,True,10
SHP-003534,PROD-0048,SUP-08,WH-03,2024-11-22,2025-01-01,2025-01-01,133,336.51,44755.83,0,True,8
SHP-003535,PROD-0048,SUP-08,WH-03,2024-12-08,2025-01-16,2025-01-16,180,336.51,60571.8,0,True,10
SHP-003536,PROD-0048,SUP-08,WH-03,2024-12-24,2025-01-27,2025-01-27,405,336.51,136286.55,0,True,24
SHP-003537,PROD-0049,SUP-09,WH-04,2022-01-01,2022-01-09,2022-01-09,372,153.5,57102.0,0,True,11
SHP-003538,PROD-0049,SUP-09,WH-04,2022-01-13,2022-02-16,2022-02-16,374,153.5,57409.0,0,True,11
SHP-003539,PROD-0049,SUP-09,WH-04,2022-01-25,2022-02-14,2022-02-14,415,153.5,63702.5,0,True,12
SHP-003540,PROD-0049,SUP-09,WH-04,2022-02-06,2022-03-05,2022-03-05,381,153.5,58483.5,0,True,11
SHP-003541,PROD-0049,SUP-09,WH-04,2022-02-18,2022-03-18,2022-03-18,133,153.5,20415.5,0,True,4
SHP-003542,PROD-0049,SUP-09,WH-04,2022-03-02,2022-03-23,2022-03-23,211,153.5,32388.5,0,True,6
SHP-003543,PROD-0049,SUP-09,WH-04,2022-03-14,2022-04-17,2022-04-17,63,153.5,9670.5,0,True,1
SHP-003544,PROD-0049,SUP-09,WH-04,2022-03-26,2022-04-23,2022-04-23,188,153.5,28858.0,0,True,5
SHP-003545,PROD-0049,SUP-09,WH-04,2022-04-07,2022-04-24,2022-04-24,400,153.5,61400.0,0,True,12
SHP-003546,PROD-0049,SUP-09,WH-04,2022-04-19,2022-05-16,2022-05-16,218,153.5,33463.0,0,True,6
SHP-003547,PROD-0049,SUP-09,WH-04,2022-05-01,2022-05-30,2022-05-30,220,153.5,33770.0,0,True,6
SHP-003548,PROD-0049,SUP-09,WH-04,2022-05-13,2022-06-04,2022-06-04,494,153.5,75829.0,0,True,14
SHP-003549,PROD-0049,SUP-09,WH-04,2022-05-25,2022-06-20,2022-06-20,55,153.5,8442.5,0,True,1
SHP-003550,PROD-0049,SUP-09,WH-04,2022-06-06,2022-06-27,2022-06-27,163,153.5,25020.5,0,True,4
SHP-003551,PROD-0049,SUP-09,WH-04,2022-06-18,2022-07-07,2022-07-14,450,153.5,69075.0,7,False,13
SHP-003552,PROD-0049,SUP-09,WH-04,2022-06-30,2022-07-23,2022-07-23,422,153.5,64777.0,0,True,12
SHP-003553,PROD-0049,SUP-09,WH-04,2022-07-12,2022-08-04,2022-08-04,463,153.5,71070.5,0,True,14
SHP-003554,PROD-0049,SUP-09,WH-04,2022-07-24,2022-08-13,2022-08-13,228,153.5,34998.0,0,True,6
SHP-003555,PROD-0049,SUP-09,WH-04,2022-08-05,2022-08-14,2022-08-14,194,153.5,29779.0,0,True,5
SHP-003556,PROD-0049,SUP-09,WH-04,2022-08-17,2022-09-17,2022-09-17,100,153.5,15350.0,0,True,3
SHP-003557,PROD-0049,SUP-09,WH-04,2022-08-29,2022-09-27,2022-09-27,434,153.5,66619.0,0,True,13
SHP-003558,PROD-0049,SUP-09,WH-04,2022-09-10,2022-09-27,2022-09-27,462,153.5,70917.0,0,True,13
SHP-003559,PROD-0049,SUP-09,WH-04,2022-09-22,2022-10-12,2022-10-12,453,153.5,69535.5,0,True,13
SHP-003560,PROD-0049,SUP-09,WH-04,2022-10-04,2022-10-20,2022-10-20,485,153.5,74447.5,0,True,14
SHP-003561,PROD-0049,SUP-09,WH-04,2022-10-16,2022-10-28,2022-10-28,115,153.5,17652.5,0,True,3
SHP-003562,PROD-0049,SUP-09,WH-04,2022-10-28,2022-11-13,2022-11-13,312,153.5,47892.0,0,True,9
SHP-003563,PROD-0049,SUP-09,WH-04,2022-11-09,2022-12-01,2022-12-01,114,153.5,17499.0,0,True,3
SHP-003564,PROD-0049,SUP-09,WH-04,2022-11-21,2022-12-15,2022-12-15,426,153.5,65391.0,0,True,12
SHP-003565,PROD-0049,SUP-09,WH-04,2022-12-03,2022-12-19,2022-12-19,421,153.5,64623.5,0,True,12
SHP-003566,PROD-0049,SUP-09,WH-04,2022-12-15,2023-01-04,2023-01-15,412,153.5,63242.0,11,False,12
SHP-003567,PROD-0049,SUP-09,WH-04,2022-12-27,2023-01-19,2023-01-19,361,153.5,55413.5,0,True,10
SHP-003568,PROD-0049,SUP-09,WH-04,2023-01-08,2023-01-26,2023-01-26,143,153.5,21950.5,0,True,4
SHP-003569,PROD-0049,SUP-09,WH-04,2023-01-20,2023-02-14,2023-02-22,458,153.5,70303.0,8,False,13
SHP-003570,PROD-0049,SUP-09,WH-04,2023-02-01,2023-02-17,2023-02-17,191,153.5,29318.5,0,True,5
SHP-003571,PROD-0049,SUP-09,WH-04,2023-02-13,2023-03-19,2023-03-19,417,153.5,64009.5,0,True,12
SHP-003572,PROD-0049,SUP-09,WH-04,2023-02-25,2023-03-15,2023-03-15,375,153.5,57562.5,0,True,11
SHP-003573,PROD-0049,SUP-09,WH-04,2023-03-09,2023-03-29,2023-03-29,206,153.5,31621.0,0,True,6
SHP-003574,PROD-0049,SUP-09,WH-04,2023-03-21,2023-04-05,2023-04-05,482,153.5,73987.0,0,True,14
SHP-003575,PROD-0049,SUP-09,WH-04,2023-04-02,2023-04-11,2023-04-11,89,153.5,13661.5,0,True,2
SHP-003576,PROD-0049,SUP-09,WH-04,2023-04-14,2023-05-08,2023-05-08,97,153.5,14889.5,0,True,2
SHP-003577,PROD-0049,SUP-09,WH-04,2023-04-26,2023-05-10,2023-05-10,93,153.5,14275.5,0,True,2
SHP-003578,PROD-0049,SUP-09,WH-04,2023-05-08,2023-05-31,2023-05-31,302,153.5,46357.0,0,True,9
SHP-003579,PROD-0049,SUP-09,WH-04,2023-05-20,2023-06-07,2023-06-07,267,153.5,40984.5,0,True,8
SHP-003580,PROD-0049,SUP-09,WH-04,2023-06-01,2023-06-30,2023-06-30,424,153.5,65084.0,0,True,12
SHP-003581,PROD-0049,SUP-09,WH-04,2023-06-13,2023-07-04,2023-07-04,313,153.5,48045.5,0,True,9
SHP-003582,PROD-0049,SUP-09,WH-04,2023-06-25,2023-07-07,2023-07-18,322,153.5,49427.0,11,False,9
SHP-003583,PROD-0049,SUP-09,WH-04,2023-07-07,2023-07-29,2023-07-29,57,153.5,8749.5,0,True,1
SHP-003584,PROD-0049,SUP-09,WH-04,2023-07-19,2023-08-25,2023-08-25,475,153.5,72912.5,0,True,14
SHP-003585,PROD-0049,SUP-09,WH-04,2023-07-31,2023-08-20,2023-08-20,267,153.5,40984.5,0,True,8
SHP-003586,PROD-0049,SUP-09,WH-04,2023-08-12,2023-08-31,2023-08-31,226,153.5,34691.0,0,True,6
SHP-003587,PROD-0049,SUP-09,WH-04,2023-08-24,2023-09-18,2023-09-22,388,153.5,59558.0,4,False,11
SHP-003588,PROD-0049,SUP-09,WH-04,2023-09-05,2023-09-23,2023-10-07,320,153.5,49120.0,14,False,9
SHP-003589,PROD-0049,SUP-09,WH-04,2023-09-17,2023-10-09,2023-10-09,360,153.5,55260.0,0,True,10
SHP-003590,PROD-0049,SUP-09,WH-04,2023-09-29,2023-10-22,2023-10-30,395,153.5,60632.5,8,False,11
SHP-003591,PROD-0049,SUP-09,WH-04,2023-10-11,2023-10-26,2023-10-26,165,153.5,25327.5,0,True,4
SHP-003592,PROD-0049,SUP-09,WH-04,2023-10-23,2023-11-19,2023-11-19,479,153.5,73526.5,0,True,14
SHP-003593,PROD-0049,SUP-09,WH-04,2023-11-04,2023-12-02,2023-12-02,76,153.5,11666.0,0,True,2
SHP-003594,PROD-0049,SUP-09,WH-04,2023-11-16,2023-12-03,2023-12-03,137,153.5,21029.5,0,True,4
SHP-003595,PROD-0049,SUP-09,WH-04,2023-11-28,2023-12-24,2023-12-30,223,153.5,34230.5,6,False,6
SHP-003596,PROD-0049,SUP-09,WH-04,2023-12-10,2024-01-06,2024-01-06,326,153.5,50041.0,0,True,9
SHP-003597,PROD-0049,SUP-09,WH-04,2023-12-22,2024-01-12,2024-01-12,110,153.5,16885.0,0,True,3
SHP-003598,PROD-0049,SUP-09,WH-04,2024-01-03,2024-02-02,2024-02-02,200,153.5,30700.0,0,True,6
SHP-003599,PROD-0049,SUP-09,WH-04,2024-01-15,2024-02-15,2024-02-15,427,153.5,65544.5,0,True,12
SHP-003600,PROD-0049,SUP-09,WH-04,2024-01-27,2024-02-14,2024-02-14,161,153.5,24713.5,0,True,4
SHP-003601,PROD-0049,SUP-09,WH-04,2024-02-08,2024-03-03,2024-03-03,379,153.5,58176.5,0,True,11
SHP-003602,PROD-0049,SUP-09,WH-04,2024-02-20,2024-03-16,2024-03-16,68,153.5,10438.0,0,True,2
SHP-003603,PROD-0049,SUP-09,WH-04,2024-03-03,2024-03-30,2024-03-30,484,153.5,74294.0,0,True,14
SHP-003604,PROD-0049,SUP-09,WH-04,2024-03-15,2024-04-09,2024-04-09,53,153.5,8135.5,0,True,1
SHP-003605,PROD-0049,SUP-09,WH-04,2024-03-27,2024-04-23,2024-04-23,202,153.5,31007.0,0,True,6
SHP-003606,PROD-0049,SUP-09,WH-04,2024-04-08,2024-05-02,2024-05-02,229,153.5,35151.5,0,True,6
SHP-003607,PROD-0049,SUP-09,WH-04,2024-04-20,2024-05-26,2024-05-26,231,153.5,35458.5,0,True,6
SHP-003608,PROD-0049,SUP-09,WH-04,2024-05-02,2024-05-24,2024-05-24,301,153.5,46203.5,0,True,9
SHP-003609,PROD-0049,SUP-09,WH-04,2024-05-14,2024-05-30,2024-05-30,313,153.5,48045.5,0,True,9
SHP-003610,PROD-0049,SUP-09,WH-04,2024-05-26,2024-06-22,2024-06-22,299,153.5,45896.5,0,True,9
SHP-003611,PROD-0049,SUP-09,WH-04,2024-06-07,2024-06-27,2024-06-27,386,153.5,59251.0,0,True,11
SHP-003612,PROD-0049,SUP-09,WH-04,2024-06-19,2024-07-08,2024-07-08,252,153.5,38682.0,0,True,7
SHP-003613,PROD-0049,SUP-09,WH-04,2024-07-01,2024-07-23,2024-07-23,269,153.5,41291.5,0,True,8
SHP-003614,PROD-0049,SUP-09,WH-04,2024-07-13,2024-08-06,2024-08-06,187,153.5,28704.5,0,True,5
SHP-003615,PROD-0049,SUP-09,WH-04,2024-07-25,2024-08-12,2024-08-14,386,153.5,59251.0,2,False,11
SHP-003616,PROD-0049,SUP-09,WH-04,2024-08-06,2024-09-01,2024-09-01,121,153.5,18573.5,0,True,3
SHP-003617,PROD-0049,SUP-09,WH-04,2024-08-18,2024-09-06,2024-09-06,52,153.5,7982.0,0,True,1
SHP-003618,PROD-0049,SUP-09,WH-04,2024-08-30,2024-09-26,2024-09-26,413,153.5,63395.5,0,True,12
SHP-003619,PROD-0049,SUP-09,WH-04,2024-09-11,2024-10-03,2024-10-03,195,153.5,29932.5,0,True,5
SHP-003620,PROD-0049,SUP-09,WH-04,2024-09-23,2024-10-17,2024-10-17,265,153.5,40677.5,0,True,8
SHP-003621,PROD-0049,SUP-09,WH-04,2024-10-05,2024-10-20,2024-10-20,66,153.5,10131.0,0,True,1
SHP-003622,PROD-0049,SUP-09,WH-04,2024-10-17,2024-10-29,2024-10-29,295,153.5,45282.5,0,True,8
SHP-003623,PROD-0049,SUP-09,WH-04,2024-10-29,2024-11-23,2024-12-04,110,153.5,16885.0,11,False,3
SHP-003624,PROD-0049,SUP-09,WH-04,2024-11-10,2024-12-14,2024-12-14,303,153.5,46510.5,0,True,9
SHP-003625,PROD-0049,SUP-09,WH-04,2024-11-22,2024-12-09,2024-12-09,115,153.5,17652.5,0,True,3
SHP-003626,PROD-0049,SUP-09,WH-04,2024-12-04,2025-01-06,2025-01-06,449,153.5,68921.5,0,True,13
SHP-003627,PROD-0049,SUP-09,WH-04,2024-12-16,2025-01-10,2025-01-10,429,153.5,65851.5,0,True,12
SHP-003628,PROD-0049,SUP-09,WH-04,2024-12-28,2025-01-16,2025-01-16,117,153.5,17959.5,0,True,3
SHP-003629,PROD-0050,SUP-10,WH-05,2022-01-01,2022-01-20,2022-01-20,114,498.07,56779.98,0,True,3
SHP-003630,PROD-0050,SUP-10,WH-05,2022-01-12,2022-02-07,2022-02-07,56,498.07,27891.92,0,True,1
SHP-003631,PROD-0050,SUP-10,WH-05,2022-01-23,2022-02-26,2022-02-26,76,498.07,37853.32,0,True,2
SHP-003632,PROD-0050,SUP-10,WH-05,2022-02-03,2022-03-01,2022-03-01,269,498.07,133980.83,0,True,7
SHP-003633,PROD-0050,SUP-10,WH-05,2022-02-14,2022-03-08,2022-03-08,272,498.07,135475.04,0,True,8
SHP-003634,PROD-0050,SUP-10,WH-05,2022-02-25,2022-03-22,2022-03-22,298,498.07,148424.86,0,True,8
SHP-003635,PROD-0050,SUP-10,WH-05,2022-03-08,2022-03-22,2022-03-22,176,498.07,87660.32,0,True,5
SHP-003636,PROD-0050,SUP-10,WH-05,2022-03-19,2022-04-05,2022-04-05,311,498.07,154899.77,0,True,9
SHP-003637,PROD-0050,SUP-10,WH-05,2022-03-30,2022-04-23,2022-04-23,442,498.07,220146.94,0,True,13
SHP-003638,PROD-0050,SUP-10,WH-05,2022-04-10,2022-05-03,2022-05-03,408,498.07,203212.56,0,True,12
SHP-003639,PROD-0050,SUP-10,WH-05,2022-04-21,2022-05-12,2022-05-12,269,498.07,133980.83,0,True,7
SHP-003640,PROD-0050,SUP-10,WH-05,2022-05-02,2022-05-25,2022-05-25,450,498.07,224131.5,0,True,13
SHP-003641,PROD-0050,SUP-10,WH-05,2022-05-13,2022-06-02,2022-06-02,423,498.07,210683.61,0,True,12
SHP-003642,PROD-0050,SUP-10,WH-05,2022-05-24,2022-06-06,2022-06-06,146,498.07,72718.22,0,True,4
SHP-003643,PROD-0050,SUP-10,WH-05,2022-06-04,2022-06-18,2022-06-18,374,498.07,186278.18,0,True,11
SHP-003644,PROD-0050,SUP-10,WH-05,2022-06-15,2022-07-12,2022-07-12,117,498.07,58274.19,0,True,3
SHP-003645,PROD-0050,SUP-10,WH-05,2022-06-26,2022-07-31,2022-07-31,148,498.07,73714.36,0,True,4
SHP-003646,PROD-0050,SUP-10,WH-05,2022-07-07,2022-08-01,2022-08-01,365,498.07,181795.55,0,True,10
SHP-003647,PROD-0050,SUP-10,WH-05,2022-07-18,2022-08-01,2022-08-01,76,498.07,37853.32,0,True,2
SHP-003648,PROD-0050,SUP-10,WH-05,2022-07-29,2022-08-28,2022-08-28,206,498.07,102602.42,0,True,6
SHP-003649,PROD-0050,SUP-10,WH-05,2022-08-09,2022-08-31,2022-08-31,168,498.07,83675.76,0,True,4
SHP-003650,PROD-0050,SUP-10,WH-05,2022-08-20,2022-09-17,2022-09-17,295,498.07,146930.65,0,True,8
SHP-003651,PROD-0050,SUP-10,WH-05,2022-08-31,2022-09-22,2022-09-22,379,498.07,188768.53,0,True,11
SHP-003652,PROD-0050,SUP-10,WH-05,2022-09-11,2022-10-11,2022-10-11,187,498.07,93139.09,0,True,5
SHP-003653,PROD-0050,SUP-10,WH-05,2022-09-22,2022-10-20,2022-10-20,229,498.07,114058.03,0,True,6
SHP-003654,PROD-0050,SUP-10,WH-05,2022-10-03,2022-10-15,2022-10-15,213,498.07,106088.91,0,True,6
SHP-003655,PROD-0050,SUP-10,WH-05,2022-10-14,2022-11-11,2022-11-11,50,498.07,24903.5,0,True,1
SHP-003656,PROD-0050,SUP-10,WH-05,2022-10-25,2022-11-17,2022-11-17,214,498.07,106586.98,0,True,6
SHP-003657,PROD-0050,SUP-10,WH-05,2022-11-05,2022-11-26,2022-11-26,193,498.07,96127.51,0,True,5
SHP-003658,PROD-0050,SUP-10,WH-05,2022-11-16,2022-12-13,2022-12-13,144,498.07,71722.08,0,True,4
SHP-003659,PROD-0050,SUP-10,WH-05,2022-11-27,2022-12-22,2022-12-27,236,498.07,117544.52,5,False,6
SHP-003660,PROD-0050,SUP-10,WH-05,2022-12-08,2022-12-25,2022-12-25,99,498.07,49308.93,0,True,2
SHP-003661,PROD-0050,SUP-10,WH-05,2022-12-19,2023-01-13,2023-01-13,332,498.07,165359.24,0,True,9
SHP-003662,PROD-0050,SUP-10,WH-05,2022-12-30,2023-01-09,2023-01-09,219,498.07,109077.33,0,True,6
SHP-003663,PROD-0050,SUP-10,WH-05,2023-01-10,2023-02-08,2023-02-08,235,498.07,117046.45,0,True,6
SHP-003664,PROD-0050,SUP-10,WH-05,2023-01-21,2023-02-15,2023-02-15,320,498.07,159382.4,0,True,9
SHP-003665,PROD-0050,SUP-10,WH-05,2023-02-01,2023-02-27,2023-02-27,382,498.07,190262.74,0,True,11
SHP-003666,PROD-0050,SUP-10,WH-05,2023-02-12,2023-03-02,2023-03-02,246,498.07,122525.22,0,True,7
SHP-003667,PROD-0050,SUP-10,WH-05,2023-02-23,2023-04-10,2023-04-10,116,498.07,57776.12,0,True,3
SHP-003668,PROD-0050,SUP-10,WH-05,2023-03-06,2023-04-05,2023-04-05,111,498.07,55285.77,0,True,3
SHP-003669,PROD-0050,SUP-10,WH-05,2023-03-17,2023-04-06,2023-04-06,385,498.07,191756.95,0,True,11
SHP-003670,PROD-0050,SUP-10,WH-05,2023-03-28,2023-04-23,2023-04-23,410,498.07,204208.7,0,True,12
SHP-003671,PROD-0050,SUP-10,WH-05,2023-04-08,2023-05-04,2023-05-04,88,498.07,43830.16,0,True,2
SHP-003672,PROD-0050,SUP-10,WH-05,2023-04-19,2023-05-14,2023-05-14,204,498.07,101606.28,0,True,6
SHP-003673,PROD-0050,SUP-10,WH-05,2023-04-30,2023-05-01,2023-05-01,439,498.07,218652.73,0,True,12
SHP-003674,PROD-0050,SUP-10,WH-05,2023-05-11,2023-06-04,2023-06-04,128,498.07,63752.96,0,True,3
SHP-003675,PROD-0050,SUP-10,WH-05,2023-05-22,2023-06-21,2023-06-21,264,498.07,131490.48,0,True,7
SHP-003676,PROD-0050,SUP-10,WH-05,2023-06-02,2023-06-20,2023-06-20,499,498.07,248536.93,0,True,14
SHP-003677,PROD-0050,SUP-10,WH-05,2023-06-13,2023-06-22,2023-06-22,336,498.07,167351.52,0,True,9
SHP-003678,PROD-0050,SUP-10,WH-05,2023-06-24,2023-07-11,2023-07-11,279,498.07,138961.53,0,True,8
SHP-003679,PROD-0050,SUP-10,WH-05,2023-07-05,2023-07-28,2023-07-28,273,498.07,135973.11,0,True,8
SHP-003680,PROD-0050,SUP-10,WH-05,2023-07-16,2023-08-21,2023-08-21,318,498.07,158386.26,0,True,9
SHP-003681,PROD-0050,SUP-10,WH-05,2023-07-27,2023-08-19,2023-08-19,135,498.07,67239.45,0,True,3
SHP-003682,PROD-0050,SUP-10,WH-05,2023-08-07,2023-08-24,2023-08-24,116,498.07,57776.12,0,True,3
SHP-003683,PROD-0050,SUP-10,WH-05,2023-08-18,2023-09-17,2023-09-17,339,498.07,168845.73,0,True,10
SHP-003684,PROD-0050,SUP-10,WH-05,2023-08-29,2023-09-17,2023-09-17,405,498.07,201718.35,0,True,11
SHP-003685,PROD-0050,SUP-10,WH-05,2023-09-09,2023-09-20,2023-09-20,253,498.07,126011.71,0,True,7
SHP-003686,PROD-0050,SUP-10,WH-05,2023-09-20,2023-10-06,2023-10-06,495,498.07,246544.65,0,True,14
SHP-003687,PROD-0050,SUP-10,WH-05,2023-10-01,2023-10-28,2023-11-06,134,498.07,66741.38,9,False,3
SHP-003688,PROD-0050,SUP-10,WH-05,2023-10-12,2023-10-27,2023-10-27,246,498.07,122525.22,0,True,7
SHP-003689,PROD-0050,SUP-10,WH-05,2023-10-23,2023-11-22,2023-11-22,255,498.07,127007.85,0,True,7
SHP-003690,PROD-0050,SUP-10,WH-05,2023-11-03,2023-12-10,2023-12-10,144,498.07,71722.08,0,True,4
SHP-003691,PROD-0050,SUP-10,WH-05,2023-11-14,2023-12-17,2023-12-17,161,498.07,80189.27,0,True,4
SHP-003692,PROD-0050,SUP-10,WH-05,2023-11-25,2023-12-13,2023-12-13,500,498.07,249035.0,0,True,14
SHP-003693,PROD-0050,SUP-10,WH-05,2023-12-06,2023-12-18,2023-12-18,307,498.07,152907.49,0,True,9
SHP-003694,PROD-0050,SUP-10,WH-05,2023-12-17,2023-12-21,2023-12-21,182,498.07,90648.74,0,True,5
SHP-003695,PROD-0050,SUP-10,WH-05,2023-12-28,2024-01-15,2024-01-15,201,498.07,100112.07,0,True,5
SHP-003696,PROD-0050,SUP-10,WH-05,2024-01-08,2024-01-13,2024-01-13,110,498.07,54787.7,0,True,3
SHP-003697,PROD-0050,SUP-10,WH-05,2024-01-19,2024-02-13,2024-02-13,323,498.07,160876.61,0,True,9
SHP-003698,PROD-0050,SUP-10,WH-05,2024-01-30,2024-03-04,2024-03-04,377,498.07,187772.39,0,True,11
SHP-003699,PROD-0050,SUP-10,WH-05,2024-02-10,2024-03-05,2024-03-08,192,498.07,95629.44,3,False,5
SHP-003700,PROD-0050,SUP-10,WH-05,2024-02-21,2024-03-10,2024-03-10,454,498.07,226123.78,0,True,13
SHP-003701,PROD-0050,SUP-10,WH-05,2024-03-03,2024-04-04,2024-04-04,177,498.07,88158.39,0,True,5
SHP-003702,PROD-0050,SUP-10,WH-05,2024-03-14,2024-03-31,2024-03-31,109,498.07,54289.63,0,True,3
SHP-003703,PROD-0050,SUP-10,WH-05,2024-03-25,2024-04-13,2024-04-13,373,498.07,185780.11,0,True,11
SHP-003704,PROD-0050,SUP-10,WH-05,2024-04-05,2024-04-25,2024-05-05,216,498.07,107583.12,10,False,6
SHP-003705,PROD-0050,SUP-10,WH-05,2024-04-16,2024-05-01,2024-05-03,331,498.07,164861.17,2,False,9
SHP-003706,PROD-0050,SUP-10,WH-05,2024-04-27,2024-05-18,2024-05-18,259,498.07,129000.13,0,True,7
SHP-003707,PROD-0050,SUP-10,WH-05,2024-05-08,2024-06-07,2024-06-07,79,498.07,39347.53,0,True,2
SHP-003708,PROD-0050,SUP-10,WH-05,2024-05-19,2024-06-10,2024-06-10,471,498.07,234590.97,0,True,13
SHP-003709,PROD-0050,SUP-10,WH-05,2024-05-30,2024-06-10,2024-06-10,193,498.07,96127.51,0,True,5
SHP-003710,PROD-0050,SUP-10,WH-05,2024-06-10,2024-07-03,2024-07-03,58,498.07,28888.06,0,True,1
SHP-003711,PROD-0050,SUP-10,WH-05,2024-06-21,2024-07-16,2024-07-16,494,498.07,246046.58,0,True,14
SHP-003712,PROD-0050,SUP-10,WH-05,2024-07-02,2024-07-21,2024-07-21,348,498.07,173328.36,0,True,10
SHP-003713,PROD-0050,SUP-10,WH-05,2024-07-13,2024-08-02,2024-08-02,402,498.07,200224.14,0,True,11
SHP-003714,PROD-0050,SUP-10,WH-05,2024-07-24,2024-08-24,2024-08-31,181,498.07,90150.67,7,False,5
SHP-003715,PROD-0050,SUP-10,WH-05,2024-08-04,2024-08-23,2024-08-23,359,498.07,178807.13,0,True,10
SHP-003716,PROD-0050,SUP-10,WH-05,2024-08-15,2024-09-08,2024-09-08,276,498.07,137467.32,0,True,8
SHP-003717,PROD-0050,SUP-10,WH-05,2024-08-26,2024-09-18,2024-09-18,154,498.07,76702.78,0,True,4
SHP-003718,PROD-0050,SUP-10,WH-05,2024-09-06,2024-09-15,2024-09-15,489,498.07,243556.23,0,True,14
SHP-003719,PROD-0050,SUP-10,WH-05,2024-09-17,2024-09-29,2024-09-29,278,498.07,138463.46,0,True,8
SHP-003720,PROD-0050,SUP-10,WH-05,2024-09-28,2024-10-19,2024-10-19,272,498.07,135475.04,0,True,8
SHP-003721,PROD-0050,SUP-10,WH-05,2024-10-09,2024-11-05,2024-11-05,295,498.07,146930.65,0,True,8
SHP-003722,PROD-0050,SUP-10,WH-05,2024-10-20,2024-11-24,2024-11-24,285,498.07,141949.95,0,True,8
SHP-003723,PROD-0050,SUP-10,WH-05,2024-10-31,2024-11-09,2024-11-09,140,498.07,69729.8,0,True,4
SHP-003724,PROD-0050,SUP-10,WH-05,2024-11-11,2024-11-21,2024-11-21,423,498.07,210683.61,0,True,12
SHP-003725,PROD-0050,SUP-10,WH-05,2024-11-22,2024-12-13,2024-12-13,60,498.07,29884.2,0,True,1
SHP-003726,PROD-0050,SUP-10,WH-05,2024-12-03,2024-12-29,2024-12-29,140,498.07,69729.8,0,True,4
SHP-003727,PROD-0050,SUP-10,WH-05,2024-12-14,2024-12-28,2024-12-28,361,498.07,179803.27,0,True,10
SHP-003728,PROD-0050,SUP-10,WH-05,2024-12-25,2025-01-18,2025-01-18,86,498.07,42834.02,0,True,2
SHP-003729,PROD-0051,SUP-11,WH-01,2022-01-01,2022-02-20,2022-02-20,380,177.76,67548.8,0,True,15
SHP-003730,PROD-0051,SUP-11,WH-01,2022-01-17,2022-03-07,2022-03-07,319,177.76,56705.44,0,True,13
SHP-003731,PROD-0051,SUP-11,WH-01,2022-02-02,2022-04-02,2022-04-02,463,177.76,82302.88,0,True,19
SHP-003732,PROD-0051,SUP-11,WH-01,2022-02-18,2022-03-29,2022-03-29,243,177.76,43195.68,0,True,10
SHP-003733,PROD-0051,SUP-11,WH-01,2022-03-06,2022-04-02,2022-04-02,473,177.76,84080.48,0,True,19
SHP-003734,PROD-0051,SUP-11,WH-01,2022-03-22,2022-04-30,2022-04-30,379,177.76,67371.04,0,True,15
SHP-003735,PROD-0051,SUP-11,WH-01,2022-04-07,2022-05-28,2022-05-28,444,177.76,78925.44,0,True,18
SHP-003736,PROD-0051,SUP-11,WH-01,2022-04-23,2022-06-13,2022-06-13,371,177.76,65948.96,0,True,15
SHP-003737,PROD-0051,SUP-11,WH-01,2022-05-09,2022-06-10,2022-06-10,54,177.76,9599.04,0,True,2
SHP-003738,PROD-0051,SUP-11,WH-01,2022-05-25,2022-07-18,2022-07-18,426,177.76,75725.76,0,True,17
SHP-003739,PROD-0051,SUP-11,WH-01,2022-06-10,2022-07-12,2022-07-12,412,177.76,73237.12,0,True,16
SHP-003740,PROD-0051,SUP-11,WH-01,2022-06-26,2022-08-06,2022-08-06,295,177.76,52439.2,0,True,12
SHP-003741,PROD-0051,SUP-11,WH-01,2022-07-12,2022-08-28,2022-08-28,277,177.76,49239.52,0,True,11
SHP-003742,PROD-0051,SUP-11,WH-01,2022-07-28,2022-09-07,2022-09-07,219,177.76,38929.44,0,True,9
SHP-003743,PROD-0051,SUP-11,WH-01,2022-08-13,2022-09-29,2022-09-29,78,177.76,13865.28,0,True,3
SHP-003744,PROD-0051,SUP-11,WH-01,2022-08-29,2022-10-09,2022-10-09,371,177.76,65948.96,0,True,15
SHP-003745,PROD-0051,SUP-11,WH-01,2022-09-14,2022-10-29,2022-10-29,472,177.76,83902.72,0,True,19
SHP-003746,PROD-0051,SUP-11,WH-01,2022-09-30,2022-11-03,2022-11-03,201,177.76,35729.76,0,True,8
SHP-003747,PROD-0051,SUP-11,WH-01,2022-10-16,2022-12-10,2022-12-10,478,177.76,84969.28,0,True,19
SHP-003748,PROD-0051,SUP-11,WH-01,2022-11-01,2022-12-13,2022-12-13,164,177.76,29152.64,0,True,6
SHP-003749,PROD-0051,SUP-11,WH-01,2022-11-17,2022-12-28,2022-12-28,247,177.76,43906.72,0,True,10
SHP-003750,PROD-0051,SUP-11,WH-01,2022-12-03,2023-01-19,2023-01-19,196,177.76,34840.96,0,True,8
SHP-003751,PROD-0051,SUP-11,WH-01,2022-12-19,2023-01-22,2023-01-26,400,177.76,71104.0,4,False,16
SHP-003752,PROD-0051,SUP-11,WH-01,2023-01-04,2023-02-15,2023-02-15,416,177.76,73948.16,0,True,17
SHP-003753,PROD-0051,SUP-11,WH-01,2023-01-20,2023-02-24,2023-02-24,301,177.76,53505.76,0,True,12
SHP-003754,PROD-0051,SUP-11,WH-01,2023-02-05,2023-03-15,2023-03-18,164,177.76,29152.64,3,False,6
SHP-003755,PROD-0051,SUP-11,WH-01,2023-02-21,2023-04-05,2023-04-07,194,177.76,34485.44,2,False,7
SHP-003756,PROD-0051,SUP-11,WH-01,2023-03-09,2023-04-25,2023-04-25,220,177.76,39107.2,0,True,9
SHP-003757,PROD-0051,SUP-11,WH-01,2023-03-25,2023-05-04,2023-05-04,93,177.76,16531.68,0,True,3
SHP-003758,PROD-0051,SUP-11,WH-01,2023-04-10,2023-05-21,2023-05-21,141,177.76,25064.16,0,True,5
SHP-003759,PROD-0051,SUP-11,WH-01,2023-04-26,2023-06-14,2023-06-14,357,177.76,63460.32,0,True,14
SHP-003760,PROD-0051,SUP-11,WH-01,2023-05-12,2023-06-23,2023-06-23,126,177.76,22397.76,0,True,5
SHP-003761,PROD-0051,SUP-11,WH-01,2023-05-28,2023-07-05,2023-07-05,369,177.76,65593.44,0,True,15
SHP-003762,PROD-0051,SUP-11,WH-01,2023-06-13,2023-07-29,2023-07-29,498,177.76,88524.48,0,True,20
SHP-003763,PROD-0051,SUP-11,WH-01,2023-06-29,2023-08-12,2023-08-12,305,177.76,54216.8,0,True,12
SHP-003764,PROD-0051,SUP-11,WH-01,2023-07-15,2023-08-27,2023-08-27,185,177.76,32885.6,0,True,7
SHP-003765,PROD-0051,SUP-11,WH-01,2023-07-31,2023-09-21,2023-09-21,458,177.76,81414.08,0,True,18
SHP-003766,PROD-0051,SUP-11,WH-01,2023-08-16,2023-09-25,2023-09-25,491,177.76,87280.16,0,True,20
SHP-003767,PROD-0051,SUP-11,WH-01,2023-09-01,2023-10-19,2023-10-19,125,177.76,22220.0,0,True,5
SHP-003768,PROD-0051,SUP-11,WH-01,2023-09-17,2023-10-15,2023-10-15,278,177.76,49417.28,0,True,11
SHP-003769,PROD-0051,SUP-11,WH-01,2023-10-03,2023-11-13,2023-11-13,294,177.76,52261.44,0,True,12
SHP-003770,PROD-0051,SUP-11,WH-01,2023-10-19,2023-12-02,2023-12-02,345,177.76,61327.2,0,True,14
SHP-003771,PROD-0051,SUP-11,WH-01,2023-11-04,2023-12-16,2023-12-23,192,177.76,34129.92,7,False,7
SHP-003772,PROD-0051,SUP-11,WH-01,2023-11-20,2023-12-28,2023-12-28,115,177.76,20442.4,0,True,4
SHP-003773,PROD-0051,SUP-11,WH-01,2023-12-06,2024-01-08,2024-01-08,230,177.76,40884.8,0,True,9
SHP-003774,PROD-0051,SUP-11,WH-01,2023-12-22,2024-01-30,2024-01-30,296,177.76,52616.96,0,True,12
SHP-003775,PROD-0051,SUP-11,WH-01,2024-01-07,2024-02-16,2024-02-28,358,177.76,63638.08,12,False,14
SHP-003776,PROD-0051,SUP-11,WH-01,2024-01-23,2024-03-08,2024-03-08,120,177.76,21331.2,0,True,4
SHP-003777,PROD-0051,SUP-11,WH-01,2024-02-08,2024-03-30,2024-04-12,175,177.76,31108.0,13,False,7
SHP-003778,PROD-0051,SUP-11,WH-01,2024-02-24,2024-03-31,2024-03-31,304,177.76,54039.04,0,True,12
SHP-003779,PROD-0051,SUP-11,WH-01,2024-03-11,2024-04-26,2024-04-26,322,177.76,57238.72,0,True,13
SHP-003780,PROD-0051,SUP-11,WH-01,2024-03-27,2024-05-05,2024-05-05,246,177.76,43728.96,0,True,10
SHP-003781,PROD-0051,SUP-11,WH-01,2024-04-12,2024-05-30,2024-05-30,265,177.76,47106.4,0,True,10
SHP-003782,PROD-0051,SUP-11,WH-01,2024-04-28,2024-06-17,2024-06-17,405,177.76,71992.8,0,True,16
SHP-003783,PROD-0051,SUP-11,WH-01,2024-05-14,2024-07-01,2024-07-01,409,177.76,72703.84,0,True,16
SHP-003784,PROD-0051,SUP-11,WH-01,2024-05-30,2024-07-16,2024-07-16,51,177.76,9065.76,0,True,2
SHP-003785,PROD-0051,SUP-11,WH-01,2024-06-15,2024-07-13,2024-07-17,58,177.76,10310.08,4,False,2
SHP-003786,PROD-0051,SUP-11,WH-01,2024-07-01,2024-08-10,2024-08-10,118,177.76,20975.68,0,True,4
SHP-003787,PROD-0051,SUP-11,WH-01,2024-07-17,2024-09-05,2024-09-05,228,177.76,40529.28,0,True,9
SHP-003788,PROD-0051,SUP-11,WH-01,2024-08-02,2024-09-27,2024-09-27,493,177.76,87635.68,0,True,20
SHP-003789,PROD-0051,SUP-11,WH-01,2024-08-18,2024-10-07,2024-10-07,200,177.76,35552.0,0,True,8
SHP-003790,PROD-0051,SUP-11,WH-01,2024-09-03,2024-10-21,2024-10-21,486,177.76,86391.36,0,True,20
SHP-003791,PROD-0051,SUP-11,WH-01,2024-09-19,2024-11-02,2024-11-11,265,177.76,47106.4,9,False,10
SHP-003792,PROD-0051,SUP-11,WH-01,2024-10-05,2024-11-14,2024-11-14,164,177.76,29152.64,0,True,6
SHP-003793,PROD-0051,SUP-11,WH-01,2024-10-21,2024-12-14,2024-12-14,110,177.76,19553.6,0,True,4
SHP-003794,PROD-0051,SUP-11,WH-01,2024-11-06,2024-12-23,2024-12-23,243,177.76,43195.68,0,True,10
SHP-003795,PROD-0051,SUP-11,WH-01,2024-11-22,2025-01-03,2025-01-03,267,177.76,47461.92,0,True,11
SHP-003796,PROD-0051,SUP-11,WH-01,2024-12-08,2025-01-23,2025-01-23,104,177.76,18487.04,0,True,4
SHP-003797,PROD-0051,SUP-11,WH-01,2024-12-24,2025-02-07,2025-02-07,294,177.76,52261.44,0,True,12
SHP-003798,PROD-0052,SUP-12,WH-02,2022-01-01,2022-01-20,2022-01-20,125,273.89,34236.25,0,True,18
SHP-003799,PROD-0052,SUP-12,WH-02,2022-01-20,2022-02-11,2022-02-11,175,273.89,47930.75,0,True,25
SHP-003800,PROD-0052,SUP-12,WH-02,2022-02-08,2022-02-14,2022-02-14,475,273.89,130097.75,0,True,69
SHP-003801,PROD-0052,SUP-12,WH-02,2022-02-27,2022-03-05,2022-03-05,441,273.89,120785.49,0,True,64
SHP-003802,PROD-0052,SUP-12,WH-02,2022-03-18,2022-04-12,2022-04-12,121,273.89,33140.69,0,True,17
SHP-003803,PROD-0052,SUP-12,WH-02,2022-04-06,2022-04-16,2022-04-16,203,273.89,55599.67,0,True,29
SHP-003804,PROD-0052,SUP-12,WH-02,2022-04-25,2022-05-09,2022-05-09,222,273.89,60803.58,0,True,32
SHP-003805,PROD-0052,SUP-12,WH-02,2022-05-14,2022-06-02,2022-06-10,405,273.89,110925.45,8,False,59
SHP-003806,PROD-0052,SUP-12,WH-02,2022-06-02,2022-06-18,2022-06-18,129,273.89,35331.81,0,True,18
SHP-003807,PROD-0052,SUP-12,WH-02,2022-06-21,2022-07-08,2022-07-09,66,273.89,18076.74,1,False,9
SHP-003808,PROD-0052,SUP-12,WH-02,2022-07-10,2022-07-21,2022-07-31,307,273.89,84084.23,10,False,44
SHP-003809,PROD-0052,SUP-12,WH-02,2022-07-29,2022-08-27,2022-08-27,476,273.89,130371.64,0,True,69
SHP-003810,PROD-0052,SUP-12,WH-02,2022-08-17,2022-09-07,2022-09-07,498,273.89,136397.22,0,True,72
SHP-003811,PROD-0052,SUP-12,WH-02,2022-09-05,2022-09-21,2022-09-21,474,273.89,129823.86,0,True,69
SHP-003812,PROD-0052,SUP-12,WH-02,2022-09-24,2022-10-29,2022-11-03,306,273.89,83810.34,5,False,44
SHP-003813,PROD-0052,SUP-12,WH-02,2022-10-13,2022-10-24,2022-10-29,266,273.89,72854.74,5,False,38
SHP-003814,PROD-0052,SUP-12,WH-02,2022-11-01,2022-11-21,2022-11-21,97,273.89,26567.33,0,True,14
SHP-003815,PROD-0052,SUP-12,WH-02,2022-11-20,2022-12-07,2022-12-07,114,273.89,31223.46,0,True,16
SHP-003816,PROD-0052,SUP-12,WH-02,2022-12-09,2022-12-28,2022-12-28,366,273.89,100243.74,0,True,53
SHP-003817,PROD-0052,SUP-12,WH-02,2022-12-28,2023-01-15,2023-01-15,144,273.89,39440.16,0,True,20
SHP-003818,PROD-0052,SUP-12,WH-02,2023-01-16,2023-02-23,2023-03-09,336,273.89,92027.04,14,False,48
SHP-003819,PROD-0052,SUP-12,WH-02,2023-02-04,2023-02-23,2023-03-05,468,273.89,128180.52,10,False,68
SHP-003820,PROD-0052,SUP-12,WH-02,2023-02-23,2023-03-14,2023-03-14,210,273.89,57516.9,0,True,30
SHP-003821,PROD-0052,SUP-12,WH-02,2023-03-14,2023-03-23,2023-03-23,473,273.89,129549.97,0,True,68
SHP-003822,PROD-0052,SUP-12,WH-02,2023-04-02,2023-04-14,2023-04-14,461,273.89,126263.29,0,True,67
SHP-003823,PROD-0052,SUP-12,WH-02,2023-04-21,2023-05-10,2023-05-10,149,273.89,40809.61,0,True,21
SHP-003824,PROD-0052,SUP-12,WH-02,2023-05-10,2023-05-23,2023-05-23,89,273.89,24376.21,0,True,12
SHP-003825,PROD-0052,SUP-12,WH-02,2023-05-29,2023-06-19,2023-06-19,483,273.89,132288.87,0,True,70
SHP-003826,PROD-0052,SUP-12,WH-02,2023-06-17,2023-07-01,2023-07-01,194,273.89,53134.66,0,True,28
SHP-003827,PROD-0052,SUP-12,WH-02,2023-07-06,2023-07-16,2023-07-16,83,273.89,22732.87,0,True,12
SHP-003828,PROD-0052,SUP-12,WH-02,2023-07-25,2023-07-27,2023-07-27,437,273.89,119689.93,0,True,63
SHP-003829,PROD-0052,SUP-12,WH-02,2023-08-13,2023-09-08,2023-09-08,153,273.89,41905.17,0,True,22
SHP-003830,PROD-0052,SUP-12,WH-02,2023-09-01,2023-09-14,2023-09-25,173,273.89,47382.97,11,False,25
SHP-003831,PROD-0052,SUP-12,WH-02,2023-09-20,2023-10-04,2023-10-04,341,273.89,93396.49,0,True,49
SHP-003832,PROD-0052,SUP-12,WH-02,2023-10-09,2023-10-31,2023-10-31,454,273.89,124346.06,0,True,66
SHP-003833,PROD-0052,SUP-12,WH-02,2023-10-28,2023-11-08,2023-11-08,211,273.89,57790.79,0,True,30
SHP-003834,PROD-0052,SUP-12,WH-02,2023-11-16,2023-12-15,2023-12-17,54,273.89,14790.06,2,False,7
SHP-003835,PROD-0052,SUP-12,WH-02,2023-12-05,2023-12-24,2023-12-30,253,273.89,69294.17,6,False,36
SHP-003836,PROD-0052,SUP-12,WH-02,2023-12-24,2024-01-18,2024-01-18,434,273.89,118868.26,0,True,63
SHP-003837,PROD-0052,SUP-12,WH-02,2024-01-12,2024-02-04,2024-02-11,116,273.89,31771.24,7,False,16
SHP-003838,PROD-0052,SUP-12,WH-02,2024-01-31,2024-02-22,2024-02-22,219,273.89,59981.91,0,True,31
SHP-003839,PROD-0052,SUP-12,WH-02,2024-02-19,2024-03-02,2024-03-09,307,273.89,84084.23,7,False,44
SHP-003840,PROD-0052,SUP-12,WH-02,2024-03-09,2024-03-16,2024-03-16,446,273.89,122154.94,0,True,65
SHP-003841,PROD-0052,SUP-12,WH-02,2024-03-28,2024-04-20,2024-04-20,457,273.89,125167.73,0,True,66
SHP-003842,PROD-0052,SUP-12,WH-02,2024-04-16,2024-04-19,2024-04-19,494,273.89,135301.66,0,True,72
SHP-003843,PROD-0052,SUP-12,WH-02,2024-05-05,2024-05-10,2024-05-10,132,273.89,36153.48,0,True,19
SHP-003844,PROD-0052,SUP-12,WH-02,2024-05-24,2024-06-07,2024-06-07,90,273.89,24650.1,0,True,13
SHP-003845,PROD-0052,SUP-12,WH-02,2024-06-12,2024-06-25,2024-06-25,417,273.89,114212.13,0,True,60
SHP-003846,PROD-0052,SUP-12,WH-02,2024-07-01,2024-07-07,2024-07-11,463,273.89,126811.07,4,False,67
SHP-003847,PROD-0052,SUP-12,WH-02,2024-07-20,2024-08-03,2024-08-03,443,273.89,121333.27,0,True,64
SHP-003848,PROD-0052,SUP-12,WH-02,2024-08-08,2024-08-23,2024-08-23,306,273.89,83810.34,0,True,44
SHP-003849,PROD-0052,SUP-12,WH-02,2024-08-27,2024-09-09,2024-09-18,361,273.89,98874.29,9,False,52
SHP-003850,PROD-0052,SUP-12,WH-02,2024-09-15,2024-10-02,2024-10-02,443,273.89,121333.27,0,True,64
SHP-003851,PROD-0052,SUP-12,WH-02,2024-10-04,2024-10-05,2024-10-05,117,273.89,32045.13,0,True,17
SHP-003852,PROD-0052,SUP-12,WH-02,2024-10-23,2024-11-15,2024-11-15,369,273.89,101065.41,0,True,53
SHP-003853,PROD-0052,SUP-12,WH-02,2024-11-11,2024-12-11,2024-12-25,70,273.89,19172.3,14,False,10
SHP-003854,PROD-0052,SUP-12,WH-02,2024-11-30,2024-12-14,2024-12-26,248,273.89,67924.72,12,False,36
SHP-003855,PROD-0052,SUP-12,WH-02,2024-12-19,2025-01-04,2025-01-04,362,273.89,99148.18,0,True,52
SHP-003856,PROD-0053,SUP-13,WH-03,2022-01-01,2022-01-25,2022-01-27,340,153.19,52084.6,2,False,33
SHP-003857,PROD-0053,SUP-13,WH-03,2022-01-20,2022-02-17,2022-02-28,99,153.19,15165.81,11,False,9
SHP-003858,PROD-0053,SUP-13,WH-03,2022-02-08,2022-03-10,2022-03-10,442,153.19,67709.98,0,True,43
SHP-003859,PROD-0053,SUP-13,WH-03,2022-02-27,2022-03-19,2022-03-19,494,153.19,75675.86,0,True,48
SHP-003860,PROD-0053,SUP-13,WH-03,2022-03-18,2022-04-10,2022-04-10,94,153.19,14399.86,0,True,9
SHP-003861,PROD-0053,SUP-13,WH-03,2022-04-06,2022-04-27,2022-04-27,210,153.19,32169.9,0,True,20
SHP-003862,PROD-0053,SUP-13,WH-03,2022-04-25,2022-05-27,2022-05-30,132,153.19,20221.08,3,False,13
SHP-003863,PROD-0053,SUP-13,WH-03,2022-05-14,2022-06-08,2022-06-08,236,153.19,36152.84,0,True,23
SHP-003864,PROD-0053,SUP-13,WH-03,2022-06-02,2022-06-26,2022-06-26,141,153.19,21599.79,0,True,13
SHP-003865,PROD-0053,SUP-13,WH-03,2022-06-21,2022-07-20,2022-07-20,182,153.19,27880.58,0,True,17
SHP-003866,PROD-0053,SUP-13,WH-03,2022-07-10,2022-08-03,2022-08-11,440,153.19,67403.6,8,False,43
SHP-003867,PROD-0053,SUP-13,WH-03,2022-07-29,2022-08-20,2022-08-20,121,153.19,18535.99,0,True,11
SHP-003868,PROD-0053,SUP-13,WH-03,2022-08-17,2022-09-04,2022-09-06,299,153.19,45803.81,2,False,29
SHP-003869,PROD-0053,SUP-13,WH-03,2022-09-05,2022-10-07,2022-10-07,196,153.19,30025.24,0,True,19
SHP-003870,PROD-0053,SUP-13,WH-03,2022-09-24,2022-10-22,2022-10-22,367,153.19,56220.73,0,True,36
SHP-003871,PROD-0053,SUP-13,WH-03,2022-10-13,2022-11-05,2022-11-05,237,153.19,36306.03,0,True,23
SHP-003872,PROD-0053,SUP-13,WH-03,2022-11-01,2022-12-08,2022-12-17,210,153.19,32169.9,9,False,20
SHP-003873,PROD-0053,SUP-13,WH-03,2022-11-20,2022-12-18,2022-12-18,261,153.19,39982.59,0,True,25
SHP-003874,PROD-0053,SUP-13,WH-03,2022-12-09,2022-12-31,2022-12-31,499,153.19,76441.81,0,True,49
SHP-003875,PROD-0053,SUP-13,WH-03,2022-12-28,2023-02-01,2023-02-01,379,153.19,58059.01,0,True,37
SHP-003876,PROD-0053,SUP-13,WH-03,2023-01-16,2023-02-10,2023-02-10,175,153.19,26808.25,0,True,17
SHP-003877,PROD-0053,SUP-13,WH-03,2023-02-04,2023-02-28,2023-03-12,54,153.19,8272.26,12,False,5
SHP-003878,PROD-0053,SUP-13,WH-03,2023-02-23,2023-03-20,2023-03-23,198,153.19,30331.62,3,False,19
SHP-003879,PROD-0053,SUP-13,WH-03,2023-03-14,2023-04-11,2023-04-11,254,153.19,38910.26,0,True,25
SHP-003880,PROD-0053,SUP-13,WH-03,2023-04-02,2023-04-26,2023-04-26,248,153.19,37991.12,0,True,24
SHP-003881,PROD-0053,SUP-13,WH-03,2023-04-21,2023-05-26,2023-05-26,97,153.19,14859.43,0,True,9
SHP-003882,PROD-0053,SUP-13,WH-03,2023-05-10,2023-06-03,2023-06-03,378,153.19,57905.82,0,True,37
SHP-003883,PROD-0053,SUP-13,WH-03,2023-05-29,2023-06-22,2023-07-01,288,153.19,44118.72,9,False,28
SHP-003884,PROD-0053,SUP-13,WH-03,2023-06-17,2023-07-07,2023-07-07,424,153.19,64952.56,0,True,41
SHP-003885,PROD-0053,SUP-13,WH-03,2023-07-06,2023-08-01,2023-08-03,253,153.19,38757.07,2,False,24
SHP-003886,PROD-0053,SUP-13,WH-03,2023-07-25,2023-08-10,2023-08-10,255,153.19,39063.45,0,True,25
SHP-003887,PROD-0053,SUP-13,WH-03,2023-08-13,2023-09-02,2023-09-02,225,153.19,34467.75,0,True,22
SHP-003888,PROD-0053,SUP-13,WH-03,2023-09-01,2023-09-28,2023-09-28,409,153.19,62654.71,0,True,40
SHP-003889,PROD-0053,SUP-13,WH-03,2023-09-20,2023-10-16,2023-10-16,192,153.19,29412.48,0,True,18
SHP-003890,PROD-0053,SUP-13,WH-03,2023-10-09,2023-11-05,2023-11-05,129,153.19,19761.51,0,True,12
SHP-003891,PROD-0053,SUP-13,WH-03,2023-10-28,2023-11-22,2023-11-22,159,153.19,24357.21,0,True,15
SHP-003892,PROD-0053,SUP-13,WH-03,2023-11-16,2023-12-08,2023-12-08,357,153.19,54688.83,0,True,35
SHP-003893,PROD-0053,SUP-13,WH-03,2023-12-05,2023-12-15,2023-12-15,463,153.19,70926.97,0,True,45
SHP-003894,PROD-0053,SUP-13,WH-03,2023-12-24,2024-01-19,2024-01-19,292,153.19,44731.48,0,True,28
SHP-003895,PROD-0053,SUP-13,WH-03,2024-01-12,2024-01-28,2024-01-28,494,153.19,75675.86,0,True,48
SHP-003896,PROD-0053,SUP-13,WH-03,2024-01-31,2024-02-19,2024-02-20,400,153.19,61276.0,1,False,39
SHP-003897,PROD-0053,SUP-13,WH-03,2024-02-19,2024-03-17,2024-03-17,375,153.19,57446.25,0,True,36
SHP-003898,PROD-0053,SUP-13,WH-03,2024-03-09,2024-04-06,2024-04-06,85,153.19,13021.15,0,True,8
SHP-003899,PROD-0053,SUP-13,WH-03,2024-03-28,2024-04-25,2024-04-25,202,153.19,30944.38,0,True,19
SHP-003900,PROD-0053,SUP-13,WH-03,2024-04-16,2024-05-08,2024-05-08,496,153.19,75982.24,0,True,48
SHP-003901,PROD-0053,SUP-13,WH-03,2024-05-05,2024-05-29,2024-05-29,392,153.19,60050.48,0,True,38
SHP-003902,PROD-0053,SUP-13,WH-03,2024-05-24,2024-06-19,2024-06-19,77,153.19,11795.63,0,True,7
SHP-003903,PROD-0053,SUP-13,WH-03,2024-06-12,2024-07-08,2024-07-10,269,153.19,41208.11,2,False,26
SHP-003904,PROD-0053,SUP-13,WH-03,2024-07-01,2024-07-27,2024-08-02,202,153.19,30944.38,6,False,19
SHP-003905,PROD-0053,SUP-13,WH-03,2024-07-20,2024-08-09,2024-08-09,264,153.19,40442.16,0,True,26
SHP-003906,PROD-0053,SUP-13,WH-03,2024-08-08,2024-08-31,2024-08-31,402,153.19,61582.38,0,True,39
SHP-003907,PROD-0053,SUP-13,WH-03,2024-08-27,2024-09-23,2024-09-23,406,153.19,62195.14,0,True,40
SHP-003908,PROD-0053,SUP-13,WH-03,2024-09-15,2024-10-14,2024-10-14,404,153.19,61888.76,0,True,39
SHP-003909,PROD-0053,SUP-13,WH-03,2024-10-04,2024-10-31,2024-10-31,55,153.19,8425.45,0,True,5
SHP-003910,PROD-0053,SUP-13,WH-03,2024-10-23,2024-11-19,2024-11-19,355,153.19,54382.45,0,True,35
SHP-003911,PROD-0053,SUP-13,WH-03,2024-11-11,2024-12-17,2024-12-17,391,153.19,59897.29,0,True,38
SHP-003912,PROD-0053,SUP-13,WH-03,2024-11-30,2025-01-01,2025-01-01,215,153.19,32935.85,0,True,21
SHP-003913,PROD-0053,SUP-13,WH-03,2024-12-19,2025-01-11,2025-01-22,425,153.19,65105.75,11,False,41
SHP-003914,PROD-0054,SUP-14,WH-04,2022-01-01,2022-02-11,2022-02-11,212,372.5,78970.0,0,True,10
SHP-003915,PROD-0054,SUP-14,WH-04,2022-01-22,2022-03-03,2022-03-03,284,372.5,105790.0,0,True,13
SHP-003916,PROD-0054,SUP-14,WH-04,2022-02-12,2022-03-25,2022-03-25,212,372.5,78970.0,0,True,10
SHP-003917,PROD-0054,SUP-14,WH-04,2022-03-05,2022-04-14,2022-04-14,395,372.5,147137.5,0,True,19
SHP-003918,PROD-0054,SUP-14,WH-04,2022-03-26,2022-05-04,2022-05-04,419,372.5,156077.5,0,True,20
SHP-003919,PROD-0054,SUP-14,WH-04,2022-04-16,2022-05-26,2022-05-27,476,372.5,177310.0,1,False,22
SHP-003920,PROD-0054,SUP-14,WH-04,2022-05-07,2022-06-15,2022-06-15,280,372.5,104300.0,0,True,13
SHP-003921,PROD-0054,SUP-14,WH-04,2022-05-28,2022-07-07,2022-07-18,99,372.5,36877.5,11,False,4
SHP-003922,PROD-0054,SUP-14,WH-04,2022-06-18,2022-07-26,2022-07-26,146,372.5,54385.0,0,True,7
SHP-003923,PROD-0054,SUP-14,WH-04,2022-07-09,2022-08-18,2022-08-18,446,372.5,166135.0,0,True,21
SHP-003924,PROD-0054,SUP-14,WH-04,2022-07-30,2022-09-08,2022-09-08,160,372.5,59600.0,0,True,7
SHP-003925,PROD-0054,SUP-14,WH-04,2022-08-20,2022-09-30,2022-09-30,147,372.5,54757.5,0,True,7
SHP-003926,PROD-0054,SUP-14,WH-04,2022-09-10,2022-10-20,2022-10-20,57,372.5,21232.5,0,True,2
SHP-003927,PROD-0054,SUP-14,WH-04,2022-10-01,2022-11-09,2022-11-09,58,372.5,21605.0,0,True,2
SHP-003928,PROD-0054,SUP-14,WH-04,2022-10-22,2022-11-30,2022-11-30,307,372.5,114357.5,0,True,14
SHP-003929,PROD-0054,SUP-14,WH-04,2022-11-12,2022-12-21,2022-12-21,408,372.5,151980.0,0,True,19
SHP-003930,PROD-0054,SUP-14,WH-04,2022-12-03,2023-01-11,2023-01-11,283,372.5,105417.5,0,True,13
SHP-003931,PROD-0054,SUP-14,WH-04,2022-12-24,2023-02-01,2023-02-01,230,372.5,85675.0,0,True,11
SHP-003932,PROD-0054,SUP-14,WH-04,2023-01-14,2023-02-23,2023-02-23,317,372.5,118082.5,0,True,15
SHP-003933,PROD-0054,SUP-14,WH-04,2023-02-04,2023-03-14,2023-03-14,140,372.5,52150.0,0,True,6
SHP-003934,PROD-0054,SUP-14,WH-04,2023-02-25,2023-04-04,2023-04-04,140,372.5,52150.0,0,True,6
SHP-003935,PROD-0054,SUP-14,WH-04,2023-03-18,2023-04-25,2023-04-25,327,372.5,121807.5,0,True,15
SHP-003936,PROD-0054,SUP-14,WH-04,2023-04-08,2023-05-17,2023-05-17,482,372.5,179545.0,0,True,23
SHP-003937,PROD-0054,SUP-14,WH-04,2023-04-29,2023-06-08,2023-06-08,273,372.5,101692.5,0,True,13
SHP-003938,PROD-0054,SUP-14,WH-04,2023-05-20,2023-06-29,2023-06-29,367,372.5,136707.5,0,True,17
SHP-003939,PROD-0054,SUP-14,WH-04,2023-06-10,2023-07-19,2023-07-19,94,372.5,35015.0,0,True,4
SHP-003940,PROD-0054,SUP-14,WH-04,2023-07-01,2023-08-10,2023-08-10,95,372.5,35387.5,0,True,4
SHP-003941,PROD-0054,SUP-14,WH-04,2023-07-22,2023-09-01,2023-09-01,260,372.5,96850.0,0,True,12
SHP-003942,PROD-0054,SUP-14,WH-04,2023-08-12,2023-09-21,2023-09-21,434,372.5,161665.0,0,True,20
SHP-003943,PROD-0054,SUP-14,WH-04,2023-09-02,2023-10-11,2023-10-21,101,372.5,37622.5,10,False,4
SHP-003944,PROD-0054,SUP-14,WH-04,2023-09-23,2023-11-01,2023-11-01,347,372.5,129257.5,0,True,16
SHP-003945,PROD-0054,SUP-14,WH-04,2023-10-14,2023-11-24,2023-11-24,198,372.5,73755.0,0,True,9
SHP-003946,PROD-0054,SUP-14,WH-04,2023-11-04,2023-12-13,2023-12-13,164,372.5,61090.0,0,True,7
SHP-003947,PROD-0054,SUP-14,WH-04,2023-11-25,2024-01-04,2024-01-04,245,372.5,91262.5,0,True,11
SHP-003948,PROD-0054,SUP-14,WH-04,2023-12-16,2024-01-25,2024-01-25,290,372.5,108025.0,0,True,14
SHP-003949,PROD-0054,SUP-14,WH-04,2024-01-06,2024-02-14,2024-02-14,456,372.5,169860.0,0,True,22
SHP-003950,PROD-0054,SUP-14,WH-04,2024-01-27,2024-03-06,2024-03-06,470,372.5,175075.0,0,True,22
SHP-003951,PROD-0054,SUP-14,WH-04,2024-02-17,2024-03-28,2024-03-28,429,372.5,159802.5,0,True,20
SHP-003952,PROD-0054,SUP-14,WH-04,2024-03-09,2024-04-18,2024-04-18,241,372.5,89772.5,0,True,11
SHP-003953,PROD-0054,SUP-14,WH-04,2024-03-30,2024-05-07,2024-05-07,195,372.5,72637.5,0,True,9
SHP-003954,PROD-0054,SUP-14,WH-04,2024-04-20,2024-05-29,2024-05-29,185,372.5,68912.5,0,True,8
SHP-003955,PROD-0054,SUP-14,WH-04,2024-05-11,2024-06-19,2024-06-19,457,372.5,170232.5,0,True,22
SHP-003956,PROD-0054,SUP-14,WH-04,2024-06-01,2024-07-10,2024-07-10,52,372.5,19370.0,0,True,2
SHP-003957,PROD-0054,SUP-14,WH-04,2024-06-22,2024-08-02,2024-08-02,63,372.5,23467.5,0,True,3
SHP-003958,PROD-0054,SUP-14,WH-04,2024-07-13,2024-08-22,2024-08-22,480,372.5,178800.0,0,True,23
SHP-003959,PROD-0054,SUP-14,WH-04,2024-08-03,2024-09-11,2024-09-11,429,372.5,159802.5,0,True,20
SHP-003960,PROD-0054,SUP-14,WH-04,2024-08-24,2024-10-05,2024-10-05,137,372.5,51032.5,0,True,6
SHP-003961,PROD-0054,SUP-14,WH-04,2024-09-14,2024-10-22,2024-11-01,173,372.5,64442.5,10,False,8
SHP-003962,PROD-0054,SUP-14,WH-04,2024-10-05,2024-11-13,2024-11-22,148,372.5,55130.0,9,False,7
SHP-003963,PROD-0054,SUP-14,WH-04,2024-10-26,2024-12-05,2024-12-05,474,372.5,176565.0,0,True,22
SHP-003964,PROD-0054,SUP-14,WH-04,2024-11-16,2024-12-25,2024-12-25,345,372.5,128512.5,0,True,16
SHP-003965,PROD-0054,SUP-14,WH-04,2024-12-07,2025-01-14,2025-01-14,375,372.5,139687.5,0,True,18
SHP-003966,PROD-0054,SUP-14,WH-04,2024-12-28,2025-02-07,2025-02-14,138,372.5,51405.0,7,False,6
SHP-003967,PROD-0055,SUP-15,WH-05,2022-01-01,2022-02-01,2022-02-01,273,105.78,28877.94,0,True,3
SHP-003968,PROD-0055,SUP-15,WH-05,2022-01-17,2022-02-01,2022-02-01,460,105.78,48658.8,0,True,5
SHP-003969,PROD-0055,SUP-15,WH-05,2022-02-02,2022-03-09,2022-03-09,373,105.78,39455.94,0,True,4
SHP-003970,PROD-0055,SUP-15,WH-05,2022-02-18,2022-02-21,2022-02-21,481,105.78,50880.18,0,True,6
SHP-003971,PROD-0055,SUP-15,WH-05,2022-03-06,2022-03-26,2022-03-26,183,105.78,19357.74,0,True,2
SHP-003972,PROD-0055,SUP-15,WH-05,2022-03-22,2022-04-03,2022-04-03,215,105.78,22742.7,0,True,2
SHP-003973,PROD-0055,SUP-15,WH-05,2022-04-07,2022-04-26,2022-04-26,63,105.78,6664.14,0,True,0
SHP-003974,PROD-0055,SUP-15,WH-05,2022-04-23,2022-05-13,2022-05-13,444,105.78,46966.32,0,True,5
SHP-003975,PROD-0055,SUP-15,WH-05,2022-05-09,2022-05-28,2022-05-28,366,105.78,38715.48,0,True,4
SHP-003976,PROD-0055,SUP-15,WH-05,2022-05-25,2022-06-05,2022-06-05,90,105.78,9520.2,0,True,1
SHP-003977,PROD-0055,SUP-15,WH-05,2022-06-10,2022-06-30,2022-06-30,430,105.78,45485.4,0,True,5
SHP-003978,PROD-0055,SUP-15,WH-05,2022-06-26,2022-07-16,2022-07-16,282,105.78,29829.96,0,True,3
SHP-003979,PROD-0055,SUP-15,WH-05,2022-07-12,2022-08-02,2022-08-02,233,105.78,24646.74,0,True,2
SHP-003980,PROD-0055,SUP-15,WH-05,2022-07-28,2022-08-06,2022-08-06,163,105.78,17242.14,0,True,2
SHP-003981,PROD-0055,SUP-15,WH-05,2022-08-13,2022-09-11,2022-09-11,480,105.78,50774.4,0,True,6
SHP-003982,PROD-0055,SUP-15,WH-05,2022-08-29,2022-09-13,2022-09-13,463,105.78,48976.14,0,True,5
SHP-003983,PROD-0055,SUP-15,WH-05,2022-09-14,2022-10-06,2022-10-06,183,105.78,19357.74,0,True,2
SHP-003984,PROD-0055,SUP-15,WH-05,2022-09-30,2022-10-23,2022-10-23,92,105.78,9731.76,0,True,1
SHP-003985,PROD-0055,SUP-15,WH-05,2022-10-16,2022-11-08,2022-11-08,376,105.78,39773.28,0,True,4
SHP-003986,PROD-0055,SUP-15,WH-05,2022-11-01,2022-11-13,2022-11-13,106,105.78,11212.68,0,True,1
SHP-003987,PROD-0055,SUP-15,WH-05,2022-11-17,2022-11-23,2022-11-23,112,105.78,11847.36,0,True,1
SHP-003988,PROD-0055,SUP-15,WH-05,2022-12-03,2023-01-03,2023-01-03,184,105.78,19463.52,0,True,2
SHP-003989,PROD-0055,SUP-15,WH-05,2022-12-19,2023-01-16,2023-01-16,303,105.78,32051.34,0,True,3
SHP-003990,PROD-0055,SUP-15,WH-05,2023-01-04,2023-02-04,2023-02-04,479,105.78,50668.62,0,True,5
SHP-003991,PROD-0055,SUP-15,WH-05,2023-01-20,2023-02-09,2023-02-09,301,105.78,31839.78,0,True,3
SHP-003992,PROD-0055,SUP-15,WH-05,2023-02-05,2023-03-02,2023-03-02,87,105.78,9202.86,0,True,1
SHP-003993,PROD-0055,SUP-15,WH-05,2023-02-21,2023-03-06,2023-03-06,89,105.78,9414.42,0,True,1
SHP-003994,PROD-0055,SUP-15,WH-05,2023-03-09,2023-03-31,2023-03-31,242,105.78,25598.76,0,True,3
SHP-003995,PROD-0055,SUP-15,WH-05,2023-03-25,2023-04-14,2023-04-14,280,105.78,29618.4,0,True,3
SHP-003996,PROD-0055,SUP-15,WH-05,2023-04-10,2023-05-02,2023-05-02,202,105.78,21367.56,0,True,2
SHP-003997,PROD-0055,SUP-15,WH-05,2023-04-26,2023-05-15,2023-05-15,387,105.78,40936.86,0,True,4
SHP-003998,PROD-0055,SUP-15,WH-05,2023-05-12,2023-06-08,2023-06-08,487,105.78,51514.86,0,True,6
SHP-003999,PROD-0055,SUP-15,WH-05,2023-05-28,2023-06-10,2023-06-10,225,105.78,23800.5,0,True,2
SHP-004000,PROD-0055,SUP-15,WH-05,2023-06-13,2023-06-30,2023-06-30,364,105.78,38503.92,0,True,4
SHP-004001,PROD-0055,SUP-15,WH-05,2023-06-29,2023-07-19,2023-07-19,131,105.78,13857.18,0,True,1
SHP-004002,PROD-0055,SUP-15,WH-05,2023-07-15,2023-08-09,2023-08-09,112,105.78,11847.36,0,True,1
SHP-004003,PROD-0055,SUP-15,WH-05,2023-07-31,2023-08-23,2023-08-23,324,105.78,34272.72,0,True,4
SHP-004004,PROD-0055,SUP-15,WH-05,2023-08-16,2023-09-14,2023-09-14,439,105.78,46437.42,0,True,5
SHP-004005,PROD-0055,SUP-15,WH-05,2023-09-01,2023-10-03,2023-10-03,236,105.78,24964.08,0,True,2
SHP-004006,PROD-0055,SUP-15,WH-05,2023-09-17,2023-10-11,2023-10-11,65,105.78,6875.7,0,True,0
SHP-004007,PROD-0055,SUP-15,WH-05,2023-10-03,2023-10-24,2023-10-24,92,105.78,9731.76,0,True,1
SHP-004008,PROD-0055,SUP-15,WH-05,2023-10-19,2023-10-30,2023-10-30,114,105.78,12058.92,0,True,1
SHP-004009,PROD-0055,SUP-15,WH-05,2023-11-04,2023-11-13,2023-11-13,152,105.78,16078.56,0,True,1
SHP-004010,PROD-0055,SUP-15,WH-05,2023-11-20,2023-11-29,2023-11-29,332,105.78,35118.96,0,True,4
SHP-004011,PROD-0055,SUP-15,WH-05,2023-12-06,2023-12-18,2023-12-18,431,105.78,45591.18,0,True,5
SHP-004012,PROD-0055,SUP-15,WH-05,2023-12-22,2024-01-15,2024-01-15,312,105.78,33003.36,0,True,3
SHP-004013,PROD-0055,SUP-15,WH-05,2024-01-07,2024-01-17,2024-01-17,178,105.78,18828.84,0,True,2
SHP-004014,PROD-0055,SUP-15,WH-05,2024-01-23,2024-02-21,2024-02-21,483,105.78,51091.74,0,True,6
SHP-004015,PROD-0055,SUP-15,WH-05,2024-02-08,2024-02-28,2024-02-28,251,105.78,26550.78,0,True,3
SHP-004016,PROD-0055,SUP-15,WH-05,2024-02-24,2024-03-06,2024-03-06,442,105.78,46754.76,0,True,5
SHP-004017,PROD-0055,SUP-15,WH-05,2024-03-11,2024-04-10,2024-04-10,456,105.78,48235.68,0,True,5
SHP-004018,PROD-0055,SUP-15,WH-05,2024-03-27,2024-04-25,2024-04-25,299,105.78,31628.22,0,True,3
SHP-004019,PROD-0055,SUP-15,WH-05,2024-04-12,2024-05-08,2024-05-08,266,105.78,28137.48,0,True,3
SHP-004020,PROD-0055,SUP-15,WH-05,2024-04-28,2024-05-18,2024-05-18,467,105.78,49399.26,0,True,5
SHP-004021,PROD-0055,SUP-15,WH-05,2024-05-14,2024-06-07,2024-06-07,360,105.78,38080.8,0,True,4
SHP-004022,PROD-0055,SUP-15,WH-05,2024-05-30,2024-06-06,2024-06-06,340,105.78,35965.2,0,True,4
SHP-004023,PROD-0055,SUP-15,WH-05,2024-06-15,2024-06-30,2024-06-30,373,105.78,39455.94,0,True,4
SHP-004024,PROD-0055,SUP-15,WH-05,2024-07-01,2024-07-16,2024-07-16,135,105.78,14280.3,0,True,1
SHP-004025,PROD-0055,SUP-15,WH-05,2024-07-17,2024-07-24,2024-07-24,179,105.78,18934.62,0,True,2
SHP-004026,PROD-0055,SUP-15,WH-05,2024-08-02,2024-08-20,2024-08-20,359,105.78,37975.02,0,True,4
SHP-004027,PROD-0055,SUP-15,WH-05,2024-08-18,2024-09-08,2024-09-08,321,105.78,33955.38,0,True,4
SHP-004028,PROD-0055,SUP-15,WH-05,2024-09-03,2024-09-16,2024-09-16,108,105.78,11424.24,0,True,1
SHP-004029,PROD-0055,SUP-15,WH-05,2024-09-19,2024-10-07,2024-10-07,269,105.78,28454.82,0,True,3
SHP-004030,PROD-0055,SUP-15,WH-05,2024-10-05,2024-10-21,2024-10-21,175,105.78,18511.5,0,True,2
SHP-004031,PROD-0055,SUP-15,WH-05,2024-10-21,2024-11-01,2024-11-01,240,105.78,25387.2,0,True,3
SHP-004032,PROD-0055,SUP-15,WH-05,2024-11-06,2024-11-29,2024-11-29,210,105.78,22213.8,0,True,2
SHP-004033,PROD-0055,SUP-15,WH-05,2024-11-22,2024-12-18,2024-12-18,402,105.78,42523.56,0,True,5
SHP-004034,PROD-0055,SUP-15,WH-05,2024-12-08,2025-01-02,2025-01-02,159,105.78,16819.02,0,True,1
SHP-004035,PROD-0055,SUP-15,WH-05,2024-12-24,2025-01-12,2025-01-12,214,105.78,22636.92,0,True,2
SHP-004036,PROD-0056,SUP-16,WH-01,2022-01-01,2022-01-28,2022-01-28,195,423.82,82644.9,0,True,13
SHP-004037,PROD-0056,SUP-16,WH-01,2022-01-14,2022-02-15,2022-02-15,161,423.82,68235.02,0,True,11
SHP-004038,PROD-0056,SUP-16,WH-01,2022-01-27,2022-03-09,2022-03-09,416,423.82,176309.12,0,True,28
SHP-004039,PROD-0056,SUP-16,WH-01,2022-02-09,2022-03-18,2022-03-28,463,423.82,196228.66,10,False,32
SHP-004040,PROD-0056,SUP-16,WH-01,2022-02-22,2022-03-19,2022-03-19,343,423.82,145370.26,0,True,23
SHP-004041,PROD-0056,SUP-16,WH-01,2022-03-07,2022-04-11,2022-04-11,437,423.82,185209.34,0,True,30
SHP-004042,PROD-0056,SUP-16,WH-01,2022-03-20,2022-04-23,2022-04-23,213,423.82,90273.66,0,True,14
SHP-004043,PROD-0056,SUP-16,WH-01,2022-04-02,2022-05-04,2022-05-04,460,423.82,194957.2,0,True,31
SHP-004044,PROD-0056,SUP-16,WH-01,2022-04-15,2022-05-20,2022-05-20,190,423.82,80525.8,0,True,13
SHP-004045,PROD-0056,SUP-16,WH-01,2022-04-28,2022-05-26,2022-05-26,281,423.82,119093.42,0,True,19
SHP-004046,PROD-0056,SUP-16,WH-01,2022-05-11,2022-06-22,2022-06-22,352,423.82,149184.64,0,True,24
SHP-004047,PROD-0056,SUP-16,WH-01,2022-05-24,2022-06-29,2022-06-29,60,423.82,25429.2,0,True,4
SHP-004048,PROD-0056,SUP-16,WH-01,2022-06-06,2022-07-19,2022-07-19,451,423.82,191142.82,0,True,31
SHP-004049,PROD-0056,SUP-16,WH-01,2022-06-19,2022-07-12,2022-07-12,52,423.82,22038.64,0,True,3
SHP-004050,PROD-0056,SUP-16,WH-01,2022-07-02,2022-08-06,2022-08-06,480,423.82,203433.6,0,True,33
SHP-004051,PROD-0056,SUP-16,WH-01,2022-07-15,2022-09-02,2022-09-02,323,423.82,136893.86,0,True,22
SHP-004052,PROD-0056,SUP-16,WH-01,2022-07-28,2022-08-26,2022-08-26,380,423.82,161051.6,0,True,26
SHP-004053,PROD-0056,SUP-16,WH-01,2022-08-10,2022-09-22,2022-09-22,98,423.82,41534.36,0,True,6
SHP-004054,PROD-0056,SUP-16,WH-01,2022-08-23,2022-09-28,2022-09-28,420,423.82,178004.4,0,True,29
SHP-004055,PROD-0056,SUP-16,WH-01,2022-09-05,2022-10-18,2022-10-18,435,423.82,184361.7,0,True,30
SHP-004056,PROD-0056,SUP-16,WH-01,2022-09-18,2022-10-19,2022-10-19,334,423.82,141555.88,0,True,23
SHP-004057,PROD-0056,SUP-16,WH-01,2022-10-01,2022-11-15,2022-11-15,363,423.82,153846.66,0,True,25
SHP-004058,PROD-0056,SUP-16,WH-01,2022-10-14,2022-11-22,2022-11-22,406,423.82,172070.92,0,True,28
SHP-004059,PROD-0056,SUP-16,WH-01,2022-10-27,2022-11-23,2022-11-23,378,423.82,160203.96,0,True,26
SHP-004060,PROD-0056,SUP-16,WH-01,2022-11-09,2022-12-20,2022-12-20,366,423.82,155118.12,0,True,25
SHP-004061,PROD-0056,SUP-16,WH-01,2022-11-22,2023-01-05,2023-01-05,74,423.82,31362.68,0,True,5
SHP-004062,PROD-0056,SUP-16,WH-01,2022-12-05,2023-01-19,2023-01-19,103,423.82,43653.46,0,True,7
SHP-004063,PROD-0056,SUP-16,WH-01,2022-12-18,2023-01-11,2023-01-17,420,423.82,178004.4,6,False,29
SHP-004064,PROD-0056,SUP-16,WH-01,2022-12-31,2023-02-05,2023-02-05,95,423.82,40262.9,0,True,6
SHP-004065,PROD-0056,SUP-16,WH-01,2023-01-13,2023-03-06,2023-03-06,465,423.82,197076.3,0,True,32
SHP-004066,PROD-0056,SUP-16,WH-01,2023-01-26,2023-03-04,2023-03-04,325,423.82,137741.5,0,True,22
SHP-004067,PROD-0056,SUP-16,WH-01,2023-02-08,2023-02-27,2023-02-28,494,423.82,209367.08,1,False,34
SHP-004068,PROD-0056,SUP-16,WH-01,2023-02-21,2023-04-01,2023-04-01,451,423.82,191142.82,0,True,31
SHP-004069,PROD-0056,SUP-16,WH-01,2023-03-06,2023-04-17,2023-04-17,205,423.82,86883.1,0,True,14
SHP-004070,PROD-0056,SUP-16,WH-01,2023-03-19,2023-05-04,2023-05-04,402,423.82,170375.64,0,True,27
SHP-004071,PROD-0056,SUP-16,WH-01,2023-04-01,2023-05-01,2023-05-01,244,423.82,103412.08,0,True,16
SHP-004072,PROD-0056,SUP-16,WH-01,2023-04-14,2023-05-08,2023-05-08,120,423.82,50858.4,0,True,8
SHP-004073,PROD-0056,SUP-16,WH-01,2023-04-27,2023-06-10,2023-06-10,114,423.82,48315.48,0,True,7
SHP-004074,PROD-0056,SUP-16,WH-01,2023-05-10,2023-06-13,2023-06-19,435,423.82,184361.7,6,False,30
SHP-004075,PROD-0056,SUP-16,WH-01,2023-05-23,2023-06-25,2023-07-05,261,423.82,110617.02,10,False,18
SHP-004076,PROD-0056,SUP-16,WH-01,2023-06-05,2023-07-02,2023-07-02,112,423.82,47467.84,0,True,7
SHP-004077,PROD-0056,SUP-16,WH-01,2023-06-18,2023-07-25,2023-07-25,345,423.82,146217.9,0,True,23
SHP-004078,PROD-0056,SUP-16,WH-01,2023-07-01,2023-07-30,2023-07-30,193,423.82,81797.26,0,True,13
SHP-004079,PROD-0056,SUP-16,WH-01,2023-07-14,2023-08-05,2023-08-05,297,423.82,125874.54,0,True,20
SHP-004080,PROD-0056,SUP-16,WH-01,2023-07-27,2023-08-25,2023-08-25,442,423.82,187328.44,0,True,30
SHP-004081,PROD-0056,SUP-16,WH-01,2023-08-09,2023-09-07,2023-09-07,230,423.82,97478.6,0,True,15
SHP-004082,PROD-0056,SUP-16,WH-01,2023-08-22,2023-09-12,2023-09-12,174,423.82,73744.68,0,True,12
SHP-004083,PROD-0056,SUP-16,WH-01,2023-09-04,2023-10-07,2023-10-07,488,423.82,206824.16,0,True,33
SHP-004084,PROD-0056,SUP-16,WH-01,2023-09-17,2023-10-13,2023-10-13,88,423.82,37296.16,0,True,6
SHP-004085,PROD-0056,SUP-16,WH-01,2023-09-30,2023-11-01,2023-11-01,56,423.82,23733.92,0,True,3
SHP-004086,PROD-0056,SUP-16,WH-01,2023-10-13,2023-11-20,2023-11-20,469,423.82,198771.58,0,True,32
SHP-004087,PROD-0056,SUP-16,WH-01,2023-10-26,2023-12-04,2023-12-04,103,423.82,43653.46,0,True,7
SHP-004088,PROD-0056,SUP-16,WH-01,2023-11-08,2023-11-30,2023-11-30,352,423.82,149184.64,0,True,24
SHP-004089,PROD-0056,SUP-16,WH-01,2023-11-21,2024-01-02,2024-01-02,489,423.82,207247.98,0,True,33
SHP-004090,PROD-0056,SUP-16,WH-01,2023-12-04,2024-01-21,2024-01-21,209,423.82,88578.38,0,True,14
SHP-004091,PROD-0056,SUP-16,WH-01,2023-12-17,2024-01-25,2024-01-25,128,423.82,54248.96,0,True,8
SHP-004092,PROD-0056,SUP-16,WH-01,2023-12-30,2024-02-15,2024-02-15,116,423.82,49163.12,0,True,8
SHP-004093,PROD-0056,SUP-16,WH-01,2024-01-12,2024-02-19,2024-02-23,247,423.82,104683.54,4,False,17
SHP-004094,PROD-0056,SUP-16,WH-01,2024-01-25,2024-02-28,2024-03-07,312,423.82,132231.84,8,False,21
SHP-004095,PROD-0056,SUP-16,WH-01,2024-02-07,2024-03-08,2024-03-08,146,423.82,61877.72,0,True,10
SHP-004096,PROD-0056,SUP-16,WH-01,2024-02-20,2024-03-31,2024-03-31,134,423.82,56791.88,0,True,9
SHP-004097,PROD-0056,SUP-16,WH-01,2024-03-04,2024-03-28,2024-03-28,495,423.82,209790.9,0,True,34
SHP-004098,PROD-0056,SUP-16,WH-01,2024-03-17,2024-04-25,2024-04-25,125,423.82,52977.5,0,True,8
SHP-004099,PROD-0056,SUP-16,WH-01,2024-03-30,2024-05-17,2024-05-25,431,423.82,182666.42,8,False,29
SHP-004100,PROD-0056,SUP-16,WH-01,2024-04-12,2024-05-20,2024-05-20,285,423.82,120788.7,0,True,19
SHP-004101,PROD-0056,SUP-16,WH-01,2024-04-25,2024-05-14,2024-05-14,293,423.82,124179.26,0,True,20
SHP-004102,PROD-0056,SUP-16,WH-01,2024-05-08,2024-06-09,2024-06-09,230,423.82,97478.6,0,True,15
SHP-004103,PROD-0056,SUP-16,WH-01,2024-05-21,2024-07-02,2024-07-02,331,423.82,140284.42,0,True,23
SHP-004104,PROD-0056,SUP-16,WH-01,2024-06-03,2024-07-04,2024-07-04,158,423.82,66963.56,0,True,10
SHP-004105,PROD-0056,SUP-16,WH-01,2024-06-16,2024-07-26,2024-07-26,270,423.82,114431.4,0,True,18
SHP-004106,PROD-0056,SUP-16,WH-01,2024-06-29,2024-07-22,2024-07-22,275,423.82,116550.5,0,True,19
SHP-004107,PROD-0056,SUP-16,WH-01,2024-07-12,2024-07-31,2024-07-31,75,423.82,31786.5,0,True,5
SHP-004108,PROD-0056,SUP-16,WH-01,2024-07-25,2024-08-29,2024-08-29,266,423.82,112736.12,0,True,18
SHP-004109,PROD-0056,SUP-16,WH-01,2024-08-07,2024-08-24,2024-08-24,256,423.82,108497.92,0,True,17
SHP-004110,PROD-0056,SUP-16,WH-01,2024-08-20,2024-10-03,2024-10-03,321,423.82,136046.22,0,True,22
SHP-004111,PROD-0056,SUP-16,WH-01,2024-09-02,2024-09-30,2024-09-30,271,423.82,114855.22,0,True,18
SHP-004112,PROD-0056,SUP-16,WH-01,2024-09-15,2024-10-22,2024-10-22,380,423.82,161051.6,0,True,26
SHP-004113,PROD-0056,SUP-16,WH-01,2024-09-28,2024-11-12,2024-11-16,162,423.82,68658.84,4,False,11
SHP-004114,PROD-0056,SUP-16,WH-01,2024-10-11,2024-11-15,2024-11-15,68,423.82,28819.76,0,True,4
SHP-004115,PROD-0056,SUP-16,WH-01,2024-10-24,2024-11-21,2024-11-21,83,423.82,35177.06,0,True,5
SHP-004116,PROD-0056,SUP-16,WH-01,2024-11-06,2024-12-05,2024-12-05,165,423.82,69930.3,0,True,11
SHP-004117,PROD-0056,SUP-16,WH-01,2024-11-19,2024-12-26,2024-12-26,257,423.82,108921.74,0,True,17
SHP-004118,PROD-0056,SUP-16,WH-01,2024-12-02,2024-12-29,2024-12-29,162,423.82,68658.84,0,True,11
SHP-004119,PROD-0056,SUP-16,WH-01,2024-12-15,2025-01-17,2025-01-17,404,423.82,171223.28,0,True,28
SHP-004120,PROD-0056,SUP-16,WH-01,2024-12-28,2025-02-01,2025-02-01,137,423.82,58063.34,0,True,9
SHP-004121,PROD-0057,SUP-17,WH-02,2022-01-01,2022-01-22,2022-01-22,411,69.76,28671.36,0,True,14
SHP-004122,PROD-0057,SUP-17,WH-02,2022-01-14,2022-01-28,2022-01-28,51,69.76,3557.76,0,True,1
SHP-004123,PROD-0057,SUP-17,WH-02,2022-01-27,2022-02-20,2022-02-20,408,69.76,28462.08,0,True,14
SHP-004124,PROD-0057,SUP-17,WH-02,2022-02-09,2022-03-06,2022-03-06,206,69.76,14370.56,0,True,7
SHP-004125,PROD-0057,SUP-17,WH-02,2022-02-22,2022-03-13,2022-03-13,172,69.76,11998.72,0,True,6
SHP-004126,PROD-0057,SUP-17,WH-02,2022-03-07,2022-03-31,2022-03-31,85,69.76,5929.6,0,True,2
SHP-004127,PROD-0057,SUP-17,WH-02,2022-03-20,2022-04-09,2022-04-09,283,69.76,19742.08,0,True,9
SHP-004128,PROD-0057,SUP-17,WH-02,2022-04-02,2022-04-18,2022-04-21,391,69.76,27276.16,3,False,13
SHP-004129,PROD-0057,SUP-17,WH-02,2022-04-15,2022-05-05,2022-05-05,60,69.76,4185.6,0,True,2
SHP-004130,PROD-0057,SUP-17,WH-02,2022-04-28,2022-05-13,2022-05-16,89,69.76,6208.64,3,False,3
SHP-004131,PROD-0057,SUP-17,WH-02,2022-05-11,2022-06-03,2022-06-03,486,69.76,33903.36,0,True,17
SHP-004132,PROD-0057,SUP-17,WH-02,2022-05-24,2022-06-18,2022-06-18,292,69.76,20369.92,0,True,10
SHP-004133,PROD-0057,SUP-17,WH-02,2022-06-06,2022-07-10,2022-07-10,497,69.76,34670.72,0,True,17
SHP-004134,PROD-0057,SUP-17,WH-02,2022-06-19,2022-07-17,2022-07-17,73,69.76,5092.48,0,True,2
SHP-004135,PROD-0057,SUP-17,WH-02,2022-07-02,2022-07-29,2022-07-29,398,69.76,27764.48,0,True,13
SHP-004136,PROD-0057,SUP-17,WH-02,2022-07-15,2022-07-30,2022-07-30,318,69.76,22183.68,0,True,11
SHP-004137,PROD-0057,SUP-17,WH-02,2022-07-28,2022-08-21,2022-08-21,125,69.76,8720.0,0,True,4
SHP-004138,PROD-0057,SUP-17,WH-02,2022-08-10,2022-09-03,2022-09-03,205,69.76,14300.8,0,True,7
SHP-004139,PROD-0057,SUP-17,WH-02,2022-08-23,2022-09-12,2022-09-12,281,69.76,19602.56,0,True,9
SHP-004140,PROD-0057,SUP-17,WH-02,2022-09-05,2022-09-22,2022-09-22,329,69.76,22951.04,0,True,11
SHP-004141,PROD-0057,SUP-17,WH-02,2022-09-18,2022-10-12,2022-10-12,179,69.76,12487.04,0,True,6
SHP-004142,PROD-0057,SUP-17,WH-02,2022-10-01,2022-10-16,2022-10-16,473,69.76,32996.48,0,True,16
SHP-004143,PROD-0057,SUP-17,WH-02,2022-10-14,2022-11-04,2022-11-04,220,69.76,15347.2,0,True,7
SHP-004144,PROD-0057,SUP-17,WH-02,2022-10-27,2022-11-21,2022-11-21,488,69.76,34042.88,0,True,17
SHP-004145,PROD-0057,SUP-17,WH-02,2022-11-09,2022-12-03,2022-12-03,355,69.76,24764.8,0,True,12
SHP-004146,PROD-0057,SUP-17,WH-02,2022-11-22,2022-12-16,2022-12-16,401,69.76,27973.76,0,True,14
SHP-004147,PROD-0057,SUP-17,WH-02,2022-12-05,2022-12-27,2022-12-27,60,69.76,4185.6,0,True,2
SHP-004148,PROD-0057,SUP-17,WH-02,2022-12-18,2023-01-07,2023-01-10,488,69.76,34042.88,3,False,17
SHP-004149,PROD-0057,SUP-17,WH-02,2022-12-31,2023-01-20,2023-01-20,122,69.76,8510.72,0,True,4
SHP-004150,PROD-0057,SUP-17,WH-02,2023-01-13,2023-01-25,2023-01-25,175,69.76,12208.0,0,True,6
SHP-004151,PROD-0057,SUP-17,WH-02,2023-01-26,2023-02-13,2023-02-13,270,69.76,18835.2,0,True,9
SHP-004152,PROD-0057,SUP-17,WH-02,2023-02-08,2023-03-06,2023-03-06,95,69.76,6627.2,0,True,3
SHP-004153,PROD-0057,SUP-17,WH-02,2023-02-21,2023-03-15,2023-03-15,243,69.76,16951.68,0,True,8
SHP-004154,PROD-0057,SUP-17,WH-02,2023-03-06,2023-04-02,2023-04-02,190,69.76,13254.4,0,True,6
SHP-004155,PROD-0057,SUP-17,WH-02,2023-03-19,2023-04-09,2023-04-09,280,69.76,19532.8,0,True,9
SHP-004156,PROD-0057,SUP-17,WH-02,2023-04-01,2023-05-02,2023-05-02,397,69.76,27694.72,0,True,13
SHP-004157,PROD-0057,SUP-17,WH-02,2023-04-14,2023-05-06,2023-05-06,250,69.76,17440.0,0,True,8
SHP-004158,PROD-0057,SUP-17,WH-02,2023-04-27,2023-05-25,2023-05-25,191,69.76,13324.16,0,True,6
SHP-004159,PROD-0057,SUP-17,WH-02,2023-05-10,2023-06-05,2023-06-05,346,69.76,24136.96,0,True,12
SHP-004160,PROD-0057,SUP-17,WH-02,2023-05-23,2023-06-17,2023-06-17,477,69.76,33275.52,0,True,16
SHP-004161,PROD-0057,SUP-17,WH-02,2023-06-05,2023-07-03,2023-07-03,457,69.76,31880.32,0,True,15
SHP-004162,PROD-0057,SUP-17,WH-02,2023-06-18,2023-07-16,2023-07-16,455,69.76,31740.8,0,True,15
SHP-004163,PROD-0057,SUP-17,WH-02,2023-07-01,2023-07-23,2023-07-23,106,69.76,7394.56,0,True,3
SHP-004164,PROD-0057,SUP-17,WH-02,2023-07-14,2023-08-05,2023-08-05,400,69.76,27904.0,0,True,14
SHP-004165,PROD-0057,SUP-17,WH-02,2023-07-27,2023-08-20,2023-08-20,126,69.76,8789.76,0,True,4
SHP-004166,PROD-0057,SUP-17,WH-02,2023-08-09,2023-09-07,2023-09-16,369,69.76,25741.44,9,False,12
SHP-004167,PROD-0057,SUP-17,WH-02,2023-08-22,2023-09-16,2023-09-16,205,69.76,14300.8,0,True,7
SHP-004168,PROD-0057,SUP-17,WH-02,2023-09-04,2023-10-03,2023-10-03,459,69.76,32019.84,0,True,16
SHP-004169,PROD-0057,SUP-17,WH-02,2023-09-17,2023-10-11,2023-10-11,70,69.76,4883.2,0,True,2
SHP-004170,PROD-0057,SUP-17,WH-02,2023-09-30,2023-10-20,2023-10-20,353,69.76,24625.28,0,True,12
SHP-004171,PROD-0057,SUP-17,WH-02,2023-10-13,2023-10-30,2023-10-30,206,69.76,14370.56,0,True,7
SHP-004172,PROD-0057,SUP-17,WH-02,2023-10-26,2023-11-20,2023-11-20,388,69.76,27066.88,0,True,13
SHP-004173,PROD-0057,SUP-17,WH-02,2023-11-08,2023-11-28,2023-11-28,178,69.76,12417.28,0,True,6
SHP-004174,PROD-0057,SUP-17,WH-02,2023-11-21,2023-12-16,2023-12-16,195,69.76,13603.2,0,True,6
SHP-004175,PROD-0057,SUP-17,WH-02,2023-12-04,2023-12-27,2023-12-27,390,69.76,27206.4,0,True,13
SHP-004176,PROD-0057,SUP-17,WH-02,2023-12-17,2024-01-07,2024-01-07,94,69.76,6557.44,0,True,3
SHP-004177,PROD-0057,SUP-17,WH-02,2023-12-30,2024-01-18,2024-01-18,425,69.76,29648.0,0,True,14
SHP-004178,PROD-0057,SUP-17,WH-02,2024-01-12,2024-02-02,2024-02-02,91,69.76,6348.16,0,True,3
SHP-004179,PROD-0057,SUP-17,WH-02,2024-01-25,2024-02-12,2024-02-12,292,69.76,20369.92,0,True,10
SHP-004180,PROD-0057,SUP-17,WH-02,2024-02-07,2024-02-26,2024-02-26,397,69.76,27694.72,0,True,13
SHP-004181,PROD-0057,SUP-17,WH-02,2024-02-20,2024-03-03,2024-03-03,254,69.76,17719.04,0,True,8
SHP-004182,PROD-0057,SUP-17,WH-02,2024-03-04,2024-03-17,2024-03-17,204,69.76,14231.04,0,True,7
SHP-004183,PROD-0057,SUP-17,WH-02,2024-03-17,2024-04-09,2024-04-09,338,69.76,23578.88,0,True,11
SHP-004184,PROD-0057,SUP-17,WH-02,2024-03-30,2024-04-30,2024-04-30,215,69.76,14998.4,0,True,7
SHP-004185,PROD-0057,SUP-17,WH-02,2024-04-12,2024-05-05,2024-05-05,399,69.76,27834.24,0,True,13
SHP-004186,PROD-0057,SUP-17,WH-02,2024-04-25,2024-05-18,2024-05-18,119,69.76,8301.44,0,True,4
SHP-004187,PROD-0057,SUP-17,WH-02,2024-05-08,2024-06-04,2024-06-04,204,69.76,14231.04,0,True,7
SHP-004188,PROD-0057,SUP-17,WH-02,2024-05-21,2024-06-13,2024-06-13,340,69.76,23718.4,0,True,11
SHP-004189,PROD-0057,SUP-17,WH-02,2024-06-03,2024-06-26,2024-06-26,143,69.76,9975.68,0,True,5
SHP-004190,PROD-0057,SUP-17,WH-02,2024-06-16,2024-07-03,2024-07-03,476,69.76,33205.76,0,True,16
SHP-004191,PROD-0057,SUP-17,WH-02,2024-06-29,2024-07-21,2024-07-21,319,69.76,22253.44,0,True,11
SHP-004192,PROD-0057,SUP-17,WH-02,2024-07-12,2024-08-01,2024-08-01,307,69.76,21416.32,0,True,10
SHP-004193,PROD-0057,SUP-17,WH-02,2024-07-25,2024-08-16,2024-08-16,289,69.76,20160.64,0,True,10
SHP-004194,PROD-0057,SUP-17,WH-02,2024-08-07,2024-08-27,2024-08-27,265,69.76,18486.4,0,True,9
SHP-004195,PROD-0057,SUP-17,WH-02,2024-08-20,2024-09-09,2024-09-09,336,69.76,23439.36,0,True,11
SHP-004196,PROD-0057,SUP-17,WH-02,2024-09-02,2024-09-24,2024-09-25,265,69.76,18486.4,1,False,9
SHP-004197,PROD-0057,SUP-17,WH-02,2024-09-15,2024-10-08,2024-10-08,364,69.76,25392.64,0,True,12
SHP-004198,PROD-0057,SUP-17,WH-02,2024-09-28,2024-10-17,2024-10-17,347,69.76,24206.72,0,True,12
SHP-004199,PROD-0057,SUP-17,WH-02,2024-10-11,2024-11-01,2024-11-01,367,69.76,25601.92,0,True,12
SHP-004200,PROD-0057,SUP-17,WH-02,2024-10-24,2024-11-15,2024-11-15,499,69.76,34810.24,0,True,17
SHP-004201,PROD-0057,SUP-17,WH-02,2024-11-06,2024-11-29,2024-11-29,482,69.76,33624.32,0,True,16
SHP-004202,PROD-0057,SUP-17,WH-02,2024-11-19,2024-12-16,2024-12-16,393,69.76,27415.68,0,True,13
SHP-004203,PROD-0057,SUP-17,WH-02,2024-12-02,2024-12-29,2024-12-29,440,69.76,30694.4,0,True,15
SHP-004204,PROD-0057,SUP-17,WH-02,2024-12-15,2025-01-11,2025-01-11,479,69.76,33415.04,0,True,16
SHP-004205,PROD-0057,SUP-17,WH-02,2024-12-28,2025-01-22,2025-01-22,188,69.76,13114.88,0,True,6
SHP-004206,PROD-0058,SUP-18,WH-03,2022-01-01,2022-02-28,2022-02-28,99,9.79,969.21,0,True,4
SHP-004207,PROD-0058,SUP-18,WH-03,2022-01-21,2022-03-04,2022-03-04,296,9.79,2897.84,0,True,14
SHP-004208,PROD-0058,SUP-18,WH-03,2022-02-10,2022-03-17,2022-03-17,81,9.79,792.99,0,True,4
SHP-004209,PROD-0058,SUP-18,WH-03,2022-03-02,2022-04-23,2022-04-23,395,9.79,3867.05,0,True,19
SHP-004210,PROD-0058,SUP-18,WH-03,2022-03-22,2022-05-03,2022-05-03,77,9.79,753.83,0,True,3
SHP-004211,PROD-0058,SUP-18,WH-03,2022-04-11,2022-06-02,2022-06-02,123,9.79,1204.17,0,True,6
SHP-004212,PROD-0058,SUP-18,WH-03,2022-05-01,2022-06-11,2022-06-11,303,9.79,2966.37,0,True,15
SHP-004213,PROD-0058,SUP-18,WH-03,2022-05-21,2022-07-11,2022-07-11,395,9.79,3867.05,0,True,19
SHP-004214,PROD-0058,SUP-18,WH-03,2022-06-10,2022-08-05,2022-08-05,204,9.79,1997.16,0,True,10
SHP-004215,PROD-0058,SUP-18,WH-03,2022-06-30,2022-08-02,2022-08-02,53,9.79,518.87,0,True,2
SHP-004216,PROD-0058,SUP-18,WH-03,2022-07-20,2022-08-25,2022-08-25,402,9.79,3935.58,0,True,19
SHP-004217,PROD-0058,SUP-18,WH-03,2022-08-09,2022-09-24,2022-09-24,50,9.79,489.5,0,True,2
SHP-004218,PROD-0058,SUP-18,WH-03,2022-08-29,2022-10-15,2022-10-15,111,9.79,1086.69,0,True,5
SHP-004219,PROD-0058,SUP-18,WH-03,2022-09-18,2022-10-30,2022-10-30,154,9.79,1507.66,0,True,7
SHP-004220,PROD-0058,SUP-18,WH-03,2022-10-08,2022-11-20,2022-11-20,476,9.79,4660.04,0,True,23
SHP-004221,PROD-0058,SUP-18,WH-03,2022-10-28,2022-12-04,2022-12-04,78,9.79,763.62,0,True,3
SHP-004222,PROD-0058,SUP-18,WH-03,2022-11-17,2023-01-05,2023-01-05,297,9.79,2907.63,0,True,14
SHP-004223,PROD-0058,SUP-18,WH-03,2022-12-07,2023-01-25,2023-01-25,480,9.79,4699.2,0,True,23
SHP-004224,PROD-0058,SUP-18,WH-03,2022-12-27,2023-02-11,2023-02-11,470,9.79,4601.3,0,True,23
SHP-004225,PROD-0058,SUP-18,WH-03,2023-01-16,2023-02-18,2023-02-18,489,9.79,4787.31,0,True,24
SHP-004226,PROD-0058,SUP-18,WH-03,2023-02-05,2023-03-20,2023-03-20,271,9.79,2653.09,0,True,13
SHP-004227,PROD-0058,SUP-18,WH-03,2023-02-25,2023-04-07,2023-04-07,144,9.79,1409.76,0,True,7
SHP-004228,PROD-0058,SUP-18,WH-03,2023-03-17,2023-04-27,2023-04-27,386,9.79,3778.94,0,True,19
SHP-004229,PROD-0058,SUP-18,WH-03,2023-04-06,2023-05-08,2023-05-08,429,9.79,4199.91,0,True,21
SHP-004230,PROD-0058,SUP-18,WH-03,2023-04-26,2023-06-03,2023-06-03,293,9.79,2868.47,0,True,14
SHP-004231,PROD-0058,SUP-18,WH-03,2023-05-16,2023-06-28,2023-06-28,391,9.79,3827.89,0,True,19
SHP-004232,PROD-0058,SUP-18,WH-03,2023-06-05,2023-07-17,2023-07-19,302,9.79,2956.58,2,False,15
SHP-004233,PROD-0058,SUP-18,WH-03,2023-06-25,2023-08-05,2023-08-05,250,9.79,2447.5,0,True,12
SHP-004234,PROD-0058,SUP-18,WH-03,2023-07-15,2023-08-22,2023-08-22,104,9.79,1018.16,0,True,5
SHP-004235,PROD-0058,SUP-18,WH-03,2023-08-04,2023-09-15,2023-09-15,267,9.79,2613.93,0,True,13
SHP-004236,PROD-0058,SUP-18,WH-03,2023-08-24,2023-09-29,2023-09-29,284,9.79,2780.36,0,True,14
SHP-004237,PROD-0058,SUP-18,WH-03,2023-09-13,2023-10-27,2023-10-27,55,9.79,538.45,0,True,2
SHP-004238,PROD-0058,SUP-18,WH-03,2023-10-03,2023-11-17,2023-11-17,380,9.79,3720.2,0,True,18
SHP-004239,PROD-0058,SUP-18,WH-03,2023-10-23,2023-11-29,2023-11-29,367,9.79,3592.93,0,True,18
SHP-004240,PROD-0058,SUP-18,WH-03,2023-11-12,2023-12-29,2023-12-29,231,9.79,2261.49,0,True,11
SHP-004241,PROD-0058,SUP-18,WH-03,2023-12-02,2024-01-08,2024-01-08,420,9.79,4111.8,0,True,20
SHP-004242,PROD-0058,SUP-18,WH-03,2023-12-22,2024-02-03,2024-02-03,131,9.79,1282.49,0,True,6
SHP-004243,PROD-0058,SUP-18,WH-03,2024-01-11,2024-02-26,2024-02-26,490,9.79,4797.1,0,True,24
SHP-004244,PROD-0058,SUP-18,WH-03,2024-01-31,2024-03-12,2024-03-12,411,9.79,4023.69,0,True,20
SHP-004245,PROD-0058,SUP-18,WH-03,2024-02-20,2024-03-29,2024-03-29,82,9.79,802.78,0,True,4
SHP-004246,PROD-0058,SUP-18,WH-03,2024-03-11,2024-04-22,2024-04-22,230,9.79,2251.7,0,True,11
SHP-004247,PROD-0058,SUP-18,WH-03,2024-03-31,2024-05-16,2024-05-16,223,9.79,2183.17,0,True,11
SHP-004248,PROD-0058,SUP-18,WH-03,2024-04-20,2024-06-03,2024-06-03,452,9.79,4425.08,0,True,22
SHP-004249,PROD-0058,SUP-18,WH-03,2024-05-10,2024-06-18,2024-06-18,440,9.79,4307.6,0,True,21
SHP-004250,PROD-0058,SUP-18,WH-03,2024-05-30,2024-07-08,2024-07-08,251,9.79,2457.29,0,True,12
SHP-004251,PROD-0058,SUP-18,WH-03,2024-06-19,2024-07-30,2024-08-01,380,9.79,3720.2,2,False,18
SHP-004252,PROD-0058,SUP-18,WH-03,2024-07-09,2024-08-25,2024-08-25,291,9.79,2848.89,0,True,14
SHP-004253,PROD-0058,SUP-18,WH-03,2024-07-29,2024-09-11,2024-09-11,344,9.79,3367.76,0,True,17
SHP-004254,PROD-0058,SUP-18,WH-03,2024-08-18,2024-09-27,2024-10-09,447,9.79,4376.13,12,False,22
SHP-004255,PROD-0058,SUP-18,WH-03,2024-09-07,2024-10-16,2024-10-16,116,9.79,1135.64,0,True,5
SHP-004256,PROD-0058,SUP-18,WH-03,2024-09-27,2024-10-30,2024-10-30,347,9.79,3397.13,0,True,17
SHP-004257,PROD-0058,SUP-18,WH-03,2024-10-17,2024-12-11,2024-12-11,474,9.79,4640.46,0,True,23
SHP-004258,PROD-0058,SUP-18,WH-03,2024-11-06,2024-12-16,2024-12-16,65,9.79,636.35,0,True,3
SHP-004259,PROD-0058,SUP-18,WH-03,2024-11-26,2025-01-03,2025-01-03,168,9.79,1644.72,0,True,8
SHP-004260,PROD-0058,SUP-18,WH-03,2024-12-16,2025-02-03,2025-02-03,305,9.79,2985.95,0,True,15
SHP-004261,PROD-0059,SUP-19,WH-04,2022-01-01,2022-01-28,2022-01-28,168,278.5,46788.0,0,True,11
SHP-004262,PROD-0059,SUP-19,WH-04,2022-01-21,2022-02-24,2022-02-24,425,278.5,118362.5,0,True,29
SHP-004263,PROD-0059,SUP-19,WH-04,2022-02-10,2022-03-12,2022-03-12,500,278.5,139250.0,0,True,34
SHP-004264,PROD-0059,SUP-19,WH-04,2022-03-02,2022-03-31,2022-03-31,246,278.5,68511.0,0,True,17
SHP-004265,PROD-0059,SUP-19,WH-04,2022-03-22,2022-04-27,2022-05-10,82,278.5,22837.0,13,False,5
SHP-004266,PROD-0059,SUP-19,WH-04,2022-04-11,2022-05-16,2022-05-16,108,278.5,30078.0,0,True,7
SHP-004267,PROD-0059,SUP-19,WH-04,2022-05-01,2022-05-24,2022-05-24,87,278.5,24229.5,0,True,6
SHP-004268,PROD-0059,SUP-19,WH-04,2022-05-21,2022-06-19,2022-06-19,360,278.5,100260.0,0,True,25
SHP-004269,PROD-0059,SUP-19,WH-04,2022-06-10,2022-07-18,2022-07-18,139,278.5,38711.5,0,True,9
SHP-004270,PROD-0059,SUP-19,WH-04,2022-06-30,2022-08-05,2022-08-05,280,278.5,77980.0,0,True,19
SHP-004271,PROD-0059,SUP-19,WH-04,2022-07-20,2022-08-19,2022-08-19,376,278.5,104716.0,0,True,26
SHP-004272,PROD-0059,SUP-19,WH-04,2022-08-09,2022-09-01,2022-09-01,150,278.5,41775.0,0,True,10
SHP-004273,PROD-0059,SUP-19,WH-04,2022-08-29,2022-10-11,2022-10-11,397,278.5,110564.5,0,True,27
SHP-004274,PROD-0059,SUP-19,WH-04,2022-09-18,2022-10-26,2022-10-26,429,278.5,119476.5,0,True,29
SHP-004275,PROD-0059,SUP-19,WH-04,2022-10-08,2022-12-02,2022-12-02,320,278.5,89120.0,0,True,22
SHP-004276,PROD-0059,SUP-19,WH-04,2022-10-28,2022-11-29,2022-11-29,94,278.5,26179.0,0,True,6
SHP-004277,PROD-0059,SUP-19,WH-04,2022-11-17,2022-12-24,2022-12-24,392,278.5,109172.0,0,True,27
SHP-004278,PROD-0059,SUP-19,WH-04,2022-12-07,2023-01-10,2023-01-10,464,278.5,129224.0,0,True,32
SHP-004279,PROD-0059,SUP-19,WH-04,2022-12-27,2023-01-14,2023-01-17,234,278.5,65169.0,3,False,16
SHP-004280,PROD-0059,SUP-19,WH-04,2023-01-16,2023-02-19,2023-02-19,329,278.5,91626.5,0,True,22
SHP-004281,PROD-0059,SUP-19,WH-04,2023-02-05,2023-02-20,2023-02-20,144,278.5,40104.0,0,True,10
SHP-004282,PROD-0059,SUP-19,WH-04,2023-02-25,2023-03-21,2023-03-21,422,278.5,117527.0,0,True,29
SHP-004283,PROD-0059,SUP-19,WH-04,2023-03-17,2023-04-20,2023-04-20,147,278.5,40939.5,0,True,10
SHP-004284,PROD-0059,SUP-19,WH-04,2023-04-06,2023-05-07,2023-05-07,473,278.5,131730.5,0,True,32
SHP-004285,PROD-0059,SUP-19,WH-04,2023-04-26,2023-05-02,2023-05-02,232,278.5,64612.0,0,True,16
SHP-004286,PROD-0059,SUP-19,WH-04,2023-05-16,2023-06-18,2023-06-28,486,278.5,135351.0,10,False,33
SHP-004287,PROD-0059,SUP-19,WH-04,2023-06-05,2023-06-26,2023-06-26,274,278.5,76309.0,0,True,19
SHP-004288,PROD-0059,SUP-19,WH-04,2023-06-25,2023-08-02,2023-08-02,497,278.5,138414.5,0,True,34
SHP-004289,PROD-0059,SUP-19,WH-04,2023-07-15,2023-08-15,2023-08-15,115,278.5,32027.5,0,True,8
SHP-004290,PROD-0059,SUP-19,WH-04,2023-08-04,2023-09-15,2023-09-15,101,278.5,28128.5,0,True,7
SHP-004291,PROD-0059,SUP-19,WH-04,2023-08-24,2023-09-10,2023-09-10,76,278.5,21166.0,0,True,5
SHP-004292,PROD-0059,SUP-19,WH-04,2023-09-13,2023-09-28,2023-09-28,61,278.5,16988.5,0,True,4
SHP-004293,PROD-0059,SUP-19,WH-04,2023-10-03,2023-11-14,2023-11-14,198,278.5,55143.0,0,True,13
SHP-004294,PROD-0059,SUP-19,WH-04,2023-10-23,2023-12-05,2023-12-05,410,278.5,114185.0,0,True,28
SHP-004295,PROD-0059,SUP-19,WH-04,2023-11-12,2024-01-05,2024-01-05,496,278.5,138136.0,0,True,34
SHP-004296,PROD-0059,SUP-19,WH-04,2023-12-02,2024-01-05,2024-01-08,88,278.5,24508.0,3,False,6
SHP-004297,PROD-0059,SUP-19,WH-04,2023-12-22,2024-01-25,2024-01-25,486,278.5,135351.0,0,True,33
SHP-004298,PROD-0059,SUP-19,WH-04,2024-01-11,2024-02-14,2024-02-23,306,278.5,85221.0,9,False,21
SHP-004299,PROD-0059,SUP-19,WH-04,2024-01-31,2024-03-09,2024-03-09,79,278.5,22001.5,0,True,5
SHP-004300,PROD-0059,SUP-19,WH-04,2024-02-20,2024-03-23,2024-03-23,106,278.5,29521.0,0,True,7
SHP-004301,PROD-0059,SUP-19,WH-04,2024-03-11,2024-03-25,2024-03-25,184,278.5,51244.0,0,True,12
SHP-004302,PROD-0059,SUP-19,WH-04,2024-03-31,2024-04-28,2024-04-28,223,278.5,62105.5,0,True,15
SHP-004303,PROD-0059,SUP-19,WH-04,2024-04-20,2024-05-17,2024-05-17,221,278.5,61548.5,0,True,15
SHP-004304,PROD-0059,SUP-19,WH-04,2024-05-10,2024-06-05,2024-06-05,154,278.5,42889.0,0,True,10
SHP-004305,PROD-0059,SUP-19,WH-04,2024-05-30,2024-07-07,2024-07-07,218,278.5,60713.0,0,True,15
SHP-004306,PROD-0059,SUP-19,WH-04,2024-06-19,2024-08-06,2024-08-06,499,278.5,138971.5,0,True,34
SHP-004307,PROD-0059,SUP-19,WH-04,2024-07-09,2024-08-09,2024-08-09,87,278.5,24229.5,0,True,6
SHP-004308,PROD-0059,SUP-19,WH-04,2024-07-29,2024-08-20,2024-09-02,362,278.5,100817.0,13,False,25
SHP-004309,PROD-0059,SUP-19,WH-04,2024-08-18,2024-09-16,2024-09-16,463,278.5,128945.5,0,True,32
SHP-004310,PROD-0059,SUP-19,WH-04,2024-09-07,2024-09-29,2024-09-29,86,278.5,23951.0,0,True,5
SHP-004311,PROD-0059,SUP-19,WH-04,2024-09-27,2024-10-28,2024-10-28,363,278.5,101095.5,0,True,25
SHP-004312,PROD-0059,SUP-19,WH-04,2024-10-17,2024-11-03,2024-11-05,295,278.5,82157.5,2,False,20
SHP-004313,PROD-0059,SUP-19,WH-04,2024-11-06,2024-12-04,2024-12-04,71,278.5,19773.5,0,True,4
SHP-004314,PROD-0059,SUP-19,WH-04,2024-11-26,2025-01-03,2025-01-03,309,278.5,86056.5,0,True,21
SHP-004315,PROD-0059,SUP-19,WH-04,2024-12-16,2025-01-16,2025-01-16,270,278.5,75195.0,0,True,18
SHP-004316,PROD-0060,SUP-20,WH-05,2022-01-01,2022-01-25,2022-01-25,498,399.08,198741.84,0,True,49
SHP-004317,PROD-0060,SUP-20,WH-05,2022-01-18,2022-02-11,2022-02-11,78,399.08,31128.24,0,True,7
SHP-004318,PROD-0060,SUP-20,WH-05,2022-02-04,2022-02-21,2022-02-21,465,399.08,185572.2,0,True,46
SHP-004319,PROD-0060,SUP-20,WH-05,2022-02-21,2022-03-14,2022-03-14,490,399.08,195549.2,0,True,48
SHP-004320,PROD-0060,SUP-20,WH-05,2022-03-10,2022-04-06,2022-04-06,427,399.08,170407.16,0,True,42
SHP-004321,PROD-0060,SUP-20,WH-05,2022-03-27,2022-04-19,2022-04-19,76,399.08,30330.08,0,True,7
SHP-004322,PROD-0060,SUP-20,WH-05,2022-04-13,2022-05-06,2022-05-06,406,399.08,162026.48,0,True,40
SHP-004323,PROD-0060,SUP-20,WH-05,2022-04-30,2022-05-20,2022-05-20,268,399.08,106953.44,0,True,26
SHP-004324,PROD-0060,SUP-20,WH-05,2022-05-17,2022-06-03,2022-06-03,274,399.08,109347.92,0,True,27
SHP-004325,PROD-0060,SUP-20,WH-05,2022-06-03,2022-06-24,2022-06-26,238,399.08,94981.04,2,False,23
SHP-004326,PROD-0060,SUP-20,WH-05,2022-06-20,2022-07-13,2022-07-13,273,399.08,108948.84,0,True,27
SHP-004327,PROD-0060,SUP-20,WH-05,2022-07-07,2022-07-28,2022-07-28,97,399.08,38710.76,0,True,9
SHP-004328,PROD-0060,SUP-20,WH-05,2022-07-24,2022-08-14,2022-08-14,261,399.08,104159.88,0,True,25
SHP-004329,PROD-0060,SUP-20,WH-05,2022-08-10,2022-08-31,2022-08-31,463,399.08,184774.04,0,True,45
SHP-004330,PROD-0060,SUP-20,WH-05,2022-08-27,2022-09-21,2022-09-21,73,399.08,29132.84,0,True,7
SHP-004331,PROD-0060,SUP-20,WH-05,2022-09-13,2022-10-04,2022-10-04,418,399.08,166815.44,0,True,41
SHP-004332,PROD-0060,SUP-20,WH-05,2022-09-30,2022-10-17,2022-10-21,89,399.08,35518.12,4,False,8
SHP-004333,PROD-0060,SUP-20,WH-05,2022-10-17,2022-11-05,2022-11-05,142,399.08,56669.36,0,True,14
SHP-004334,PROD-0060,SUP-20,WH-05,2022-11-03,2022-11-30,2022-11-30,229,399.08,91389.32,0,True,22
SHP-004335,PROD-0060,SUP-20,WH-05,2022-11-20,2022-12-12,2022-12-12,175,399.08,69839.0,0,True,17
SHP-004336,PROD-0060,SUP-20,WH-05,2022-12-07,2022-12-23,2022-12-23,253,399.08,100967.24,0,True,25
SHP-004337,PROD-0060,SUP-20,WH-05,2022-12-24,2023-01-16,2023-01-16,386,399.08,154044.88,0,True,38
SHP-004338,PROD-0060,SUP-20,WH-05,2023-01-10,2023-01-28,2023-01-28,328,399.08,130898.24,0,True,32
SHP-004339,PROD-0060,SUP-20,WH-05,2023-01-27,2023-02-18,2023-02-18,426,399.08,170008.08,0,True,42
SHP-004340,PROD-0060,SUP-20,WH-05,2023-02-13,2023-03-12,2023-03-12,489,399.08,195150.12,0,True,48
SHP-004341,PROD-0060,SUP-20,WH-05,2023-03-02,2023-03-20,2023-03-20,204,399.08,81412.32,0,True,20
SHP-004342,PROD-0060,SUP-20,WH-05,2023-03-19,2023-04-04,2023-04-04,199,399.08,79416.92,0,True,19
SHP-004343,PROD-0060,SUP-20,WH-05,2023-04-05,2023-04-29,2023-04-29,319,399.08,127306.52,0,True,31
SHP-004344,PROD-0060,SUP-20,WH-05,2023-04-22,2023-05-13,2023-05-13,327,399.08,130499.16,0,True,32
SHP-004345,PROD-0060,SUP-20,WH-05,2023-05-09,2023-05-31,2023-05-31,227,399.08,90591.16,0,True,22
SHP-004346,PROD-0060,SUP-20,WH-05,2023-05-26,2023-06-22,2023-06-22,368,399.08,146861.44,0,True,36
SHP-004347,PROD-0060,SUP-20,WH-05,2023-06-12,2023-06-30,2023-06-30,154,399.08,61458.32,0,True,15
SHP-004348,PROD-0060,SUP-20,WH-05,2023-06-29,2023-07-22,2023-07-25,316,399.08,126109.28,3,False,31
SHP-004349,PROD-0060,SUP-20,WH-05,2023-07-16,2023-08-08,2023-08-08,333,399.08,132893.64,0,True,32
SHP-004350,PROD-0060,SUP-20,WH-05,2023-08-02,2023-08-17,2023-08-17,421,399.08,168012.68,0,True,41
SHP-004351,PROD-0060,SUP-20,WH-05,2023-08-19,2023-09-13,2023-09-13,68,399.08,27137.44,0,True,6
SHP-004352,PROD-0060,SUP-20,WH-05,2023-09-05,2023-09-29,2023-09-29,382,399.08,152448.56,0,True,37
SHP-004353,PROD-0060,SUP-20,WH-05,2023-09-22,2023-10-13,2023-10-13,108,399.08,43100.64,0,True,10
SHP-004354,PROD-0060,SUP-20,WH-05,2023-10-09,2023-11-04,2023-11-04,67,399.08,26738.36,0,True,6
SHP-004355,PROD-0060,SUP-20,WH-05,2023-10-26,2023-11-07,2023-11-07,246,399.08,98173.68,0,True,24
SHP-004356,PROD-0060,SUP-20,WH-05,2023-11-12,2023-12-01,2023-12-06,93,399.08,37114.44,5,False,9
SHP-004357,PROD-0060,SUP-20,WH-05,2023-11-29,2023-12-24,2023-12-24,362,399.08,144466.96,0,True,35
SHP-004358,PROD-0060,SUP-20,WH-05,2023-12-16,2024-01-03,2024-01-03,491,399.08,195948.28,0,True,48
SHP-004359,PROD-0060,SUP-20,WH-05,2024-01-02,2024-01-19,2024-01-19,72,399.08,28733.76,0,True,7
SHP-004360,PROD-0060,SUP-20,WH-05,2024-01-19,2024-02-11,2024-02-11,144,399.08,57467.52,0,True,14
SHP-004361,PROD-0060,SUP-20,WH-05,2024-02-05,2024-02-22,2024-02-22,76,399.08,30330.08,0,True,7
SHP-004362,PROD-0060,SUP-20,WH-05,2024-02-22,2024-03-18,2024-03-18,327,399.08,130499.16,0,True,32
SHP-004363,PROD-0060,SUP-20,WH-05,2024-03-10,2024-04-05,2024-04-05,63,399.08,25142.04,0,True,6
SHP-004364,PROD-0060,SUP-20,WH-05,2024-03-27,2024-04-16,2024-04-16,222,399.08,88595.76,0,True,21
SHP-004365,PROD-0060,SUP-20,WH-05,2024-04-13,2024-05-04,2024-05-18,464,399.08,185173.12,14,False,45
SHP-004366,PROD-0060,SUP-20,WH-05,2024-04-30,2024-05-19,2024-05-19,437,399.08,174397.96,0,True,43
SHP-004367,PROD-0060,SUP-20,WH-05,2024-05-17,2024-06-07,2024-06-07,474,399.08,189163.92,0,True,46
SHP-004368,PROD-0060,SUP-20,WH-05,2024-06-03,2024-06-22,2024-06-22,268,399.08,106953.44,0,True,26
SHP-004369,PROD-0060,SUP-20,WH-05,2024-06-20,2024-07-18,2024-07-18,426,399.08,170008.08,0,True,42
SHP-004370,PROD-0060,SUP-20,WH-05,2024-07-07,2024-08-04,2024-08-04,105,399.08,41903.4,0,True,10
SHP-004371,PROD-0060,SUP-20,WH-05,2024-07-24,2024-08-14,2024-08-14,419,399.08,167214.52,0,True,41
SHP-004372,PROD-0060,SUP-20,WH-05,2024-08-10,2024-09-05,2024-09-05,323,399.08,128902.84,0,True,31
SHP-004373,PROD-0060,SUP-20,WH-05,2024-08-27,2024-09-20,2024-09-20,418,399.08,166815.44,0,True,41
SHP-004374,PROD-0060,SUP-20,WH-05,2024-09-13,2024-09-30,2024-09-30,183,399.08,73031.64,0,True,18
SHP-004375,PROD-0060,SUP-20,WH-05,2024-09-30,2024-10-16,2024-10-19,289,399.08,115334.12,3,False,28
SHP-004376,PROD-0060,SUP-20,WH-05,2024-10-17,2024-11-05,2024-11-17,171,399.08,68242.68,12,False,16
SHP-004377,PROD-0060,SUP-20,WH-05,2024-11-03,2024-11-20,2024-11-23,193,399.08,77022.44,3,False,19
SHP-004378,PROD-0060,SUP-20,WH-05,2024-11-20,2024-12-13,2024-12-13,190,399.08,75825.2,0,True,18
SHP-004379,PROD-0060,SUP-20,WH-05,2024-12-07,2024-12-31,2025-01-02,444,399.08,177191.52,2,False,43
SHP-004380,PROD-0060,SUP-20,WH-05,2024-12-24,2025-01-11,2025-01-11,342,399.08,136485.36,0,True,33
SHP-004381,PROD-0061,SUP-01,WH-01,2022-01-01,2022-02-16,2022-02-16,235,55.88,13131.8,0,True,15
SHP-004382,PROD-0061,SUP-01,WH-01,2022-01-17,2022-03-10,2022-03-10,450,55.88,25146.0,0,True,29
SHP-004383,PROD-0061,SUP-01,WH-01,2022-02-02,2022-03-11,2022-03-11,361,55.88,20172.68,0,True,23
SHP-004384,PROD-0061,SUP-01,WH-01,2022-02-18,2022-04-02,2022-04-02,341,55.88,19055.08,0,True,22
SHP-004385,PROD-0061,SUP-01,WH-01,2022-03-06,2022-04-19,2022-04-19,185,55.88,10337.8,0,True,12
SHP-004386,PROD-0061,SUP-01,WH-01,2022-03-22,2022-05-02,2022-05-02,286,55.88,15981.68,0,True,18
SHP-004387,PROD-0061,SUP-01,WH-01,2022-04-07,2022-05-29,2022-05-29,288,55.88,16093.44,0,True,19
SHP-004388,PROD-0061,SUP-01,WH-01,2022-04-23,2022-06-07,2022-06-08,295,55.88,16484.6,1,False,19
SHP-004389,PROD-0061,SUP-01,WH-01,2022-05-09,2022-06-24,2022-06-24,161,55.88,8996.68,0,True,10
SHP-004390,PROD-0061,SUP-01,WH-01,2022-05-25,2022-07-02,2022-07-02,90,55.88,5029.2,0,True,5
SHP-004391,PROD-0061,SUP-01,WH-01,2022-06-10,2022-07-27,2022-08-01,332,55.88,18552.16,5,False,21
SHP-004392,PROD-0061,SUP-01,WH-01,2022-06-26,2022-08-04,2022-08-10,275,55.88,15367.0,6,False,18
SHP-004393,PROD-0061,SUP-01,WH-01,2022-07-12,2022-08-26,2022-08-26,452,55.88,25257.76,0,True,29
SHP-004394,PROD-0061,SUP-01,WH-01,2022-07-28,2022-08-26,2022-08-26,303,55.88,16931.64,0,True,20
SHP-004395,PROD-0061,SUP-01,WH-01,2022-08-13,2022-09-27,2022-09-27,139,55.88,7767.32,0,True,9
SHP-004396,PROD-0061,SUP-01,WH-01,2022-08-29,2022-10-13,2022-10-16,385,55.88,21513.8,3,False,25
SHP-004397,PROD-0061,SUP-01,WH-01,2022-09-14,2022-10-26,2022-10-26,385,55.88,21513.8,0,True,25
SHP-004398,PROD-0061,SUP-01,WH-01,2022-09-30,2022-10-24,2022-10-24,309,55.88,17266.92,0,True,20
SHP-004399,PROD-0061,SUP-01,WH-01,2022-10-16,2022-12-02,2022-12-02,212,55.88,11846.56,0,True,14
SHP-004400,PROD-0061,SUP-01,WH-01,2022-11-01,2022-12-20,2022-12-20,166,55.88,9276.08,0,True,10
SHP-004401,PROD-0061,SUP-01,WH-01,2022-11-17,2022-12-19,2022-12-20,182,55.88,10170.16,1,False,12
SHP-004402,PROD-0061,SUP-01,WH-01,2022-12-03,2023-01-19,2023-01-19,482,55.88,26934.16,0,True,31
SHP-004403,PROD-0061,SUP-01,WH-01,2022-12-19,2023-01-21,2023-01-21,326,55.88,18216.88,0,True,21
SHP-004404,PROD-0061,SUP-01,WH-01,2023-01-04,2023-02-09,2023-02-09,170,55.88,9499.6,0,True,11
SHP-004405,PROD-0061,SUP-01,WH-01,2023-01-20,2023-02-28,2023-02-28,309,55.88,17266.92,0,True,20
SHP-004406,PROD-0061,SUP-01,WH-01,2023-02-05,2023-03-24,2023-03-24,89,55.88,4973.32,0,True,5
SHP-004407,PROD-0061,SUP-01,WH-01,2023-02-21,2023-04-07,2023-04-07,342,55.88,19110.96,0,True,22
SHP-004408,PROD-0061,SUP-01,WH-01,2023-03-09,2023-04-18,2023-04-18,398,55.88,22240.24,0,True,26
SHP-004409,PROD-0061,SUP-01,WH-01,2023-03-25,2023-05-03,2023-05-03,268,55.88,14975.84,0,True,17
SHP-004410,PROD-0061,SUP-01,WH-01,2023-04-10,2023-05-24,2023-05-24,217,55.88,12125.96,0,True,14
SHP-004411,PROD-0061,SUP-01,WH-01,2023-04-26,2023-06-06,2023-06-06,221,55.88,12349.48,0,True,14
SHP-004412,PROD-0061,SUP-01,WH-01,2023-05-12,2023-06-28,2023-07-05,241,55.88,13467.08,7,False,15
SHP-004413,PROD-0061,SUP-01,WH-01,2023-05-28,2023-07-01,2023-07-09,200,55.88,11176.0,8,False,13
SHP-004414,PROD-0061,SUP-01,WH-01,2023-06-13,2023-08-06,2023-08-06,238,55.88,13299.44,0,True,15
SHP-004415,PROD-0061,SUP-01,WH-01,2023-06-29,2023-08-15,2023-08-15,126,55.88,7040.88,0,True,8
SHP-004416,PROD-0061,SUP-01,WH-01,2023-07-15,2023-08-11,2023-08-11,361,55.88,20172.68,0,True,23
SHP-004417,PROD-0061,SUP-01,WH-01,2023-07-31,2023-09-11,2023-09-11,311,55.88,17378.68,0,True,20
SHP-004418,PROD-0061,SUP-01,WH-01,2023-08-16,2023-09-17,2023-09-17,310,55.88,17322.8,0,True,20
SHP-004419,PROD-0061,SUP-01,WH-01,2023-09-01,2023-10-11,2023-10-11,226,55.88,12628.88,0,True,14
SHP-004420,PROD-0061,SUP-01,WH-01,2023-09-17,2023-10-11,2023-10-11,348,55.88,19446.24,0,True,23
SHP-004421,PROD-0061,SUP-01,WH-01,2023-10-03,2023-11-03,2023-11-03,126,55.88,7040.88,0,True,8
SHP-004422,PROD-0061,SUP-01,WH-01,2023-10-19,2023-11-28,2023-11-28,382,55.88,21346.16,0,True,25
SHP-004423,PROD-0061,SUP-01,WH-01,2023-11-04,2023-12-11,2023-12-13,164,55.88,9164.32,2,False,10
SHP-004424,PROD-0061,SUP-01,WH-01,2023-11-20,2024-01-07,2024-01-07,344,55.88,19222.72,0,True,22
SHP-004425,PROD-0061,SUP-01,WH-01,2023-12-06,2024-01-13,2024-01-13,264,55.88,14752.32,0,True,17
SHP-004426,PROD-0061,SUP-01,WH-01,2023-12-22,2024-02-04,2024-02-04,483,55.88,26990.04,0,True,31
SHP-004427,PROD-0061,SUP-01,WH-01,2024-01-07,2024-02-25,2024-02-25,360,55.88,20116.8,0,True,23
SHP-004428,PROD-0061,SUP-01,WH-01,2024-01-23,2024-02-23,2024-02-23,316,55.88,17658.08,0,True,20
SHP-004429,PROD-0061,SUP-01,WH-01,2024-02-08,2024-03-12,2024-03-12,149,55.88,8326.12,0,True,9
SHP-004430,PROD-0061,SUP-01,WH-01,2024-02-24,2024-03-31,2024-03-31,174,55.88,9723.12,0,True,11
SHP-004431,PROD-0061,SUP-01,WH-01,2024-03-11,2024-04-20,2024-04-20,443,55.88,24754.84,0,True,29
SHP-004432,PROD-0061,SUP-01,WH-01,2024-03-27,2024-05-11,2024-05-11,211,55.88,11790.68,0,True,13
SHP-004433,PROD-0061,SUP-01,WH-01,2024-04-12,2024-05-12,2024-05-24,404,55.88,22575.52,12,False,26
SHP-004434,PROD-0061,SUP-01,WH-01,2024-04-28,2024-05-30,2024-05-30,500,55.88,27940.0,0,True,33
SHP-004435,PROD-0061,SUP-01,WH-01,2024-05-14,2024-06-24,2024-06-24,230,55.88,12852.4,0,True,15
SHP-004436,PROD-0061,SUP-01,WH-01,2024-05-30,2024-06-29,2024-06-29,235,55.88,13131.8,0,True,15
SHP-004437,PROD-0061,SUP-01,WH-01,2024-06-15,2024-07-21,2024-07-21,167,55.88,9331.96,0,True,11
SHP-004438,PROD-0061,SUP-01,WH-01,2024-07-01,2024-08-05,2024-08-05,167,55.88,9331.96,0,True,11
SHP-004439,PROD-0061,SUP-01,WH-01,2024-07-17,2024-08-24,2024-08-24,114,55.88,6370.32,0,True,7
SHP-004440,PROD-0061,SUP-01,WH-01,2024-08-02,2024-09-22,2024-09-22,258,55.88,14417.04,0,True,17
SHP-004441,PROD-0061,SUP-01,WH-01,2024-08-18,2024-09-23,2024-09-23,120,55.88,6705.6,0,True,7
SHP-004442,PROD-0061,SUP-01,WH-01,2024-09-03,2024-10-07,2024-10-07,196,55.88,10952.48,0,True,12
SHP-004443,PROD-0061,SUP-01,WH-01,2024-09-19,2024-10-25,2024-10-25,91,55.88,5085.08,0,True,6
SHP-004444,PROD-0061,SUP-01,WH-01,2024-10-05,2024-11-09,2024-11-09,125,55.88,6985.0,0,True,8
SHP-004445,PROD-0061,SUP-01,WH-01,2024-10-21,2024-12-05,2024-12-05,445,55.88,24866.6,0,True,29
SHP-004446,PROD-0061,SUP-01,WH-01,2024-11-06,2024-12-20,2024-12-24,498,55.88,27828.24,4,False,32
SHP-004447,PROD-0061,SUP-01,WH-01,2024-11-22,2024-12-28,2024-12-28,111,55.88,6202.68,0,True,7
SHP-004448,PROD-0061,SUP-01,WH-01,2024-12-08,2025-01-16,2025-01-16,333,55.88,18608.04,0,True,22
SHP-004449,PROD-0061,SUP-01,WH-01,2024-12-24,2025-01-29,2025-02-10,430,55.88,24028.4,12,False,28
SHP-004450,PROD-0062,SUP-02,WH-02,2022-01-01,2022-01-11,2022-01-11,476,463.25,220507.0,0,True,6
SHP-004451,PROD-0062,SUP-02,WH-02,2022-01-12,2022-01-31,2022-01-31,135,463.25,62538.75,0,True,1
SHP-004452,PROD-0062,SUP-02,WH-02,2022-01-23,2022-02-11,2022-02-11,493,463.25,228382.25,0,True,6
SHP-004453,PROD-0062,SUP-02,WH-02,2022-02-03,2022-02-16,2022-02-16,266,463.25,123224.5,0,True,3
SHP-004454,PROD-0062,SUP-02,WH-02,2022-02-14,2022-02-17,2022-02-17,406,463.25,188079.5,0,True,5
SHP-004455,PROD-0062,SUP-02,WH-02,2022-02-25,2022-02-26,2022-02-26,200,463.25,92650.0,0,True,2
SHP-004456,PROD-0062,SUP-02,WH-02,2022-03-08,2022-03-09,2022-03-09,472,463.25,218654.0,0,True,6
SHP-004457,PROD-0062,SUP-02,WH-02,2022-03-19,2022-03-26,2022-03-26,365,463.25,169086.25,0,True,4
SHP-004458,PROD-0062,SUP-02,WH-02,2022-03-30,2022-04-01,2022-04-03,73,463.25,33817.25,2,False,0
SHP-004459,PROD-0062,SUP-02,WH-02,2022-04-10,2022-04-28,2022-04-28,231,463.25,107010.75,0,True,3
SHP-004460,PROD-0062,SUP-02,WH-02,2022-04-21,2022-04-22,2022-04-22,372,463.25,172329.0,0,True,5
SHP-004461,PROD-0062,SUP-02,WH-02,2022-05-02,2022-05-18,2022-05-18,273,463.25,126467.25,0,True,3
SHP-004462,PROD-0062,SUP-02,WH-02,2022-05-13,2022-05-14,2022-05-14,408,463.25,189006.0,0,True,5
SHP-004463,PROD-0062,SUP-02,WH-02,2022-05-24,2022-05-25,2022-05-25,420,463.25,194565.0,0,True,5
SHP-004464,PROD-0062,SUP-02,WH-02,2022-06-04,2022-06-05,2022-06-05,469,463.25,217264.25,0,True,6
SHP-004465,PROD-0062,SUP-02,WH-02,2022-06-15,2022-06-16,2022-06-16,53,463.25,24552.25,0,True,0
SHP-004466,PROD-0062,SUP-02,WH-02,2022-06-26,2022-07-15,2022-07-15,395,463.25,182983.75,0,True,5
SHP-004467,PROD-0062,SUP-02,WH-02,2022-07-07,2022-07-15,2022-07-15,214,463.25,99135.5,0,True,2
SHP-004468,PROD-0062,SUP-02,WH-02,2022-07-18,2022-08-07,2022-08-07,419,463.25,194101.75,0,True,5
SHP-004469,PROD-0062,SUP-02,WH-02,2022-07-29,2022-08-07,2022-08-07,445,463.25,206146.25,0,True,6
SHP-004470,PROD-0062,SUP-02,WH-02,2022-08-09,2022-08-10,2022-08-10,302,463.25,139901.5,0,True,4
SHP-004471,PROD-0062,SUP-02,WH-02,2022-08-20,2022-08-21,2022-08-21,315,463.25,145923.75,0,True,4
SHP-004472,PROD-0062,SUP-02,WH-02,2022-08-31,2022-09-05,2022-09-05,482,463.25,223286.5,0,True,6
SHP-004473,PROD-0062,SUP-02,WH-02,2022-09-11,2022-09-13,2022-09-13,246,463.25,113959.5,0,True,3
SHP-004474,PROD-0062,SUP-02,WH-02,2022-09-22,2022-10-05,2022-10-05,123,463.25,56979.75,0,True,1
SHP-004475,PROD-0062,SUP-02,WH-02,2022-10-03,2022-10-21,2022-10-21,426,463.25,197344.5,0,True,5
SHP-004476,PROD-0062,SUP-02,WH-02,2022-10-14,2022-11-05,2022-11-05,315,463.25,145923.75,0,True,4
SHP-004477,PROD-0062,SUP-02,WH-02,2022-10-25,2022-11-07,2022-11-07,365,463.25,169086.25,0,True,4
SHP-004478,PROD-0062,SUP-02,WH-02,2022-11-05,2022-11-06,2022-11-06,195,463.25,90333.75,0,True,2
SHP-004479,PROD-0062,SUP-02,WH-02,2022-11-16,2022-12-01,2022-12-01,190,463.25,88017.5,0,True,2
SHP-004480,PROD-0062,SUP-02,WH-02,2022-11-27,2022-12-12,2022-12-12,136,463.25,63002.0,0,True,1
SHP-004481,PROD-0062,SUP-02,WH-02,2022-12-08,2022-12-09,2022-12-09,182,463.25,84311.5,0,True,2
SHP-004482,PROD-0062,SUP-02,WH-02,2022-12-19,2022-12-30,2022-12-30,168,463.25,77826.0,0,True,2
SHP-004483,PROD-0062,SUP-02,WH-02,2022-12-30,2023-01-02,2023-01-02,99,463.25,45861.75,0,True,1
SHP-004484,PROD-0062,SUP-02,WH-02,2023-01-10,2023-01-11,2023-01-11,310,463.25,143607.5,0,True,4
SHP-004485,PROD-0062,SUP-02,WH-02,2023-01-21,2023-02-08,2023-02-08,356,463.25,164917.0,0,True,4
SHP-004486,PROD-0062,SUP-02,WH-02,2023-02-01,2023-02-11,2023-02-11,326,463.25,151019.5,0,True,4
SHP-004487,PROD-0062,SUP-02,WH-02,2023-02-12,2023-03-03,2023-03-03,53,463.25,24552.25,0,True,0
SHP-004488,PROD-0062,SUP-02,WH-02,2023-02-23,2023-03-02,2023-03-02,63,463.25,29184.75,0,True,0
SHP-004489,PROD-0062,SUP-02,WH-02,2023-03-06,2023-03-08,2023-03-08,342,463.25,158431.5,0,True,4
SHP-004490,PROD-0062,SUP-02,WH-02,2023-03-17,2023-03-18,2023-03-18,316,463.25,146387.0,0,True,4
SHP-004491,PROD-0062,SUP-02,WH-02,2023-03-28,2023-04-23,2023-04-23,201,463.25,93113.25,0,True,2
SHP-004492,PROD-0062,SUP-02,WH-02,2023-04-08,2023-04-27,2023-04-27,482,463.25,223286.5,0,True,6
SHP-004493,PROD-0062,SUP-02,WH-02,2023-04-19,2023-04-20,2023-04-20,271,463.25,125540.75,0,True,3
SHP-004494,PROD-0062,SUP-02,WH-02,2023-04-30,2023-05-01,2023-05-01,492,463.25,227919.0,0,True,6
SHP-004495,PROD-0062,SUP-02,WH-02,2023-05-11,2023-05-30,2023-06-02,424,463.25,196418.0,3,False,5
SHP-004496,PROD-0062,SUP-02,WH-02,2023-05-22,2023-06-03,2023-06-03,231,463.25,107010.75,0,True,3
SHP-004497,PROD-0062,SUP-02,WH-02,2023-06-02,2023-06-19,2023-06-19,456,463.25,211242.0,0,True,6
SHP-004498,PROD-0062,SUP-02,WH-02,2023-06-13,2023-06-14,2023-06-14,217,463.25,100525.25,0,True,2
SHP-004499,PROD-0062,SUP-02,WH-02,2023-06-24,2023-06-25,2023-06-25,191,463.25,88480.75,0,True,2
SHP-004500,PROD-0062,SUP-02,WH-02,2023-07-05,2023-07-15,2023-07-15,312,463.25,144534.0,0,True,4
SHP-004501,PROD-0062,SUP-02,WH-02,2023-07-16,2023-07-18,2023-07-18,411,463.25,190395.75,0,True,5
SHP-004502,PROD-0062,SUP-02,WH-02,2023-07-27,2023-07-30,2023-07-30,69,463.25,31964.25,0,True,0
SHP-004503,PROD-0062,SUP-02,WH-02,2023-08-07,2023-08-08,2023-08-08,411,463.25,190395.75,0,True,5
SHP-004504,PROD-0062,SUP-02,WH-02,2023-08-18,2023-08-22,2023-08-22,147,463.25,68097.75,0,True,1
SHP-004505,PROD-0062,SUP-02,WH-02,2023-08-29,2023-09-09,2023-09-09,478,463.25,221433.5,0,True,6
SHP-004506,PROD-0062,SUP-02,WH-02,2023-09-09,2023-09-24,2023-09-24,374,463.25,173255.5,0,True,5
SHP-004507,PROD-0062,SUP-02,WH-02,2023-09-20,2023-10-03,2023-10-03,120,463.25,55590.0,0,True,1
SHP-004508,PROD-0062,SUP-02,WH-02,2023-10-01,2023-10-05,2023-10-05,162,463.25,75046.5,0,True,2
SHP-004509,PROD-0062,SUP-02,WH-02,2023-10-12,2023-10-28,2023-10-28,290,463.25,134342.5,0,True,3
SHP-004510,PROD-0062,SUP-02,WH-02,2023-10-23,2023-10-27,2023-10-27,145,463.25,67171.25,0,True,1
SHP-004511,PROD-0062,SUP-02,WH-02,2023-11-03,2023-12-01,2023-12-01,117,463.25,54200.25,0,True,1
SHP-004512,PROD-0062,SUP-02,WH-02,2023-11-14,2023-11-26,2023-11-26,95,463.25,44008.75,0,True,1
SHP-004513,PROD-0062,SUP-02,WH-02,2023-11-25,2023-12-03,2023-12-03,433,463.25,200587.25,0,True,5
SHP-004514,PROD-0062,SUP-02,WH-02,2023-12-06,2023-12-15,2023-12-15,84,463.25,38913.0,0,True,1
SHP-004515,PROD-0062,SUP-02,WH-02,2023-12-17,2023-12-18,2023-12-18,156,463.25,72267.0,0,True,2
SHP-004516,PROD-0062,SUP-02,WH-02,2023-12-28,2024-01-13,2024-01-13,264,463.25,122298.0,0,True,3
SHP-004517,PROD-0062,SUP-02,WH-02,2024-01-08,2024-01-09,2024-01-09,244,463.25,113033.0,0,True,3
SHP-004518,PROD-0062,SUP-02,WH-02,2024-01-19,2024-02-07,2024-02-07,376,463.25,174182.0,0,True,5
SHP-004519,PROD-0062,SUP-02,WH-02,2024-01-30,2024-02-10,2024-02-10,386,463.25,178814.5,0,True,5
SHP-004520,PROD-0062,SUP-02,WH-02,2024-02-10,2024-02-11,2024-02-11,480,463.25,222360.0,0,True,6
SHP-004521,PROD-0062,SUP-02,WH-02,2024-02-21,2024-03-05,2024-03-05,392,463.25,181594.0,0,True,5
SHP-004522,PROD-0062,SUP-02,WH-02,2024-03-03,2024-03-05,2024-03-05,372,463.25,172329.0,0,True,5
SHP-004523,PROD-0062,SUP-02,WH-02,2024-03-14,2024-03-15,2024-03-15,328,463.25,151946.0,0,True,4
SHP-004524,PROD-0062,SUP-02,WH-02,2024-03-25,2024-04-04,2024-04-04,162,463.25,75046.5,0,True,2
SHP-004525,PROD-0062,SUP-02,WH-02,2024-04-05,2024-04-17,2024-04-17,436,463.25,201977.0,0,True,5
SHP-004526,PROD-0062,SUP-02,WH-02,2024-04-16,2024-04-20,2024-04-20,278,463.25,128783.5,0,True,3
SHP-004527,PROD-0062,SUP-02,WH-02,2024-04-27,2024-05-01,2024-05-01,267,463.25,123687.75,0,True,3
SHP-004528,PROD-0062,SUP-02,WH-02,2024-05-08,2024-05-13,2024-05-13,213,463.25,98672.25,0,True,2
SHP-004529,PROD-0062,SUP-02,WH-02,2024-05-19,2024-06-02,2024-06-02,406,463.25,188079.5,0,True,5
SHP-004530,PROD-0062,SUP-02,WH-02,2024-05-30,2024-06-14,2024-06-14,446,463.25,206609.5,0,True,6
SHP-004531,PROD-0062,SUP-02,WH-02,2024-06-10,2024-06-24,2024-06-24,492,463.25,227919.0,0,True,6
SHP-004532,PROD-0062,SUP-02,WH-02,2024-06-21,2024-06-23,2024-06-23,401,463.25,185763.25,0,True,5
SHP-004533,PROD-0062,SUP-02,WH-02,2024-07-02,2024-08-01,2024-08-01,187,463.25,86627.75,0,True,2
SHP-004534,PROD-0062,SUP-02,WH-02,2024-07-13,2024-07-14,2024-07-14,485,463.25,224676.25,0,True,6
SHP-004535,PROD-0062,SUP-02,WH-02,2024-07-24,2024-07-25,2024-07-25,337,463.25,156115.25,0,True,4
SHP-004536,PROD-0062,SUP-02,WH-02,2024-08-04,2024-08-18,2024-08-18,395,463.25,182983.75,0,True,5
SHP-004537,PROD-0062,SUP-02,WH-02,2024-08-15,2024-09-08,2024-09-08,464,463.25,214948.0,0,True,6
SHP-004538,PROD-0062,SUP-02,WH-02,2024-08-26,2024-09-07,2024-09-07,183,463.25,84774.75,0,True,2
SHP-004539,PROD-0062,SUP-02,WH-02,2024-09-06,2024-09-11,2024-09-11,422,463.25,195491.5,0,True,5
SHP-004540,PROD-0062,SUP-02,WH-02,2024-09-17,2024-10-07,2024-10-07,469,463.25,217264.25,0,True,6
SHP-004541,PROD-0062,SUP-02,WH-02,2024-09-28,2024-10-02,2024-10-02,259,463.25,119981.75,0,True,3
SHP-004542,PROD-0062,SUP-02,WH-02,2024-10-09,2024-10-10,2024-10-10,135,463.25,62538.75,0,True,1
SHP-004543,PROD-0062,SUP-02,WH-02,2024-10-20,2024-11-06,2024-11-06,370,463.25,171402.5,0,True,4
SHP-004544,PROD-0062,SUP-02,WH-02,2024-10-31,2024-11-23,2024-11-23,364,463.25,168623.0,0,True,4
SHP-004545,PROD-0062,SUP-02,WH-02,2024-11-11,2024-11-12,2024-11-12,359,463.25,166306.75,0,True,4
SHP-004546,PROD-0062,SUP-02,WH-02,2024-11-22,2024-12-17,2024-12-17,419,463.25,194101.75,0,True,5
SHP-004547,PROD-0062,SUP-02,WH-02,2024-12-03,2024-12-21,2024-12-21,96,463.25,44472.0,0,True,1
SHP-004548,PROD-0062,SUP-02,WH-02,2024-12-14,2024-12-31,2024-12-31,230,463.25,106547.5,0,True,3
SHP-004549,PROD-0062,SUP-02,WH-02,2024-12-25,2025-01-11,2025-01-11,82,463.25,37986.5,0,True,1
SHP-004550,PROD-0063,SUP-03,WH-03,2022-01-01,2022-02-14,2022-02-14,235,369.6,86856.0,0,True,31
SHP-004551,PROD-0063,SUP-03,WH-03,2022-01-21,2022-03-05,2022-03-05,130,369.6,48048.0,0,True,17
SHP-004552,PROD-0063,SUP-03,WH-03,2022-02-10,2022-03-24,2022-03-24,490,369.6,181104.0,0,True,66
SHP-004553,PROD-0063,SUP-03,WH-03,2022-03-02,2022-04-11,2022-04-11,460,369.6,170016.0,0,True,62
SHP-004554,PROD-0063,SUP-03,WH-03,2022-03-22,2022-05-02,2022-05-05,219,369.6,80942.4,3,False,29
SHP-004555,PROD-0063,SUP-03,WH-03,2022-04-11,2022-05-24,2022-05-24,425,369.6,157080.0,0,True,57
SHP-004556,PROD-0063,SUP-03,WH-03,2022-05-01,2022-06-13,2022-06-17,68,369.6,25132.8,4,False,9
SHP-004557,PROD-0063,SUP-03,WH-03,2022-05-21,2022-07-01,2022-07-01,319,369.6,117902.4,0,True,43
SHP-004558,PROD-0063,SUP-03,WH-03,2022-06-10,2022-07-21,2022-07-21,455,369.6,168168.0,0,True,61
SHP-004559,PROD-0063,SUP-03,WH-03,2022-06-30,2022-08-11,2022-08-11,194,369.6,71702.4,0,True,26
SHP-004560,PROD-0063,SUP-03,WH-03,2022-07-20,2022-08-30,2022-08-30,373,369.6,137860.8,0,True,50
SHP-004561,PROD-0063,SUP-03,WH-03,2022-08-09,2022-09-19,2022-09-19,67,369.6,24763.2,0,True,9
SHP-004562,PROD-0063,SUP-03,WH-03,2022-08-29,2022-10-12,2022-10-17,466,369.6,172233.6,5,False,63
SHP-004563,PROD-0063,SUP-03,WH-03,2022-09-18,2022-10-28,2022-10-28,255,369.6,94248.0,0,True,34
SHP-004564,PROD-0063,SUP-03,WH-03,2022-10-08,2022-11-19,2022-11-22,498,369.6,184060.8,3,False,67
SHP-004565,PROD-0063,SUP-03,WH-03,2022-10-28,2022-12-10,2022-12-15,89,369.6,32894.4,5,False,12
SHP-004566,PROD-0063,SUP-03,WH-03,2022-11-17,2022-12-30,2022-12-30,410,369.6,151536.0,0,True,55
SHP-004567,PROD-0063,SUP-03,WH-03,2022-12-07,2023-01-18,2023-01-31,60,369.6,22176.0,13,False,8
SHP-004568,PROD-0063,SUP-03,WH-03,2022-12-27,2023-02-11,2023-02-12,327,369.6,120859.2,1,False,44
SHP-004569,PROD-0063,SUP-03,WH-03,2023-01-16,2023-03-01,2023-03-11,98,369.6,36220.8,10,False,13
SHP-004570,PROD-0063,SUP-03,WH-03,2023-02-05,2023-03-23,2023-03-23,250,369.6,92400.0,0,True,33
SHP-004571,PROD-0063,SUP-03,WH-03,2023-02-25,2023-04-08,2023-04-12,489,369.6,180734.4,4,False,66
SHP-004572,PROD-0063,SUP-03,WH-03,2023-03-17,2023-04-29,2023-05-04,267,369.6,98683.2,5,False,36
SHP-004573,PROD-0063,SUP-03,WH-03,2023-04-06,2023-05-21,2023-05-30,204,369.6,75398.4,9,False,27
SHP-004574,PROD-0063,SUP-03,WH-03,2023-04-26,2023-06-11,2023-06-11,101,369.6,37329.6,0,True,13
SHP-004575,PROD-0063,SUP-03,WH-03,2023-05-16,2023-06-30,2023-07-05,345,369.6,127512.0,5,False,46
SHP-004576,PROD-0063,SUP-03,WH-03,2023-06-05,2023-07-17,2023-07-17,269,369.6,99422.4,0,True,36
SHP-004577,PROD-0063,SUP-03,WH-03,2023-06-25,2023-08-07,2023-08-07,258,369.6,95356.8,0,True,34
SHP-004578,PROD-0063,SUP-03,WH-03,2023-07-15,2023-08-26,2023-08-26,195,369.6,72072.0,0,True,26
SHP-004579,PROD-0063,SUP-03,WH-03,2023-08-04,2023-09-16,2023-09-16,175,369.6,64680.0,0,True,23
SHP-004580,PROD-0063,SUP-03,WH-03,2023-08-24,2023-10-05,2023-10-05,304,369.6,112358.4,0,True,41
SHP-004581,PROD-0063,SUP-03,WH-03,2023-09-13,2023-10-26,2023-10-26,240,369.6,88704.0,0,True,32
SHP-004582,PROD-0063,SUP-03,WH-03,2023-10-03,2023-11-09,2023-11-09,105,369.6,38808.0,0,True,14
SHP-004583,PROD-0063,SUP-03,WH-03,2023-10-23,2023-12-03,2023-12-03,62,369.6,22915.2,0,True,8
SHP-004584,PROD-0063,SUP-03,WH-03,2023-11-12,2023-12-26,2024-01-02,278,369.6,102748.8,7,False,37
SHP-004585,PROD-0063,SUP-03,WH-03,2023-12-02,2024-01-18,2024-01-18,105,369.6,38808.0,0,True,14
SHP-004586,PROD-0063,SUP-03,WH-03,2023-12-22,2024-02-03,2024-02-03,123,369.6,45460.8,0,True,16
SHP-004587,PROD-0063,SUP-03,WH-03,2024-01-11,2024-02-22,2024-02-22,92,369.6,34003.2,0,True,12
SHP-004588,PROD-0063,SUP-03,WH-03,2024-01-31,2024-03-11,2024-03-11,156,369.6,57657.6,0,True,21
SHP-004589,PROD-0063,SUP-03,WH-03,2024-02-20,2024-04-01,2024-04-15,353,369.6,130468.8,14,False,47
SHP-004590,PROD-0063,SUP-03,WH-03,2024-03-11,2024-04-22,2024-04-22,256,369.6,94617.6,0,True,34
SHP-004591,PROD-0063,SUP-03,WH-03,2024-03-31,2024-05-13,2024-05-23,317,369.6,117163.2,10,False,42
SHP-004592,PROD-0063,SUP-03,WH-03,2024-04-20,2024-05-31,2024-06-12,439,369.6,162254.4,12,False,59
SHP-004593,PROD-0063,SUP-03,WH-03,2024-05-10,2024-06-21,2024-06-21,302,369.6,111619.2,0,True,40
SHP-004594,PROD-0063,SUP-03,WH-03,2024-05-30,2024-07-13,2024-07-13,429,369.6,158558.4,0,True,58
SHP-004595,PROD-0063,SUP-03,WH-03,2024-06-19,2024-08-02,2024-08-08,68,369.6,25132.8,6,False,9
SHP-004596,PROD-0063,SUP-03,WH-03,2024-07-09,2024-08-21,2024-08-21,356,369.6,131577.6,0,True,48
SHP-004597,PROD-0063,SUP-03,WH-03,2024-07-29,2024-09-09,2024-09-16,187,369.6,69115.2,7,False,25
SHP-004598,PROD-0063,SUP-03,WH-03,2024-08-18,2024-09-27,2024-09-27,337,369.6,124555.2,0,True,45
SHP-004599,PROD-0063,SUP-03,WH-03,2024-09-07,2024-10-19,2024-10-19,305,369.6,112728.0,0,True,41
SHP-004600,PROD-0063,SUP-03,WH-03,2024-09-27,2024-11-10,2024-11-16,170,369.6,62832.0,6,False,22
SHP-004601,PROD-0063,SUP-03,WH-03,2024-10-17,2024-11-29,2024-11-29,297,369.6,109771.2,0,True,40
SHP-004602,PROD-0063,SUP-03,WH-03,2024-11-06,2024-12-19,2024-12-19,428,369.6,158188.8,0,True,57
SHP-004603,PROD-0063,SUP-03,WH-03,2024-11-26,2025-01-09,2025-01-09,103,369.6,38068.8,0,True,13
SHP-004604,PROD-0063,SUP-03,WH-03,2024-12-16,2025-01-30,2025-01-30,242,369.6,89443.2,0,True,32
SHP-004605,PROD-0064,SUP-04,WH-04,2022-01-01,2022-02-13,2022-02-13,316,58.51,18489.16,0,True,11
SHP-004606,PROD-0064,SUP-04,WH-04,2022-01-13,2022-02-23,2022-02-23,151,58.51,8835.01,0,True,5
SHP-004607,PROD-0064,SUP-04,WH-04,2022-01-25,2022-02-15,2022-02-15,108,58.51,6319.08,0,True,3
SHP-004608,PROD-0064,SUP-04,WH-04,2022-02-06,2022-03-21,2022-03-21,303,58.51,17728.53,0,True,11
SHP-004609,PROD-0064,SUP-04,WH-04,2022-02-18,2022-04-11,2022-04-11,318,58.51,18606.18,0,True,11
SHP-004610,PROD-0064,SUP-04,WH-04,2022-03-02,2022-03-31,2022-03-31,497,58.51,29079.47,0,True,18
SHP-004611,PROD-0064,SUP-04,WH-04,2022-03-14,2022-04-29,2022-04-29,54,58.51,3159.54,0,True,1
SHP-004612,PROD-0064,SUP-04,WH-04,2022-03-26,2022-05-11,2022-05-11,200,58.51,11702.0,0,True,7
SHP-004613,PROD-0064,SUP-04,WH-04,2022-04-07,2022-05-18,2022-05-18,396,58.51,23169.96,0,True,14
SHP-004614,PROD-0064,SUP-04,WH-04,2022-04-19,2022-05-17,2022-05-17,364,58.51,21297.64,0,True,13
SHP-004615,PROD-0064,SUP-04,WH-04,2022-05-01,2022-05-30,2022-05-30,134,58.51,7840.34,0,True,4
SHP-004616,PROD-0064,SUP-04,WH-04,2022-05-13,2022-06-22,2022-06-22,400,58.51,23404.0,0,True,14
SHP-004617,PROD-0064,SUP-04,WH-04,2022-05-25,2022-07-13,2022-07-13,415,58.51,24281.65,0,True,15
SHP-004618,PROD-0064,SUP-04,WH-04,2022-06-06,2022-07-03,2022-07-03,178,58.51,10414.78,0,True,6
SHP-004619,PROD-0064,SUP-04,WH-04,2022-06-18,2022-07-25,2022-07-25,219,58.51,12813.69,0,True,7
SHP-004620,PROD-0064,SUP-04,WH-04,2022-06-30,2022-08-13,2022-08-13,486,58.51,28435.86,0,True,17
SHP-004621,PROD-0064,SUP-04,WH-04,2022-07-12,2022-08-17,2022-08-17,416,58.51,24340.16,0,True,15
SHP-004622,PROD-0064,SUP-04,WH-04,2022-07-24,2022-08-30,2022-08-30,212,58.51,12404.12,0,True,7
SHP-004623,PROD-0064,SUP-04,WH-04,2022-08-05,2022-09-23,2022-09-23,290,58.51,16967.9,0,True,10
SHP-004624,PROD-0064,SUP-04,WH-04,2022-08-17,2022-09-29,2022-10-01,52,58.51,3042.52,2,False,1
SHP-004625,PROD-0064,SUP-04,WH-04,2022-08-29,2022-10-10,2022-10-10,152,58.51,8893.52,0,True,5
SHP-004626,PROD-0064,SUP-04,WH-04,2022-09-10,2022-10-10,2022-10-10,284,58.51,16616.84,0,True,10
SHP-004627,PROD-0064,SUP-04,WH-04,2022-09-22,2022-10-26,2022-10-26,369,58.51,21590.19,0,True,13
SHP-004628,PROD-0064,SUP-04,WH-04,2022-10-04,2022-11-13,2022-11-13,84,58.51,4914.84,0,True,3
SHP-004629,PROD-0064,SUP-04,WH-04,2022-10-16,2022-11-23,2022-11-23,165,58.51,9654.15,0,True,6
SHP-004630,PROD-0064,SUP-04,WH-04,2022-10-28,2022-12-08,2022-12-08,148,58.51,8659.48,0,True,5
SHP-004631,PROD-0064,SUP-04,WH-04,2022-11-09,2022-12-28,2022-12-28,494,58.51,28903.94,0,True,18
SHP-004632,PROD-0064,SUP-04,WH-04,2022-11-21,2022-12-30,2022-12-30,206,58.51,12053.06,0,True,7
SHP-004633,PROD-0064,SUP-04,WH-04,2022-12-03,2023-01-14,2023-01-14,256,58.51,14978.56,0,True,9
SHP-004634,PROD-0064,SUP-04,WH-04,2022-12-15,2022-12-31,2022-12-31,378,58.51,22116.78,0,True,13
SHP-004635,PROD-0064,SUP-04,WH-04,2022-12-27,2023-01-31,2023-01-31,353,58.51,20654.03,0,True,12
SHP-004636,PROD-0064,SUP-04,WH-04,2023-01-08,2023-02-20,2023-02-20,160,58.51,9361.6,0,True,5
SHP-004637,PROD-0064,SUP-04,WH-04,2023-01-20,2023-02-23,2023-02-23,338,58.51,19776.38,0,True,12
SHP-004638,PROD-0064,SUP-04,WH-04,2023-02-01,2023-03-05,2023-03-05,317,58.51,18547.67,0,True,11
SHP-004639,PROD-0064,SUP-04,WH-04,2023-02-13,2023-04-08,2023-04-08,246,58.51,14393.46,0,True,8
SHP-004640,PROD-0064,SUP-04,WH-04,2023-02-25,2023-04-10,2023-04-10,486,58.51,28435.86,0,True,17
SHP-004641,PROD-0064,SUP-04,WH-04,2023-03-09,2023-04-13,2023-04-13,463,58.51,27090.13,0,True,16
SHP-004642,PROD-0064,SUP-04,WH-04,2023-03-21,2023-05-06,2023-05-06,392,58.51,22935.92,0,True,14
SHP-004643,PROD-0064,SUP-04,WH-04,2023-04-02,2023-05-08,2023-05-08,51,58.51,2984.01,0,True,1
SHP-004644,PROD-0064,SUP-04,WH-04,2023-04-14,2023-05-13,2023-05-13,160,58.51,9361.6,0,True,5
SHP-004645,PROD-0064,SUP-04,WH-04,2023-04-26,2023-05-31,2023-06-02,364,58.51,21297.64,2,False,13
SHP-004646,PROD-0064,SUP-04,WH-04,2023-05-08,2023-06-10,2023-06-10,293,58.51,17143.43,0,True,10
SHP-004647,PROD-0064,SUP-04,WH-04,2023-05-20,2023-06-23,2023-06-23,89,58.51,5207.39,0,True,3
SHP-004648,PROD-0064,SUP-04,WH-04,2023-06-01,2023-07-02,2023-07-02,463,58.51,27090.13,0,True,16
SHP-004649,PROD-0064,SUP-04,WH-04,2023-06-13,2023-07-21,2023-07-21,291,58.51,17026.41,0,True,10
SHP-004650,PROD-0064,SUP-04,WH-04,2023-06-25,2023-08-07,2023-08-07,439,58.51,25685.89,0,True,16
SHP-004651,PROD-0064,SUP-04,WH-04,2023-07-07,2023-08-13,2023-08-13,251,58.51,14686.01,0,True,9
SHP-004652,PROD-0064,SUP-04,WH-04,2023-07-19,2023-08-25,2023-08-25,411,58.51,24047.61,0,True,15
SHP-004653,PROD-0064,SUP-04,WH-04,2023-07-31,2023-09-10,2023-09-10,479,58.51,28026.29,0,True,17
SHP-004654,PROD-0064,SUP-04,WH-04,2023-08-12,2023-09-18,2023-09-18,90,58.51,5265.9,0,True,3
SHP-004655,PROD-0064,SUP-04,WH-04,2023-08-24,2023-10-06,2023-10-06,135,58.51,7898.85,0,True,4
SHP-004656,PROD-0064,SUP-04,WH-04,2023-09-05,2023-10-12,2023-10-12,414,58.51,24223.14,0,True,15
SHP-004657,PROD-0064,SUP-04,WH-04,2023-09-17,2023-11-01,2023-11-01,336,58.51,19659.36,0,True,12
SHP-004658,PROD-0064,SUP-04,WH-04,2023-09-29,2023-11-06,2023-11-06,453,58.51,26505.03,0,True,16
SHP-004659,PROD-0064,SUP-04,WH-04,2023-10-11,2023-11-12,2023-11-12,335,58.51,19600.85,0,True,12
SHP-004660,PROD-0064,SUP-04,WH-04,2023-10-23,2023-12-07,2023-12-07,141,58.51,8249.91,0,True,5
SHP-004661,PROD-0064,SUP-04,WH-04,2023-11-04,2023-12-23,2023-12-23,487,58.51,28494.37,0,True,17
SHP-004662,PROD-0064,SUP-04,WH-04,2023-11-16,2023-12-19,2023-12-19,227,58.51,13281.77,0,True,8
SHP-004663,PROD-0064,SUP-04,WH-04,2023-11-28,2024-01-11,2024-01-11,365,58.51,21356.15,0,True,13
SHP-004664,PROD-0064,SUP-04,WH-04,2023-12-10,2024-01-10,2024-01-10,147,58.51,8600.97,0,True,5
SHP-004665,PROD-0064,SUP-04,WH-04,2023-12-22,2024-01-16,2024-01-16,432,58.51,25276.32,0,True,15
SHP-004666,PROD-0064,SUP-04,WH-04,2024-01-03,2024-02-16,2024-02-16,234,58.51,13691.34,0,True,8
SHP-004667,PROD-0064,SUP-04,WH-04,2024-01-15,2024-02-26,2024-02-26,350,58.51,20478.5,0,True,12
SHP-004668,PROD-0064,SUP-04,WH-04,2024-01-27,2024-03-07,2024-03-07,238,58.51,13925.38,0,True,8
SHP-004669,PROD-0064,SUP-04,WH-04,2024-02-08,2024-03-18,2024-03-18,56,58.51,3276.56,0,True,2
SHP-004670,PROD-0064,SUP-04,WH-04,2024-02-20,2024-04-05,2024-04-05,381,58.51,22292.31,0,True,13
SHP-004671,PROD-0064,SUP-04,WH-04,2024-03-03,2024-04-05,2024-04-05,253,58.51,14803.03,0,True,9
SHP-004672,PROD-0064,SUP-04,WH-04,2024-03-15,2024-05-03,2024-05-04,410,58.51,23989.1,1,False,14
SHP-004673,PROD-0064,SUP-04,WH-04,2024-03-27,2024-05-09,2024-05-09,79,58.51,4622.29,0,True,2
SHP-004674,PROD-0064,SUP-04,WH-04,2024-04-08,2024-05-08,2024-05-08,491,58.51,28728.41,0,True,17
SHP-004675,PROD-0064,SUP-04,WH-04,2024-04-20,2024-05-22,2024-06-03,361,58.51,21122.11,12,False,13
SHP-004676,PROD-0064,SUP-04,WH-04,2024-05-02,2024-06-03,2024-06-03,138,58.51,8074.38,0,True,5
SHP-004677,PROD-0064,SUP-04,WH-04,2024-05-14,2024-06-26,2024-06-26,381,58.51,22292.31,0,True,13
SHP-004678,PROD-0064,SUP-04,WH-04,2024-05-26,2024-07-06,2024-07-06,103,58.51,6026.53,0,True,3
SHP-004679,PROD-0064,SUP-04,WH-04,2024-06-07,2024-07-11,2024-07-11,363,58.51,21239.13,0,True,13
SHP-004680,PROD-0064,SUP-04,WH-04,2024-06-19,2024-07-28,2024-07-28,426,58.51,24925.26,0,True,15
SHP-004681,PROD-0064,SUP-04,WH-04,2024-07-01,2024-08-15,2024-08-15,117,58.51,6845.67,0,True,4
SHP-004682,PROD-0064,SUP-04,WH-04,2024-07-13,2024-08-26,2024-08-26,483,58.51,28260.33,0,True,17
SHP-004683,PROD-0064,SUP-04,WH-04,2024-07-25,2024-09-02,2024-09-02,376,58.51,21999.76,0,True,13
SHP-004684,PROD-0064,SUP-04,WH-04,2024-08-06,2024-09-18,2024-09-18,99,58.51,5792.49,0,True,3
SHP-004685,PROD-0064,SUP-04,WH-04,2024-08-18,2024-10-07,2024-10-07,486,58.51,28435.86,0,True,17
SHP-004686,PROD-0064,SUP-04,WH-04,2024-08-30,2024-10-12,2024-10-12,427,58.51,24983.77,0,True,15
SHP-004687,PROD-0064,SUP-04,WH-04,2024-09-11,2024-10-09,2024-10-09,394,58.51,23052.94,0,True,14
SHP-004688,PROD-0064,SUP-04,WH-04,2024-09-23,2024-11-01,2024-11-01,413,58.51,24164.63,0,True,15
SHP-004689,PROD-0064,SUP-04,WH-04,2024-10-05,2024-11-16,2024-11-16,350,58.51,20478.5,0,True,12
SHP-004690,PROD-0064,SUP-04,WH-04,2024-10-17,2024-12-02,2024-12-14,314,58.51,18372.14,12,False,11
SHP-004691,PROD-0064,SUP-04,WH-04,2024-10-29,2024-12-03,2024-12-04,256,58.51,14978.56,1,False,9
SHP-004692,PROD-0064,SUP-04,WH-04,2024-11-10,2024-12-26,2024-12-26,392,58.51,22935.92,0,True,14
SHP-004693,PROD-0064,SUP-04,WH-04,2024-11-22,2024-12-28,2024-12-28,472,58.51,27616.72,0,True,17
SHP-004694,PROD-0064,SUP-04,WH-04,2024-12-04,2025-01-07,2025-01-07,423,58.51,24749.73,0,True,15
SHP-004695,PROD-0064,SUP-04,WH-04,2024-12-16,2025-01-15,2025-01-15,277,58.51,16207.27,0,True,10
SHP-004696,PROD-0064,SUP-04,WH-04,2024-12-28,2025-01-29,2025-01-29,151,58.51,8835.01,0,True,5
SHP-004697,PROD-0065,SUP-05,WH-05,2022-01-01,2022-01-27,2022-01-27,375,232.85,87318.75,0,True,52
SHP-004698,PROD-0065,SUP-05,WH-05,2022-01-22,2022-02-16,2022-02-28,51,232.85,11875.35,12,False,7
SHP-004699,PROD-0065,SUP-05,WH-05,2022-02-12,2022-03-09,2022-03-09,229,232.85,53322.65,0,True,32
SHP-004700,PROD-0065,SUP-05,WH-05,2022-03-05,2022-03-31,2022-03-31,340,232.85,79169.0,0,True,47
SHP-004701,PROD-0065,SUP-05,WH-05,2022-03-26,2022-04-21,2022-04-21,339,232.85,78936.15,0,True,47
SHP-004702,PROD-0065,SUP-05,WH-05,2022-04-16,2022-05-14,2022-05-14,96,232.85,22353.6,0,True,13
SHP-004703,PROD-0065,SUP-05,WH-05,2022-05-07,2022-06-01,2022-06-04,145,232.85,33763.25,3,False,20
SHP-004704,PROD-0065,SUP-05,WH-05,2022-05-28,2022-06-24,2022-06-24,60,232.85,13971.0,0,True,8
SHP-004705,PROD-0065,SUP-05,WH-05,2022-06-18,2022-07-14,2022-07-14,55,232.85,12806.75,0,True,7
SHP-004706,PROD-0065,SUP-05,WH-05,2022-07-09,2022-08-03,2022-08-03,285,232.85,66362.25,0,True,39
SHP-004707,PROD-0065,SUP-05,WH-05,2022-07-30,2022-08-26,2022-08-28,176,232.85,40981.6,2,False,24
SHP-004708,PROD-0065,SUP-05,WH-05,2022-08-20,2022-09-14,2022-09-19,378,232.85,88017.3,5,False,52
SHP-004709,PROD-0065,SUP-05,WH-05,2022-09-10,2022-10-05,2022-10-05,436,232.85,101522.6,0,True,61
SHP-004710,PROD-0065,SUP-05,WH-05,2022-10-01,2022-10-26,2022-10-26,77,232.85,17929.45,0,True,10
SHP-004711,PROD-0065,SUP-05,WH-05,2022-10-22,2022-11-19,2022-11-19,141,232.85,32831.85,0,True,19
SHP-004712,PROD-0065,SUP-05,WH-05,2022-11-12,2022-12-07,2022-12-07,211,232.85,49131.35,0,True,29
SHP-004713,PROD-0065,SUP-05,WH-05,2022-12-03,2022-12-28,2022-12-28,146,232.85,33996.1,0,True,20
SHP-004714,PROD-0065,SUP-05,WH-05,2022-12-24,2023-01-20,2023-01-25,140,232.85,32599.0,5,False,19
SHP-004715,PROD-0065,SUP-05,WH-05,2023-01-14,2023-02-08,2023-02-08,275,232.85,64033.75,0,True,38
SHP-004716,PROD-0065,SUP-05,WH-05,2023-02-04,2023-02-28,2023-02-28,231,232.85,53788.35,0,True,32
SHP-004717,PROD-0065,SUP-05,WH-05,2023-02-25,2023-03-23,2023-03-23,445,232.85,103618.25,0,True,62
SHP-004718,PROD-0065,SUP-05,WH-05,2023-03-18,2023-04-11,2023-04-11,474,232.85,110370.9,0,True,66
SHP-004719,PROD-0065,SUP-05,WH-05,2023-04-08,2023-05-03,2023-05-03,137,232.85,31900.45,0,True,19
SHP-004720,PROD-0065,SUP-05,WH-05,2023-04-29,2023-05-25,2023-05-26,349,232.85,81264.65,1,False,48
SHP-004721,PROD-0065,SUP-05,WH-05,2023-05-20,2023-06-15,2023-06-15,341,232.85,79401.85,0,True,47
SHP-004722,PROD-0065,SUP-05,WH-05,2023-06-10,2023-07-05,2023-07-09,272,232.85,63335.2,4,False,38
SHP-004723,PROD-0065,SUP-05,WH-05,2023-07-01,2023-07-26,2023-07-26,399,232.85,92907.15,0,True,55
SHP-004724,PROD-0065,SUP-05,WH-05,2023-07-22,2023-08-16,2023-08-16,225,232.85,52391.25,0,True,31
SHP-004725,PROD-0065,SUP-05,WH-05,2023-08-12,2023-09-08,2023-09-20,332,232.85,77306.2,12,False,46
SHP-004726,PROD-0065,SUP-05,WH-05,2023-09-02,2023-09-28,2023-10-12,187,232.85,43542.95,14,False,26
SHP-004727,PROD-0065,SUP-05,WH-05,2023-09-23,2023-10-16,2023-10-16,157,232.85,36557.45,0,True,21
SHP-004728,PROD-0065,SUP-05,WH-05,2023-10-14,2023-11-06,2023-11-06,183,232.85,42611.55,0,True,25
SHP-004729,PROD-0065,SUP-05,WH-05,2023-11-04,2023-11-30,2023-12-01,314,232.85,73114.9,1,False,43
SHP-004730,PROD-0065,SUP-05,WH-05,2023-11-25,2023-12-21,2023-12-21,293,232.85,68225.05,0,True,41
SHP-004731,PROD-0065,SUP-05,WH-05,2023-12-16,2024-01-11,2024-01-11,215,232.85,50062.75,0,True,30
SHP-004732,PROD-0065,SUP-05,WH-05,2024-01-06,2024-01-30,2024-01-30,387,232.85,90112.95,0,True,54
SHP-004733,PROD-0065,SUP-05,WH-05,2024-01-27,2024-02-21,2024-03-02,215,232.85,50062.75,10,False,30
SHP-004734,PROD-0065,SUP-05,WH-05,2024-02-17,2024-03-14,2024-03-14,233,232.85,54254.05,0,True,32
SHP-004735,PROD-0065,SUP-05,WH-05,2024-03-09,2024-04-02,2024-04-16,131,232.85,30503.35,14,False,18
SHP-004736,PROD-0065,SUP-05,WH-05,2024-03-30,2024-04-23,2024-04-23,222,232.85,51692.7,0,True,31
SHP-004737,PROD-0065,SUP-05,WH-05,2024-04-20,2024-05-15,2024-05-26,145,232.85,33763.25,11,False,20
SHP-004738,PROD-0065,SUP-05,WH-05,2024-05-11,2024-06-08,2024-06-08,289,232.85,67293.65,0,True,40
SHP-004739,PROD-0065,SUP-05,WH-05,2024-06-01,2024-06-26,2024-06-26,61,232.85,14203.85,0,True,8
SHP-004740,PROD-0065,SUP-05,WH-05,2024-06-22,2024-07-18,2024-07-26,283,232.85,65896.55,8,False,39
SHP-004741,PROD-0065,SUP-05,WH-05,2024-07-13,2024-08-08,2024-08-08,272,232.85,63335.2,0,True,38
SHP-004742,PROD-0065,SUP-05,WH-05,2024-08-03,2024-08-28,2024-08-28,477,232.85,111069.45,0,True,66
SHP-004743,PROD-0065,SUP-05,WH-05,2024-08-24,2024-09-19,2024-09-19,241,232.85,56116.85,0,True,33
SHP-004744,PROD-0065,SUP-05,WH-05,2024-09-14,2024-10-08,2024-10-08,397,232.85,92441.45,0,True,55
SHP-004745,PROD-0065,SUP-05,WH-05,2024-10-05,2024-11-01,2024-11-01,499,232.85,116192.15,0,True,69
SHP-004746,PROD-0065,SUP-05,WH-05,2024-10-26,2024-11-21,2024-11-25,309,232.85,71950.65,4,False,43
SHP-004747,PROD-0065,SUP-05,WH-05,2024-11-16,2024-12-11,2024-12-11,446,232.85,103851.1,0,True,62
SHP-004748,PROD-0065,SUP-05,WH-05,2024-12-07,2024-12-31,2025-01-05,255,232.85,59376.75,5,False,35
SHP-004749,PROD-0065,SUP-05,WH-05,2024-12-28,2025-01-22,2025-01-22,312,232.85,72649.2,0,True,43
SHP-004750,PROD-0066,SUP-06,WH-01,2022-01-01,2022-02-16,2022-02-16,407,167.49,68168.43,0,True,12
SHP-004751,PROD-0066,SUP-06,WH-01,2022-01-13,2022-02-12,2022-02-12,340,167.49,56946.6,0,True,10
SHP-004752,PROD-0066,SUP-06,WH-01,2022-01-25,2022-02-22,2022-02-22,389,167.49,65153.61,0,True,11
SHP-004753,PROD-0066,SUP-06,WH-01,2022-02-06,2022-03-06,2022-03-06,77,167.49,12896.73,0,True,2
SHP-004754,PROD-0066,SUP-06,WH-01,2022-02-18,2022-03-04,2022-03-04,442,167.49,74030.58,0,True,13
SHP-004755,PROD-0066,SUP-06,WH-01,2022-03-02,2022-04-02,2022-04-02,284,167.49,47567.16,0,True,8
SHP-004756,PROD-0066,SUP-06,WH-01,2022-03-14,2022-04-17,2022-04-17,50,167.49,8374.5,0,True,1
SHP-004757,PROD-0066,SUP-06,WH-01,2022-03-26,2022-04-21,2022-04-21,138,167.49,23113.62,0,True,4
SHP-004758,PROD-0066,SUP-06,WH-01,2022-04-07,2022-05-10,2022-05-10,144,167.49,24118.56,0,True,4
SHP-004759,PROD-0066,SUP-06,WH-01,2022-04-19,2022-05-22,2022-05-22,273,167.49,45724.77,0,True,8
SHP-004760,PROD-0066,SUP-06,WH-01,2022-05-01,2022-05-12,2022-05-12,128,167.49,21438.72,0,True,3
SHP-004761,PROD-0066,SUP-06,WH-01,2022-05-13,2022-06-15,2022-06-15,447,167.49,74868.03,0,True,13
SHP-004762,PROD-0066,SUP-06,WH-01,2022-05-25,2022-06-29,2022-06-29,131,167.49,21941.19,0,True,4
SHP-004763,PROD-0066,SUP-06,WH-01,2022-06-06,2022-07-02,2022-07-02,331,167.49,55439.19,0,True,10
SHP-004764,PROD-0066,SUP-06,WH-01,2022-06-18,2022-07-24,2022-07-24,158,167.49,26463.42,0,True,4
SHP-004765,PROD-0066,SUP-06,WH-01,2022-06-30,2022-07-24,2022-07-24,475,167.49,79557.75,0,True,14
SHP-004766,PROD-0066,SUP-06,WH-01,2022-07-12,2022-08-13,2022-08-13,440,167.49,73695.6,0,True,13
SHP-004767,PROD-0066,SUP-06,WH-01,2022-07-24,2022-08-25,2022-08-25,212,167.49,35507.88,0,True,6
SHP-004768,PROD-0066,SUP-06,WH-01,2022-08-05,2022-09-11,2022-09-11,254,167.49,42542.46,0,True,7
SHP-004769,PROD-0066,SUP-06,WH-01,2022-08-17,2022-09-21,2022-09-21,194,167.49,32493.06,0,True,5
SHP-004770,PROD-0066,SUP-06,WH-01,2022-08-29,2022-09-28,2022-09-28,496,167.49,83075.04,0,True,15
SHP-004771,PROD-0066,SUP-06,WH-01,2022-09-10,2022-10-28,2022-10-28,323,167.49,54099.27,0,True,9
SHP-004772,PROD-0066,SUP-06,WH-01,2022-09-22,2022-11-01,2022-11-01,392,167.49,65656.08,0,True,12
SHP-004773,PROD-0066,SUP-06,WH-01,2022-10-04,2022-10-30,2022-11-11,63,167.49,10551.87,12,False,1
SHP-004774,PROD-0066,SUP-06,WH-01,2022-10-16,2022-11-15,2022-11-15,141,167.49,23616.09,0,True,4
SHP-004775,PROD-0066,SUP-06,WH-01,2022-10-28,2022-11-28,2022-11-28,235,167.49,39360.15,0,True,7
SHP-004776,PROD-0066,SUP-06,WH-01,2022-11-09,2022-12-01,2022-12-01,50,167.49,8374.5,0,True,1
SHP-004777,PROD-0066,SUP-06,WH-01,2022-11-21,2022-12-17,2022-12-17,253,167.49,42374.97,0,True,7
SHP-004778,PROD-0066,SUP-06,WH-01,2022-12-03,2023-01-07,2023-01-07,120,167.49,20098.8,0,True,3
SHP-004779,PROD-0066,SUP-06,WH-01,2022-12-15,2023-01-16,2023-01-16,158,167.49,26463.42,0,True,4
SHP-004780,PROD-0066,SUP-06,WH-01,2022-12-27,2023-01-20,2023-01-20,223,167.49,37350.27,0,True,6
SHP-004781,PROD-0066,SUP-06,WH-01,2023-01-08,2023-02-07,2023-02-07,267,167.49,44719.83,0,True,8
SHP-004782,PROD-0066,SUP-06,WH-01,2023-01-20,2023-02-14,2023-02-14,248,167.49,41537.52,0,True,7
SHP-004783,PROD-0066,SUP-06,WH-01,2023-02-01,2023-03-01,2023-03-01,67,167.49,11221.83,0,True,2
SHP-004784,PROD-0066,SUP-06,WH-01,2023-02-13,2023-04-03,2023-04-08,265,167.49,44384.85,5,False,8
SHP-004785,PROD-0066,SUP-06,WH-01,2023-02-25,2023-03-30,2023-03-30,399,167.49,66828.51,0,True,12
SHP-004786,PROD-0066,SUP-06,WH-01,2023-03-09,2023-04-14,2023-04-14,288,167.49,48237.12,0,True,8
SHP-004787,PROD-0066,SUP-06,WH-01,2023-03-21,2023-04-27,2023-04-27,401,167.49,67163.49,0,True,12
SHP-004788,PROD-0066,SUP-06,WH-01,2023-04-02,2023-05-05,2023-05-05,491,167.49,82237.59,0,True,15
SHP-004789,PROD-0066,SUP-06,WH-01,2023-04-14,2023-05-17,2023-05-17,56,167.49,9379.44,0,True,1
SHP-004790,PROD-0066,SUP-06,WH-01,2023-04-26,2023-05-31,2023-05-31,344,167.49,57616.56,0,True,10
SHP-004791,PROD-0066,SUP-06,WH-01,2023-05-08,2023-06-09,2023-06-09,282,167.49,47232.18,0,True,8
SHP-004792,PROD-0066,SUP-06,WH-01,2023-05-20,2023-06-22,2023-06-22,393,167.49,65823.57,0,True,12
SHP-004793,PROD-0066,SUP-06,WH-01,2023-06-01,2023-07-02,2023-07-02,77,167.49,12896.73,0,True,2
SHP-004794,PROD-0066,SUP-06,WH-01,2023-06-13,2023-07-12,2023-07-12,429,167.49,71853.21,0,True,13
SHP-004795,PROD-0066,SUP-06,WH-01,2023-06-25,2023-07-16,2023-07-16,463,167.49,77547.87,0,True,14
SHP-004796,PROD-0066,SUP-06,WH-01,2023-07-07,2023-08-02,2023-08-02,307,167.49,51419.43,0,True,9
SHP-004797,PROD-0066,SUP-06,WH-01,2023-07-19,2023-08-17,2023-08-17,414,167.49,69340.86,0,True,12
SHP-004798,PROD-0066,SUP-06,WH-01,2023-07-31,2023-08-30,2023-08-30,236,167.49,39527.64,0,True,7
SHP-004799,PROD-0066,SUP-06,WH-01,2023-08-12,2023-09-20,2023-09-20,267,167.49,44719.83,0,True,8
SHP-004800,PROD-0066,SUP-06,WH-01,2023-08-24,2023-09-26,2023-09-26,495,167.49,82907.55,0,True,15
SHP-004801,PROD-0066,SUP-06,WH-01,2023-09-05,2023-10-09,2023-10-09,53,167.49,8876.97,0,True,1
SHP-004802,PROD-0066,SUP-06,WH-01,2023-09-17,2023-10-10,2023-10-16,412,167.49,69005.88,6,False,12
SHP-004803,PROD-0066,SUP-06,WH-01,2023-09-29,2023-10-29,2023-10-29,313,167.49,52424.37,0,True,9
SHP-004804,PROD-0066,SUP-06,WH-01,2023-10-11,2023-11-06,2023-11-06,496,167.49,83075.04,0,True,15
SHP-004805,PROD-0066,SUP-06,WH-01,2023-10-23,2023-12-04,2023-12-04,287,167.49,48069.63,0,True,8
SHP-004806,PROD-0066,SUP-06,WH-01,2023-11-04,2023-11-30,2023-11-30,494,167.49,82740.06,0,True,15
SHP-004807,PROD-0066,SUP-06,WH-01,2023-11-16,2023-12-20,2023-12-20,75,167.49,12561.75,0,True,2
SHP-004808,PROD-0066,SUP-06,WH-01,2023-11-28,2024-01-15,2024-01-15,179,167.49,29980.71,0,True,5
SHP-004809,PROD-0066,SUP-06,WH-01,2023-12-10,2024-01-13,2024-01-13,201,167.49,33665.49,0,True,6
SHP-004810,PROD-0066,SUP-06,WH-01,2023-12-22,2024-01-03,2024-01-03,327,167.49,54769.23,0,True,10
SHP-004811,PROD-0066,SUP-06,WH-01,2024-01-03,2024-02-10,2024-02-10,232,167.49,38857.68,0,True,7
SHP-004812,PROD-0066,SUP-06,WH-01,2024-01-15,2024-02-15,2024-02-15,216,167.49,36177.84,0,True,6
SHP-004813,PROD-0066,SUP-06,WH-01,2024-01-27,2024-02-18,2024-02-18,355,167.49,59458.95,0,True,10
SHP-004814,PROD-0066,SUP-06,WH-01,2024-02-08,2024-03-11,2024-03-11,68,167.49,11389.32,0,True,2
SHP-004815,PROD-0066,SUP-06,WH-01,2024-02-20,2024-03-26,2024-03-26,177,167.49,29645.73,0,True,5
SHP-004816,PROD-0066,SUP-06,WH-01,2024-03-03,2024-03-27,2024-03-27,98,167.49,16414.02,0,True,3
SHP-004817,PROD-0066,SUP-06,WH-01,2024-03-15,2024-04-18,2024-04-18,374,167.49,62641.26,0,True,11
SHP-004818,PROD-0066,SUP-06,WH-01,2024-03-27,2024-04-30,2024-04-30,190,167.49,31823.1,0,True,5
SHP-004819,PROD-0066,SUP-06,WH-01,2024-04-08,2024-05-17,2024-05-23,402,167.49,67330.98,6,False,12
SHP-004820,PROD-0066,SUP-06,WH-01,2024-04-20,2024-05-22,2024-05-22,472,167.49,79055.28,0,True,14
SHP-004821,PROD-0066,SUP-06,WH-01,2024-05-02,2024-06-05,2024-06-05,470,167.49,78720.3,0,True,14
SHP-004822,PROD-0066,SUP-06,WH-01,2024-05-14,2024-06-05,2024-06-05,70,167.49,11724.3,0,True,2
SHP-004823,PROD-0066,SUP-06,WH-01,2024-05-26,2024-06-29,2024-06-29,69,167.49,11556.81,0,True,2
SHP-004824,PROD-0066,SUP-06,WH-01,2024-06-07,2024-07-10,2024-07-10,420,167.49,70345.8,0,True,12
SHP-004825,PROD-0066,SUP-06,WH-01,2024-06-19,2024-07-19,2024-07-19,101,167.49,16916.49,0,True,3
SHP-004826,PROD-0066,SUP-06,WH-01,2024-07-01,2024-08-05,2024-08-05,421,167.49,70513.29,0,True,12
SHP-004827,PROD-0066,SUP-06,WH-01,2024-07-13,2024-08-20,2024-08-20,376,167.49,62976.24,0,True,11
SHP-004828,PROD-0066,SUP-06,WH-01,2024-07-25,2024-08-22,2024-08-22,255,167.49,42709.95,0,True,7
SHP-004829,PROD-0066,SUP-06,WH-01,2024-08-06,2024-09-04,2024-09-04,432,167.49,72355.68,0,True,13
SHP-004830,PROD-0066,SUP-06,WH-01,2024-08-18,2024-10-02,2024-10-02,430,167.49,72020.7,0,True,13
SHP-004831,PROD-0066,SUP-06,WH-01,2024-08-30,2024-09-20,2024-09-20,271,167.49,45389.79,0,True,8
SHP-004832,PROD-0066,SUP-06,WH-01,2024-09-11,2024-10-20,2024-10-20,342,167.49,57281.58,0,True,10
SHP-004833,PROD-0066,SUP-06,WH-01,2024-09-23,2024-11-08,2024-11-13,365,167.49,61133.85,5,False,11
SHP-004834,PROD-0066,SUP-06,WH-01,2024-10-05,2024-10-27,2024-10-27,456,167.49,76375.44,0,True,14
SHP-004835,PROD-0066,SUP-06,WH-01,2024-10-17,2024-11-27,2024-11-27,75,167.49,12561.75,0,True,2
SHP-004836,PROD-0066,SUP-06,WH-01,2024-10-29,2024-12-04,2024-12-04,160,167.49,26798.4,0,True,4
SHP-004837,PROD-0066,SUP-06,WH-01,2024-11-10,2024-12-18,2024-12-18,190,167.49,31823.1,0,True,5
SHP-004838,PROD-0066,SUP-06,WH-01,2024-11-22,2024-12-25,2024-12-25,145,167.49,24286.05,0,True,4
SHP-004839,PROD-0066,SUP-06,WH-01,2024-12-04,2025-01-01,2025-01-01,73,167.49,12226.77,0,True,2
SHP-004840,PROD-0066,SUP-06,WH-01,2024-12-16,2025-01-11,2025-01-11,142,167.49,23783.58,0,True,4
SHP-004841,PROD-0066,SUP-06,WH-01,2024-12-28,2025-01-27,2025-01-27,52,167.49,8709.48,0,True,1
SHP-004842,PROD-0067,SUP-07,WH-02,2022-01-01,2022-01-27,2022-01-27,262,341.36,89436.32,0,True,12
SHP-004843,PROD-0067,SUP-07,WH-02,2022-01-17,2022-02-16,2022-02-16,186,341.36,63492.96,0,True,8
SHP-004844,PROD-0067,SUP-07,WH-02,2022-02-02,2022-03-05,2022-03-05,375,341.36,128010.0,0,True,17
SHP-004845,PROD-0067,SUP-07,WH-02,2022-02-18,2022-03-03,2022-03-03,165,341.36,56324.4,0,True,7
SHP-004846,PROD-0067,SUP-07,WH-02,2022-03-06,2022-03-12,2022-03-12,163,341.36,55641.68,0,True,7
SHP-004847,PROD-0067,SUP-07,WH-02,2022-03-22,2022-04-06,2022-04-06,422,341.36,144053.92,0,True,20
SHP-004848,PROD-0067,SUP-07,WH-02,2022-04-07,2022-05-10,2022-05-10,285,341.36,97287.6,0,True,13
SHP-004849,PROD-0067,SUP-07,WH-02,2022-04-23,2022-05-08,2022-05-08,354,341.36,120841.44,0,True,16
SHP-004850,PROD-0067,SUP-07,WH-02,2022-05-09,2022-05-20,2022-05-20,293,341.36,100018.48,0,True,13
SHP-004851,PROD-0067,SUP-07,WH-02,2022-05-25,2022-06-24,2022-06-24,224,341.36,76464.64,0,True,10
SHP-004852,PROD-0067,SUP-07,WH-02,2022-06-10,2022-06-14,2022-06-14,277,341.36,94556.72,0,True,13
SHP-004853,PROD-0067,SUP-07,WH-02,2022-06-26,2022-07-07,2022-07-07,430,341.36,146784.8,0,True,20
SHP-004854,PROD-0067,SUP-07,WH-02,2022-07-12,2022-07-17,2022-07-17,407,341.36,138933.52,0,True,19
SHP-004855,PROD-0067,SUP-07,WH-02,2022-07-28,2022-08-26,2022-08-26,180,341.36,61444.8,0,True,8
SHP-004856,PROD-0067,SUP-07,WH-02,2022-08-13,2022-09-02,2022-09-02,486,341.36,165900.96,0,True,23
SHP-004857,PROD-0067,SUP-07,WH-02,2022-08-29,2022-09-22,2022-10-02,373,341.36,127327.28,10,False,17
SHP-004858,PROD-0067,SUP-07,WH-02,2022-09-14,2022-09-21,2022-09-21,226,341.36,77147.36,0,True,10
SHP-004859,PROD-0067,SUP-07,WH-02,2022-09-30,2022-10-28,2022-10-28,321,341.36,109576.56,0,True,15
SHP-004860,PROD-0067,SUP-07,WH-02,2022-10-16,2022-10-17,2022-10-17,434,341.36,148150.24,0,True,20
SHP-004861,PROD-0067,SUP-07,WH-02,2022-11-01,2022-11-05,2022-11-05,289,341.36,98653.04,0,True,13
SHP-004862,PROD-0067,SUP-07,WH-02,2022-11-17,2022-12-04,2022-12-04,349,341.36,119134.64,0,True,16
SHP-004863,PROD-0067,SUP-07,WH-02,2022-12-03,2022-12-27,2022-12-27,339,341.36,115721.04,0,True,16
SHP-004864,PROD-0067,SUP-07,WH-02,2022-12-19,2022-12-28,2022-12-28,441,341.36,150539.76,0,True,20
SHP-004865,PROD-0067,SUP-07,WH-02,2023-01-04,2023-01-05,2023-01-05,195,341.36,66565.2,0,True,9
SHP-004866,PROD-0067,SUP-07,WH-02,2023-01-20,2023-01-27,2023-01-27,170,341.36,58031.2,0,True,8
SHP-004867,PROD-0067,SUP-07,WH-02,2023-02-05,2023-02-10,2023-02-17,117,341.36,39939.12,7,False,5
SHP-004868,PROD-0067,SUP-07,WH-02,2023-02-21,2023-04-03,2023-04-03,485,341.36,165559.6,0,True,22
SHP-004869,PROD-0067,SUP-07,WH-02,2023-03-09,2023-03-31,2023-03-31,161,341.36,54958.96,0,True,7
SHP-004870,PROD-0067,SUP-07,WH-02,2023-03-25,2023-03-31,2023-04-04,342,341.36,116745.12,4,False,16
SHP-004871,PROD-0067,SUP-07,WH-02,2023-04-10,2023-04-11,2023-04-11,131,341.36,44718.16,0,True,6
SHP-004872,PROD-0067,SUP-07,WH-02,2023-04-26,2023-05-04,2023-05-04,426,341.36,145419.36,0,True,20
SHP-004873,PROD-0067,SUP-07,WH-02,2023-05-12,2023-05-29,2023-05-29,230,341.36,78512.8,0,True,10
SHP-004874,PROD-0067,SUP-07,WH-02,2023-05-28,2023-06-08,2023-06-08,356,341.36,121524.16,0,True,16
SHP-004875,PROD-0067,SUP-07,WH-02,2023-06-13,2023-07-18,2023-07-18,235,341.36,80219.6,0,True,11
SHP-004876,PROD-0067,SUP-07,WH-02,2023-06-29,2023-07-08,2023-07-08,401,341.36,136885.36,0,True,19
SHP-004877,PROD-0067,SUP-07,WH-02,2023-07-15,2023-08-05,2023-08-05,212,341.36,72368.32,0,True,10
SHP-004878,PROD-0067,SUP-07,WH-02,2023-07-31,2023-08-09,2023-08-09,250,341.36,85340.0,0,True,11
SHP-004879,PROD-0067,SUP-07,WH-02,2023-08-16,2023-09-08,2023-09-08,303,341.36,103432.08,0,True,14
SHP-004880,PROD-0067,SUP-07,WH-02,2023-09-01,2023-09-13,2023-09-13,472,341.36,161121.92,0,True,22
SHP-004881,PROD-0067,SUP-07,WH-02,2023-09-17,2023-10-12,2023-10-12,497,341.36,169655.92,0,True,23
SHP-004882,PROD-0067,SUP-07,WH-02,2023-10-03,2023-10-22,2023-10-22,51,341.36,17409.36,0,True,2
SHP-004883,PROD-0067,SUP-07,WH-02,2023-10-19,2023-11-20,2023-11-20,440,341.36,150198.4,0,True,20
SHP-004884,PROD-0067,SUP-07,WH-02,2023-11-04,2023-11-21,2023-11-21,399,341.36,136202.64,0,True,18
SHP-004885,PROD-0067,SUP-07,WH-02,2023-11-20,2023-12-11,2023-12-11,384,341.36,131082.24,0,True,18
SHP-004886,PROD-0067,SUP-07,WH-02,2023-12-06,2023-12-10,2023-12-17,260,341.36,88753.6,7,False,12
SHP-004887,PROD-0067,SUP-07,WH-02,2023-12-22,2023-12-24,2023-12-24,366,341.36,124937.76,0,True,17
SHP-004888,PROD-0067,SUP-07,WH-02,2024-01-07,2024-01-29,2024-01-29,367,341.36,125279.12,0,True,17
SHP-004889,PROD-0067,SUP-07,WH-02,2024-01-23,2024-02-06,2024-02-15,356,341.36,121524.16,9,False,16
SHP-004890,PROD-0067,SUP-07,WH-02,2024-02-08,2024-03-01,2024-03-01,61,341.36,20822.96,0,True,2
SHP-004891,PROD-0067,SUP-07,WH-02,2024-02-24,2024-03-06,2024-03-06,135,341.36,46083.6,0,True,6
SHP-004892,PROD-0067,SUP-07,WH-02,2024-03-11,2024-03-29,2024-03-29,400,341.36,136544.0,0,True,18
SHP-004893,PROD-0067,SUP-07,WH-02,2024-03-27,2024-04-05,2024-04-07,61,341.36,20822.96,2,False,2
SHP-004894,PROD-0067,SUP-07,WH-02,2024-04-12,2024-05-02,2024-05-02,454,341.36,154977.44,0,True,21
SHP-004895,PROD-0067,SUP-07,WH-02,2024-04-28,2024-05-05,2024-05-05,311,341.36,106162.96,0,True,14
SHP-004896,PROD-0067,SUP-07,WH-02,2024-05-14,2024-05-31,2024-05-31,132,341.36,45059.52,0,True,6
SHP-004897,PROD-0067,SUP-07,WH-02,2024-05-30,2024-06-09,2024-06-09,497,341.36,169655.92,0,True,23
SHP-004898,PROD-0067,SUP-07,WH-02,2024-06-15,2024-07-12,2024-07-12,414,341.36,141323.04,0,True,19
SHP-004899,PROD-0067,SUP-07,WH-02,2024-07-01,2024-07-10,2024-07-10,200,341.36,68272.0,0,True,9
SHP-004900,PROD-0067,SUP-07,WH-02,2024-07-17,2024-07-27,2024-07-27,155,341.36,52910.8,0,True,7
SHP-004901,PROD-0067,SUP-07,WH-02,2024-08-02,2024-08-15,2024-08-15,175,341.36,59738.0,0,True,8
SHP-004902,PROD-0067,SUP-07,WH-02,2024-08-18,2024-09-11,2024-09-11,173,341.36,59055.28,0,True,8
SHP-004903,PROD-0067,SUP-07,WH-02,2024-09-03,2024-09-18,2024-09-18,286,341.36,97628.96,0,True,13
SHP-004904,PROD-0067,SUP-07,WH-02,2024-09-19,2024-10-03,2024-10-03,461,341.36,157366.96,0,True,21
SHP-004905,PROD-0067,SUP-07,WH-02,2024-10-05,2024-10-17,2024-10-17,496,341.36,169314.56,0,True,23
SHP-004906,PROD-0067,SUP-07,WH-02,2024-10-21,2024-11-08,2024-11-08,419,341.36,143029.84,0,True,19
SHP-004907,PROD-0067,SUP-07,WH-02,2024-11-06,2024-11-16,2024-11-16,66,341.36,22529.76,0,True,3
SHP-004908,PROD-0067,SUP-07,WH-02,2024-11-22,2024-11-30,2024-11-30,493,341.36,168290.48,0,True,23
SHP-004909,PROD-0067,SUP-07,WH-02,2024-12-08,2024-12-22,2024-12-31,491,341.36,167607.76,9,False,23
SHP-004910,PROD-0067,SUP-07,WH-02,2024-12-24,2025-01-03,2025-01-03,263,341.36,89777.68,0,True,12
SHP-004911,PROD-0068,SUP-08,WH-03,2022-01-01,2022-02-01,2022-02-01,416,485.35,201905.6,0,True,25
SHP-004912,PROD-0068,SUP-08,WH-03,2022-01-15,2022-02-02,2022-02-02,323,485.35,156768.05,0,True,19
SHP-004913,PROD-0068,SUP-08,WH-03,2022-01-29,2022-03-15,2022-03-15,296,485.35,143663.6,0,True,17
SHP-004914,PROD-0068,SUP-08,WH-03,2022-02-12,2022-03-19,2022-03-19,199,485.35,96584.65,0,True,12
SHP-004915,PROD-0068,SUP-08,WH-03,2022-02-26,2022-04-01,2022-04-01,471,485.35,228599.85,0,True,28
SHP-004916,PROD-0068,SUP-08,WH-03,2022-03-12,2022-04-09,2022-04-09,236,485.35,114542.6,0,True,14
SHP-004917,PROD-0068,SUP-08,WH-03,2022-03-26,2022-04-26,2022-04-26,311,485.35,150943.85,0,True,18
SHP-004918,PROD-0068,SUP-08,WH-03,2022-04-09,2022-05-04,2022-05-04,269,485.35,130559.15,0,True,16
SHP-004919,PROD-0068,SUP-08,WH-03,2022-04-23,2022-05-20,2022-05-20,124,485.35,60183.4,0,True,7
SHP-004920,PROD-0068,SUP-08,WH-03,2022-05-07,2022-06-09,2022-06-09,472,485.35,229085.2,0,True,28
SHP-004921,PROD-0068,SUP-08,WH-03,2022-05-21,2022-06-26,2022-06-26,107,485.35,51932.45,0,True,6
SHP-004922,PROD-0068,SUP-08,WH-03,2022-06-04,2022-07-12,2022-07-12,261,485.35,126676.35,0,True,15
SHP-004923,PROD-0068,SUP-08,WH-03,2022-06-18,2022-07-29,2022-07-29,174,485.35,84450.9,0,True,10
SHP-004924,PROD-0068,SUP-08,WH-03,2022-07-02,2022-08-15,2022-08-15,185,485.35,89789.75,0,True,11
SHP-004925,PROD-0068,SUP-08,WH-03,2022-07-16,2022-08-25,2022-08-25,405,485.35,196566.75,0,True,24
SHP-004926,PROD-0068,SUP-08,WH-03,2022-07-30,2022-09-02,2022-09-02,413,485.35,200449.55,0,True,25
SHP-004927,PROD-0068,SUP-08,WH-03,2022-08-13,2022-09-20,2022-09-20,437,485.35,212097.95,0,True,26
SHP-004928,PROD-0068,SUP-08,WH-03,2022-08-27,2022-09-29,2022-09-29,402,485.35,195110.7,0,True,24
SHP-004929,PROD-0068,SUP-08,WH-03,2022-09-10,2022-10-07,2022-10-07,280,485.35,135898.0,0,True,16
SHP-004930,PROD-0068,SUP-08,WH-03,2022-09-24,2022-11-14,2022-11-14,190,485.35,92216.5,0,True,11
SHP-004931,PROD-0068,SUP-08,WH-03,2022-10-08,2022-11-19,2022-11-19,121,485.35,58727.35,0,True,7
SHP-004932,PROD-0068,SUP-08,WH-03,2022-10-22,2022-11-30,2022-11-30,63,485.35,30577.05,0,True,3
SHP-004933,PROD-0068,SUP-08,WH-03,2022-11-05,2022-12-11,2022-12-15,338,485.35,164048.3,4,False,20
SHP-004934,PROD-0068,SUP-08,WH-03,2022-11-19,2022-12-29,2022-12-29,207,485.35,100467.45,0,True,12
SHP-004935,PROD-0068,SUP-08,WH-03,2022-12-03,2023-01-09,2023-01-09,374,485.35,181520.9,0,True,22
SHP-004936,PROD-0068,SUP-08,WH-03,2022-12-17,2023-01-21,2023-01-21,275,485.35,133471.25,0,True,16
SHP-004937,PROD-0068,SUP-08,WH-03,2022-12-31,2023-02-12,2023-02-12,430,485.35,208700.5,0,True,26
SHP-004938,PROD-0068,SUP-08,WH-03,2023-01-14,2023-02-18,2023-02-18,125,485.35,60668.75,0,True,7
SHP-004939,PROD-0068,SUP-08,WH-03,2023-01-28,2023-03-13,2023-03-13,246,485.35,119396.1,0,True,14
SHP-004940,PROD-0068,SUP-08,WH-03,2023-02-11,2023-03-19,2023-03-19,64,485.35,31062.4,0,True,3
SHP-004941,PROD-0068,SUP-08,WH-03,2023-02-25,2023-03-20,2023-03-20,205,485.35,99496.75,0,True,12
SHP-004942,PROD-0068,SUP-08,WH-03,2023-03-11,2023-04-18,2023-04-18,182,485.35,88333.7,0,True,11
SHP-004943,PROD-0068,SUP-08,WH-03,2023-03-25,2023-04-24,2023-04-24,431,485.35,209185.85,0,True,26
SHP-004944,PROD-0068,SUP-08,WH-03,2023-04-08,2023-05-05,2023-05-19,257,485.35,124734.95,14,False,15
SHP-004945,PROD-0068,SUP-08,WH-03,2023-04-22,2023-05-21,2023-05-21,137,485.35,66492.95,0,True,8
SHP-004946,PROD-0068,SUP-08,WH-03,2023-05-06,2023-05-28,2023-05-28,350,485.35,169872.5,0,True,21
SHP-004947,PROD-0068,SUP-08,WH-03,2023-05-20,2023-06-30,2023-06-30,317,485.35,153855.95,0,True,19
SHP-004948,PROD-0068,SUP-08,WH-03,2023-06-03,2023-07-11,2023-07-11,298,485.35,144634.3,0,True,18
SHP-004949,PROD-0068,SUP-08,WH-03,2023-06-17,2023-07-23,2023-07-23,318,485.35,154341.3,0,True,19
SHP-004950,PROD-0068,SUP-08,WH-03,2023-07-01,2023-07-26,2023-07-26,244,485.35,118425.4,0,True,14
SHP-004951,PROD-0068,SUP-08,WH-03,2023-07-15,2023-08-23,2023-08-23,83,485.35,40284.05,0,True,5
SHP-004952,PROD-0068,SUP-08,WH-03,2023-07-29,2023-09-18,2023-09-18,155,485.35,75229.25,0,True,9
SHP-004953,PROD-0068,SUP-08,WH-03,2023-08-12,2023-09-17,2023-09-17,361,485.35,175211.35,0,True,21
SHP-004954,PROD-0068,SUP-08,WH-03,2023-08-26,2023-09-25,2023-09-25,111,485.35,53873.85,0,True,6
SHP-004955,PROD-0068,SUP-08,WH-03,2023-09-09,2023-10-04,2023-10-04,305,485.35,148031.75,0,True,18
SHP-004956,PROD-0068,SUP-08,WH-03,2023-09-23,2023-10-22,2023-10-22,376,485.35,182491.6,0,True,22
SHP-004957,PROD-0068,SUP-08,WH-03,2023-10-07,2023-11-24,2023-11-24,483,485.35,234424.05,0,True,29
SHP-004958,PROD-0068,SUP-08,WH-03,2023-10-21,2023-11-21,2023-11-21,318,485.35,154341.3,0,True,19
SHP-004959,PROD-0068,SUP-08,WH-03,2023-11-04,2023-11-25,2023-11-25,236,485.35,114542.6,0,True,14
SHP-004960,PROD-0068,SUP-08,WH-03,2023-11-18,2023-12-25,2023-12-25,370,485.35,179579.5,0,True,22
SHP-004961,PROD-0068,SUP-08,WH-03,2023-12-02,2024-01-02,2024-01-04,309,485.35,149973.15,2,False,18
SHP-004962,PROD-0068,SUP-08,WH-03,2023-12-16,2024-01-11,2024-01-11,323,485.35,156768.05,0,True,19
SHP-004963,PROD-0068,SUP-08,WH-03,2023-12-30,2024-02-08,2024-02-08,496,485.35,240733.6,0,True,30
SHP-004964,PROD-0068,SUP-08,WH-03,2024-01-13,2024-02-14,2024-02-16,78,485.35,37857.3,2,False,4
SHP-004965,PROD-0068,SUP-08,WH-03,2024-01-27,2024-03-03,2024-03-03,176,485.35,85421.6,0,True,10
SHP-004966,PROD-0068,SUP-08,WH-03,2024-02-10,2024-03-16,2024-03-16,428,485.35,207729.8,0,True,25
SHP-004967,PROD-0068,SUP-08,WH-03,2024-02-24,2024-04-10,2024-04-10,383,485.35,185889.05,0,True,23
SHP-004968,PROD-0068,SUP-08,WH-03,2024-03-09,2024-04-16,2024-04-16,403,485.35,195596.05,0,True,24
SHP-004969,PROD-0068,SUP-08,WH-03,2024-03-23,2024-05-01,2024-05-01,70,485.35,33974.5,0,True,4
SHP-004970,PROD-0068,SUP-08,WH-03,2024-04-06,2024-05-03,2024-05-03,192,485.35,93187.2,0,True,11
SHP-004971,PROD-0068,SUP-08,WH-03,2024-04-20,2024-05-11,2024-05-11,425,485.35,206273.75,0,True,25
SHP-004972,PROD-0068,SUP-08,WH-03,2024-05-04,2024-06-28,2024-07-12,117,485.35,56785.95,14,False,7
SHP-004973,PROD-0068,SUP-08,WH-03,2024-05-18,2024-06-27,2024-06-27,156,485.35,75714.6,0,True,9
SHP-004974,PROD-0068,SUP-08,WH-03,2024-06-01,2024-06-27,2024-06-27,439,485.35,213068.65,0,True,26
SHP-004975,PROD-0068,SUP-08,WH-03,2024-06-15,2024-07-29,2024-07-29,100,485.35,48535.0,0,True,6
SHP-004976,PROD-0068,SUP-08,WH-03,2024-06-29,2024-08-03,2024-08-12,76,485.35,36886.6,9,False,4
SHP-004977,PROD-0068,SUP-08,WH-03,2024-07-13,2024-08-14,2024-08-14,87,485.35,42225.45,0,True,5
SHP-004978,PROD-0068,SUP-08,WH-03,2024-07-27,2024-08-25,2024-08-25,276,485.35,133956.6,0,True,16
SHP-004979,PROD-0068,SUP-08,WH-03,2024-08-10,2024-09-16,2024-09-16,101,485.35,49020.35,0,True,6
SHP-004980,PROD-0068,SUP-08,WH-03,2024-08-24,2024-10-08,2024-10-08,356,485.35,172784.6,0,True,21
SHP-004981,PROD-0068,SUP-08,WH-03,2024-09-07,2024-10-20,2024-10-20,54,485.35,26208.9,0,True,3
SHP-004982,PROD-0068,SUP-08,WH-03,2024-09-21,2024-11-12,2024-11-12,107,485.35,51932.45,0,True,6
SHP-004983,PROD-0068,SUP-08,WH-03,2024-10-05,2024-11-07,2024-11-19,448,485.35,217436.8,12,False,27
SHP-004984,PROD-0068,SUP-08,WH-03,2024-10-19,2024-11-23,2024-11-23,462,485.35,224231.7,0,True,28
SHP-004985,PROD-0068,SUP-08,WH-03,2024-11-02,2024-12-14,2024-12-14,283,485.35,137354.05,0,True,17
SHP-004986,PROD-0068,SUP-08,WH-03,2024-11-16,2024-12-26,2024-12-26,258,485.35,125220.3,0,True,15
SHP-004987,PROD-0068,SUP-08,WH-03,2024-11-30,2025-01-21,2025-01-21,373,485.35,181035.55,0,True,22
SHP-004988,PROD-0068,SUP-08,WH-03,2024-12-14,2025-02-05,2025-02-05,297,485.35,144148.95,0,True,18
SHP-004989,PROD-0068,SUP-08,WH-03,2024-12-28,2025-01-29,2025-01-29,380,485.35,184433.0,0,True,23
SHP-004990,PROD-0069,SUP-09,WH-04,2022-01-01,2022-01-10,2022-01-10,177,176.12,31173.24,0,True,5
SHP-004991,PROD-0069,SUP-09,WH-04,2022-01-15,2022-01-20,2022-01-20,337,176.12,59352.44,0,True,10
SHP-004992,PROD-0069,SUP-09,WH-04,2022-01-29,2022-02-22,2022-02-22,275,176.12,48433.0,0,True,8
SHP-004993,PROD-0069,SUP-09,WH-04,2022-02-12,2022-03-03,2022-03-05,143,176.12,25185.16,2,False,4
SHP-004994,PROD-0069,SUP-09,WH-04,2022-02-26,2022-03-24,2022-03-24,310,176.12,54597.2,0,True,9
SHP-004995,PROD-0069,SUP-09,WH-04,2022-03-12,2022-03-30,2022-03-30,141,176.12,24832.92,0,True,4
SHP-004996,PROD-0069,SUP-09,WH-04,2022-03-26,2022-04-26,2022-04-26,394,176.12,69391.28,0,True,11
SHP-004997,PROD-0069,SUP-09,WH-04,2022-04-09,2022-04-23,2022-04-23,491,176.12,86474.92,0,True,14
SHP-004998,PROD-0069,SUP-09,WH-04,2022-04-23,2022-05-11,2022-05-11,401,176.12,70624.12,0,True,12
SHP-004999,PROD-0069,SUP-09,WH-04,2022-05-07,2022-05-25,2022-05-25,149,176.12,26241.88,0,True,4
SHP-005000,PROD-0069,SUP-09,WH-04,2022-05-21,2022-06-15,2022-06-15,168,176.12,29588.16,0,True,5
SHP-005001,PROD-0069,SUP-09,WH-04,2022-06-04,2022-06-23,2022-06-23,206,176.12,36280.72,0,True,6
SHP-005002,PROD-0069,SUP-09,WH-04,2022-06-18,2022-07-07,2022-07-07,291,176.12,51250.92,0,True,8
SHP-005003,PROD-0069,SUP-09,WH-04,2022-07-02,2022-07-31,2022-07-31,362,176.12,63755.44,0,True,10
SHP-005004,PROD-0069,SUP-09,WH-04,2022-07-16,2022-08-13,2022-08-13,129,176.12,22719.48,0,True,3
SHP-005005,PROD-0069,SUP-09,WH-04,2022-07-30,2022-08-23,2022-08-23,442,176.12,77845.04,0,True,13
SHP-005006,PROD-0069,SUP-09,WH-04,2022-08-13,2022-08-28,2022-08-28,486,176.12,85594.32,0,True,14
SHP-005007,PROD-0069,SUP-09,WH-04,2022-08-27,2022-09-20,2022-09-20,130,176.12,22895.6,0,True,3
SHP-005008,PROD-0069,SUP-09,WH-04,2022-09-10,2022-10-06,2022-10-12,292,176.12,51427.04,6,False,8
SHP-005009,PROD-0069,SUP-09,WH-04,2022-09-24,2022-10-15,2022-10-15,263,176.12,46319.56,0,True,7
SHP-005010,PROD-0069,SUP-09,WH-04,2022-10-08,2022-10-25,2022-10-25,167,176.12,29412.04,0,True,5
SHP-005011,PROD-0069,SUP-09,WH-04,2022-10-22,2022-11-09,2022-11-09,488,176.12,85946.56,0,True,14
SHP-005012,PROD-0069,SUP-09,WH-04,2022-11-05,2022-11-28,2022-11-28,124,176.12,21838.88,0,True,3
SHP-005013,PROD-0069,SUP-09,WH-04,2022-11-19,2022-12-19,2022-12-19,231,176.12,40683.72,0,True,6
SHP-005014,PROD-0069,SUP-09,WH-04,2022-12-03,2022-12-19,2022-12-19,280,176.12,49313.6,0,True,8
SHP-005015,PROD-0069,SUP-09,WH-04,2022-12-17,2023-01-10,2023-01-10,251,176.12,44206.12,0,True,7
SHP-005016,PROD-0069,SUP-09,WH-04,2022-12-31,2023-01-28,2023-01-28,440,176.12,77492.8,0,True,13
SHP-005017,PROD-0069,SUP-09,WH-04,2023-01-14,2023-02-07,2023-02-07,259,176.12,45615.08,0,True,7
SHP-005018,PROD-0069,SUP-09,WH-04,2023-01-28,2023-02-24,2023-02-24,121,176.12,21310.52,0,True,3
SHP-005019,PROD-0069,SUP-09,WH-04,2023-02-11,2023-03-01,2023-03-01,59,176.12,10391.08,0,True,1
SHP-005020,PROD-0069,SUP-09,WH-04,2023-02-25,2023-03-17,2023-03-17,156,176.12,27474.72,0,True,4
SHP-005021,PROD-0069,SUP-09,WH-04,2023-03-11,2023-03-24,2023-03-24,200,176.12,35224.0,0,True,6
SHP-005022,PROD-0069,SUP-09,WH-04,2023-03-25,2023-04-12,2023-04-12,214,176.12,37689.68,0,True,6
SHP-005023,PROD-0069,SUP-09,WH-04,2023-04-08,2023-04-25,2023-04-25,216,176.12,38041.92,0,True,6
SHP-005024,PROD-0069,SUP-09,WH-04,2023-04-22,2023-05-08,2023-05-08,152,176.12,26770.24,0,True,4
SHP-005025,PROD-0069,SUP-09,WH-04,2023-05-06,2023-05-31,2023-05-31,307,176.12,54068.84,0,True,9
SHP-005026,PROD-0069,SUP-09,WH-04,2023-05-20,2023-06-01,2023-06-01,104,176.12,18316.48,0,True,3
SHP-005027,PROD-0069,SUP-09,WH-04,2023-06-03,2023-06-17,2023-06-17,216,176.12,38041.92,0,True,6
SHP-005028,PROD-0069,SUP-09,WH-04,2023-06-17,2023-07-13,2023-07-13,419,176.12,73794.28,0,True,12
SHP-005029,PROD-0069,SUP-09,WH-04,2023-07-01,2023-07-21,2023-07-21,73,176.12,12856.76,0,True,2
SHP-005030,PROD-0069,SUP-09,WH-04,2023-07-15,2023-07-30,2023-07-30,402,176.12,70800.24,0,True,12
SHP-005031,PROD-0069,SUP-09,WH-04,2023-07-29,2023-08-22,2023-08-22,193,176.12,33991.16,0,True,5
SHP-005032,PROD-0069,SUP-09,WH-04,2023-08-12,2023-09-01,2023-09-01,80,176.12,14089.6,0,True,2
SHP-005033,PROD-0069,SUP-09,WH-04,2023-08-26,2023-09-18,2023-09-18,225,176.12,39627.0,0,True,6
SHP-005034,PROD-0069,SUP-09,WH-04,2023-09-09,2023-10-02,2023-10-02,274,176.12,48256.88,0,True,8
SHP-005035,PROD-0069,SUP-09,WH-04,2023-09-23,2023-10-13,2023-10-13,118,176.12,20782.16,0,True,3
SHP-005036,PROD-0069,SUP-09,WH-04,2023-10-07,2023-10-23,2023-10-23,446,176.12,78549.52,0,True,13
SHP-005037,PROD-0069,SUP-09,WH-04,2023-10-21,2023-11-10,2023-11-10,127,176.12,22367.24,0,True,3
SHP-005038,PROD-0069,SUP-09,WH-04,2023-11-04,2023-11-27,2023-11-27,203,176.12,35752.36,0,True,6
SHP-005039,PROD-0069,SUP-09,WH-04,2023-11-18,2023-12-12,2023-12-12,95,176.12,16731.4,0,True,2
SHP-005040,PROD-0069,SUP-09,WH-04,2023-12-02,2023-12-25,2023-12-25,343,176.12,60409.16,0,True,10
SHP-005041,PROD-0069,SUP-09,WH-04,2023-12-16,2024-01-04,2024-01-04,183,176.12,32229.96,0,True,5
SHP-005042,PROD-0069,SUP-09,WH-04,2023-12-30,2024-01-23,2024-01-23,199,176.12,35047.88,0,True,6
SHP-005043,PROD-0069,SUP-09,WH-04,2024-01-13,2024-01-26,2024-01-26,445,176.12,78373.4,0,True,13
SHP-005044,PROD-0069,SUP-09,WH-04,2024-01-27,2024-02-20,2024-02-20,452,176.12,79606.24,0,True,13
SHP-005045,PROD-0069,SUP-09,WH-04,2024-02-10,2024-03-07,2024-03-07,210,176.12,36985.2,0,True,6
SHP-005046,PROD-0069,SUP-09,WH-04,2024-02-24,2024-02-27,2024-02-27,445,176.12,78373.4,0,True,13
SHP-005047,PROD-0069,SUP-09,WH-04,2024-03-09,2024-04-06,2024-04-06,159,176.12,28003.08,0,True,4
SHP-005048,PROD-0069,SUP-09,WH-04,2024-03-23,2024-04-23,2024-04-23,166,176.12,29235.92,0,True,5
SHP-005049,PROD-0069,SUP-09,WH-04,2024-04-06,2024-04-30,2024-04-30,151,176.12,26594.12,0,True,4
SHP-005050,PROD-0069,SUP-09,WH-04,2024-04-20,2024-04-29,2024-05-10,182,176.12,32053.84,11,False,5
SHP-005051,PROD-0069,SUP-09,WH-04,2024-05-04,2024-05-26,2024-05-26,61,176.12,10743.32,0,True,1
SHP-005052,PROD-0069,SUP-09,WH-04,2024-05-18,2024-06-04,2024-06-04,260,176.12,45791.2,0,True,7
SHP-005053,PROD-0069,SUP-09,WH-04,2024-06-01,2024-06-23,2024-06-23,299,176.12,52659.88,0,True,9
SHP-005054,PROD-0069,SUP-09,WH-04,2024-06-15,2024-07-09,2024-07-09,320,176.12,56358.4,0,True,9
SHP-005055,PROD-0069,SUP-09,WH-04,2024-06-29,2024-07-25,2024-07-25,312,176.12,54949.44,0,True,9
SHP-005056,PROD-0069,SUP-09,WH-04,2024-07-13,2024-08-05,2024-08-05,273,176.12,48080.76,0,True,8
SHP-005057,PROD-0069,SUP-09,WH-04,2024-07-27,2024-08-16,2024-08-17,497,176.12,87531.64,1,False,15
SHP-005058,PROD-0069,SUP-09,WH-04,2024-08-10,2024-09-09,2024-09-09,325,176.12,57239.0,0,True,9
SHP-005059,PROD-0069,SUP-09,WH-04,2024-08-24,2024-09-09,2024-09-09,220,176.12,38746.4,0,True,6
SHP-005060,PROD-0069,SUP-09,WH-04,2024-09-07,2024-09-21,2024-09-21,88,176.12,15498.56,0,True,2
SHP-005061,PROD-0069,SUP-09,WH-04,2024-09-21,2024-10-11,2024-10-11,335,176.12,59000.2,0,True,10
SHP-005062,PROD-0069,SUP-09,WH-04,2024-10-05,2024-10-24,2024-10-24,131,176.12,23071.72,0,True,3
SHP-005063,PROD-0069,SUP-09,WH-04,2024-10-19,2024-11-04,2024-11-04,485,176.12,85418.2,0,True,14
SHP-005064,PROD-0069,SUP-09,WH-04,2024-11-02,2024-11-27,2024-11-27,289,176.12,50898.68,0,True,8
SHP-005065,PROD-0069,SUP-09,WH-04,2024-11-16,2024-12-04,2024-12-04,147,176.12,25889.64,0,True,4
SHP-005066,PROD-0069,SUP-09,WH-04,2024-11-30,2024-12-26,2024-12-26,400,176.12,70448.0,0,True,12
SHP-005067,PROD-0069,SUP-09,WH-04,2024-12-14,2024-12-26,2024-12-26,288,176.12,50722.56,0,True,8
SHP-005068,PROD-0069,SUP-09,WH-04,2024-12-28,2025-01-14,2025-01-14,428,176.12,75379.36,0,True,12
SHP-005069,PROD-0070,SUP-10,WH-05,2022-01-01,2022-01-31,2022-01-31,143,195.67,27980.81,0,True,4
SHP-005070,PROD-0070,SUP-10,WH-05,2022-01-13,2022-01-30,2022-01-30,282,195.67,55178.94,0,True,8
SHP-005071,PROD-0070,SUP-10,WH-05,2022-01-25,2022-02-09,2022-02-09,428,195.67,83746.76,0,True,12
SHP-005072,PROD-0070,SUP-10,WH-05,2022-02-06,2022-03-11,2022-03-25,60,195.67,11740.2,14,False,1
SHP-005073,PROD-0070,SUP-10,WH-05,2022-02-18,2022-03-23,2022-03-23,53,195.67,10370.51,0,True,1
SHP-005074,PROD-0070,SUP-10,WH-05,2022-03-02,2022-03-14,2022-03-14,59,195.67,11544.53,0,True,1
SHP-005075,PROD-0070,SUP-10,WH-05,2022-03-14,2022-04-03,2022-04-03,268,195.67,52439.56,0,True,7
SHP-005076,PROD-0070,SUP-10,WH-05,2022-03-26,2022-04-17,2022-04-17,164,195.67,32089.88,0,True,4
SHP-005077,PROD-0070,SUP-10,WH-05,2022-04-07,2022-05-02,2022-05-02,217,195.67,42460.39,0,True,6
SHP-005078,PROD-0070,SUP-10,WH-05,2022-04-19,2022-04-29,2022-04-29,390,195.67,76311.3,0,True,11
SHP-005079,PROD-0070,SUP-10,WH-05,2022-05-01,2022-05-12,2022-05-12,344,195.67,67310.48,0,True,10
SHP-005080,PROD-0070,SUP-10,WH-05,2022-05-13,2022-06-06,2022-06-06,416,195.67,81398.72,0,True,12
SHP-005081,PROD-0070,SUP-10,WH-05,2022-05-25,2022-06-23,2022-06-23,146,195.67,28567.82,0,True,4
SHP-005082,PROD-0070,SUP-10,WH-05,2022-06-06,2022-06-24,2022-06-24,207,195.67,40503.69,0,True,6
SHP-005083,PROD-0070,SUP-10,WH-05,2022-06-18,2022-07-06,2022-07-06,323,195.67,63201.41,0,True,9
SHP-005084,PROD-0070,SUP-10,WH-05,2022-06-30,2022-07-23,2022-08-02,70,195.67,13696.9,10,False,2
SHP-005085,PROD-0070,SUP-10,WH-05,2022-07-12,2022-08-04,2022-08-04,228,195.67,44612.76,0,True,6
SHP-005086,PROD-0070,SUP-10,WH-05,2022-07-24,2022-08-16,2022-08-16,211,195.67,41286.37,0,True,6
SHP-005087,PROD-0070,SUP-10,WH-05,2022-08-05,2022-09-14,2022-09-14,153,195.67,29937.51,0,True,4
SHP-005088,PROD-0070,SUP-10,WH-05,2022-08-17,2022-08-31,2022-08-31,188,195.67,36785.96,0,True,5
SHP-005089,PROD-0070,SUP-10,WH-05,2022-08-29,2022-09-12,2022-09-12,161,195.67,31502.87,0,True,4
SHP-005090,PROD-0070,SUP-10,WH-05,2022-09-10,2022-09-28,2022-09-28,120,195.67,23480.4,0,True,3
SHP-005091,PROD-0070,SUP-10,WH-05,2022-09-22,2022-10-14,2022-10-14,242,195.67,47352.14,0,True,7
SHP-005092,PROD-0070,SUP-10,WH-05,2022-10-04,2022-10-20,2022-10-20,430,195.67,84138.1,0,True,12
SHP-005093,PROD-0070,SUP-10,WH-05,2022-10-16,2022-11-03,2022-11-03,244,195.67,47743.48,0,True,7
SHP-005094,PROD-0070,SUP-10,WH-05,2022-10-28,2022-11-10,2022-11-10,254,195.67,49700.18,0,True,7
SHP-005095,PROD-0070,SUP-10,WH-05,2022-11-09,2022-11-23,2022-11-23,244,195.67,47743.48,0,True,7
SHP-005096,PROD-0070,SUP-10,WH-05,2022-11-21,2022-12-01,2022-12-01,97,195.67,18979.99,0,True,2
SHP-005097,PROD-0070,SUP-10,WH-05,2022-12-03,2022-12-28,2022-12-28,346,195.67,67701.82,0,True,10
SHP-005098,PROD-0070,SUP-10,WH-05,2022-12-15,2023-01-01,2023-01-01,133,195.67,26024.11,0,True,3
SHP-005099,PROD-0070,SUP-10,WH-05,2022-12-27,2023-01-24,2023-01-24,300,195.67,58701.0,0,True,8
SHP-005100,PROD-0070,SUP-10,WH-05,2023-01-08,2023-02-03,2023-02-03,433,195.67,84725.11,0,True,12
SHP-005101,PROD-0070,SUP-10,WH-05,2023-01-20,2023-02-26,2023-02-26,157,195.67,30720.19,0,True,4
SHP-005102,PROD-0070,SUP-10,WH-05,2023-02-01,2023-02-22,2023-02-22,234,195.67,45786.78,0,True,6
SHP-005103,PROD-0070,SUP-10,WH-05,2023-02-13,2023-03-09,2023-03-09,107,195.67,20936.69,0,True,3
SHP-005104,PROD-0070,SUP-10,WH-05,2023-02-25,2023-03-10,2023-03-10,244,195.67,47743.48,0,True,7
SHP-005105,PROD-0070,SUP-10,WH-05,2023-03-09,2023-03-29,2023-03-29,489,195.67,95682.63,0,True,14
SHP-005106,PROD-0070,SUP-10,WH-05,2023-03-21,2023-04-15,2023-04-15,208,195.67,40699.36,0,True,6
SHP-005107,PROD-0070,SUP-10,WH-05,2023-04-02,2023-04-13,2023-04-13,484,195.67,94704.28,0,True,14
SHP-005108,PROD-0070,SUP-10,WH-05,2023-04-14,2023-05-10,2023-05-10,409,195.67,80029.03,0,True,12
SHP-005109,PROD-0070,SUP-10,WH-05,2023-04-26,2023-05-19,2023-05-19,464,195.67,90790.88,0,True,13
SHP-005110,PROD-0070,SUP-10,WH-05,2023-05-08,2023-05-29,2023-05-29,58,195.67,11348.86,0,True,1
SHP-005111,PROD-0070,SUP-10,WH-05,2023-05-20,2023-06-12,2023-06-12,215,195.67,42069.05,0,True,6
SHP-005112,PROD-0070,SUP-10,WH-05,2023-06-01,2023-06-21,2023-06-21,177,195.67,34633.59,0,True,5
SHP-005113,PROD-0070,SUP-10,WH-05,2023-06-13,2023-07-07,2023-07-07,115,195.67,22502.05,0,True,3
SHP-005114,PROD-0070,SUP-10,WH-05,2023-06-25,2023-07-24,2023-07-24,405,195.67,79246.35,0,True,11
SHP-005115,PROD-0070,SUP-10,WH-05,2023-07-07,2023-08-09,2023-08-09,81,195.67,15849.27,0,True,2
SHP-005116,PROD-0070,SUP-10,WH-05,2023-07-19,2023-08-05,2023-08-05,493,195.67,96465.31,0,True,14
SHP-005117,PROD-0070,SUP-10,WH-05,2023-07-31,2023-08-24,2023-08-24,240,195.67,46960.8,0,True,7
SHP-005118,PROD-0070,SUP-10,WH-05,2023-08-12,2023-08-26,2023-08-26,130,195.67,25437.1,0,True,3
SHP-005119,PROD-0070,SUP-10,WH-05,2023-08-24,2023-10-04,2023-10-04,315,195.67,61636.05,0,True,9
SHP-005120,PROD-0070,SUP-10,WH-05,2023-09-05,2023-10-03,2023-10-03,464,195.67,90790.88,0,True,13
SHP-005121,PROD-0070,SUP-10,WH-05,2023-09-17,2023-10-01,2023-10-01,500,195.67,97835.0,0,True,14
SHP-005122,PROD-0070,SUP-10,WH-05,2023-09-29,2023-11-01,2023-11-01,65,195.67,12718.55,0,True,1
SHP-005123,PROD-0070,SUP-10,WH-05,2023-10-11,2023-10-20,2023-10-20,256,195.67,50091.52,0,True,7
SHP-005124,PROD-0070,SUP-10,WH-05,2023-10-23,2023-11-07,2023-11-07,480,195.67,93921.6,0,True,14
SHP-005125,PROD-0070,SUP-10,WH-05,2023-11-04,2023-11-21,2023-11-21,64,195.67,12522.88,0,True,1
SHP-005126,PROD-0070,SUP-10,WH-05,2023-11-16,2023-12-06,2023-12-06,64,195.67,12522.88,0,True,1
SHP-005127,PROD-0070,SUP-10,WH-05,2023-11-28,2023-12-24,2023-12-24,496,195.67,97052.32,0,True,14
SHP-005128,PROD-0070,SUP-10,WH-05,2023-12-10,2023-12-24,2023-12-24,73,195.67,14283.91,0,True,2
SHP-005129,PROD-0070,SUP-10,WH-05,2023-12-22,2024-01-09,2024-01-09,356,195.67,69658.52,0,True,10
SHP-005130,PROD-0070,SUP-10,WH-05,2024-01-03,2024-01-23,2024-01-23,130,195.67,25437.1,0,True,3
SHP-005131,PROD-0070,SUP-10,WH-05,2024-01-15,2024-02-11,2024-02-11,164,195.67,32089.88,0,True,4
SHP-005132,PROD-0070,SUP-10,WH-05,2024-01-27,2024-02-15,2024-02-15,83,195.67,16240.61,0,True,2
SHP-005133,PROD-0070,SUP-10,WH-05,2024-02-08,2024-03-03,2024-03-05,287,195.67,56157.29,2,False,8
SHP-005134,PROD-0070,SUP-10,WH-05,2024-02-20,2024-03-16,2024-03-16,324,195.67,63397.08,0,True,9
SHP-005135,PROD-0070,SUP-10,WH-05,2024-03-03,2024-03-28,2024-03-28,358,195.67,70049.86,0,True,10
SHP-005136,PROD-0070,SUP-10,WH-05,2024-03-15,2024-03-16,2024-03-16,209,195.67,40895.03,0,True,6
SHP-005137,PROD-0070,SUP-10,WH-05,2024-03-27,2024-04-20,2024-04-20,181,195.67,35416.27,0,True,5
SHP-005138,PROD-0070,SUP-10,WH-05,2024-04-08,2024-04-15,2024-04-15,326,195.67,63788.42,0,True,9
SHP-005139,PROD-0070,SUP-10,WH-05,2024-04-20,2024-05-11,2024-05-17,392,195.67,76702.64,6,False,11
SHP-005140,PROD-0070,SUP-10,WH-05,2024-05-02,2024-05-22,2024-05-22,302,195.67,59092.34,0,True,8
SHP-005141,PROD-0070,SUP-10,WH-05,2024-05-14,2024-06-10,2024-06-10,342,195.67,66919.14,0,True,10
SHP-005142,PROD-0070,SUP-10,WH-05,2024-05-26,2024-06-01,2024-06-01,313,195.67,61244.71,0,True,9
SHP-005143,PROD-0070,SUP-10,WH-05,2024-06-07,2024-06-20,2024-06-20,123,195.67,24067.41,0,True,3
SHP-005144,PROD-0070,SUP-10,WH-05,2024-06-19,2024-07-07,2024-07-07,430,195.67,84138.1,0,True,12
SHP-005145,PROD-0070,SUP-10,WH-05,2024-07-01,2024-07-19,2024-07-19,194,195.67,37959.98,0,True,5
SHP-005146,PROD-0070,SUP-10,WH-05,2024-07-13,2024-08-06,2024-08-06,165,195.67,32285.55,0,True,4
SHP-005147,PROD-0070,SUP-10,WH-05,2024-07-25,2024-08-06,2024-08-06,387,195.67,75724.29,0,True,11
SHP-005148,PROD-0070,SUP-10,WH-05,2024-08-06,2024-08-29,2024-08-29,286,195.67,55961.62,0,True,8
SHP-005149,PROD-0070,SUP-10,WH-05,2024-08-18,2024-09-07,2024-09-07,314,195.67,61440.38,0,True,9
SHP-005150,PROD-0070,SUP-10,WH-05,2024-08-30,2024-10-02,2024-10-12,186,195.67,36394.62,10,False,5
SHP-005151,PROD-0070,SUP-10,WH-05,2024-09-11,2024-09-24,2024-09-24,217,195.67,42460.39,0,True,6
SHP-005152,PROD-0070,SUP-10,WH-05,2024-09-23,2024-10-22,2024-10-22,124,195.67,24263.08,0,True,3
SHP-005153,PROD-0070,SUP-10,WH-05,2024-10-05,2024-10-25,2024-10-25,485,195.67,94899.95,0,True,14
SHP-005154,PROD-0070,SUP-10,WH-05,2024-10-17,2024-11-02,2024-11-02,459,195.67,89812.53,0,True,13
SHP-005155,PROD-0070,SUP-10,WH-05,2024-10-29,2024-12-02,2024-12-02,456,195.67,89225.52,0,True,13
SHP-005156,PROD-0070,SUP-10,WH-05,2024-11-10,2024-11-28,2024-12-02,57,195.67,11153.19,4,False,1
SHP-005157,PROD-0070,SUP-10,WH-05,2024-11-22,2024-12-17,2024-12-17,477,195.67,93334.59,0,True,14
SHP-005158,PROD-0070,SUP-10,WH-05,2024-12-04,2024-12-24,2024-12-24,253,195.67,49504.51,0,True,7
SHP-005159,PROD-0070,SUP-10,WH-05,2024-12-16,2025-01-05,2025-01-05,296,195.67,57918.32,0,True,8
SHP-005160,PROD-0070,SUP-10,WH-05,2024-12-28,2025-01-23,2025-01-23,146,195.67,28567.82,0,True,4
SHP-005161,PROD-0071,SUP-11,WH-01,2022-01-01,2022-02-19,2022-02-19,345,262.36,90514.2,0,True,14
SHP-005162,PROD-0071,SUP-11,WH-01,2022-01-21,2022-02-28,2022-02-28,159,262.36,41715.24,0,True,6
SHP-005163,PROD-0071,SUP-11,WH-01,2022-02-10,2022-03-21,2022-03-21,329,262.36,86316.44,0,True,13
SHP-005164,PROD-0071,SUP-11,WH-01,2022-03-02,2022-03-22,2022-03-22,193,262.36,50635.48,0,True,7
SHP-005165,PROD-0071,SUP-11,WH-01,2022-03-22,2022-05-02,2022-05-02,222,262.36,58243.92,0,True,9
SHP-005166,PROD-0071,SUP-11,WH-01,2022-04-11,2022-06-03,2022-06-09,145,262.36,38042.2,6,False,5
SHP-005167,PROD-0071,SUP-11,WH-01,2022-05-01,2022-06-24,2022-06-24,496,262.36,130130.56,0,True,20
SHP-005168,PROD-0071,SUP-11,WH-01,2022-05-21,2022-07-03,2022-07-03,283,262.36,74247.88,0,True,11
SHP-005169,PROD-0071,SUP-11,WH-01,2022-06-10,2022-08-03,2022-08-03,488,262.36,128031.68,0,True,20
SHP-005170,PROD-0071,SUP-11,WH-01,2022-06-30,2022-08-21,2022-08-21,184,262.36,48274.24,0,True,7
SHP-005171,PROD-0071,SUP-11,WH-01,2022-07-20,2022-09-06,2022-09-06,268,262.36,70312.48,0,True,11
SHP-005172,PROD-0071,SUP-11,WH-01,2022-08-09,2022-09-13,2022-09-13,328,262.36,86054.08,0,True,13
SHP-005173,PROD-0071,SUP-11,WH-01,2022-08-29,2022-10-10,2022-10-10,284,262.36,74510.24,0,True,11
SHP-005174,PROD-0071,SUP-11,WH-01,2022-09-18,2022-10-25,2022-10-25,331,262.36,86841.16,0,True,13
SHP-005175,PROD-0071,SUP-11,WH-01,2022-10-08,2022-11-13,2022-11-13,497,262.36,130392.92,0,True,20
SHP-005176,PROD-0071,SUP-11,WH-01,2022-10-28,2022-12-13,2022-12-13,273,262.36,71624.28,0,True,11
SHP-005177,PROD-0071,SUP-11,WH-01,2022-11-17,2023-01-04,2023-01-13,92,262.36,24137.12,9,False,3
SHP-005178,PROD-0071,SUP-11,WH-01,2022-12-07,2023-01-04,2023-01-18,143,262.36,37517.48,14,False,5
SHP-005179,PROD-0071,SUP-11,WH-01,2022-12-27,2023-02-05,2023-02-05,311,262.36,81593.96,0,True,12
SHP-005180,PROD-0071,SUP-11,WH-01,2023-01-16,2023-02-21,2023-02-21,398,262.36,104419.28,0,True,16
SHP-005181,PROD-0071,SUP-11,WH-01,2023-02-05,2023-03-21,2023-03-21,151,262.36,39616.36,0,True,6
SHP-005182,PROD-0071,SUP-11,WH-01,2023-02-25,2023-04-04,2023-04-04,319,262.36,83692.84,0,True,13
SHP-005183,PROD-0071,SUP-11,WH-01,2023-03-17,2023-05-02,2023-05-02,338,262.36,88677.68,0,True,13
SHP-005184,PROD-0071,SUP-11,WH-01,2023-04-06,2023-05-28,2023-05-28,74,262.36,19414.64,0,True,3
SHP-005185,PROD-0071,SUP-11,WH-01,2023-04-26,2023-06-09,2023-06-09,326,262.36,85529.36,0,True,13
SHP-005186,PROD-0071,SUP-11,WH-01,2023-05-16,2023-07-04,2023-07-04,321,262.36,84217.56,0,True,13
SHP-005187,PROD-0071,SUP-11,WH-01,2023-06-05,2023-07-28,2023-07-28,101,262.36,26498.36,0,True,4
SHP-005188,PROD-0071,SUP-11,WH-01,2023-06-25,2023-08-09,2023-08-09,374,262.36,98122.64,0,True,15
SHP-005189,PROD-0071,SUP-11,WH-01,2023-07-15,2023-08-18,2023-08-18,481,262.36,126195.16,0,True,19
SHP-005190,PROD-0071,SUP-11,WH-01,2023-08-04,2023-09-08,2023-09-08,326,262.36,85529.36,0,True,13
SHP-005191,PROD-0071,SUP-11,WH-01,2023-08-24,2023-10-06,2023-10-06,153,262.36,40141.08,0,True,6
SHP-005192,PROD-0071,SUP-11,WH-01,2023-09-13,2023-11-08,2023-11-08,255,262.36,66901.8,0,True,10
SHP-005193,PROD-0071,SUP-11,WH-01,2023-10-03,2023-11-03,2023-11-03,317,262.36,83168.12,0,True,13
SHP-005194,PROD-0071,SUP-11,WH-01,2023-10-23,2023-12-08,2023-12-08,289,262.36,75822.04,0,True,11
SHP-005195,PROD-0071,SUP-11,WH-01,2023-11-12,2023-12-27,2023-12-27,203,262.36,53259.08,0,True,8
SHP-005196,PROD-0071,SUP-11,WH-01,2023-12-02,2024-01-19,2024-01-19,412,262.36,108092.32,0,True,16
SHP-005197,PROD-0071,SUP-11,WH-01,2023-12-22,2024-02-03,2024-02-03,156,262.36,40928.16,0,True,6
SHP-005198,PROD-0071,SUP-11,WH-01,2024-01-11,2024-02-24,2024-02-24,84,262.36,22038.24,0,True,3
SHP-005199,PROD-0071,SUP-11,WH-01,2024-01-31,2024-03-14,2024-03-14,121,262.36,31745.56,0,True,4
SHP-005200,PROD-0071,SUP-11,WH-01,2024-02-20,2024-03-27,2024-03-27,132,262.36,34631.52,0,True,5
SHP-005201,PROD-0071,SUP-11,WH-01,2024-03-11,2024-04-09,2024-04-22,174,262.36,45650.64,13,False,7
SHP-005202,PROD-0071,SUP-11,WH-01,2024-03-31,2024-05-27,2024-05-27,380,262.36,99696.8,0,True,15
SHP-005203,PROD-0071,SUP-11,WH-01,2024-04-20,2024-06-01,2024-06-01,149,262.36,39091.64,0,True,6
SHP-005204,PROD-0071,SUP-11,WH-01,2024-05-10,2024-06-15,2024-06-15,86,262.36,22562.96,0,True,3
SHP-005205,PROD-0071,SUP-11,WH-01,2024-05-30,2024-07-20,2024-07-24,191,262.36,50110.76,4,False,7
SHP-005206,PROD-0071,SUP-11,WH-01,2024-06-19,2024-07-29,2024-07-29,113,262.36,29646.68,0,True,4
SHP-005207,PROD-0071,SUP-11,WH-01,2024-07-09,2024-08-23,2024-08-23,394,262.36,103369.84,0,True,16
SHP-005208,PROD-0071,SUP-11,WH-01,2024-07-29,2024-09-14,2024-09-14,122,262.36,32007.92,0,True,5
SHP-005209,PROD-0071,SUP-11,WH-01,2024-08-18,2024-09-26,2024-09-26,217,262.36,56932.12,0,True,8
SHP-005210,PROD-0071,SUP-11,WH-01,2024-09-07,2024-10-25,2024-10-25,316,262.36,82905.76,0,True,13
SHP-005211,PROD-0071,SUP-11,WH-01,2024-09-27,2024-11-08,2024-11-08,445,262.36,116750.2,0,True,18
SHP-005212,PROD-0071,SUP-11,WH-01,2024-10-17,2024-12-06,2024-12-06,168,262.36,44076.48,0,True,6
SHP-005213,PROD-0071,SUP-11,WH-01,2024-11-06,2024-12-27,2024-12-27,470,262.36,123309.2,0,True,19
SHP-005214,PROD-0071,SUP-11,WH-01,2024-11-26,2025-01-14,2025-01-14,362,262.36,94974.32,0,True,14
SHP-005215,PROD-0071,SUP-11,WH-01,2024-12-16,2025-01-10,2025-01-10,500,262.36,131180.0,0,True,20
SHP-005216,PROD-0072,SUP-12,WH-02,2022-01-01,2022-01-19,2022-01-25,70,333.8,23366.0,6,False,10
SHP-005217,PROD-0072,SUP-12,WH-02,2022-01-22,2022-02-15,2022-02-22,180,333.8,60084.0,7,False,26
SHP-005218,PROD-0072,SUP-12,WH-02,2022-02-12,2022-02-26,2022-02-26,268,333.8,89458.4,0,True,39
SHP-005219,PROD-0072,SUP-12,WH-02,2022-03-05,2022-03-08,2022-03-08,413,333.8,137859.4,0,True,60
SHP-005220,PROD-0072,SUP-12,WH-02,2022-03-26,2022-04-09,2022-04-21,299,333.8,99806.2,12,False,43
SHP-005221,PROD-0072,SUP-12,WH-02,2022-04-16,2022-04-23,2022-04-23,317,333.8,105814.6,0,True,46
SHP-005222,PROD-0072,SUP-12,WH-02,2022-05-07,2022-05-23,2022-05-23,424,333.8,141531.2,0,True,61
SHP-005223,PROD-0072,SUP-12,WH-02,2022-05-28,2022-06-09,2022-06-19,492,333.8,164229.6,10,False,71
SHP-005224,PROD-0072,SUP-12,WH-02,2022-06-18,2022-07-06,2022-07-06,485,333.8,161893.0,0,True,70
SHP-005225,PROD-0072,SUP-12,WH-02,2022-07-09,2022-07-10,2022-07-10,409,333.8,136524.2,0,True,59
SHP-005226,PROD-0072,SUP-12,WH-02,2022-07-30,2022-08-25,2022-08-25,376,333.8,125508.8,0,True,54
SHP-005227,PROD-0072,SUP-12,WH-02,2022-08-20,2022-09-10,2022-09-12,193,333.8,64423.4,2,False,28
SHP-005228,PROD-0072,SUP-12,WH-02,2022-09-10,2022-09-16,2022-09-30,191,333.8,63755.8,14,False,27
SHP-005229,PROD-0072,SUP-12,WH-02,2022-10-01,2022-10-18,2022-10-18,218,333.8,72768.4,0,True,31
SHP-005230,PROD-0072,SUP-12,WH-02,2022-10-22,2022-11-13,2022-11-13,178,333.8,59416.4,0,True,25
SHP-005231,PROD-0072,SUP-12,WH-02,2022-11-12,2022-11-23,2022-11-23,101,333.8,33713.8,0,True,14
SHP-005232,PROD-0072,SUP-12,WH-02,2022-12-03,2022-12-18,2022-12-30,174,333.8,58081.2,12,False,25
SHP-005233,PROD-0072,SUP-12,WH-02,2022-12-24,2022-12-25,2022-12-25,352,333.8,117497.6,0,True,51
SHP-005234,PROD-0072,SUP-12,WH-02,2023-01-14,2023-01-15,2023-01-15,103,333.8,34381.4,0,True,15
SHP-005235,PROD-0072,SUP-12,WH-02,2023-02-04,2023-02-09,2023-02-22,299,333.8,99806.2,13,False,43
SHP-005236,PROD-0072,SUP-12,WH-02,2023-02-25,2023-03-08,2023-03-08,339,333.8,113158.2,0,True,49
SHP-005237,PROD-0072,SUP-12,WH-02,2023-03-18,2023-04-15,2023-04-15,495,333.8,165231.0,0,True,72
SHP-005238,PROD-0072,SUP-12,WH-02,2023-04-08,2023-04-23,2023-04-23,358,333.8,119500.4,0,True,52
SHP-005239,PROD-0072,SUP-12,WH-02,2023-04-29,2023-04-30,2023-04-30,456,333.8,152212.8,0,True,66
SHP-005240,PROD-0072,SUP-12,WH-02,2023-05-20,2023-06-06,2023-06-17,344,333.8,114827.2,11,False,50
SHP-005241,PROD-0072,SUP-12,WH-02,2023-06-10,2023-06-29,2023-06-29,441,333.8,147205.8,0,True,64
SHP-005242,PROD-0072,SUP-12,WH-02,2023-07-01,2023-07-10,2023-07-10,394,333.8,131517.2,0,True,57
SHP-005243,PROD-0072,SUP-12,WH-02,2023-07-22,2023-08-07,2023-08-19,265,333.8,88457.0,12,False,38
SHP-005244,PROD-0072,SUP-12,WH-02,2023-08-12,2023-09-05,2023-09-05,431,333.8,143867.8,0,True,62
SHP-005245,PROD-0072,SUP-12,WH-02,2023-09-02,2023-09-15,2023-09-15,453,333.8,151211.4,0,True,66
SHP-005246,PROD-0072,SUP-12,WH-02,2023-09-23,2023-10-05,2023-10-13,343,333.8,114493.4,8,False,50
SHP-005247,PROD-0072,SUP-12,WH-02,2023-10-14,2023-10-24,2023-10-24,254,333.8,84785.2,0,True,37
SHP-005248,PROD-0072,SUP-12,WH-02,2023-11-04,2023-11-23,2023-12-07,431,333.8,143867.8,14,False,62
SHP-005249,PROD-0072,SUP-12,WH-02,2023-11-25,2023-12-06,2023-12-06,63,333.8,21029.4,0,True,9
SHP-005250,PROD-0072,SUP-12,WH-02,2023-12-16,2024-01-01,2024-01-01,62,333.8,20695.6,0,True,9
SHP-005251,PROD-0072,SUP-12,WH-02,2024-01-06,2024-01-14,2024-01-25,100,333.8,33380.0,11,False,14
SHP-005252,PROD-0072,SUP-12,WH-02,2024-01-27,2024-02-07,2024-02-12,460,333.8,153548.0,5,False,67
SHP-005253,PROD-0072,SUP-12,WH-02,2024-02-17,2024-03-19,2024-03-20,484,333.8,161559.2,1,False,70
SHP-005254,PROD-0072,SUP-12,WH-02,2024-03-09,2024-03-18,2024-03-18,399,333.8,133186.2,0,True,58
SHP-005255,PROD-0072,SUP-12,WH-02,2024-03-30,2024-04-26,2024-04-26,177,333.8,59082.6,0,True,25
SHP-005256,PROD-0072,SUP-12,WH-02,2024-04-20,2024-04-27,2024-04-27,74,333.8,24701.2,0,True,10
SHP-005257,PROD-0072,SUP-12,WH-02,2024-05-11,2024-06-08,2024-06-08,375,333.8,125175.0,0,True,54
SHP-005258,PROD-0072,SUP-12,WH-02,2024-06-01,2024-06-15,2024-06-20,132,333.8,44061.6,5,False,19
SHP-005259,PROD-0072,SUP-12,WH-02,2024-06-22,2024-07-10,2024-07-10,492,333.8,164229.6,0,True,71
SHP-005260,PROD-0072,SUP-12,WH-02,2024-07-13,2024-07-21,2024-07-21,429,333.8,143200.2,0,True,62
SHP-005261,PROD-0072,SUP-12,WH-02,2024-08-03,2024-08-21,2024-08-28,449,333.8,149876.2,7,False,65
SHP-005262,PROD-0072,SUP-12,WH-02,2024-08-24,2024-09-11,2024-09-11,305,333.8,101809.0,0,True,44
SHP-005263,PROD-0072,SUP-12,WH-02,2024-09-14,2024-09-30,2024-09-30,230,333.8,76774.0,0,True,33
SHP-005264,PROD-0072,SUP-12,WH-02,2024-10-05,2024-10-09,2024-10-09,462,333.8,154215.6,0,True,67
SHP-005265,PROD-0072,SUP-12,WH-02,2024-10-26,2024-11-04,2024-11-18,212,333.8,70765.6,14,False,30
SHP-005266,PROD-0072,SUP-12,WH-02,2024-11-16,2024-11-21,2024-11-21,419,333.8,139862.2,0,True,61
SHP-005267,PROD-0072,SUP-12,WH-02,2024-12-07,2024-12-22,2024-12-22,210,333.8,70098.0,0,True,30
SHP-005268,PROD-0072,SUP-12,WH-02,2024-12-28,2025-01-05,2025-01-05,145,333.8,48401.0,0,True,21
SHP-005269,PROD-0073,SUP-13,WH-03,2022-01-01,2022-01-20,2022-01-20,412,450.52,185614.24,0,True,40
SHP-005270,PROD-0073,SUP-13,WH-03,2022-01-17,2022-02-06,2022-02-06,462,450.52,208140.24,0,True,45
SHP-005271,PROD-0073,SUP-13,WH-03,2022-02-02,2022-02-23,2022-03-03,436,450.52,196426.72,8,False,42
SHP-005272,PROD-0073,SUP-13,WH-03,2022-02-18,2022-03-28,2022-03-31,215,450.52,96861.8,3,False,21
SHP-005273,PROD-0073,SUP-13,WH-03,2022-03-06,2022-04-03,2022-04-03,347,450.52,156330.44,0,True,34
SHP-005274,PROD-0073,SUP-13,WH-03,2022-03-22,2022-04-17,2022-04-22,408,450.52,183812.16,5,False,40
SHP-005275,PROD-0073,SUP-13,WH-03,2022-04-07,2022-05-04,2022-05-04,437,450.52,196877.24,0,True,43
SHP-005276,PROD-0073,SUP-13,WH-03,2022-04-23,2022-05-08,2022-05-08,253,450.52,113981.56,0,True,24
SHP-005277,PROD-0073,SUP-13,WH-03,2022-05-09,2022-06-08,2022-06-08,151,450.52,68028.52,0,True,14
SHP-005278,PROD-0073,SUP-13,WH-03,2022-05-25,2022-06-23,2022-06-23,356,450.52,160385.12,0,True,35
SHP-005279,PROD-0073,SUP-13,WH-03,2022-06-10,2022-07-08,2022-07-08,184,450.52,82895.68,0,True,18
SHP-005280,PROD-0073,SUP-13,WH-03,2022-06-26,2022-07-25,2022-07-25,322,450.52,145067.44,0,True,31
SHP-005281,PROD-0073,SUP-13,WH-03,2022-07-12,2022-08-07,2022-08-07,247,450.52,111278.44,0,True,24
SHP-005282,PROD-0073,SUP-13,WH-03,2022-07-28,2022-08-22,2022-08-24,426,450.52,191921.52,2,False,42
SHP-005283,PROD-0073,SUP-13,WH-03,2022-08-13,2022-09-08,2022-09-22,458,450.52,206338.16,14,False,45
SHP-005284,PROD-0073,SUP-13,WH-03,2022-08-29,2022-09-12,2022-09-12,92,450.52,41447.84,0,True,9
SHP-005285,PROD-0073,SUP-13,WH-03,2022-09-14,2022-10-19,2022-10-25,276,450.52,124343.52,6,False,27
SHP-005286,PROD-0073,SUP-13,WH-03,2022-09-30,2022-10-17,2022-10-17,330,450.52,148671.6,0,True,32
SHP-005287,PROD-0073,SUP-13,WH-03,2022-10-16,2022-11-16,2022-11-16,190,450.52,85598.8,0,True,18
SHP-005288,PROD-0073,SUP-13,WH-03,2022-11-01,2022-12-01,2022-12-01,476,450.52,214447.52,0,True,46
SHP-005289,PROD-0073,SUP-13,WH-03,2022-11-17,2022-12-13,2022-12-25,175,450.52,78841.0,12,False,17
SHP-005290,PROD-0073,SUP-13,WH-03,2022-12-03,2022-12-16,2022-12-16,465,450.52,209491.8,0,True,45
SHP-005291,PROD-0073,SUP-13,WH-03,2022-12-19,2023-01-15,2023-01-15,201,450.52,90554.52,0,True,19
SHP-005292,PROD-0073,SUP-13,WH-03,2023-01-04,2023-02-07,2023-02-11,489,450.52,220304.28,4,False,48
SHP-005293,PROD-0073,SUP-13,WH-03,2023-01-20,2023-02-15,2023-02-15,274,450.52,123442.48,0,True,27
SHP-005294,PROD-0073,SUP-13,WH-03,2023-02-05,2023-03-01,2023-03-01,340,450.52,153176.8,0,True,33
SHP-005295,PROD-0073,SUP-13,WH-03,2023-02-21,2023-03-18,2023-03-18,484,450.52,218051.68,0,True,47
SHP-005296,PROD-0073,SUP-13,WH-03,2023-03-09,2023-04-05,2023-04-05,371,450.52,167142.92,0,True,36
SHP-005297,PROD-0073,SUP-13,WH-03,2023-03-25,2023-04-06,2023-04-16,248,450.52,111728.96,10,False,24
SHP-005298,PROD-0073,SUP-13,WH-03,2023-04-10,2023-05-08,2023-05-08,457,450.52,205887.64,0,True,45
SHP-005299,PROD-0073,SUP-13,WH-03,2023-04-26,2023-05-17,2023-05-23,184,450.52,82895.68,6,False,18
SHP-005300,PROD-0073,SUP-13,WH-03,2023-05-12,2023-06-08,2023-06-08,170,450.52,76588.4,0,True,16
SHP-005301,PROD-0073,SUP-13,WH-03,2023-05-28,2023-07-02,2023-07-02,89,450.52,40096.28,0,True,8
SHP-005302,PROD-0073,SUP-13,WH-03,2023-06-13,2023-07-06,2023-07-06,490,450.52,220754.8,0,True,48
SHP-005303,PROD-0073,SUP-13,WH-03,2023-06-29,2023-07-19,2023-08-02,176,450.52,79291.52,14,False,17
SHP-005304,PROD-0073,SUP-13,WH-03,2023-07-15,2023-08-10,2023-08-10,115,450.52,51809.8,0,True,11
SHP-005305,PROD-0073,SUP-13,WH-03,2023-07-31,2023-09-03,2023-09-05,451,450.52,203184.52,2,False,44
SHP-005306,PROD-0073,SUP-13,WH-03,2023-08-16,2023-09-12,2023-09-12,324,450.52,145968.48,0,True,31
SHP-005307,PROD-0073,SUP-13,WH-03,2023-09-01,2023-10-02,2023-10-02,473,450.52,213095.96,0,True,46
SHP-005308,PROD-0073,SUP-13,WH-03,2023-09-17,2023-10-16,2023-10-16,228,450.52,102718.56,0,True,22
SHP-005309,PROD-0073,SUP-13,WH-03,2023-10-03,2023-11-03,2023-11-03,333,450.52,150023.16,0,True,32
SHP-005310,PROD-0073,SUP-13,WH-03,2023-10-19,2023-11-10,2023-11-24,288,450.52,129749.76,14,False,28
SHP-005311,PROD-0073,SUP-13,WH-03,2023-11-04,2023-12-07,2023-12-07,77,450.52,34690.04,0,True,7
SHP-005312,PROD-0073,SUP-13,WH-03,2023-11-20,2023-12-19,2023-12-19,304,450.52,136958.08,0,True,29
SHP-005313,PROD-0073,SUP-13,WH-03,2023-12-06,2023-12-25,2023-12-25,137,450.52,61721.24,0,True,13
SHP-005314,PROD-0073,SUP-13,WH-03,2023-12-22,2024-01-16,2024-01-16,336,450.52,151374.72,0,True,33
SHP-005315,PROD-0073,SUP-13,WH-03,2024-01-07,2024-02-02,2024-02-02,227,450.52,102268.04,0,True,22
SHP-005316,PROD-0073,SUP-13,WH-03,2024-01-23,2024-02-18,2024-02-26,125,450.52,56315.0,8,False,12
SHP-005317,PROD-0073,SUP-13,WH-03,2024-02-08,2024-03-04,2024-03-04,83,450.52,37393.16,0,True,8
SHP-005318,PROD-0073,SUP-13,WH-03,2024-02-24,2024-03-22,2024-03-22,179,450.52,80643.08,0,True,17
SHP-005319,PROD-0073,SUP-13,WH-03,2024-03-11,2024-04-07,2024-04-07,356,450.52,160385.12,0,True,35
SHP-005320,PROD-0073,SUP-13,WH-03,2024-03-27,2024-04-19,2024-04-19,441,450.52,198679.32,0,True,43
SHP-005321,PROD-0073,SUP-13,WH-03,2024-04-12,2024-05-10,2024-05-13,160,450.52,72083.2,3,False,15
SHP-005322,PROD-0073,SUP-13,WH-03,2024-04-28,2024-05-27,2024-05-27,325,450.52,146419.0,0,True,32
SHP-005323,PROD-0073,SUP-13,WH-03,2024-05-14,2024-06-17,2024-06-17,219,450.52,98663.88,0,True,21
SHP-005324,PROD-0073,SUP-13,WH-03,2024-05-30,2024-07-05,2024-07-05,498,450.52,224358.96,0,True,49
SHP-005325,PROD-0073,SUP-13,WH-03,2024-06-15,2024-07-09,2024-07-18,123,450.52,55413.96,9,False,12
SHP-005326,PROD-0073,SUP-13,WH-03,2024-07-01,2024-07-24,2024-07-24,398,450.52,179306.96,0,True,39
SHP-005327,PROD-0073,SUP-13,WH-03,2024-07-17,2024-08-10,2024-08-10,53,450.52,23877.56,0,True,5
SHP-005328,PROD-0073,SUP-13,WH-03,2024-08-02,2024-08-22,2024-08-22,436,450.52,196426.72,0,True,42
SHP-005329,PROD-0073,SUP-13,WH-03,2024-08-18,2024-09-13,2024-09-13,446,450.52,200931.92,0,True,43
SHP-005330,PROD-0073,SUP-13,WH-03,2024-09-03,2024-10-15,2024-10-15,321,450.52,144616.92,0,True,31
SHP-005331,PROD-0073,SUP-13,WH-03,2024-09-19,2024-10-10,2024-10-10,425,450.52,191471.0,0,True,41
SHP-005332,PROD-0073,SUP-13,WH-03,2024-10-05,2024-10-27,2024-10-27,357,450.52,160835.64,0,True,35
SHP-005333,PROD-0073,SUP-13,WH-03,2024-10-21,2024-11-07,2024-11-07,141,450.52,63523.32,0,True,13
SHP-005334,PROD-0073,SUP-13,WH-03,2024-11-06,2024-12-06,2024-12-06,382,450.52,172098.64,0,True,37
SHP-005335,PROD-0073,SUP-13,WH-03,2024-11-22,2024-12-18,2024-12-18,219,450.52,98663.88,0,True,21
SHP-005336,PROD-0073,SUP-13,WH-03,2024-12-08,2024-12-29,2024-12-29,256,450.52,115333.12,0,True,25
SHP-005337,PROD-0073,SUP-13,WH-03,2024-12-24,2025-01-13,2025-01-13,400,450.52,180208.0,0,True,39
SHP-005338,PROD-0074,SUP-14,WH-04,2022-01-01,2022-02-09,2022-02-09,406,279.43,113448.58,0,True,19
SHP-005339,PROD-0074,SUP-14,WH-04,2022-01-17,2022-02-26,2022-02-26,225,279.43,62871.75,0,True,10
SHP-005340,PROD-0074,SUP-14,WH-04,2022-02-02,2022-03-14,2022-03-14,231,279.43,64548.33,0,True,11
SHP-005341,PROD-0074,SUP-14,WH-04,2022-02-18,2022-03-29,2022-03-29,500,279.43,139715.0,0,True,24
SHP-005342,PROD-0074,SUP-14,WH-04,2022-03-06,2022-04-14,2022-04-14,144,279.43,40237.92,0,True,6
SHP-005343,PROD-0074,SUP-14,WH-04,2022-03-22,2022-05-01,2022-05-01,166,279.43,46385.38,0,True,8
SHP-005344,PROD-0074,SUP-14,WH-04,2022-04-07,2022-05-15,2022-05-21,374,279.43,104506.82,6,False,18
SHP-005345,PROD-0074,SUP-14,WH-04,2022-04-23,2022-05-31,2022-05-31,434,279.43,121272.62,0,True,20
SHP-005346,PROD-0074,SUP-14,WH-04,2022-05-09,2022-06-18,2022-06-18,60,279.43,16765.8,0,True,2
SHP-005347,PROD-0074,SUP-14,WH-04,2022-05-25,2022-07-04,2022-07-04,335,279.43,93609.05,0,True,16
SHP-005348,PROD-0074,SUP-14,WH-04,2022-06-10,2022-07-20,2022-07-20,98,279.43,27384.14,0,True,4
SHP-005349,PROD-0074,SUP-14,WH-04,2022-06-26,2022-08-05,2022-08-05,320,279.43,89417.6,0,True,15
SHP-005350,PROD-0074,SUP-14,WH-04,2022-07-12,2022-08-21,2022-08-21,246,279.43,68739.78,0,True,11
SHP-005351,PROD-0074,SUP-14,WH-04,2022-07-28,2022-09-04,2022-09-04,340,279.43,95006.2,0,True,16
SHP-005352,PROD-0074,SUP-14,WH-04,2022-08-13,2022-09-22,2022-09-22,85,279.43,23751.55,0,True,4
SHP-005353,PROD-0074,SUP-14,WH-04,2022-08-29,2022-10-08,2022-10-08,367,279.43,102550.81,0,True,17
SHP-005354,PROD-0074,SUP-14,WH-04,2022-09-14,2022-10-24,2022-10-24,161,279.43,44988.23,0,True,7
SHP-005355,PROD-0074,SUP-14,WH-04,2022-09-30,2022-11-09,2022-11-09,399,279.43,111492.57,0,True,19
SHP-005356,PROD-0074,SUP-14,WH-04,2022-10-16,2022-11-26,2022-11-26,343,279.43,95844.49,0,True,16
SHP-005357,PROD-0074,SUP-14,WH-04,2022-11-01,2022-12-10,2022-12-10,411,279.43,114845.73,0,True,19
SHP-005358,PROD-0074,SUP-14,WH-04,2022-11-17,2022-12-25,2022-12-25,140,279.43,39120.2,0,True,6
SHP-005359,PROD-0074,SUP-14,WH-04,2022-12-03,2023-01-11,2023-01-11,469,279.43,131052.67,0,True,22
SHP-005360,PROD-0074,SUP-14,WH-04,2022-12-19,2023-01-26,2023-01-26,69,279.43,19280.67,0,True,3
SHP-005361,PROD-0074,SUP-14,WH-04,2023-01-04,2023-02-12,2023-02-12,456,279.43,127420.08,0,True,22
SHP-005362,PROD-0074,SUP-14,WH-04,2023-01-20,2023-03-01,2023-03-01,209,279.43,58400.87,0,True,10
SHP-005363,PROD-0074,SUP-14,WH-04,2023-02-05,2023-03-16,2023-03-16,399,279.43,111492.57,0,True,19
SHP-005364,PROD-0074,SUP-14,WH-04,2023-02-21,2023-04-01,2023-04-01,135,279.43,37723.05,0,True,6
SHP-005365,PROD-0074,SUP-14,WH-04,2023-03-09,2023-04-14,2023-04-14,358,279.43,100035.94,0,True,17
SHP-005366,PROD-0074,SUP-14,WH-04,2023-03-25,2023-05-04,2023-05-07,222,279.43,62033.46,3,False,10
SHP-005367,PROD-0074,SUP-14,WH-04,2023-04-10,2023-05-20,2023-05-28,330,279.43,92211.9,8,False,15
SHP-005368,PROD-0074,SUP-14,WH-04,2023-04-26,2023-06-04,2023-06-04,279,279.43,77960.97,0,True,13
SHP-005369,PROD-0074,SUP-14,WH-04,2023-05-12,2023-06-19,2023-06-19,83,279.43,23192.69,0,True,4
SHP-005370,PROD-0074,SUP-14,WH-04,2023-05-28,2023-07-06,2023-07-06,122,279.43,34090.46,0,True,5
SHP-005371,PROD-0074,SUP-14,WH-04,2023-06-13,2023-07-21,2023-07-25,301,279.43,84108.43,4,False,14
SHP-005372,PROD-0074,SUP-14,WH-04,2023-06-29,2023-08-09,2023-08-09,71,279.43,19839.53,0,True,3
SHP-005373,PROD-0074,SUP-14,WH-04,2023-07-15,2023-08-23,2023-08-23,295,279.43,82431.85,0,True,14
SHP-005374,PROD-0074,SUP-14,WH-04,2023-07-31,2023-09-09,2023-09-09,387,279.43,108139.41,0,True,18
SHP-005375,PROD-0074,SUP-14,WH-04,2023-08-16,2023-09-24,2023-09-24,352,279.43,98359.36,0,True,17
SHP-005376,PROD-0074,SUP-14,WH-04,2023-09-01,2023-10-09,2023-10-09,96,279.43,26825.28,0,True,4
SHP-005377,PROD-0074,SUP-14,WH-04,2023-09-17,2023-10-26,2023-10-26,319,279.43,89138.17,0,True,15
SHP-005378,PROD-0074,SUP-14,WH-04,2023-10-03,2023-11-09,2023-11-09,322,279.43,89976.46,0,True,15
SHP-005379,PROD-0074,SUP-14,WH-04,2023-10-19,2023-11-28,2023-11-28,329,279.43,91932.47,0,True,15
SHP-005380,PROD-0074,SUP-14,WH-04,2023-11-04,2023-12-13,2023-12-13,214,279.43,59798.02,0,True,10
SHP-005381,PROD-0074,SUP-14,WH-04,2023-11-20,2023-12-29,2023-12-29,151,279.43,42193.93,0,True,7
SHP-005382,PROD-0074,SUP-14,WH-04,2023-12-06,2024-01-16,2024-01-21,268,279.43,74887.24,5,False,12
SHP-005383,PROD-0074,SUP-14,WH-04,2023-12-22,2024-01-31,2024-01-31,92,279.43,25707.56,0,True,4
SHP-005384,PROD-0074,SUP-14,WH-04,2024-01-07,2024-02-15,2024-02-15,103,279.43,28781.29,0,True,4
SHP-005385,PROD-0074,SUP-14,WH-04,2024-01-23,2024-03-02,2024-03-02,362,279.43,101153.66,0,True,17
SHP-005386,PROD-0074,SUP-14,WH-04,2024-02-08,2024-03-18,2024-03-18,452,279.43,126302.36,0,True,21
SHP-005387,PROD-0074,SUP-14,WH-04,2024-02-24,2024-04-04,2024-04-04,400,279.43,111772.0,0,True,19
SHP-005388,PROD-0074,SUP-14,WH-04,2024-03-11,2024-04-22,2024-04-22,475,279.43,132729.25,0,True,22
SHP-005389,PROD-0074,SUP-14,WH-04,2024-03-27,2024-05-05,2024-05-05,95,279.43,26545.85,0,True,4
SHP-005390,PROD-0074,SUP-14,WH-04,2024-04-12,2024-05-22,2024-05-22,432,279.43,120713.76,0,True,20
SHP-005391,PROD-0074,SUP-14,WH-04,2024-04-28,2024-06-06,2024-06-06,378,279.43,105624.54,0,True,18
SHP-005392,PROD-0074,SUP-14,WH-04,2024-05-14,2024-06-23,2024-06-23,323,279.43,90255.89,0,True,15
SHP-005393,PROD-0074,SUP-14,WH-04,2024-05-30,2024-07-09,2024-07-09,205,279.43,57283.15,0,True,9
SHP-005394,PROD-0074,SUP-14,WH-04,2024-06-15,2024-07-25,2024-07-25,325,279.43,90814.75,0,True,15
SHP-005395,PROD-0074,SUP-14,WH-04,2024-07-01,2024-08-08,2024-08-08,400,279.43,111772.0,0,True,19
SHP-005396,PROD-0074,SUP-14,WH-04,2024-07-17,2024-08-23,2024-08-23,310,279.43,86623.3,0,True,14
SHP-005397,PROD-0074,SUP-14,WH-04,2024-08-02,2024-09-11,2024-09-11,310,279.43,86623.3,0,True,14
SHP-005398,PROD-0074,SUP-14,WH-04,2024-08-18,2024-09-25,2024-09-25,72,279.43,20118.96,0,True,3
SHP-005399,PROD-0074,SUP-14,WH-04,2024-09-03,2024-10-12,2024-10-12,145,279.43,40517.35,0,True,7
SHP-005400,PROD-0074,SUP-14,WH-04,2024-09-19,2024-10-28,2024-10-28,87,279.43,24310.41,0,True,4
SHP-005401,PROD-0074,SUP-14,WH-04,2024-10-05,2024-11-15,2024-11-15,155,279.43,43311.65,0,True,7
SHP-005402,PROD-0074,SUP-14,WH-04,2024-10-21,2024-11-30,2024-11-30,57,279.43,15927.51,0,True,2
SHP-005403,PROD-0074,SUP-14,WH-04,2024-11-06,2024-12-15,2024-12-16,155,279.43,43311.65,1,False,7
SHP-005404,PROD-0074,SUP-14,WH-04,2024-11-22,2025-01-01,2025-01-01,198,279.43,55327.14,0,True,9
SHP-005405,PROD-0074,SUP-14,WH-04,2024-12-08,2025-01-17,2025-01-18,387,279.43,108139.41,1,False,18
SHP-005406,PROD-0074,SUP-14,WH-04,2024-12-24,2025-02-02,2025-02-16,219,279.43,61195.17,14,False,10
SHP-005407,PROD-0075,SUP-15,WH-05,2022-01-01,2022-01-07,2022-01-07,240,309.68,74323.2,0,True,3
SHP-005408,PROD-0075,SUP-15,WH-05,2022-01-13,2022-01-26,2022-01-26,129,309.68,39948.72,0,True,1
SHP-005409,PROD-0075,SUP-15,WH-05,2022-01-25,2022-02-20,2022-02-20,368,309.68,113962.24,0,True,4
SHP-005410,PROD-0075,SUP-15,WH-05,2022-02-06,2022-02-16,2022-02-16,266,309.68,82374.88,0,True,3
SHP-005411,PROD-0075,SUP-15,WH-05,2022-02-18,2022-03-01,2022-03-01,492,309.68,152362.56,0,True,6
SHP-005412,PROD-0075,SUP-15,WH-05,2022-03-02,2022-03-20,2022-03-20,499,309.68,154530.32,0,True,6
SHP-005413,PROD-0075,SUP-15,WH-05,2022-03-14,2022-03-29,2022-03-29,189,309.68,58529.52,0,True,2
SHP-005414,PROD-0075,SUP-15,WH-05,2022-03-26,2022-04-18,2022-04-18,262,309.68,81136.16,0,True,3
SHP-005415,PROD-0075,SUP-15,WH-05,2022-04-07,2022-05-05,2022-05-05,192,309.68,59458.56,0,True,2
SHP-005416,PROD-0075,SUP-15,WH-05,2022-04-19,2022-04-25,2022-04-25,468,309.68,144930.24,0,True,5
SHP-005417,PROD-0075,SUP-15,WH-05,2022-05-01,2022-05-21,2022-05-21,357,309.68,110555.76,0,True,4
SHP-005418,PROD-0075,SUP-15,WH-05,2022-05-13,2022-05-31,2022-05-31,252,309.68,78039.36,0,True,3
SHP-005419,PROD-0075,SUP-15,WH-05,2022-05-25,2022-06-05,2022-06-05,279,309.68,86400.72,0,True,3
SHP-005420,PROD-0075,SUP-15,WH-05,2022-06-06,2022-06-08,2022-06-08,164,309.68,50787.52,0,True,2
SHP-005421,PROD-0075,SUP-15,WH-05,2022-06-18,2022-07-01,2022-07-01,109,309.68,33755.12,0,True,1
SHP-005422,PROD-0075,SUP-15,WH-05,2022-06-30,2022-07-08,2022-07-08,300,309.68,92904.0,0,True,3
SHP-005423,PROD-0075,SUP-15,WH-05,2022-07-12,2022-08-02,2022-08-02,217,309.68,67200.56,0,True,2
SHP-005424,PROD-0075,SUP-15,WH-05,2022-07-24,2022-08-07,2022-08-07,181,309.68,56052.08,0,True,2
SHP-005425,PROD-0075,SUP-15,WH-05,2022-08-05,2022-08-19,2022-08-19,405,309.68,125420.4,0,True,5
SHP-005426,PROD-0075,SUP-15,WH-05,2022-08-17,2022-09-10,2022-09-10,196,309.68,60697.28,0,True,2
SHP-005427,PROD-0075,SUP-15,WH-05,2022-08-29,2022-10-01,2022-10-01,183,309.68,56671.44,0,True,2
SHP-005428,PROD-0075,SUP-15,WH-05,2022-09-10,2022-09-27,2022-09-27,252,309.68,78039.36,0,True,3
SHP-005429,PROD-0075,SUP-15,WH-05,2022-09-22,2022-10-15,2022-10-15,153,309.68,47381.04,0,True,1
SHP-005430,PROD-0075,SUP-15,WH-05,2022-10-04,2022-10-30,2022-10-30,304,309.68,94142.72,0,True,3
SHP-005431,PROD-0075,SUP-15,WH-05,2022-10-16,2022-10-26,2022-10-26,68,309.68,21058.24,0,True,0
SHP-005432,PROD-0075,SUP-15,WH-05,2022-10-28,2022-11-05,2022-11-05,107,309.68,33135.76,0,True,1
SHP-005433,PROD-0075,SUP-15,WH-05,2022-11-09,2022-11-27,2022-11-27,248,309.68,76800.64,0,True,3
SHP-005434,PROD-0075,SUP-15,WH-05,2022-11-21,2022-12-14,2022-12-14,405,309.68,125420.4,0,True,5
SHP-005435,PROD-0075,SUP-15,WH-05,2022-12-03,2022-12-17,2022-12-17,273,309.68,84542.64,0,True,3
SHP-005436,PROD-0075,SUP-15,WH-05,2022-12-15,2022-12-22,2022-12-22,428,309.68,132543.04,0,True,5
SHP-005437,PROD-0075,SUP-15,WH-05,2022-12-27,2023-01-25,2023-01-25,443,309.68,137188.24,0,True,5
SHP-005438,PROD-0075,SUP-15,WH-05,2023-01-08,2023-02-01,2023-02-01,307,309.68,95071.76,0,True,3
SHP-005439,PROD-0075,SUP-15,WH-05,2023-01-20,2023-02-07,2023-02-07,443,309.68,137188.24,0,True,5
SHP-005440,PROD-0075,SUP-15,WH-05,2023-02-01,2023-02-13,2023-02-13,72,309.68,22296.96,0,True,0
SHP-005441,PROD-0075,SUP-15,WH-05,2023-02-13,2023-02-22,2023-02-22,128,309.68,39639.04,0,True,1
SHP-005442,PROD-0075,SUP-15,WH-05,2023-02-25,2023-03-10,2023-03-10,178,309.68,55123.04,0,True,2
SHP-005443,PROD-0075,SUP-15,WH-05,2023-03-09,2023-04-09,2023-04-09,152,309.68,47071.36,0,True,1
SHP-005444,PROD-0075,SUP-15,WH-05,2023-03-21,2023-04-07,2023-04-07,244,309.68,75561.92,0,True,3
SHP-005445,PROD-0075,SUP-15,WH-05,2023-04-02,2023-04-23,2023-04-23,308,309.68,95381.44,0,True,3
SHP-005446,PROD-0075,SUP-15,WH-05,2023-04-14,2023-05-24,2023-05-24,371,309.68,114891.28,0,True,4
SHP-005447,PROD-0075,SUP-15,WH-05,2023-04-26,2023-05-28,2023-05-28,419,309.68,129755.92,0,True,5
SHP-005448,PROD-0075,SUP-15,WH-05,2023-05-08,2023-05-29,2023-05-29,275,309.68,85162.0,0,True,3
SHP-005449,PROD-0075,SUP-15,WH-05,2023-05-20,2023-06-21,2023-06-21,358,309.68,110865.44,0,True,4
SHP-005450,PROD-0075,SUP-15,WH-05,2023-06-01,2023-06-24,2023-06-24,132,309.68,40877.76,0,True,1
SHP-005451,PROD-0075,SUP-15,WH-05,2023-06-13,2023-07-16,2023-07-16,212,309.68,65652.16,0,True,2
SHP-005452,PROD-0075,SUP-15,WH-05,2023-06-25,2023-07-15,2023-07-15,83,309.68,25703.44,0,True,1
SHP-005453,PROD-0075,SUP-15,WH-05,2023-07-07,2023-08-01,2023-08-01,58,309.68,17961.44,0,True,0
SHP-005454,PROD-0075,SUP-15,WH-05,2023-07-19,2023-08-12,2023-08-12,420,309.68,130065.6,0,True,5
SHP-005455,PROD-0075,SUP-15,WH-05,2023-07-31,2023-08-14,2023-08-14,123,309.68,38090.64,0,True,1
SHP-005456,PROD-0075,SUP-15,WH-05,2023-08-12,2023-09-06,2023-09-06,53,309.68,16413.04,0,True,0
SHP-005457,PROD-0075,SUP-15,WH-05,2023-08-24,2023-09-05,2023-09-05,79,309.68,24464.72,0,True,0
SHP-005458,PROD-0075,SUP-15,WH-05,2023-09-05,2023-09-21,2023-09-21,340,309.68,105291.2,0,True,4
SHP-005459,PROD-0075,SUP-15,WH-05,2023-09-17,2023-10-12,2023-10-12,440,309.68,136259.2,0,True,5
SHP-005460,PROD-0075,SUP-15,WH-05,2023-09-29,2023-10-21,2023-10-21,329,309.68,101884.72,0,True,4
SHP-005461,PROD-0075,SUP-15,WH-05,2023-10-11,2023-10-31,2023-10-31,471,309.68,145859.28,0,True,5
SHP-005462,PROD-0075,SUP-15,WH-05,2023-10-23,2023-11-14,2023-11-14,380,309.68,117678.4,0,True,4
SHP-005463,PROD-0075,SUP-15,WH-05,2023-11-04,2023-11-23,2023-11-23,365,309.68,113033.2,0,True,4
SHP-005464,PROD-0075,SUP-15,WH-05,2023-11-16,2023-12-13,2023-12-13,433,309.68,134091.44,0,True,5
SHP-005465,PROD-0075,SUP-15,WH-05,2023-11-28,2024-01-03,2024-01-03,363,309.68,112413.84,0,True,4
SHP-005466,PROD-0075,SUP-15,WH-05,2023-12-10,2024-01-08,2024-01-08,375,309.68,116130.0,0,True,4
SHP-005467,PROD-0075,SUP-15,WH-05,2023-12-22,2024-01-08,2024-01-08,128,309.68,39639.04,0,True,1
SHP-005468,PROD-0075,SUP-15,WH-05,2024-01-03,2024-01-26,2024-01-26,234,309.68,72465.12,0,True,2
SHP-005469,PROD-0075,SUP-15,WH-05,2024-01-15,2024-01-29,2024-01-29,376,309.68,116439.68,0,True,4
SHP-005470,PROD-0075,SUP-15,WH-05,2024-01-27,2024-02-24,2024-02-24,248,309.68,76800.64,0,True,3
SHP-005471,PROD-0075,SUP-15,WH-05,2024-02-08,2024-02-28,2024-02-28,238,309.68,73703.84,0,True,2
SHP-005472,PROD-0075,SUP-15,WH-05,2024-02-20,2024-03-16,2024-03-16,462,309.68,143072.16,0,True,5
SHP-005473,PROD-0075,SUP-15,WH-05,2024-03-03,2024-03-25,2024-03-25,285,309.68,88258.8,0,True,3
SHP-005474,PROD-0075,SUP-15,WH-05,2024-03-15,2024-03-17,2024-03-17,327,309.68,101265.36,0,True,4
SHP-005475,PROD-0075,SUP-15,WH-05,2024-03-27,2024-04-15,2024-04-15,255,309.68,78968.4,0,True,3
SHP-005476,PROD-0075,SUP-15,WH-05,2024-04-08,2024-04-29,2024-04-29,230,309.68,71226.4,0,True,2
SHP-005477,PROD-0075,SUP-15,WH-05,2024-04-20,2024-05-12,2024-05-12,265,309.68,82065.2,0,True,3
SHP-005478,PROD-0075,SUP-15,WH-05,2024-05-02,2024-05-15,2024-05-15,281,309.68,87020.08,0,True,3
SHP-005479,PROD-0075,SUP-15,WH-05,2024-05-14,2024-05-24,2024-05-24,287,309.68,88878.16,0,True,3
SHP-005480,PROD-0075,SUP-15,WH-05,2024-05-26,2024-06-16,2024-06-16,390,309.68,120775.2,0,True,4
SHP-005481,PROD-0075,SUP-15,WH-05,2024-06-07,2024-06-27,2024-06-27,321,309.68,99407.28,0,True,4
SHP-005482,PROD-0075,SUP-15,WH-05,2024-06-19,2024-07-06,2024-07-06,414,309.68,128207.52,0,True,5
SHP-005483,PROD-0075,SUP-15,WH-05,2024-07-01,2024-07-17,2024-07-17,497,309.68,153910.96,0,True,6
SHP-005484,PROD-0075,SUP-15,WH-05,2024-07-13,2024-08-10,2024-08-10,366,309.68,113342.88,0,True,4
SHP-005485,PROD-0075,SUP-15,WH-05,2024-07-25,2024-08-08,2024-08-08,330,309.68,102194.4,0,True,4
SHP-005486,PROD-0075,SUP-15,WH-05,2024-08-06,2024-08-22,2024-08-22,259,309.68,80207.12,0,True,3
SHP-005487,PROD-0075,SUP-15,WH-05,2024-08-18,2024-08-22,2024-08-22,159,309.68,49239.12,0,True,1
SHP-005488,PROD-0075,SUP-15,WH-05,2024-08-30,2024-09-24,2024-09-24,105,309.68,32516.4,0,True,1
SHP-005489,PROD-0075,SUP-15,WH-05,2024-09-11,2024-10-02,2024-10-02,203,309.68,62865.04,0,True,2
SHP-005490,PROD-0075,SUP-15,WH-05,2024-09-23,2024-10-23,2024-10-23,495,309.68,153291.6,0,True,6
SHP-005491,PROD-0075,SUP-15,WH-05,2024-10-05,2024-10-18,2024-10-18,152,309.68,47071.36,0,True,1
SHP-005492,PROD-0075,SUP-15,WH-05,2024-10-17,2024-10-26,2024-10-26,130,309.68,40258.4,0,True,1
SHP-005493,PROD-0075,SUP-15,WH-05,2024-10-29,2024-11-12,2024-11-12,314,309.68,97239.52,0,True,3
SHP-005494,PROD-0075,SUP-15,WH-05,2024-11-10,2024-12-06,2024-12-06,276,309.68,85471.68,0,True,3
SHP-005495,PROD-0075,SUP-15,WH-05,2024-11-22,2024-12-19,2024-12-19,247,309.68,76490.96,0,True,3
SHP-005496,PROD-0075,SUP-15,WH-05,2024-12-04,2024-12-24,2024-12-24,189,309.68,58529.52,0,True,2
SHP-005497,PROD-0075,SUP-15,WH-05,2024-12-16,2025-01-05,2025-01-05,443,309.68,137188.24,0,True,5
SHP-005498,PROD-0075,SUP-15,WH-05,2024-12-28,2025-01-28,2025-01-28,344,309.68,106529.92,0,True,4
SHP-005499,PROD-0076,SUP-16,WH-01,2022-01-01,2022-02-09,2022-02-09,289,109.04,31512.56,0,True,20
SHP-005500,PROD-0076,SUP-16,WH-01,2022-01-14,2022-02-17,2022-02-21,116,109.04,12648.64,4,False,8
SHP-005501,PROD-0076,SUP-16,WH-01,2022-01-27,2022-02-25,2022-03-10,211,109.04,23007.44,13,False,14
SHP-005502,PROD-0076,SUP-16,WH-01,2022-02-09,2022-03-21,2022-03-31,363,109.04,39581.52,10,False,25
SHP-005503,PROD-0076,SUP-16,WH-01,2022-02-22,2022-03-19,2022-03-19,498,109.04,54301.92,0,True,34
SHP-005504,PROD-0076,SUP-16,WH-01,2022-03-07,2022-04-01,2022-04-01,452,109.04,49286.08,0,True,31
SHP-005505,PROD-0076,SUP-16,WH-01,2022-03-20,2022-04-22,2022-04-22,54,109.04,5888.16,0,True,3
SHP-005506,PROD-0076,SUP-16,WH-01,2022-04-02,2022-05-19,2022-06-02,219,109.04,23879.76,14,False,15
SHP-005507,PROD-0076,SUP-16,WH-01,2022-04-15,2022-05-10,2022-05-10,232,109.04,25297.28,0,True,16
SHP-005508,PROD-0076,SUP-16,WH-01,2022-04-28,2022-06-10,2022-06-10,159,109.04,17337.36,0,True,11
SHP-005509,PROD-0076,SUP-16,WH-01,2022-05-11,2022-06-20,2022-06-20,235,109.04,25624.4,0,True,16
SHP-005510,PROD-0076,SUP-16,WH-01,2022-05-24,2022-06-18,2022-06-28,348,109.04,37945.92,10,False,24
SHP-005511,PROD-0076,SUP-16,WH-01,2022-06-06,2022-07-13,2022-07-13,223,109.04,24315.92,0,True,15
SHP-005512,PROD-0076,SUP-16,WH-01,2022-06-19,2022-07-18,2022-07-18,205,109.04,22353.2,0,True,14
SHP-005513,PROD-0076,SUP-16,WH-01,2022-07-02,2022-07-31,2022-07-31,131,109.04,14284.24,0,True,9
SHP-005514,PROD-0076,SUP-16,WH-01,2022-07-15,2022-08-28,2022-08-28,110,109.04,11994.4,0,True,7
SHP-005515,PROD-0076,SUP-16,WH-01,2022-07-28,2022-08-30,2022-09-08,259,109.04,28241.36,9,False,18
SHP-005516,PROD-0076,SUP-16,WH-01,2022-08-10,2022-09-12,2022-09-12,371,109.04,40453.84,0,True,25
SHP-005517,PROD-0076,SUP-16,WH-01,2022-08-23,2022-09-26,2022-09-26,193,109.04,21044.72,0,True,13
SHP-005518,PROD-0076,SUP-16,WH-01,2022-09-05,2022-10-20,2022-10-20,177,109.04,19300.08,0,True,12
SHP-005519,PROD-0076,SUP-16,WH-01,2022-09-18,2022-10-20,2022-10-20,125,109.04,13630.0,0,True,8
SHP-005520,PROD-0076,SUP-16,WH-01,2022-10-01,2022-11-11,2022-11-11,70,109.04,7632.8,0,True,4
SHP-005521,PROD-0076,SUP-16,WH-01,2022-10-14,2022-11-24,2022-11-27,292,109.04,31839.68,3,False,20
SHP-005522,PROD-0076,SUP-16,WH-01,2022-10-27,2022-11-17,2022-11-17,442,109.04,48195.68,0,True,30
SHP-005523,PROD-0076,SUP-16,WH-01,2022-11-09,2022-12-22,2022-12-22,468,109.04,51030.72,0,True,32
SHP-005524,PROD-0076,SUP-16,WH-01,2022-11-22,2023-01-05,2023-01-11,349,109.04,38054.96,6,False,24
SHP-005525,PROD-0076,SUP-16,WH-01,2022-12-05,2023-01-14,2023-01-14,60,109.04,6542.4,0,True,4
SHP-005526,PROD-0076,SUP-16,WH-01,2022-12-18,2023-01-18,2023-01-26,340,109.04,37073.6,8,False,23
SHP-005527,PROD-0076,SUP-16,WH-01,2022-12-31,2023-01-28,2023-02-03,93,109.04,10140.72,6,False,6
SHP-005528,PROD-0076,SUP-16,WH-01,2023-01-13,2023-02-16,2023-02-16,119,109.04,12975.76,0,True,8
SHP-005529,PROD-0076,SUP-16,WH-01,2023-01-26,2023-02-15,2023-02-15,251,109.04,27369.04,0,True,17
SHP-005530,PROD-0076,SUP-16,WH-01,2023-02-08,2023-03-18,2023-03-18,454,109.04,49504.16,0,True,31
SHP-005531,PROD-0076,SUP-16,WH-01,2023-02-21,2023-03-17,2023-03-17,374,109.04,40780.96,0,True,25
SHP-005532,PROD-0076,SUP-16,WH-01,2023-03-06,2023-04-12,2023-04-12,455,109.04,49613.2,0,True,31
SHP-005533,PROD-0076,SUP-16,WH-01,2023-03-19,2023-04-19,2023-04-19,358,109.04,39036.32,0,True,24
SHP-005534,PROD-0076,SUP-16,WH-01,2023-04-01,2023-05-09,2023-05-09,368,109.04,40126.72,0,True,25
SHP-005535,PROD-0076,SUP-16,WH-01,2023-04-14,2023-05-15,2023-05-15,136,109.04,14829.44,0,True,9
SHP-005536,PROD-0076,SUP-16,WH-01,2023-04-27,2023-05-31,2023-05-31,148,109.04,16137.92,0,True,10
SHP-005537,PROD-0076,SUP-16,WH-01,2023-05-10,2023-06-08,2023-06-08,316,109.04,34456.64,0,True,21
SHP-005538,PROD-0076,SUP-16,WH-01,2023-05-23,2023-06-29,2023-06-29,135,109.04,14720.4,0,True,9
SHP-005539,PROD-0076,SUP-16,WH-01,2023-06-05,2023-07-17,2023-07-17,408,109.04,44488.32,0,True,28
SHP-005540,PROD-0076,SUP-16,WH-01,2023-06-18,2023-08-01,2023-08-01,271,109.04,29549.84,0,True,18
SHP-005541,PROD-0076,SUP-16,WH-01,2023-07-01,2023-08-02,2023-08-02,433,109.04,47214.32,0,True,30
SHP-005542,PROD-0076,SUP-16,WH-01,2023-07-14,2023-07-27,2023-07-27,387,109.04,42198.48,0,True,26
SHP-005543,PROD-0076,SUP-16,WH-01,2023-07-27,2023-08-26,2023-08-26,66,109.04,7196.64,0,True,4
SHP-005544,PROD-0076,SUP-16,WH-01,2023-08-09,2023-09-18,2023-09-21,369,109.04,40235.76,3,False,25
SHP-005545,PROD-0076,SUP-16,WH-01,2023-08-22,2023-10-04,2023-10-04,59,109.04,6433.36,0,True,4
SHP-005546,PROD-0076,SUP-16,WH-01,2023-09-04,2023-10-24,2023-10-24,290,109.04,31621.6,0,True,20
SHP-005547,PROD-0076,SUP-16,WH-01,2023-09-17,2023-10-16,2023-10-16,405,109.04,44161.2,0,True,28
SHP-005548,PROD-0076,SUP-16,WH-01,2023-09-30,2023-11-16,2023-11-16,242,109.04,26387.68,0,True,16
SHP-005549,PROD-0076,SUP-16,WH-01,2023-10-13,2023-11-14,2023-11-14,312,109.04,34020.48,0,True,21
SHP-005550,PROD-0076,SUP-16,WH-01,2023-10-26,2023-12-03,2023-12-17,267,109.04,29113.68,14,False,18
SHP-005551,PROD-0076,SUP-16,WH-01,2023-11-08,2023-12-16,2023-12-16,117,109.04,12757.68,0,True,8
SHP-005552,PROD-0076,SUP-16,WH-01,2023-11-21,2024-01-05,2024-01-05,332,109.04,36201.28,0,True,23
SHP-005553,PROD-0076,SUP-16,WH-01,2023-12-04,2023-12-26,2023-12-26,186,109.04,20281.44,0,True,12
SHP-005554,PROD-0076,SUP-16,WH-01,2023-12-17,2024-01-10,2024-01-12,393,109.04,42852.72,2,False,27
SHP-005555,PROD-0076,SUP-16,WH-01,2023-12-30,2024-02-03,2024-02-03,213,109.04,23225.52,0,True,14
SHP-005556,PROD-0076,SUP-16,WH-01,2024-01-12,2024-02-07,2024-02-07,108,109.04,11776.32,0,True,7
SHP-005557,PROD-0076,SUP-16,WH-01,2024-01-25,2024-02-29,2024-02-29,462,109.04,50376.48,0,True,32
SHP-005558,PROD-0076,SUP-16,WH-01,2024-02-07,2024-03-20,2024-03-20,88,109.04,9595.52,0,True,6
SHP-005559,PROD-0076,SUP-16,WH-01,2024-02-20,2024-04-06,2024-04-06,128,109.04,13957.12,0,True,8
SHP-005560,PROD-0076,SUP-16,WH-01,2024-03-04,2024-03-31,2024-03-31,448,109.04,48849.92,0,True,31
SHP-005561,PROD-0076,SUP-16,WH-01,2024-03-17,2024-04-12,2024-04-14,54,109.04,5888.16,2,False,3
SHP-005562,PROD-0076,SUP-16,WH-01,2024-03-30,2024-05-07,2024-05-07,463,109.04,50485.52,0,True,32
SHP-005563,PROD-0076,SUP-16,WH-01,2024-04-12,2024-05-23,2024-05-29,366,109.04,39908.64,6,False,25
SHP-005564,PROD-0076,SUP-16,WH-01,2024-04-25,2024-05-24,2024-05-24,370,109.04,40344.8,0,True,25
SHP-005565,PROD-0076,SUP-16,WH-01,2024-05-08,2024-06-05,2024-06-19,373,109.04,40671.92,14,False,25
SHP-005566,PROD-0076,SUP-16,WH-01,2024-05-21,2024-07-01,2024-07-01,390,109.04,42525.6,0,True,27
SHP-005567,PROD-0076,SUP-16,WH-01,2024-06-03,2024-07-16,2024-07-16,78,109.04,8505.12,0,True,5
SHP-005568,PROD-0076,SUP-16,WH-01,2024-06-16,2024-07-21,2024-07-21,431,109.04,46996.24,0,True,29
SHP-005569,PROD-0076,SUP-16,WH-01,2024-06-29,2024-08-07,2024-08-07,417,109.04,45469.68,0,True,28
SHP-005570,PROD-0076,SUP-16,WH-01,2024-07-12,2024-08-09,2024-08-09,455,109.04,49613.2,0,True,31
SHP-005571,PROD-0076,SUP-16,WH-01,2024-07-25,2024-08-24,2024-08-24,75,109.04,8178.0,0,True,5
SHP-005572,PROD-0076,SUP-16,WH-01,2024-08-07,2024-09-09,2024-09-09,214,109.04,23334.56,0,True,14
SHP-005573,PROD-0076,SUP-16,WH-01,2024-08-20,2024-09-19,2024-09-19,293,109.04,31948.72,0,True,20
SHP-005574,PROD-0076,SUP-16,WH-01,2024-09-02,2024-09-23,2024-09-23,303,109.04,33039.12,0,True,21
SHP-005575,PROD-0076,SUP-16,WH-01,2024-09-15,2024-10-15,2024-10-15,290,109.04,31621.6,0,True,20
SHP-005576,PROD-0076,SUP-16,WH-01,2024-09-28,2024-11-04,2024-11-04,353,109.04,38491.12,0,True,24
SHP-005577,PROD-0076,SUP-16,WH-01,2024-10-11,2024-11-11,2024-11-11,276,109.04,30095.04,0,True,19
SHP-005578,PROD-0076,SUP-16,WH-01,2024-10-24,2024-12-04,2024-12-04,90,109.04,9813.6,0,True,6
SHP-005579,PROD-0076,SUP-16,WH-01,2024-11-06,2024-12-07,2024-12-10,184,109.04,20063.36,3,False,12
SHP-005580,PROD-0076,SUP-16,WH-01,2024-11-19,2024-12-15,2024-12-18,344,109.04,37509.76,3,False,23
SHP-005581,PROD-0076,SUP-16,WH-01,2024-12-02,2025-01-06,2025-01-06,409,109.04,44597.36,0,True,28
SHP-005582,PROD-0076,SUP-16,WH-01,2024-12-15,2025-01-25,2025-01-25,145,109.04,15810.8,0,True,10
SHP-005583,PROD-0076,SUP-16,WH-01,2024-12-28,2025-01-24,2025-01-24,166,109.04,18100.64,0,True,11
SHP-005584,PROD-0077,SUP-17,WH-02,2022-01-01,2022-01-16,2022-01-16,353,110.78,39105.34,0,True,12
SHP-005585,PROD-0077,SUP-17,WH-02,2022-01-13,2022-02-06,2022-02-06,309,110.78,34231.02,0,True,10
SHP-005586,PROD-0077,SUP-17,WH-02,2022-01-25,2022-02-20,2022-02-20,268,110.78,29689.04,0,True,9
SHP-005587,PROD-0077,SUP-17,WH-02,2022-02-06,2022-02-22,2022-02-22,426,110.78,47192.28,0,True,14
SHP-005588,PROD-0077,SUP-17,WH-02,2022-02-18,2022-03-17,2022-03-17,385,110.78,42650.3,0,True,13
SHP-005589,PROD-0077,SUP-17,WH-02,2022-03-02,2022-03-22,2022-03-22,436,110.78,48300.08,0,True,15
SHP-005590,PROD-0077,SUP-17,WH-02,2022-03-14,2022-04-04,2022-04-04,82,110.78,9083.96,0,True,2
SHP-005591,PROD-0077,SUP-17,WH-02,2022-03-26,2022-04-16,2022-04-16,425,110.78,47081.5,0,True,14
SHP-005592,PROD-0077,SUP-17,WH-02,2022-04-07,2022-04-28,2022-04-28,468,110.78,51845.04,0,True,16
SHP-005593,PROD-0077,SUP-17,WH-02,2022-04-19,2022-05-10,2022-05-10,441,110.78,48853.98,0,True,15
SHP-005594,PROD-0077,SUP-17,WH-02,2022-05-01,2022-05-24,2022-05-24,431,110.78,47746.18,0,True,15
SHP-005595,PROD-0077,SUP-17,WH-02,2022-05-13,2022-06-03,2022-06-03,351,110.78,38883.78,0,True,12
SHP-005596,PROD-0077,SUP-17,WH-02,2022-05-25,2022-06-23,2022-06-23,235,110.78,26033.3,0,True,8
SHP-005597,PROD-0077,SUP-17,WH-02,2022-06-06,2022-06-29,2022-06-29,397,110.78,43979.66,0,True,13
SHP-005598,PROD-0077,SUP-17,WH-02,2022-06-18,2022-07-12,2022-07-12,422,110.78,46749.16,0,True,14
SHP-005599,PROD-0077,SUP-17,WH-02,2022-06-30,2022-07-31,2022-07-31,233,110.78,25811.74,0,True,8
SHP-005600,PROD-0077,SUP-17,WH-02,2022-07-12,2022-08-07,2022-08-07,239,110.78,26476.42,0,True,8
SHP-005601,PROD-0077,SUP-17,WH-02,2022-07-24,2022-08-27,2022-08-27,300,110.78,33234.0,0,True,10
SHP-005602,PROD-0077,SUP-17,WH-02,2022-08-05,2022-08-27,2022-08-27,431,110.78,47746.18,0,True,15
SHP-005603,PROD-0077,SUP-17,WH-02,2022-08-17,2022-09-12,2022-09-12,137,110.78,15176.86,0,True,4
SHP-005604,PROD-0077,SUP-17,WH-02,2022-08-29,2022-09-22,2022-09-22,259,110.78,28692.02,0,True,9
SHP-005605,PROD-0077,SUP-17,WH-02,2022-09-10,2022-10-03,2022-10-03,216,110.78,23928.48,0,True,7
SHP-005606,PROD-0077,SUP-17,WH-02,2022-09-22,2022-10-17,2022-10-17,256,110.78,28359.68,0,True,8
SHP-005607,PROD-0077,SUP-17,WH-02,2022-10-04,2022-10-27,2022-10-27,287,110.78,31793.86,0,True,10
SHP-005608,PROD-0077,SUP-17,WH-02,2022-10-16,2022-11-11,2022-11-11,427,110.78,47303.06,0,True,14
SHP-005609,PROD-0077,SUP-17,WH-02,2022-10-28,2022-11-17,2022-11-17,62,110.78,6868.36,0,True,2
SHP-005610,PROD-0077,SUP-17,WH-02,2022-11-09,2022-11-27,2022-11-27,212,110.78,23485.36,0,True,7
SHP-005611,PROD-0077,SUP-17,WH-02,2022-11-21,2022-12-15,2022-12-22,373,110.78,41320.94,7,False,13
SHP-005612,PROD-0077,SUP-17,WH-02,2022-12-03,2022-12-29,2022-12-29,57,110.78,6314.46,0,True,1
SHP-005613,PROD-0077,SUP-17,WH-02,2022-12-15,2023-01-09,2023-01-09,388,110.78,42982.64,0,True,13
SHP-005614,PROD-0077,SUP-17,WH-02,2022-12-27,2023-01-12,2023-01-12,144,110.78,15952.32,0,True,5
SHP-005615,PROD-0077,SUP-17,WH-02,2023-01-08,2023-02-03,2023-02-03,250,110.78,27695.0,0,True,8
SHP-005616,PROD-0077,SUP-17,WH-02,2023-01-20,2023-02-12,2023-02-12,222,110.78,24593.16,0,True,7
SHP-005617,PROD-0077,SUP-17,WH-02,2023-02-01,2023-02-28,2023-02-28,250,110.78,27695.0,0,True,8
SHP-005618,PROD-0077,SUP-17,WH-02,2023-02-13,2023-03-02,2023-03-02,487,110.78,53949.86,0,True,17
SHP-005619,PROD-0077,SUP-17,WH-02,2023-02-25,2023-03-24,2023-03-24,147,110.78,16284.66,0,True,5
SHP-005620,PROD-0077,SUP-17,WH-02,2023-03-09,2023-03-31,2023-03-31,305,110.78,33787.9,0,True,10
SHP-005621,PROD-0077,SUP-17,WH-02,2023-03-21,2023-04-21,2023-04-21,486,110.78,53839.08,0,True,17
SHP-005622,PROD-0077,SUP-17,WH-02,2023-04-02,2023-04-26,2023-04-26,390,110.78,43204.2,0,True,13
SHP-005623,PROD-0077,SUP-17,WH-02,2023-04-14,2023-05-09,2023-05-09,104,110.78,11521.12,0,True,3
SHP-005624,PROD-0077,SUP-17,WH-02,2023-04-26,2023-05-16,2023-05-18,411,110.78,45530.58,2,False,14
SHP-005625,PROD-0077,SUP-17,WH-02,2023-05-08,2023-05-29,2023-05-29,122,110.78,13515.16,0,True,4
SHP-005626,PROD-0077,SUP-17,WH-02,2023-05-20,2023-06-11,2023-06-11,303,110.78,33566.34,0,True,10
SHP-005627,PROD-0077,SUP-17,WH-02,2023-06-01,2023-06-24,2023-06-24,301,110.78,33344.78,0,True,10
SHP-005628,PROD-0077,SUP-17,WH-02,2023-06-13,2023-07-05,2023-07-06,373,110.78,41320.94,1,False,13
SHP-005629,PROD-0077,SUP-17,WH-02,2023-06-25,2023-07-20,2023-07-20,209,110.78,23153.02,0,True,7
SHP-005630,PROD-0077,SUP-17,WH-02,2023-07-07,2023-08-03,2023-08-03,363,110.78,40213.14,0,True,12
SHP-005631,PROD-0077,SUP-17,WH-02,2023-07-19,2023-08-13,2023-08-13,321,110.78,35560.38,0,True,11
SHP-005632,PROD-0077,SUP-17,WH-02,2023-07-31,2023-08-23,2023-08-23,241,110.78,26697.98,0,True,8
SHP-005633,PROD-0077,SUP-17,WH-02,2023-08-12,2023-09-02,2023-09-02,115,110.78,12739.7,0,True,4
SHP-005634,PROD-0077,SUP-17,WH-02,2023-08-24,2023-09-04,2023-09-04,292,110.78,32347.76,0,True,10
SHP-005635,PROD-0077,SUP-17,WH-02,2023-09-05,2023-09-30,2023-09-30,239,110.78,26476.42,0,True,8
SHP-005636,PROD-0077,SUP-17,WH-02,2023-09-17,2023-10-07,2023-10-07,217,110.78,24039.26,0,True,7
SHP-005637,PROD-0077,SUP-17,WH-02,2023-09-29,2023-10-19,2023-10-19,496,110.78,54946.88,0,True,17
SHP-005638,PROD-0077,SUP-17,WH-02,2023-10-11,2023-10-31,2023-10-31,293,110.78,32458.54,0,True,10
SHP-005639,PROD-0077,SUP-17,WH-02,2023-10-23,2023-11-16,2023-11-16,224,110.78,24814.72,0,True,7
SHP-005640,PROD-0077,SUP-17,WH-02,2023-11-04,2023-12-01,2023-12-01,407,110.78,45087.46,0,True,14
SHP-005641,PROD-0077,SUP-17,WH-02,2023-11-16,2023-12-06,2023-12-06,214,110.78,23706.92,0,True,7
SHP-005642,PROD-0077,SUP-17,WH-02,2023-11-28,2023-12-14,2023-12-14,167,110.78,18500.26,0,True,5
SHP-005643,PROD-0077,SUP-17,WH-02,2023-12-10,2024-01-03,2024-01-03,171,110.78,18943.38,0,True,5
SHP-005644,PROD-0077,SUP-17,WH-02,2023-12-22,2024-01-09,2024-01-09,300,110.78,33234.0,0,True,10
SHP-005645,PROD-0077,SUP-17,WH-02,2024-01-03,2024-01-24,2024-01-24,59,110.78,6536.02,0,True,2
SHP-005646,PROD-0077,SUP-17,WH-02,2024-01-15,2024-02-03,2024-02-03,98,110.78,10856.44,0,True,3
SHP-005647,PROD-0077,SUP-17,WH-02,2024-01-27,2024-02-19,2024-02-19,369,110.78,40877.82,0,True,12
SHP-005648,PROD-0077,SUP-17,WH-02,2024-02-08,2024-03-03,2024-03-03,301,110.78,33344.78,0,True,10
SHP-005649,PROD-0077,SUP-17,WH-02,2024-02-20,2024-03-16,2024-03-16,422,110.78,46749.16,0,True,14
SHP-005650,PROD-0077,SUP-17,WH-02,2024-03-03,2024-03-25,2024-03-25,249,110.78,27584.22,0,True,8
SHP-005651,PROD-0077,SUP-17,WH-02,2024-03-15,2024-04-12,2024-04-12,444,110.78,49186.32,0,True,15
SHP-005652,PROD-0077,SUP-17,WH-02,2024-03-27,2024-04-15,2024-04-15,236,110.78,26144.08,0,True,8
SHP-005653,PROD-0077,SUP-17,WH-02,2024-04-08,2024-04-26,2024-04-26,292,110.78,32347.76,0,True,10
SHP-005654,PROD-0077,SUP-17,WH-02,2024-04-20,2024-05-08,2024-05-08,51,110.78,5649.78,0,True,1
SHP-005655,PROD-0077,SUP-17,WH-02,2024-05-02,2024-06-04,2024-06-04,367,110.78,40656.26,0,True,12
SHP-005656,PROD-0077,SUP-17,WH-02,2024-05-14,2024-06-01,2024-06-01,451,110.78,49961.78,0,True,15
SHP-005657,PROD-0077,SUP-17,WH-02,2024-05-26,2024-06-22,2024-06-27,298,110.78,33012.44,5,False,10
SHP-005658,PROD-0077,SUP-17,WH-02,2024-06-07,2024-06-28,2024-06-28,324,110.78,35892.72,0,True,11
SHP-005659,PROD-0077,SUP-17,WH-02,2024-06-19,2024-07-15,2024-07-15,380,110.78,42096.4,0,True,13
SHP-005660,PROD-0077,SUP-17,WH-02,2024-07-01,2024-07-15,2024-07-19,355,110.78,39326.9,4,False,12
SHP-005661,PROD-0077,SUP-17,WH-02,2024-07-13,2024-08-03,2024-08-03,425,110.78,47081.5,0,True,14
SHP-005662,PROD-0077,SUP-17,WH-02,2024-07-25,2024-08-19,2024-08-19,149,110.78,16506.22,0,True,5
SHP-005663,PROD-0077,SUP-17,WH-02,2024-08-06,2024-08-31,2024-08-31,194,110.78,21491.32,0,True,6
SHP-005664,PROD-0077,SUP-17,WH-02,2024-08-18,2024-09-15,2024-09-15,266,110.78,29467.48,0,True,9
SHP-005665,PROD-0077,SUP-17,WH-02,2024-08-30,2024-09-15,2024-09-15,55,110.78,6092.9,0,True,1
SHP-005666,PROD-0077,SUP-17,WH-02,2024-09-11,2024-10-06,2024-10-06,123,110.78,13625.94,0,True,4
SHP-005667,PROD-0077,SUP-17,WH-02,2024-09-23,2024-10-17,2024-10-17,383,110.78,42428.74,0,True,13
SHP-005668,PROD-0077,SUP-17,WH-02,2024-10-05,2024-10-27,2024-10-27,90,110.78,9970.2,0,True,3
SHP-005669,PROD-0077,SUP-17,WH-02,2024-10-17,2024-11-09,2024-11-09,125,110.78,13847.5,0,True,4
SHP-005670,PROD-0077,SUP-17,WH-02,2024-10-29,2024-11-18,2024-11-18,334,110.78,37000.52,0,True,11
SHP-005671,PROD-0077,SUP-17,WH-02,2024-11-10,2024-11-29,2024-11-29,438,110.78,48521.64,0,True,15
SHP-005672,PROD-0077,SUP-17,WH-02,2024-11-22,2024-12-17,2024-12-17,190,110.78,21048.2,0,True,6
SHP-005673,PROD-0077,SUP-17,WH-02,2024-12-04,2024-12-30,2024-12-30,411,110.78,45530.58,0,True,14
SHP-005674,PROD-0077,SUP-17,WH-02,2024-12-16,2025-01-08,2025-01-08,133,110.78,14733.74,0,True,4
SHP-005675,PROD-0077,SUP-17,WH-02,2024-12-28,2025-01-20,2025-01-20,58,110.78,6425.24,0,True,2
SHP-005676,PROD-0078,SUP-18,WH-03,2022-01-01,2022-02-13,2022-02-13,332,311.53,103427.96,0,True,16
SHP-005677,PROD-0078,SUP-18,WH-03,2022-01-12,2022-03-05,2022-03-05,211,311.53,65732.83,0,True,10
SHP-005678,PROD-0078,SUP-18,WH-03,2022-01-23,2022-02-26,2022-02-26,331,311.53,103116.43,0,True,16
SHP-005679,PROD-0078,SUP-18,WH-03,2022-02-03,2022-03-18,2022-03-18,380,311.53,118381.4,0,True,18
SHP-005680,PROD-0078,SUP-18,WH-03,2022-02-14,2022-03-26,2022-03-26,217,311.53,67602.01,0,True,10
SHP-005681,PROD-0078,SUP-18,WH-03,2022-02-25,2022-04-04,2022-04-04,67,311.53,20872.51,0,True,3
SHP-005682,PROD-0078,SUP-18,WH-03,2022-03-08,2022-04-25,2022-04-25,339,311.53,105608.67,0,True,16
SHP-005683,PROD-0078,SUP-18,WH-03,2022-03-19,2022-05-02,2022-05-02,311,311.53,96885.83,0,True,15
SHP-005684,PROD-0078,SUP-18,WH-03,2022-03-30,2022-05-10,2022-05-10,415,311.53,129284.95,0,True,20
SHP-005685,PROD-0078,SUP-18,WH-03,2022-04-10,2022-05-27,2022-05-27,84,311.53,26168.52,0,True,4
SHP-005686,PROD-0078,SUP-18,WH-03,2022-04-21,2022-05-28,2022-05-28,317,311.53,98755.01,0,True,15
SHP-005687,PROD-0078,SUP-18,WH-03,2022-05-02,2022-06-21,2022-06-24,170,311.53,52960.1,3,False,8
SHP-005688,PROD-0078,SUP-18,WH-03,2022-05-13,2022-06-25,2022-06-25,232,311.53,72274.96,0,True,11
SHP-005689,PROD-0078,SUP-18,WH-03,2022-05-24,2022-07-09,2022-07-09,225,311.53,70094.25,0,True,11
SHP-005690,PROD-0078,SUP-18,WH-03,2022-06-04,2022-07-11,2022-07-11,255,311.53,79440.15,0,True,12
SHP-005691,PROD-0078,SUP-18,WH-03,2022-06-15,2022-07-23,2022-07-23,263,311.53,81932.39,0,True,13
SHP-005692,PROD-0078,SUP-18,WH-03,2022-06-26,2022-08-08,2022-08-08,405,311.53,126169.65,0,True,20
SHP-005693,PROD-0078,SUP-18,WH-03,2022-07-07,2022-08-09,2022-08-09,95,311.53,29595.35,0,True,4
SHP-005694,PROD-0078,SUP-18,WH-03,2022-07-18,2022-09-07,2022-09-07,131,311.53,40810.43,0,True,6
SHP-005695,PROD-0078,SUP-18,WH-03,2022-07-29,2022-09-06,2022-09-06,494,311.53,153895.82,0,True,24
SHP-005696,PROD-0078,SUP-18,WH-03,2022-08-09,2022-09-24,2022-09-24,78,311.53,24299.34,0,True,3
SHP-005697,PROD-0078,SUP-18,WH-03,2022-08-20,2022-10-05,2022-10-05,62,311.53,19314.86,0,True,3
SHP-005698,PROD-0078,SUP-18,WH-03,2022-08-31,2022-10-21,2022-10-21,407,311.53,126792.71,0,True,20
SHP-005699,PROD-0078,SUP-18,WH-03,2022-09-11,2022-10-17,2022-10-17,71,311.53,22118.63,0,True,3
SHP-005700,PROD-0078,SUP-18,WH-03,2022-09-22,2022-11-04,2022-11-04,128,311.53,39875.84,0,True,6
SHP-005701,PROD-0078,SUP-18,WH-03,2022-10-03,2022-11-18,2022-11-18,213,311.53,66355.89,0,True,10
SHP-005702,PROD-0078,SUP-18,WH-03,2022-10-14,2022-11-17,2022-11-17,374,311.53,116512.22,0,True,18
SHP-005703,PROD-0078,SUP-18,WH-03,2022-10-25,2022-12-03,2022-12-03,311,311.53,96885.83,0,True,15
SHP-005704,PROD-0078,SUP-18,WH-03,2022-11-05,2022-12-18,2022-12-18,62,311.53,19314.86,0,True,3
SHP-005705,PROD-0078,SUP-18,WH-03,2022-11-16,2022-12-25,2022-12-25,262,311.53,81620.86,0,True,13
SHP-005706,PROD-0078,SUP-18,WH-03,2022-11-27,2022-12-25,2022-12-25,152,311.53,47352.56,0,True,7
SHP-005707,PROD-0078,SUP-18,WH-03,2022-12-08,2023-01-08,2023-01-08,167,311.53,52025.51,0,True,8
SHP-005708,PROD-0078,SUP-18,WH-03,2022-12-19,2023-02-11,2023-02-11,228,311.53,71028.84,0,True,11
SHP-005709,PROD-0078,SUP-18,WH-03,2022-12-30,2023-02-17,2023-02-17,238,311.53,74144.14,0,True,11
SHP-005710,PROD-0078,SUP-18,WH-03,2023-01-10,2023-02-24,2023-02-24,134,311.53,41745.02,0,True,6
SHP-005711,PROD-0078,SUP-18,WH-03,2023-01-21,2023-03-03,2023-03-03,324,311.53,100935.72,0,True,16
SHP-005712,PROD-0078,SUP-18,WH-03,2023-02-01,2023-03-11,2023-03-12,431,311.53,134269.43,1,False,21
SHP-005713,PROD-0078,SUP-18,WH-03,2023-02-12,2023-03-28,2023-03-28,334,311.53,104051.02,0,True,16
SHP-005714,PROD-0078,SUP-18,WH-03,2023-02-23,2023-03-31,2023-03-31,131,311.53,40810.43,0,True,6
SHP-005715,PROD-0078,SUP-18,WH-03,2023-03-06,2023-04-23,2023-04-23,361,311.53,112462.33,0,True,17
SHP-005716,PROD-0078,SUP-18,WH-03,2023-03-17,2023-05-01,2023-05-01,217,311.53,67602.01,0,True,10
SHP-005717,PROD-0078,SUP-18,WH-03,2023-03-28,2023-05-09,2023-05-09,383,311.53,119315.99,0,True,19
SHP-005718,PROD-0078,SUP-18,WH-03,2023-04-08,2023-05-18,2023-05-18,278,311.53,86605.34,0,True,13
SHP-005719,PROD-0078,SUP-18,WH-03,2023-04-19,2023-05-29,2023-06-08,393,311.53,122431.29,10,False,19
SHP-005720,PROD-0078,SUP-18,WH-03,2023-04-30,2023-06-12,2023-06-12,154,311.53,47975.62,0,True,7
SHP-005721,PROD-0078,SUP-18,WH-03,2023-05-11,2023-06-14,2023-06-14,248,311.53,77259.44,0,True,12
SHP-005722,PROD-0078,SUP-18,WH-03,2023-05-22,2023-07-17,2023-07-17,497,311.53,154830.41,0,True,24
SHP-005723,PROD-0078,SUP-18,WH-03,2023-06-02,2023-07-11,2023-07-11,341,311.53,106231.73,0,True,16
SHP-005724,PROD-0078,SUP-18,WH-03,2023-06-13,2023-07-17,2023-07-17,476,311.53,148288.28,0,True,23
SHP-005725,PROD-0078,SUP-18,WH-03,2023-06-24,2023-08-09,2023-08-09,353,311.53,109970.09,0,True,17
SHP-005726,PROD-0078,SUP-18,WH-03,2023-07-05,2023-08-13,2023-08-13,287,311.53,89409.11,0,True,14
SHP-005727,PROD-0078,SUP-18,WH-03,2023-07-16,2023-08-24,2023-08-24,167,311.53,52025.51,0,True,8
SHP-005728,PROD-0078,SUP-18,WH-03,2023-07-27,2023-09-07,2023-09-07,481,311.53,149845.93,0,True,23
SHP-005729,PROD-0078,SUP-18,WH-03,2023-08-07,2023-09-14,2023-09-14,62,311.53,19314.86,0,True,3
SHP-005730,PROD-0078,SUP-18,WH-03,2023-08-18,2023-09-25,2023-09-25,474,311.53,147665.22,0,True,23
SHP-005731,PROD-0078,SUP-18,WH-03,2023-08-29,2023-10-09,2023-10-09,155,311.53,48287.15,0,True,7
SHP-005732,PROD-0078,SUP-18,WH-03,2023-09-09,2023-10-29,2023-11-06,248,311.53,77259.44,8,False,12
SHP-005733,PROD-0078,SUP-18,WH-03,2023-09-20,2023-10-30,2023-10-30,250,311.53,77882.5,0,True,12
SHP-005734,PROD-0078,SUP-18,WH-03,2023-10-01,2023-11-10,2023-11-10,301,311.53,93770.53,0,True,14
SHP-005735,PROD-0078,SUP-18,WH-03,2023-10-12,2023-11-29,2023-11-29,196,311.53,61059.88,0,True,9
SHP-005736,PROD-0078,SUP-18,WH-03,2023-10-23,2023-11-22,2023-12-05,488,311.53,152026.64,13,False,24
SHP-005737,PROD-0078,SUP-18,WH-03,2023-11-03,2023-12-18,2023-12-18,104,311.53,32399.12,0,True,5
SHP-005738,PROD-0078,SUP-18,WH-03,2023-11-14,2023-12-30,2023-12-30,367,311.53,114331.51,0,True,18
SHP-005739,PROD-0078,SUP-18,WH-03,2023-11-25,2024-01-06,2024-01-06,190,311.53,59190.7,0,True,9
SHP-005740,PROD-0078,SUP-18,WH-03,2023-12-06,2024-01-14,2024-01-14,245,311.53,76324.85,0,True,12
SHP-005741,PROD-0078,SUP-18,WH-03,2023-12-17,2024-01-28,2024-01-28,131,311.53,40810.43,0,True,6
SHP-005742,PROD-0078,SUP-18,WH-03,2023-12-28,2024-02-06,2024-02-06,160,311.53,49844.8,0,True,7
SHP-005743,PROD-0078,SUP-18,WH-03,2024-01-08,2024-02-20,2024-02-20,266,311.53,82866.98,0,True,13
SHP-005744,PROD-0078,SUP-18,WH-03,2024-01-19,2024-02-28,2024-02-28,88,311.53,27414.64,0,True,4
SHP-005745,PROD-0078,SUP-18,WH-03,2024-01-30,2024-03-18,2024-03-18,61,311.53,19003.33,0,True,3
SHP-005746,PROD-0078,SUP-18,WH-03,2024-02-10,2024-03-20,2024-03-20,111,311.53,34579.83,0,True,5
SHP-005747,PROD-0078,SUP-18,WH-03,2024-02-21,2024-04-01,2024-04-01,283,311.53,88162.99,0,True,14
SHP-005748,PROD-0078,SUP-18,WH-03,2024-03-03,2024-04-18,2024-05-01,111,311.53,34579.83,13,False,5
SHP-005749,PROD-0078,SUP-18,WH-03,2024-03-14,2024-04-29,2024-04-29,399,311.53,124300.47,0,True,19
SHP-005750,PROD-0078,SUP-18,WH-03,2024-03-25,2024-05-06,2024-05-06,293,311.53,91278.29,0,True,14
SHP-005751,PROD-0078,SUP-18,WH-03,2024-04-05,2024-05-15,2024-05-15,94,311.53,29283.82,0,True,4
SHP-005752,PROD-0078,SUP-18,WH-03,2024-04-16,2024-05-26,2024-05-26,495,311.53,154207.35,0,True,24
SHP-005753,PROD-0078,SUP-18,WH-03,2024-04-27,2024-06-24,2024-06-24,189,311.53,58879.17,0,True,9
SHP-005754,PROD-0078,SUP-18,WH-03,2024-05-08,2024-06-24,2024-06-24,338,311.53,105297.14,0,True,16
SHP-005755,PROD-0078,SUP-18,WH-03,2024-05-19,2024-07-02,2024-07-02,404,311.53,125858.12,0,True,20
SHP-005756,PROD-0078,SUP-18,WH-03,2024-05-30,2024-07-10,2024-07-10,253,311.53,78817.09,0,True,12
SHP-005757,PROD-0078,SUP-18,WH-03,2024-06-10,2024-07-31,2024-07-31,69,311.53,21495.57,0,True,3
SHP-005758,PROD-0078,SUP-18,WH-03,2024-06-21,2024-07-20,2024-07-20,288,311.53,89720.64,0,True,14
SHP-005759,PROD-0078,SUP-18,WH-03,2024-07-02,2024-08-17,2024-08-17,56,311.53,17445.68,0,True,2
SHP-005760,PROD-0078,SUP-18,WH-03,2024-07-13,2024-08-24,2024-08-24,386,311.53,120250.58,0,True,19
SHP-005761,PROD-0078,SUP-18,WH-03,2024-07-24,2024-09-05,2024-09-07,498,311.53,155141.94,2,False,24
SHP-005762,PROD-0078,SUP-18,WH-03,2024-08-04,2024-09-22,2024-09-22,418,311.53,130219.54,0,True,20
SHP-005763,PROD-0078,SUP-18,WH-03,2024-08-15,2024-10-05,2024-10-05,186,311.53,57944.58,0,True,9
SHP-005764,PROD-0078,SUP-18,WH-03,2024-08-26,2024-10-07,2024-10-07,496,311.53,154518.88,0,True,24
SHP-005765,PROD-0078,SUP-18,WH-03,2024-09-06,2024-10-17,2024-10-17,279,311.53,86916.87,0,True,13
SHP-005766,PROD-0078,SUP-18,WH-03,2024-09-17,2024-10-23,2024-10-23,382,311.53,119004.46,0,True,18
SHP-005767,PROD-0078,SUP-18,WH-03,2024-09-28,2024-11-08,2024-11-08,477,311.53,148599.81,0,True,23
SHP-005768,PROD-0078,SUP-18,WH-03,2024-10-09,2024-11-29,2024-11-29,409,311.53,127415.77,0,True,20
SHP-005769,PROD-0078,SUP-18,WH-03,2024-10-20,2024-11-29,2024-11-29,416,311.53,129596.48,0,True,20
SHP-005770,PROD-0078,SUP-18,WH-03,2024-10-31,2024-11-30,2024-11-30,196,311.53,61059.88,0,True,9
SHP-005771,PROD-0078,SUP-18,WH-03,2024-11-11,2024-12-16,2024-12-16,238,311.53,74144.14,0,True,11
SHP-005772,PROD-0078,SUP-18,WH-03,2024-11-22,2024-12-31,2024-12-31,328,311.53,102181.84,0,True,16
SHP-005773,PROD-0078,SUP-18,WH-03,2024-12-03,2025-01-09,2025-01-09,240,311.53,74767.2,0,True,11
SHP-005774,PROD-0078,SUP-18,WH-03,2024-12-14,2025-01-28,2025-01-28,124,311.53,38629.72,0,True,6
SHP-005775,PROD-0078,SUP-18,WH-03,2024-12-25,2025-02-07,2025-02-07,227,311.53,70717.31,0,True,11
SHP-005776,PROD-0079,SUP-19,WH-04,2022-01-01,2022-02-11,2022-02-11,240,17.09,4101.6,0,True,16
SHP-005777,PROD-0079,SUP-19,WH-04,2022-01-17,2022-02-15,2022-02-23,442,17.09,7553.78,8,False,30
SHP-005778,PROD-0079,SUP-19,WH-04,2022-02-02,2022-03-08,2022-03-08,394,17.09,6733.46,0,True,27
SHP-005779,PROD-0079,SUP-19,WH-04,2022-02-18,2022-03-13,2022-03-26,395,17.09,6750.55,13,False,27
SHP-005780,PROD-0079,SUP-19,WH-04,2022-03-06,2022-04-04,2022-04-04,271,17.09,4631.39,0,True,18
SHP-005781,PROD-0079,SUP-19,WH-04,2022-03-22,2022-04-23,2022-04-23,120,17.09,2050.8,0,True,8
SHP-005782,PROD-0079,SUP-19,WH-04,2022-04-07,2022-05-09,2022-05-15,380,17.09,6494.2,6,False,26
SHP-005783,PROD-0079,SUP-19,WH-04,2022-04-23,2022-06-02,2022-06-02,326,17.09,5571.34,0,True,22
SHP-005784,PROD-0079,SUP-19,WH-04,2022-05-09,2022-06-13,2022-06-13,71,17.09,1213.39,0,True,4
SHP-005785,PROD-0079,SUP-19,WH-04,2022-05-25,2022-06-25,2022-06-25,490,17.09,8374.1,0,True,34
SHP-005786,PROD-0079,SUP-19,WH-04,2022-06-10,2022-07-30,2022-07-30,224,17.09,3828.16,0,True,15
SHP-005787,PROD-0079,SUP-19,WH-04,2022-06-26,2022-07-19,2022-07-19,431,17.09,7365.79,0,True,30
SHP-005788,PROD-0079,SUP-19,WH-04,2022-07-12,2022-08-21,2022-08-21,343,17.09,5861.87,0,True,23
SHP-005789,PROD-0079,SUP-19,WH-04,2022-07-28,2022-08-29,2022-09-01,455,17.09,7775.95,3,False,31
SHP-005790,PROD-0079,SUP-19,WH-04,2022-08-13,2022-09-18,2022-09-18,252,17.09,4306.68,0,True,17
SHP-005791,PROD-0079,SUP-19,WH-04,2022-08-29,2022-09-20,2022-09-20,500,17.09,8545.0,0,True,34
SHP-005792,PROD-0079,SUP-19,WH-04,2022-09-14,2022-10-05,2022-10-07,328,17.09,5605.52,2,False,22
SHP-005793,PROD-0079,SUP-19,WH-04,2022-09-30,2022-10-29,2022-10-29,344,17.09,5878.96,0,True,23
SHP-005794,PROD-0079,SUP-19,WH-04,2022-10-16,2022-11-16,2022-11-16,331,17.09,5656.79,0,True,23
SHP-005795,PROD-0079,SUP-19,WH-04,2022-11-01,2022-11-23,2022-12-04,428,17.09,7314.52,11,False,29
SHP-005796,PROD-0079,SUP-19,WH-04,2022-11-17,2022-12-14,2022-12-14,453,17.09,7741.77,0,True,31
SHP-005797,PROD-0079,SUP-19,WH-04,2022-12-03,2023-01-06,2023-01-06,216,17.09,3691.44,0,True,15
SHP-005798,PROD-0079,SUP-19,WH-04,2022-12-19,2023-01-14,2023-01-14,241,17.09,4118.69,0,True,16
SHP-005799,PROD-0079,SUP-19,WH-04,2023-01-04,2023-02-19,2023-02-28,317,17.09,5417.53,9,False,22
SHP-005800,PROD-0079,SUP-19,WH-04,2023-01-20,2023-02-15,2023-02-15,162,17.09,2768.58,0,True,11
SHP-005801,PROD-0079,SUP-19,WH-04,2023-02-05,2023-03-08,2023-03-08,258,17.09,4409.22,0,True,17
SHP-005802,PROD-0079,SUP-19,WH-04,2023-02-21,2023-03-22,2023-03-22,104,17.09,1777.36,0,True,7
SHP-005803,PROD-0079,SUP-19,WH-04,2023-03-09,2023-03-29,2023-03-29,282,17.09,4819.38,0,True,19
SHP-005804,PROD-0079,SUP-19,WH-04,2023-03-25,2023-04-25,2023-04-25,435,17.09,7434.15,0,True,30
SHP-005805,PROD-0079,SUP-19,WH-04,2023-04-10,2023-05-04,2023-05-04,456,17.09,7793.04,0,True,31
SHP-005806,PROD-0079,SUP-19,WH-04,2023-04-26,2023-06-07,2023-06-07,303,17.09,5178.27,0,True,21
SHP-005807,PROD-0079,SUP-19,WH-04,2023-05-12,2023-06-14,2023-06-17,405,17.09,6921.45,3,False,28
SHP-005808,PROD-0079,SUP-19,WH-04,2023-05-28,2023-06-27,2023-06-27,257,17.09,4392.13,0,True,17
SHP-005809,PROD-0079,SUP-19,WH-04,2023-06-13,2023-07-11,2023-07-11,327,17.09,5588.43,0,True,22
SHP-005810,PROD-0079,SUP-19,WH-04,2023-06-29,2023-08-09,2023-08-09,467,17.09,7981.03,0,True,32
SHP-005811,PROD-0079,SUP-19,WH-04,2023-07-15,2023-08-16,2023-08-16,65,17.09,1110.85,0,True,4
SHP-005812,PROD-0079,SUP-19,WH-04,2023-07-31,2023-08-22,2023-08-22,145,17.09,2478.05,0,True,10
SHP-005813,PROD-0079,SUP-19,WH-04,2023-08-16,2023-09-24,2023-09-24,86,17.09,1469.74,0,True,5
SHP-005814,PROD-0079,SUP-19,WH-04,2023-09-01,2023-10-09,2023-10-09,110,17.09,1879.9,0,True,7
SHP-005815,PROD-0079,SUP-19,WH-04,2023-09-17,2023-10-10,2023-10-17,388,17.09,6630.92,7,False,27
SHP-005816,PROD-0079,SUP-19,WH-04,2023-10-03,2023-11-01,2023-11-01,355,17.09,6066.95,0,True,24
SHP-005817,PROD-0079,SUP-19,WH-04,2023-10-19,2023-12-09,2023-12-09,241,17.09,4118.69,0,True,16
SHP-005818,PROD-0079,SUP-19,WH-04,2023-11-04,2023-12-08,2023-12-08,367,17.09,6272.03,0,True,25
SHP-005819,PROD-0079,SUP-19,WH-04,2023-11-20,2024-01-24,2024-02-03,375,17.09,6408.75,10,False,26
SHP-005820,PROD-0079,SUP-19,WH-04,2023-12-06,2024-01-19,2024-01-19,397,17.09,6784.73,0,True,27
SHP-005821,PROD-0079,SUP-19,WH-04,2023-12-22,2024-02-14,2024-02-22,305,17.09,5212.45,8,False,21
SHP-005822,PROD-0079,SUP-19,WH-04,2024-01-07,2024-02-01,2024-02-01,180,17.09,3076.2,0,True,12
SHP-005823,PROD-0079,SUP-19,WH-04,2024-01-23,2024-03-17,2024-03-17,458,17.09,7827.22,0,True,31
SHP-005824,PROD-0079,SUP-19,WH-04,2024-02-08,2024-02-28,2024-02-28,444,17.09,7587.96,0,True,30
SHP-005825,PROD-0079,SUP-19,WH-04,2024-02-24,2024-03-25,2024-03-25,350,17.09,5981.5,0,True,24
SHP-005826,PROD-0079,SUP-19,WH-04,2024-03-11,2024-04-05,2024-04-15,400,17.09,6836.0,10,False,27
SHP-005827,PROD-0079,SUP-19,WH-04,2024-03-27,2024-04-28,2024-05-06,244,17.09,4169.96,8,False,17
SHP-005828,PROD-0079,SUP-19,WH-04,2024-04-12,2024-05-19,2024-05-20,438,17.09,7485.42,1,False,30
SHP-005829,PROD-0079,SUP-19,WH-04,2024-04-28,2024-05-29,2024-05-29,328,17.09,5605.52,0,True,22
SHP-005830,PROD-0079,SUP-19,WH-04,2024-05-14,2024-06-17,2024-06-17,420,17.09,7177.8,0,True,29
SHP-005831,PROD-0079,SUP-19,WH-04,2024-05-30,2024-06-28,2024-06-28,98,17.09,1674.82,0,True,6
SHP-005832,PROD-0079,SUP-19,WH-04,2024-06-15,2024-07-21,2024-07-21,222,17.09,3793.98,0,True,15
SHP-005833,PROD-0079,SUP-19,WH-04,2024-07-01,2024-08-06,2024-08-06,290,17.09,4956.1,0,True,20
SHP-005834,PROD-0079,SUP-19,WH-04,2024-07-17,2024-08-15,2024-08-15,332,17.09,5673.88,0,True,23
SHP-005835,PROD-0079,SUP-19,WH-04,2024-08-02,2024-08-31,2024-08-31,281,17.09,4802.29,0,True,19
SHP-005836,PROD-0079,SUP-19,WH-04,2024-08-18,2024-09-08,2024-09-08,98,17.09,1674.82,0,True,6
SHP-005837,PROD-0079,SUP-19,WH-04,2024-09-03,2024-10-06,2024-10-06,353,17.09,6032.77,0,True,24
SHP-005838,PROD-0079,SUP-19,WH-04,2024-09-19,2024-10-25,2024-10-25,64,17.09,1093.76,0,True,4
SHP-005839,PROD-0079,SUP-19,WH-04,2024-10-05,2024-11-14,2024-11-14,307,17.09,5246.63,0,True,21
SHP-005840,PROD-0079,SUP-19,WH-04,2024-10-21,2024-11-11,2024-11-11,406,17.09,6938.54,0,True,28
SHP-005841,PROD-0079,SUP-19,WH-04,2024-11-06,2024-11-30,2024-11-30,324,17.09,5537.16,0,True,22
SHP-005842,PROD-0079,SUP-19,WH-04,2024-11-22,2024-12-29,2024-12-29,179,17.09,3059.11,0,True,12
SHP-005843,PROD-0079,SUP-19,WH-04,2024-12-08,2025-01-14,2025-01-14,314,17.09,5366.26,0,True,21
SHP-005844,PROD-0079,SUP-19,WH-04,2024-12-24,2025-02-01,2025-02-01,281,17.09,4802.29,0,True,19
SHP-005845,PROD-0080,SUP-20,WH-05,2022-01-01,2022-02-04,2022-02-04,198,289.96,57412.08,0,True,19
SHP-005846,PROD-0080,SUP-20,WH-05,2022-01-15,2022-01-31,2022-01-31,106,289.96,30735.76,0,True,10
SHP-005847,PROD-0080,SUP-20,WH-05,2022-01-29,2022-02-16,2022-02-16,478,289.96,138600.88,0,True,47
SHP-005848,PROD-0080,SUP-20,WH-05,2022-02-12,2022-03-07,2022-03-07,298,289.96,86408.08,0,True,29
SHP-005849,PROD-0080,SUP-20,WH-05,2022-02-26,2022-03-20,2022-03-20,447,289.96,129612.12,0,True,44
SHP-005850,PROD-0080,SUP-20,WH-05,2022-03-12,2022-04-04,2022-04-16,140,289.96,40594.4,12,False,13
SHP-005851,PROD-0080,SUP-20,WH-05,2022-03-26,2022-04-25,2022-04-25,204,289.96,59151.84,0,True,20
SHP-005852,PROD-0080,SUP-20,WH-05,2022-04-09,2022-05-12,2022-05-12,493,289.96,142950.28,0,True,48
SHP-005853,PROD-0080,SUP-20,WH-05,2022-04-23,2022-05-11,2022-05-11,302,289.96,87567.92,0,True,29
SHP-005854,PROD-0080,SUP-20,WH-05,2022-05-07,2022-06-01,2022-06-01,463,289.96,134251.48,0,True,45
SHP-005855,PROD-0080,SUP-20,WH-05,2022-05-21,2022-06-19,2022-07-01,109,289.96,31605.64,12,False,10
SHP-005856,PROD-0080,SUP-20,WH-05,2022-06-04,2022-06-23,2022-06-23,117,289.96,33925.32,0,True,11
SHP-005857,PROD-0080,SUP-20,WH-05,2022-06-18,2022-07-11,2022-07-23,359,289.96,104095.64,12,False,35
SHP-005858,PROD-0080,SUP-20,WH-05,2022-07-02,2022-07-22,2022-07-22,304,289.96,88147.84,0,True,30
SHP-005859,PROD-0080,SUP-20,WH-05,2022-07-16,2022-07-30,2022-07-30,270,289.96,78289.2,0,True,26
SHP-005860,PROD-0080,SUP-20,WH-05,2022-07-30,2022-08-17,2022-08-17,405,289.96,117433.8,0,True,40
SHP-005861,PROD-0080,SUP-20,WH-05,2022-08-13,2022-09-03,2022-09-03,104,289.96,30155.84,0,True,10
SHP-005862,PROD-0080,SUP-20,WH-05,2022-08-27,2022-09-25,2022-09-25,192,289.96,55672.32,0,True,19
SHP-005863,PROD-0080,SUP-20,WH-05,2022-09-10,2022-10-03,2022-10-03,266,289.96,77129.36,0,True,26
SHP-005864,PROD-0080,SUP-20,WH-05,2022-09-24,2022-10-17,2022-10-17,184,289.96,53352.64,0,True,18
SHP-005865,PROD-0080,SUP-20,WH-05,2022-10-08,2022-10-29,2022-10-29,255,289.96,73939.8,0,True,25
SHP-005866,PROD-0080,SUP-20,WH-05,2022-10-22,2022-11-14,2022-11-23,498,289.96,144400.08,9,False,49
SHP-005867,PROD-0080,SUP-20,WH-05,2022-11-05,2022-11-28,2022-11-28,132,289.96,38274.72,0,True,13
SHP-005868,PROD-0080,SUP-20,WH-05,2022-11-19,2022-12-02,2022-12-02,390,289.96,113084.4,0,True,38
SHP-005869,PROD-0080,SUP-20,WH-05,2022-12-03,2022-12-28,2022-12-28,329,289.96,95396.84,0,True,32
SHP-005870,PROD-0080,SUP-20,WH-05,2022-12-17,2023-01-07,2023-01-07,294,289.96,85248.24,0,True,29
SHP-005871,PROD-0080,SUP-20,WH-05,2022-12-31,2023-01-28,2023-01-30,386,289.96,111924.56,2,False,38
SHP-005872,PROD-0080,SUP-20,WH-05,2023-01-14,2023-01-31,2023-01-31,109,289.96,31605.64,0,True,10
SHP-005873,PROD-0080,SUP-20,WH-05,2023-01-28,2023-02-27,2023-02-27,153,289.96,44363.88,0,True,15
SHP-005874,PROD-0080,SUP-20,WH-05,2023-02-11,2023-02-28,2023-02-28,432,289.96,125262.72,0,True,42
SHP-005875,PROD-0080,SUP-20,WH-05,2023-02-25,2023-03-24,2023-03-24,240,289.96,69590.4,0,True,23
SHP-005876,PROD-0080,SUP-20,WH-05,2023-03-11,2023-03-30,2023-03-30,56,289.96,16237.76,0,True,5
SHP-005877,PROD-0080,SUP-20,WH-05,2023-03-25,2023-04-19,2023-04-19,186,289.96,53932.56,0,True,18
SHP-005878,PROD-0080,SUP-20,WH-05,2023-04-08,2023-05-06,2023-05-06,205,289.96,59441.8,0,True,20
SHP-005879,PROD-0080,SUP-20,WH-05,2023-04-22,2023-05-16,2023-05-16,174,289.96,50453.04,0,True,17
SHP-005880,PROD-0080,SUP-20,WH-05,2023-05-06,2023-05-26,2023-05-26,159,289.96,46103.64,0,True,15
SHP-005881,PROD-0080,SUP-20,WH-05,2023-05-20,2023-06-08,2023-06-08,294,289.96,85248.24,0,True,29
SHP-005882,PROD-0080,SUP-20,WH-05,2023-06-03,2023-06-23,2023-06-23,138,289.96,40014.48,0,True,13
SHP-005883,PROD-0080,SUP-20,WH-05,2023-06-17,2023-07-03,2023-07-03,371,289.96,107575.16,0,True,36
SHP-005884,PROD-0080,SUP-20,WH-05,2023-07-01,2023-07-24,2023-08-02,86,289.96,24936.56,9,False,8
SHP-005885,PROD-0080,SUP-20,WH-05,2023-07-15,2023-08-12,2023-08-12,489,289.96,141790.44,0,True,48
SHP-005886,PROD-0080,SUP-20,WH-05,2023-07-29,2023-08-25,2023-08-25,439,289.96,127292.44,0,True,43
SHP-005887,PROD-0080,SUP-20,WH-05,2023-08-12,2023-09-09,2023-09-09,87,289.96,25226.52,0,True,8
SHP-005888,PROD-0080,SUP-20,WH-05,2023-08-26,2023-09-20,2023-09-20,370,289.96,107285.2,0,True,36
SHP-005889,PROD-0080,SUP-20,WH-05,2023-09-09,2023-09-21,2023-09-21,370,289.96,107285.2,0,True,36
SHP-005890,PROD-0080,SUP-20,WH-05,2023-09-23,2023-10-13,2023-10-19,473,289.96,137151.08,6,False,46
SHP-005891,PROD-0080,SUP-20,WH-05,2023-10-07,2023-10-31,2023-10-31,435,289.96,126132.6,0,True,43
SHP-005892,PROD-0080,SUP-20,WH-05,2023-10-21,2023-11-09,2023-11-09,214,289.96,62051.44,0,True,21
SHP-005893,PROD-0080,SUP-20,WH-05,2023-11-04,2023-11-24,2023-11-24,148,289.96,42914.08,0,True,14
SHP-005894,PROD-0080,SUP-20,WH-05,2023-11-18,2023-12-11,2023-12-11,241,289.96,69880.36,0,True,23
SHP-005895,PROD-0080,SUP-20,WH-05,2023-12-02,2023-12-24,2023-12-24,478,289.96,138600.88,0,True,47
SHP-005896,PROD-0080,SUP-20,WH-05,2023-12-16,2024-01-10,2024-01-10,115,289.96,33345.4,0,True,11
SHP-005897,PROD-0080,SUP-20,WH-05,2023-12-30,2024-01-17,2024-01-17,454,289.96,131641.84,0,True,44
SHP-005898,PROD-0080,SUP-20,WH-05,2024-01-13,2024-01-22,2024-01-31,380,289.96,110184.8,9,False,37
SHP-005899,PROD-0080,SUP-20,WH-05,2024-01-27,2024-02-12,2024-02-12,130,289.96,37694.8,0,True,12
SHP-005900,PROD-0080,SUP-20,WH-05,2024-02-10,2024-03-09,2024-03-09,197,289.96,57122.12,0,True,19
SHP-005901,PROD-0080,SUP-20,WH-05,2024-02-24,2024-03-17,2024-03-17,271,289.96,78579.16,0,True,26
SHP-005902,PROD-0080,SUP-20,WH-05,2024-03-09,2024-03-29,2024-03-29,83,289.96,24066.68,0,True,8
SHP-005903,PROD-0080,SUP-20,WH-05,2024-03-23,2024-04-20,2024-04-20,447,289.96,129612.12,0,True,44
SHP-005904,PROD-0080,SUP-20,WH-05,2024-04-06,2024-04-20,2024-04-20,70,289.96,20297.2,0,True,6
SHP-005905,PROD-0080,SUP-20,WH-05,2024-04-20,2024-05-17,2024-05-17,193,289.96,55962.28,0,True,19
SHP-005906,PROD-0080,SUP-20,WH-05,2024-05-04,2024-05-28,2024-05-28,224,289.96,64951.04,0,True,22
SHP-005907,PROD-0080,SUP-20,WH-05,2024-05-18,2024-06-13,2024-06-18,359,289.96,104095.64,5,False,35
SHP-005908,PROD-0080,SUP-20,WH-05,2024-06-01,2024-06-25,2024-07-01,487,289.96,141210.52,6,False,48
SHP-005909,PROD-0080,SUP-20,WH-05,2024-06-15,2024-07-11,2024-07-11,247,289.96,71620.12,0,True,24
SHP-005910,PROD-0080,SUP-20,WH-05,2024-06-29,2024-07-23,2024-08-05,402,289.96,116563.92,13,False,39
SHP-005911,PROD-0080,SUP-20,WH-05,2024-07-13,2024-08-05,2024-08-05,399,289.96,115694.04,0,True,39
SHP-005912,PROD-0080,SUP-20,WH-05,2024-07-27,2024-08-20,2024-08-20,452,289.96,131061.92,0,True,44
SHP-005913,PROD-0080,SUP-20,WH-05,2024-08-10,2024-08-26,2024-08-26,222,289.96,64371.12,0,True,21
SHP-005914,PROD-0080,SUP-20,WH-05,2024-08-24,2024-09-11,2024-09-11,225,289.96,65241.0,0,True,22
SHP-005915,PROD-0080,SUP-20,WH-05,2024-09-07,2024-10-12,2024-10-12,373,289.96,108155.08,0,True,36
SHP-005916,PROD-0080,SUP-20,WH-05,2024-09-21,2024-10-09,2024-10-09,187,289.96,54222.52,0,True,18
SHP-005917,PROD-0080,SUP-20,WH-05,2024-10-05,2024-10-21,2024-10-26,354,289.96,102645.84,5,False,35
SHP-005918,PROD-0080,SUP-20,WH-05,2024-10-19,2024-11-07,2024-11-07,215,289.96,62341.4,0,True,21
SHP-005919,PROD-0080,SUP-20,WH-05,2024-11-02,2024-11-20,2024-11-20,228,289.96,66110.88,0,True,22
SHP-005920,PROD-0080,SUP-20,WH-05,2024-11-16,2024-12-02,2024-12-02,221,289.96,64081.16,0,True,21
SHP-005921,PROD-0080,SUP-20,WH-05,2024-11-30,2024-12-25,2024-12-25,192,289.96,55672.32,0,True,19
SHP-005922,PROD-0080,SUP-20,WH-05,2024-12-14,2025-01-03,2025-01-03,392,289.96,113664.32,0,True,38
SHP-005923,PROD-0080,SUP-20,WH-05,2024-12-28,2025-01-12,2025-01-12,363,289.96,105255.48,0,True,35
SHP-005924,PROD-0081,SUP-01,WH-01,2022-01-01,2022-02-06,2022-02-06,201,345.37,69419.37,0,True,13
SHP-005925,PROD-0081,SUP-01,WH-01,2022-01-13,2022-02-14,2022-02-14,235,345.37,81161.95,0,True,15
SHP-005926,PROD-0081,SUP-01,WH-01,2022-01-25,2022-03-04,2022-03-04,214,345.37,73909.18,0,True,14
SHP-005927,PROD-0081,SUP-01,WH-01,2022-02-06,2022-03-24,2022-03-24,347,345.37,119843.39,0,True,22
SHP-005928,PROD-0081,SUP-01,WH-01,2022-02-18,2022-03-30,2022-03-30,420,345.37,145055.4,0,True,27
SHP-005929,PROD-0081,SUP-01,WH-01,2022-03-02,2022-04-15,2022-04-27,376,345.37,129859.12,12,False,24
SHP-005930,PROD-0081,SUP-01,WH-01,2022-03-14,2022-04-26,2022-04-26,454,345.37,156797.98,0,True,30
SHP-005931,PROD-0081,SUP-01,WH-01,2022-03-26,2022-05-05,2022-05-05,143,345.37,49387.91,0,True,9
SHP-005932,PROD-0081,SUP-01,WH-01,2022-04-07,2022-05-19,2022-05-19,241,345.37,83234.17,0,True,15
SHP-005933,PROD-0081,SUP-01,WH-01,2022-04-19,2022-06-02,2022-06-02,417,345.37,144019.29,0,True,27
SHP-005934,PROD-0081,SUP-01,WH-01,2022-05-01,2022-06-03,2022-06-08,285,345.37,98430.45,5,False,18
SHP-005935,PROD-0081,SUP-01,WH-01,2022-05-13,2022-07-01,2022-07-01,180,345.37,62166.6,0,True,11
SHP-005936,PROD-0081,SUP-01,WH-01,2022-05-25,2022-07-14,2022-07-14,113,345.37,39026.81,0,True,7
SHP-005937,PROD-0081,SUP-01,WH-01,2022-06-06,2022-07-12,2022-07-12,251,345.37,86687.87,0,True,16
SHP-005938,PROD-0081,SUP-01,WH-01,2022-06-18,2022-08-02,2022-08-02,465,345.37,160597.05,0,True,30
SHP-005939,PROD-0081,SUP-01,WH-01,2022-06-30,2022-08-10,2022-08-15,282,345.37,97394.34,5,False,18
SHP-005940,PROD-0081,SUP-01,WH-01,2022-07-12,2022-08-19,2022-08-19,191,345.37,65965.67,0,True,12
SHP-005941,PROD-0081,SUP-01,WH-01,2022-07-24,2022-09-16,2022-09-16,151,345.37,52150.87,0,True,9
SHP-005942,PROD-0081,SUP-01,WH-01,2022-08-05,2022-09-11,2022-09-11,268,345.37,92559.16,0,True,17
SHP-005943,PROD-0081,SUP-01,WH-01,2022-08-17,2022-09-23,2022-10-04,354,345.37,122260.98,11,False,23
SHP-005944,PROD-0081,SUP-01,WH-01,2022-08-29,2022-10-09,2022-10-09,248,345.37,85651.76,0,True,16
SHP-005945,PROD-0081,SUP-01,WH-01,2022-09-10,2022-10-18,2022-10-18,142,345.37,49042.54,0,True,9
SHP-005946,PROD-0081,SUP-01,WH-01,2022-09-22,2022-10-23,2022-10-23,460,345.37,158870.2,0,True,30
SHP-005947,PROD-0081,SUP-01,WH-01,2022-10-04,2022-11-09,2022-11-09,85,345.37,29356.45,0,True,5
SHP-005948,PROD-0081,SUP-01,WH-01,2022-10-16,2022-12-02,2022-12-02,324,345.37,111899.88,0,True,21
SHP-005949,PROD-0081,SUP-01,WH-01,2022-10-28,2022-12-09,2022-12-09,99,345.37,34191.63,0,True,6
SHP-005950,PROD-0081,SUP-01,WH-01,2022-11-09,2022-12-21,2022-12-21,154,345.37,53186.98,0,True,10
SHP-005951,PROD-0081,SUP-01,WH-01,2022-11-21,2023-01-08,2023-01-09,340,345.37,117425.8,1,False,22
SHP-005952,PROD-0081,SUP-01,WH-01,2022-12-03,2023-01-15,2023-01-15,222,345.37,76672.14,0,True,14
SHP-005953,PROD-0081,SUP-01,WH-01,2022-12-15,2023-01-17,2023-01-17,195,345.37,67347.15,0,True,12
SHP-005954,PROD-0081,SUP-01,WH-01,2022-12-27,2023-02-09,2023-02-09,162,345.37,55949.94,0,True,10
SHP-005955,PROD-0081,SUP-01,WH-01,2023-01-08,2023-02-18,2023-02-18,434,345.37,149890.58,0,True,28
SHP-005956,PROD-0081,SUP-01,WH-01,2023-01-20,2023-03-01,2023-03-06,231,345.37,79780.47,5,False,15
SHP-005957,PROD-0081,SUP-01,WH-01,2023-02-01,2023-03-17,2023-03-17,61,345.37,21067.57,0,True,4
SHP-005958,PROD-0081,SUP-01,WH-01,2023-02-13,2023-03-17,2023-03-17,440,345.37,151962.8,0,True,29
SHP-005959,PROD-0081,SUP-01,WH-01,2023-02-25,2023-04-04,2023-04-04,472,345.37,163014.64,0,True,31
SHP-005960,PROD-0081,SUP-01,WH-01,2023-03-09,2023-04-16,2023-04-16,365,345.37,126060.05,0,True,24
SHP-005961,PROD-0081,SUP-01,WH-01,2023-03-21,2023-05-11,2023-05-12,96,345.37,33155.52,1,False,6
SHP-005962,PROD-0081,SUP-01,WH-01,2023-04-02,2023-05-09,2023-05-09,188,345.37,64929.56,0,True,12
SHP-005963,PROD-0081,SUP-01,WH-01,2023-04-14,2023-05-29,2023-05-29,98,345.37,33846.26,0,True,6
SHP-005964,PROD-0081,SUP-01,WH-01,2023-04-26,2023-06-02,2023-06-02,163,345.37,56295.31,0,True,10
SHP-005965,PROD-0081,SUP-01,WH-01,2023-05-08,2023-06-15,2023-06-15,134,345.37,46279.58,0,True,8
SHP-005966,PROD-0081,SUP-01,WH-01,2023-05-20,2023-07-03,2023-07-06,193,345.37,66656.41,3,False,12
SHP-005967,PROD-0081,SUP-01,WH-01,2023-06-01,2023-07-06,2023-07-06,393,345.37,135730.41,0,True,25
SHP-005968,PROD-0081,SUP-01,WH-01,2023-06-13,2023-07-14,2023-07-14,490,345.37,169231.3,0,True,32
SHP-005969,PROD-0081,SUP-01,WH-01,2023-06-25,2023-07-31,2023-07-31,278,345.37,96012.86,0,True,18
SHP-005970,PROD-0081,SUP-01,WH-01,2023-07-07,2023-08-19,2023-08-19,483,345.37,166813.71,0,True,31
SHP-005971,PROD-0081,SUP-01,WH-01,2023-07-19,2023-08-29,2023-08-29,277,345.37,95667.49,0,True,18
SHP-005972,PROD-0081,SUP-01,WH-01,2023-07-31,2023-09-20,2023-09-20,246,345.37,84961.02,0,True,16
SHP-005973,PROD-0081,SUP-01,WH-01,2023-08-12,2023-09-30,2023-09-30,244,345.37,84270.28,0,True,16
SHP-005974,PROD-0081,SUP-01,WH-01,2023-08-24,2023-10-06,2023-10-06,189,345.37,65274.93,0,True,12
SHP-005975,PROD-0081,SUP-01,WH-01,2023-09-05,2023-10-17,2023-10-21,301,345.37,103956.37,4,False,19
SHP-005976,PROD-0081,SUP-01,WH-01,2023-09-17,2023-10-30,2023-10-30,318,345.37,109827.66,0,True,21
SHP-005977,PROD-0081,SUP-01,WH-01,2023-09-29,2023-11-05,2023-11-05,305,345.37,105337.85,0,True,20
SHP-005978,PROD-0081,SUP-01,WH-01,2023-10-11,2023-11-23,2023-11-23,479,345.37,165432.23,0,True,31
SHP-005979,PROD-0081,SUP-01,WH-01,2023-10-23,2023-11-21,2023-11-21,240,345.37,82888.8,0,True,15
SHP-005980,PROD-0081,SUP-01,WH-01,2023-11-04,2023-12-15,2023-12-15,357,345.37,123297.09,0,True,23
SHP-005981,PROD-0081,SUP-01,WH-01,2023-11-16,2023-12-31,2023-12-31,243,345.37,83924.91,0,True,16
SHP-005982,PROD-0081,SUP-01,WH-01,2023-11-28,2024-01-12,2024-01-12,156,345.37,53877.72,0,True,10
SHP-005983,PROD-0081,SUP-01,WH-01,2023-12-10,2024-01-30,2024-01-30,257,345.37,88760.09,0,True,16
SHP-005984,PROD-0081,SUP-01,WH-01,2023-12-22,2024-01-26,2024-01-26,198,345.37,68383.26,0,True,13
SHP-005985,PROD-0081,SUP-01,WH-01,2024-01-03,2024-02-25,2024-02-25,499,345.37,172339.63,0,True,32
SHP-005986,PROD-0081,SUP-01,WH-01,2024-01-15,2024-03-16,2024-03-24,401,345.37,138493.37,8,False,26
SHP-005987,PROD-0081,SUP-01,WH-01,2024-01-27,2024-03-14,2024-03-14,407,345.37,140565.59,0,True,26
SHP-005988,PROD-0081,SUP-01,WH-01,2024-02-08,2024-04-01,2024-04-01,459,345.37,158524.83,0,True,30
SHP-005989,PROD-0081,SUP-01,WH-01,2024-02-20,2024-04-03,2024-04-03,226,345.37,78053.62,0,True,14
SHP-005990,PROD-0081,SUP-01,WH-01,2024-03-03,2024-04-05,2024-04-05,301,345.37,103956.37,0,True,19
SHP-005991,PROD-0081,SUP-01,WH-01,2024-03-15,2024-04-14,2024-04-14,267,345.37,92213.79,0,True,17
SHP-005992,PROD-0081,SUP-01,WH-01,2024-03-27,2024-04-21,2024-04-21,228,345.37,78744.36,0,True,15
SHP-005993,PROD-0081,SUP-01,WH-01,2024-04-08,2024-05-23,2024-05-23,183,345.37,63202.71,0,True,12
SHP-005994,PROD-0081,SUP-01,WH-01,2024-04-20,2024-06-05,2024-06-05,162,345.37,55949.94,0,True,10
SHP-005995,PROD-0081,SUP-01,WH-01,2024-05-02,2024-06-17,2024-06-17,314,345.37,108446.18,0,True,20
SHP-005996,PROD-0081,SUP-01,WH-01,2024-05-14,2024-06-27,2024-06-27,150,345.37,51805.5,0,True,9
SHP-005997,PROD-0081,SUP-01,WH-01,2024-05-26,2024-07-05,2024-07-05,245,345.37,84615.65,0,True,16
SHP-005998,PROD-0081,SUP-01,WH-01,2024-06-07,2024-07-08,2024-07-08,167,345.37,57676.79,0,True,11
SHP-005999,PROD-0081,SUP-01,WH-01,2024-06-19,2024-07-18,2024-07-18,131,345.37,45243.47,0,True,8
SHP-006000,PROD-0081,SUP-01,WH-01,2024-07-01,2024-08-08,2024-08-08,333,345.37,115008.21,0,True,22
SHP-006001,PROD-0081,SUP-01,WH-01,2024-07-13,2024-08-12,2024-08-12,318,345.37,109827.66,0,True,21
SHP-006002,PROD-0081,SUP-01,WH-01,2024-07-25,2024-08-17,2024-08-17,200,345.37,69074.0,0,True,13
SHP-006003,PROD-0081,SUP-01,WH-01,2024-08-06,2024-09-16,2024-09-16,192,345.37,66311.04,0,True,12
SHP-006004,PROD-0081,SUP-01,WH-01,2024-08-18,2024-09-29,2024-10-13,167,345.37,57676.79,14,False,11
SHP-006005,PROD-0081,SUP-01,WH-01,2024-08-30,2024-10-08,2024-10-08,316,345.37,109136.92,0,True,20
SHP-006006,PROD-0081,SUP-01,WH-01,2024-09-11,2024-10-23,2024-10-23,97,345.37,33500.89,0,True,6
SHP-006007,PROD-0081,SUP-01,WH-01,2024-09-23,2024-10-23,2024-10-23,385,345.37,132967.45,0,True,25
SHP-006008,PROD-0081,SUP-01,WH-01,2024-10-05,2024-11-19,2024-11-19,493,345.37,170267.41,0,True,32
SHP-006009,PROD-0081,SUP-01,WH-01,2024-10-17,2024-12-02,2024-12-02,330,345.37,113972.1,0,True,21
SHP-006010,PROD-0081,SUP-01,WH-01,2024-10-29,2024-12-06,2024-12-14,135,345.37,46624.95,8,False,8
SHP-006011,PROD-0081,SUP-01,WH-01,2024-11-10,2024-12-05,2024-12-05,150,345.37,51805.5,0,True,9
SHP-006012,PROD-0081,SUP-01,WH-01,2024-11-22,2024-12-27,2024-12-27,84,345.37,29011.08,0,True,5
SHP-006013,PROD-0081,SUP-01,WH-01,2024-12-04,2025-01-16,2025-01-16,468,345.37,161633.16,0,True,30
SHP-006014,PROD-0081,SUP-01,WH-01,2024-12-16,2025-01-19,2025-01-19,113,345.37,39026.81,0,True,7
SHP-006015,PROD-0081,SUP-01,WH-01,2024-12-28,2025-02-22,2025-02-22,439,345.37,151617.43,0,True,29
SHP-006016,PROD-0082,SUP-02,WH-02,2022-01-01,2022-01-16,2022-01-16,323,349.48,112882.04,0,True,4
SHP-006017,PROD-0082,SUP-02,WH-02,2022-01-16,2022-01-29,2022-01-29,54,349.48,18871.92,0,True,0
SHP-006018,PROD-0082,SUP-02,WH-02,2022-01-31,2022-02-14,2022-02-14,442,349.48,154470.16,0,True,5
SHP-006019,PROD-0082,SUP-02,WH-02,2022-02-15,2022-02-16,2022-02-16,60,349.48,20968.8,0,True,0
SHP-006020,PROD-0082,SUP-02,WH-02,2022-03-02,2022-03-11,2022-03-11,79,349.48,27608.92,0,True,1
SHP-006021,PROD-0082,SUP-02,WH-02,2022-03-17,2022-03-18,2022-03-18,74,349.48,25861.52,0,True,0
SHP-006022,PROD-0082,SUP-02,WH-02,2022-04-01,2022-04-02,2022-04-02,117,349.48,40889.16,0,True,1
SHP-006023,PROD-0082,SUP-02,WH-02,2022-04-16,2022-04-22,2022-04-22,477,349.48,166701.96,0,True,6
SHP-006024,PROD-0082,SUP-02,WH-02,2022-05-01,2022-05-08,2022-05-08,192,349.48,67100.16,0,True,2
SHP-006025,PROD-0082,SUP-02,WH-02,2022-05-16,2022-06-03,2022-06-03,139,349.48,48577.72,0,True,1
SHP-006026,PROD-0082,SUP-02,WH-02,2022-05-31,2022-06-01,2022-06-01,177,349.48,61857.96,0,True,2
SHP-006027,PROD-0082,SUP-02,WH-02,2022-06-15,2022-06-23,2022-06-23,436,349.48,152373.28,0,True,5
SHP-006028,PROD-0082,SUP-02,WH-02,2022-06-30,2022-07-03,2022-07-03,243,349.48,84923.64,0,True,3
SHP-006029,PROD-0082,SUP-02,WH-02,2022-07-15,2022-07-16,2022-07-16,285,349.48,99601.8,0,True,3
SHP-006030,PROD-0082,SUP-02,WH-02,2022-07-30,2022-08-04,2022-08-04,396,349.48,138394.08,0,True,5
SHP-006031,PROD-0082,SUP-02,WH-02,2022-08-14,2022-08-15,2022-08-15,327,349.48,114279.96,0,True,4
SHP-006032,PROD-0082,SUP-02,WH-02,2022-08-29,2022-08-30,2022-08-30,318,349.48,111134.64,0,True,4
SHP-006033,PROD-0082,SUP-02,WH-02,2022-09-13,2022-09-17,2022-09-17,316,349.48,110435.68,0,True,4
SHP-006034,PROD-0082,SUP-02,WH-02,2022-09-28,2022-10-28,2022-10-28,345,349.48,120570.6,0,True,4
SHP-006035,PROD-0082,SUP-02,WH-02,2022-10-13,2022-10-29,2022-10-29,257,349.48,89816.36,0,True,3
SHP-006036,PROD-0082,SUP-02,WH-02,2022-10-28,2022-11-15,2022-11-15,258,349.48,90165.84,0,True,3
SHP-006037,PROD-0082,SUP-02,WH-02,2022-11-12,2022-11-25,2022-11-25,305,349.48,106591.4,0,True,4
SHP-006038,PROD-0082,SUP-02,WH-02,2022-11-27,2022-12-06,2022-12-06,155,349.48,54169.4,0,True,2
SHP-006039,PROD-0082,SUP-02,WH-02,2022-12-12,2022-12-30,2022-12-30,238,349.48,83176.24,0,True,3
SHP-006040,PROD-0082,SUP-02,WH-02,2022-12-27,2023-01-02,2023-01-02,359,349.48,125463.32,0,True,4
SHP-006041,PROD-0082,SUP-02,WH-02,2023-01-11,2023-01-12,2023-01-12,203,349.48,70944.44,0,True,2
SHP-006042,PROD-0082,SUP-02,WH-02,2023-01-26,2023-02-02,2023-02-02,299,349.48,104494.52,0,True,4
SHP-006043,PROD-0082,SUP-02,WH-02,2023-02-10,2023-02-18,2023-02-18,160,349.48,55916.8,0,True,2
SHP-006044,PROD-0082,SUP-02,WH-02,2023-02-25,2023-03-28,2023-03-28,434,349.48,151674.32,0,True,5
SHP-006045,PROD-0082,SUP-02,WH-02,2023-03-12,2023-03-30,2023-03-30,352,349.48,123016.96,0,True,4
SHP-006046,PROD-0082,SUP-02,WH-02,2023-03-27,2023-03-31,2023-03-31,121,349.48,42287.08,0,True,1
SHP-006047,PROD-0082,SUP-02,WH-02,2023-04-11,2023-04-18,2023-04-18,252,349.48,88068.96,0,True,3
SHP-006048,PROD-0082,SUP-02,WH-02,2023-04-26,2023-04-30,2023-04-30,166,349.48,58013.68,0,True,2
SHP-006049,PROD-0082,SUP-02,WH-02,2023-05-11,2023-05-12,2023-05-12,254,349.48,88767.92,0,True,3
SHP-006050,PROD-0082,SUP-02,WH-02,2023-05-26,2023-06-09,2023-06-09,240,349.48,83875.2,0,True,3
SHP-006051,PROD-0082,SUP-02,WH-02,2023-06-10,2023-06-11,2023-06-11,262,349.48,91563.76,0,True,3
SHP-006052,PROD-0082,SUP-02,WH-02,2023-06-25,2023-07-03,2023-07-03,124,349.48,43335.52,0,True,1
SHP-006053,PROD-0082,SUP-02,WH-02,2023-07-10,2023-07-11,2023-07-11,201,349.48,70245.48,0,True,2
SHP-006054,PROD-0082,SUP-02,WH-02,2023-07-25,2023-07-26,2023-07-26,288,349.48,100650.24,0,True,3
SHP-006055,PROD-0082,SUP-02,WH-02,2023-08-09,2023-08-10,2023-08-10,496,349.48,173342.08,0,True,6
SHP-006056,PROD-0082,SUP-02,WH-02,2023-08-24,2023-09-05,2023-09-05,200,349.48,69896.0,0,True,2
SHP-006057,PROD-0082,SUP-02,WH-02,2023-09-08,2023-10-03,2023-10-03,332,349.48,116027.36,0,True,4
SHP-006058,PROD-0082,SUP-02,WH-02,2023-09-23,2023-09-24,2023-09-24,494,349.48,172643.12,0,True,6
SHP-006059,PROD-0082,SUP-02,WH-02,2023-10-08,2023-10-25,2023-10-25,230,349.48,80380.4,0,True,3
SHP-006060,PROD-0082,SUP-02,WH-02,2023-10-23,2023-10-28,2023-10-28,309,349.48,107989.32,0,True,4
SHP-006061,PROD-0082,SUP-02,WH-02,2023-11-07,2023-11-12,2023-11-12,101,349.48,35297.48,0,True,1
SHP-006062,PROD-0082,SUP-02,WH-02,2023-11-22,2023-12-04,2023-12-04,337,349.48,117774.76,0,True,4
SHP-006063,PROD-0082,SUP-02,WH-02,2023-12-07,2023-12-12,2023-12-12,310,349.48,108338.8,0,True,4
SHP-006064,PROD-0082,SUP-02,WH-02,2023-12-22,2024-01-03,2024-01-03,240,349.48,83875.2,0,True,3
SHP-006065,PROD-0082,SUP-02,WH-02,2024-01-06,2024-01-25,2024-01-25,221,349.48,77235.08,0,True,2
SHP-006066,PROD-0082,SUP-02,WH-02,2024-01-21,2024-01-31,2024-01-31,227,349.48,79331.96,0,True,3
SHP-006067,PROD-0082,SUP-02,WH-02,2024-02-05,2024-02-14,2024-02-14,238,349.48,83176.24,0,True,3
SHP-006068,PROD-0082,SUP-02,WH-02,2024-02-20,2024-03-09,2024-03-09,349,349.48,121968.52,0,True,4
SHP-006069,PROD-0082,SUP-02,WH-02,2024-03-06,2024-03-11,2024-03-11,438,349.48,153072.24,0,True,5
SHP-006070,PROD-0082,SUP-02,WH-02,2024-03-21,2024-04-09,2024-04-09,313,349.48,109387.24,0,True,4
SHP-006071,PROD-0082,SUP-02,WH-02,2024-04-05,2024-04-30,2024-04-30,330,349.48,115328.4,0,True,4
SHP-006072,PROD-0082,SUP-02,WH-02,2024-04-20,2024-05-09,2024-05-09,309,349.48,107989.32,0,True,4
SHP-006073,PROD-0082,SUP-02,WH-02,2024-05-05,2024-05-18,2024-05-20,128,349.48,44733.44,2,False,1
SHP-006074,PROD-0082,SUP-02,WH-02,2024-05-20,2024-06-07,2024-06-07,388,349.48,135598.24,0,True,5
SHP-006075,PROD-0082,SUP-02,WH-02,2024-06-04,2024-06-07,2024-06-07,419,349.48,146432.12,0,True,5
SHP-006076,PROD-0082,SUP-02,WH-02,2024-06-19,2024-07-06,2024-07-06,122,349.48,42636.56,0,True,1
SHP-006077,PROD-0082,SUP-02,WH-02,2024-07-04,2024-07-10,2024-07-10,97,349.48,33899.56,0,True,1
SHP-006078,PROD-0082,SUP-02,WH-02,2024-07-19,2024-07-24,2024-07-24,251,349.48,87719.48,0,True,3
SHP-006079,PROD-0082,SUP-02,WH-02,2024-08-03,2024-08-07,2024-08-07,205,349.48,71643.4,0,True,2
SHP-006080,PROD-0082,SUP-02,WH-02,2024-08-18,2024-09-08,2024-09-08,149,349.48,52072.52,0,True,2
SHP-006081,PROD-0082,SUP-02,WH-02,2024-09-02,2024-09-23,2024-09-23,263,349.48,91913.24,0,True,3
SHP-006082,PROD-0082,SUP-02,WH-02,2024-09-17,2024-10-08,2024-10-08,127,349.48,44383.96,0,True,1
SHP-006083,PROD-0082,SUP-02,WH-02,2024-10-02,2024-10-15,2024-10-15,180,349.48,62906.4,0,True,2
SHP-006084,PROD-0082,SUP-02,WH-02,2024-10-17,2024-10-18,2024-10-18,83,349.48,29006.84,0,True,1
SHP-006085,PROD-0082,SUP-02,WH-02,2024-11-01,2024-11-02,2024-11-02,185,349.48,64653.8,0,True,2
SHP-006086,PROD-0082,SUP-02,WH-02,2024-11-16,2024-11-28,2024-11-28,83,349.48,29006.84,0,True,1
SHP-006087,PROD-0082,SUP-02,WH-02,2024-12-01,2024-12-07,2024-12-07,134,349.48,46830.32,0,True,1
SHP-006088,PROD-0082,SUP-02,WH-02,2024-12-16,2024-12-17,2024-12-17,90,349.48,31453.2,0,True,1
SHP-006089,PROD-0083,SUP-03,WH-03,2022-01-01,2022-02-13,2022-02-21,225,230.95,51963.75,8,False,30
SHP-006090,PROD-0083,SUP-03,WH-03,2022-01-21,2022-03-04,2022-03-04,240,230.95,55428.0,0,True,32
SHP-006091,PROD-0083,SUP-03,WH-03,2022-02-10,2022-03-27,2022-03-27,182,230.95,42032.9,0,True,24
SHP-006092,PROD-0083,SUP-03,WH-03,2022-03-02,2022-04-13,2022-04-13,466,230.95,107622.7,0,True,63
SHP-006093,PROD-0083,SUP-03,WH-03,2022-03-22,2022-05-03,2022-05-03,390,230.95,90070.5,0,True,52
SHP-006094,PROD-0083,SUP-03,WH-03,2022-04-11,2022-05-21,2022-05-21,391,230.95,90301.45,0,True,52
SHP-006095,PROD-0083,SUP-03,WH-03,2022-05-01,2022-06-13,2022-06-24,351,230.95,81063.45,11,False,47
SHP-006096,PROD-0083,SUP-03,WH-03,2022-05-21,2022-07-04,2022-07-04,462,230.95,106698.9,0,True,62
SHP-006097,PROD-0083,SUP-03,WH-03,2022-06-10,2022-07-22,2022-08-01,175,230.95,40416.25,10,False,23
SHP-006098,PROD-0083,SUP-03,WH-03,2022-06-30,2022-08-13,2022-08-17,272,230.95,62818.4,4,False,36
SHP-006099,PROD-0083,SUP-03,WH-03,2022-07-20,2022-08-31,2022-08-31,310,230.95,71594.5,0,True,41
SHP-006100,PROD-0083,SUP-03,WH-03,2022-08-09,2022-09-22,2022-09-22,420,230.95,96999.0,0,True,56
SHP-006101,PROD-0083,SUP-03,WH-03,2022-08-29,2022-10-11,2022-10-11,352,230.95,81294.4,0,True,47
SHP-006102,PROD-0083,SUP-03,WH-03,2022-09-18,2022-10-28,2022-11-02,181,230.95,41801.95,5,False,24
SHP-006103,PROD-0083,SUP-03,WH-03,2022-10-08,2022-11-22,2022-11-24,334,230.95,77137.3,2,False,45
SHP-006104,PROD-0083,SUP-03,WH-03,2022-10-28,2022-12-12,2022-12-16,162,230.95,37413.9,4,False,21
SHP-006105,PROD-0083,SUP-03,WH-03,2022-11-17,2023-01-01,2023-01-01,128,230.95,29561.6,0,True,17
SHP-006106,PROD-0083,SUP-03,WH-03,2022-12-07,2023-01-26,2023-01-26,308,230.95,71132.6,0,True,41
SHP-006107,PROD-0083,SUP-03,WH-03,2022-12-27,2023-02-07,2023-02-07,254,230.95,58661.3,0,True,34
SHP-006108,PROD-0083,SUP-03,WH-03,2023-01-16,2023-02-27,2023-02-27,203,230.95,46882.85,0,True,27
SHP-006109,PROD-0083,SUP-03,WH-03,2023-02-05,2023-03-19,2023-03-19,369,230.95,85220.55,0,True,49
SHP-006110,PROD-0083,SUP-03,WH-03,2023-02-25,2023-04-07,2023-04-15,389,230.95,89839.55,8,False,52
SHP-006111,PROD-0083,SUP-03,WH-03,2023-03-17,2023-04-30,2023-05-02,79,230.95,18245.05,2,False,10
SHP-006112,PROD-0083,SUP-03,WH-03,2023-04-06,2023-05-18,2023-05-18,271,230.95,62587.45,0,True,36
SHP-006113,PROD-0083,SUP-03,WH-03,2023-04-26,2023-06-10,2023-06-10,65,230.95,15011.75,0,True,8
SHP-006114,PROD-0083,SUP-03,WH-03,2023-05-16,2023-06-28,2023-07-04,110,230.95,25404.5,6,False,14
SHP-006115,PROD-0083,SUP-03,WH-03,2023-06-05,2023-07-19,2023-07-19,500,230.95,115475.0,0,True,67
SHP-006116,PROD-0083,SUP-03,WH-03,2023-06-25,2023-08-07,2023-08-15,252,230.95,58199.4,8,False,34
SHP-006117,PROD-0083,SUP-03,WH-03,2023-07-15,2023-08-28,2023-08-28,270,230.95,62356.5,0,True,36
SHP-006118,PROD-0083,SUP-03,WH-03,2023-08-04,2023-09-14,2023-09-14,174,230.95,40185.3,0,True,23
SHP-006119,PROD-0083,SUP-03,WH-03,2023-08-24,2023-10-08,2023-10-18,222,230.95,51270.9,10,False,30
SHP-006120,PROD-0083,SUP-03,WH-03,2023-09-13,2023-10-26,2023-10-26,353,230.95,81525.35,0,True,47
SHP-006121,PROD-0083,SUP-03,WH-03,2023-10-03,2023-11-16,2023-11-23,101,230.95,23325.95,7,False,13
SHP-006122,PROD-0083,SUP-03,WH-03,2023-10-23,2023-12-05,2023-12-05,427,230.95,98615.65,0,True,57
SHP-006123,PROD-0083,SUP-03,WH-03,2023-11-12,2023-12-20,2023-12-20,269,230.95,62125.55,0,True,36
SHP-006124,PROD-0083,SUP-03,WH-03,2023-12-02,2024-01-14,2024-01-22,456,230.95,105313.2,8,False,61
SHP-006125,PROD-0083,SUP-03,WH-03,2023-12-22,2024-02-03,2024-02-03,127,230.95,29330.65,0,True,17
SHP-006126,PROD-0083,SUP-03,WH-03,2024-01-11,2024-02-23,2024-02-23,140,230.95,32333.0,0,True,18
SHP-006127,PROD-0083,SUP-03,WH-03,2024-01-31,2024-03-16,2024-03-16,481,230.95,111086.95,0,True,65
SHP-006128,PROD-0083,SUP-03,WH-03,2024-02-20,2024-04-04,2024-04-04,473,230.95,109239.35,0,True,63
SHP-006129,PROD-0083,SUP-03,WH-03,2024-03-11,2024-04-24,2024-04-24,342,230.95,78984.9,0,True,46
SHP-006130,PROD-0083,SUP-03,WH-03,2024-03-31,2024-05-11,2024-05-11,208,230.95,48037.6,0,True,28
SHP-006131,PROD-0083,SUP-03,WH-03,2024-04-20,2024-06-02,2024-06-02,348,230.95,80370.6,0,True,47
SHP-006132,PROD-0083,SUP-03,WH-03,2024-05-10,2024-06-18,2024-06-20,364,230.95,84065.8,2,False,49
SHP-006133,PROD-0083,SUP-03,WH-03,2024-05-30,2024-07-12,2024-07-13,148,230.95,34180.6,1,False,20
SHP-006134,PROD-0083,SUP-03,WH-03,2024-06-19,2024-07-29,2024-07-29,250,230.95,57737.5,0,True,33
SHP-006135,PROD-0083,SUP-03,WH-03,2024-07-09,2024-08-20,2024-09-03,105,230.95,24249.75,14,False,14
SHP-006136,PROD-0083,SUP-03,WH-03,2024-07-29,2024-09-11,2024-09-11,365,230.95,84296.75,0,True,49
SHP-006137,PROD-0083,SUP-03,WH-03,2024-08-18,2024-10-04,2024-10-04,475,230.95,109701.25,0,True,64
SHP-006138,PROD-0083,SUP-03,WH-03,2024-09-07,2024-10-18,2024-10-18,83,230.95,19168.85,0,True,11
SHP-006139,PROD-0083,SUP-03,WH-03,2024-09-27,2024-11-09,2024-11-09,183,230.95,42263.85,0,True,24
SHP-006140,PROD-0083,SUP-03,WH-03,2024-10-17,2024-11-28,2024-11-28,408,230.95,94227.6,0,True,55
SHP-006141,PROD-0083,SUP-03,WH-03,2024-11-06,2024-12-18,2024-12-18,360,230.95,83142.0,0,True,48
SHP-006142,PROD-0083,SUP-03,WH-03,2024-11-26,2025-01-08,2025-01-08,66,230.95,15242.7,0,True,8
SHP-006143,PROD-0083,SUP-03,WH-03,2024-12-16,2025-01-28,2025-02-04,390,230.95,90070.5,7,False,52
SHP-006144,PROD-0084,SUP-04,WH-04,2022-01-01,2022-02-09,2022-02-09,281,475.27,133550.87,0,True,10
SHP-006145,PROD-0084,SUP-04,WH-04,2022-01-13,2022-02-11,2022-02-17,206,475.27,97905.62,6,False,7
SHP-006146,PROD-0084,SUP-04,WH-04,2022-01-25,2022-03-05,2022-03-05,467,475.27,221951.09,0,True,17
SHP-006147,PROD-0084,SUP-04,WH-04,2022-02-06,2022-03-21,2022-03-21,170,475.27,80795.9,0,True,6
SHP-006148,PROD-0084,SUP-04,WH-04,2022-02-18,2022-03-17,2022-03-30,208,475.27,98856.16,13,False,7
SHP-006149,PROD-0084,SUP-04,WH-04,2022-03-02,2022-04-04,2022-04-04,173,475.27,82221.71,0,True,6
SHP-006150,PROD-0084,SUP-04,WH-04,2022-03-14,2022-04-15,2022-04-15,129,475.27,61309.83,0,True,4
SHP-006151,PROD-0084,SUP-04,WH-04,2022-03-26,2022-05-02,2022-05-02,350,475.27,166344.5,0,True,12
SHP-006152,PROD-0084,SUP-04,WH-04,2022-04-07,2022-05-21,2022-05-21,279,475.27,132600.33,0,True,10
SHP-006153,PROD-0084,SUP-04,WH-04,2022-04-19,2022-05-26,2022-05-26,87,475.27,41348.49,0,True,3
SHP-006154,PROD-0084,SUP-04,WH-04,2022-05-01,2022-06-19,2022-06-19,402,475.27,191058.54,0,True,14
SHP-006155,PROD-0084,SUP-04,WH-04,2022-05-13,2022-06-23,2022-06-23,417,475.27,198187.59,0,True,15
SHP-006156,PROD-0084,SUP-04,WH-04,2022-05-25,2022-07-03,2022-07-03,112,475.27,53230.24,0,True,4
SHP-006157,PROD-0084,SUP-04,WH-04,2022-06-06,2022-07-15,2022-07-15,393,475.27,186781.11,0,True,14
SHP-006158,PROD-0084,SUP-04,WH-04,2022-06-18,2022-07-14,2022-07-14,204,475.27,96955.08,0,True,7
SHP-006159,PROD-0084,SUP-04,WH-04,2022-06-30,2022-08-07,2022-08-07,292,475.27,138778.84,0,True,10
SHP-006160,PROD-0084,SUP-04,WH-04,2022-07-12,2022-08-22,2022-08-22,130,475.27,61785.1,0,True,4
SHP-006161,PROD-0084,SUP-04,WH-04,2022-07-24,2022-09-14,2022-09-14,83,475.27,39447.41,0,True,3
SHP-006162,PROD-0084,SUP-04,WH-04,2022-08-05,2022-09-06,2022-09-06,486,475.27,230981.22,0,True,17
SHP-006163,PROD-0084,SUP-04,WH-04,2022-08-17,2022-10-03,2022-10-03,145,475.27,68914.15,0,True,5
SHP-006164,PROD-0084,SUP-04,WH-04,2022-08-29,2022-10-11,2022-10-11,387,475.27,183929.49,0,True,14
SHP-006165,PROD-0084,SUP-04,WH-04,2022-09-10,2022-10-14,2022-10-14,491,475.27,233357.57,0,True,17
SHP-006166,PROD-0084,SUP-04,WH-04,2022-09-22,2022-10-26,2022-10-26,467,475.27,221951.09,0,True,17
SHP-006167,PROD-0084,SUP-04,WH-04,2022-10-04,2022-11-21,2022-11-21,412,475.27,195811.24,0,True,15
SHP-006168,PROD-0084,SUP-04,WH-04,2022-10-16,2022-11-27,2022-11-27,434,475.27,206267.18,0,True,15
SHP-006169,PROD-0084,SUP-04,WH-04,2022-10-28,2022-12-12,2022-12-12,144,475.27,68438.88,0,True,5
SHP-006170,PROD-0084,SUP-04,WH-04,2022-11-09,2022-12-15,2022-12-15,134,475.27,63686.18,0,True,4
SHP-006171,PROD-0084,SUP-04,WH-04,2022-11-21,2022-12-23,2022-12-23,299,475.27,142105.73,0,True,10
SHP-006172,PROD-0084,SUP-04,WH-04,2022-12-03,2022-12-22,2022-12-22,121,475.27,57507.67,0,True,4
SHP-006173,PROD-0084,SUP-04,WH-04,2022-12-15,2023-01-14,2023-01-14,303,475.27,144006.81,0,True,11
SHP-006174,PROD-0084,SUP-04,WH-04,2022-12-27,2023-01-30,2023-01-30,419,475.27,199138.13,0,True,15
SHP-006175,PROD-0084,SUP-04,WH-04,2023-01-08,2023-02-21,2023-02-21,444,475.27,211019.88,0,True,16
SHP-006176,PROD-0084,SUP-04,WH-04,2023-01-20,2023-02-20,2023-02-20,414,475.27,196761.78,0,True,15
SHP-006177,PROD-0084,SUP-04,WH-04,2023-02-01,2023-02-28,2023-02-28,240,475.27,114064.8,0,True,8
SHP-006178,PROD-0084,SUP-04,WH-04,2023-02-13,2023-03-19,2023-03-19,297,475.27,141155.19,0,True,10
SHP-006179,PROD-0084,SUP-04,WH-04,2023-02-25,2023-04-01,2023-04-01,306,475.27,145432.62,0,True,11
SHP-006180,PROD-0084,SUP-04,WH-04,2023-03-09,2023-04-17,2023-04-17,220,475.27,104559.4,0,True,8
SHP-006181,PROD-0084,SUP-04,WH-04,2023-03-21,2023-05-16,2023-05-16,427,475.27,202940.29,0,True,15
SHP-006182,PROD-0084,SUP-04,WH-04,2023-04-02,2023-05-13,2023-05-13,321,475.27,152561.67,0,True,11
SHP-006183,PROD-0084,SUP-04,WH-04,2023-04-14,2023-05-24,2023-05-24,352,475.27,167295.04,0,True,12
SHP-006184,PROD-0084,SUP-04,WH-04,2023-04-26,2023-06-06,2023-06-06,150,475.27,71290.5,0,True,5
SHP-006185,PROD-0084,SUP-04,WH-04,2023-05-08,2023-07-01,2023-07-01,424,475.27,201514.48,0,True,15
SHP-006186,PROD-0084,SUP-04,WH-04,2023-05-20,2023-06-15,2023-06-15,418,475.27,198662.86,0,True,15
SHP-006187,PROD-0084,SUP-04,WH-04,2023-06-01,2023-07-18,2023-07-18,325,475.27,154462.75,0,True,11
SHP-006188,PROD-0084,SUP-04,WH-04,2023-06-13,2023-07-27,2023-07-27,195,475.27,92677.65,0,True,7
SHP-006189,PROD-0084,SUP-04,WH-04,2023-06-25,2023-07-23,2023-07-23,351,475.27,166819.77,0,True,12
SHP-006190,PROD-0084,SUP-04,WH-04,2023-07-07,2023-08-10,2023-08-21,82,475.27,38972.14,11,False,2
SHP-006191,PROD-0084,SUP-04,WH-04,2023-07-19,2023-08-20,2023-08-20,263,475.27,124996.01,0,True,9
SHP-006192,PROD-0084,SUP-04,WH-04,2023-07-31,2023-08-28,2023-08-28,361,475.27,171572.47,0,True,13
SHP-006193,PROD-0084,SUP-04,WH-04,2023-08-12,2023-09-16,2023-09-16,211,475.27,100281.97,0,True,7
SHP-006194,PROD-0084,SUP-04,WH-04,2023-08-24,2023-09-22,2023-09-22,280,475.27,133075.6,0,True,10
SHP-006195,PROD-0084,SUP-04,WH-04,2023-09-05,2023-10-17,2023-10-17,383,475.27,182028.41,0,True,13
SHP-006196,PROD-0084,SUP-04,WH-04,2023-09-17,2023-11-05,2023-11-05,167,475.27,79370.09,0,True,6
SHP-006197,PROD-0084,SUP-04,WH-04,2023-09-29,2023-11-01,2023-11-01,180,475.27,85548.6,0,True,6
SHP-006198,PROD-0084,SUP-04,WH-04,2023-10-11,2023-11-10,2023-11-10,321,475.27,152561.67,0,True,11
SHP-006199,PROD-0084,SUP-04,WH-04,2023-10-23,2023-12-09,2023-12-09,470,475.27,223376.9,0,True,17
SHP-006200,PROD-0084,SUP-04,WH-04,2023-11-04,2023-12-04,2023-12-04,51,475.27,24238.77,0,True,1
SHP-006201,PROD-0084,SUP-04,WH-04,2023-11-16,2023-12-13,2023-12-13,88,475.27,41823.76,0,True,3
SHP-006202,PROD-0084,SUP-04,WH-04,2023-11-28,2024-01-01,2024-01-01,324,475.27,153987.48,0,True,11
SHP-006203,PROD-0084,SUP-04,WH-04,2023-12-10,2024-01-23,2024-01-23,263,475.27,124996.01,0,True,9
SHP-006204,PROD-0084,SUP-04,WH-04,2023-12-22,2024-01-31,2024-01-31,425,475.27,201989.75,0,True,15
SHP-006205,PROD-0084,SUP-04,WH-04,2024-01-03,2024-02-18,2024-02-18,453,475.27,215297.31,0,True,16
SHP-006206,PROD-0084,SUP-04,WH-04,2024-01-15,2024-02-15,2024-02-15,389,475.27,184880.03,0,True,14
SHP-006207,PROD-0084,SUP-04,WH-04,2024-01-27,2024-03-12,2024-03-12,347,475.27,164918.69,0,True,12
SHP-006208,PROD-0084,SUP-04,WH-04,2024-02-08,2024-03-16,2024-03-16,332,475.27,157789.64,0,True,12
SHP-006209,PROD-0084,SUP-04,WH-04,2024-02-20,2024-03-16,2024-03-16,487,475.27,231456.49,0,True,17
SHP-006210,PROD-0084,SUP-04,WH-04,2024-03-03,2024-04-20,2024-04-20,249,475.27,118342.23,0,True,9
SHP-006211,PROD-0084,SUP-04,WH-04,2024-03-15,2024-04-23,2024-04-23,140,475.27,66537.8,0,True,5
SHP-006212,PROD-0084,SUP-04,WH-04,2024-03-27,2024-05-15,2024-05-15,57,475.27,27090.39,0,True,2
SHP-006213,PROD-0084,SUP-04,WH-04,2024-04-08,2024-05-25,2024-05-25,218,475.27,103608.86,0,True,7
SHP-006214,PROD-0084,SUP-04,WH-04,2024-04-20,2024-06-05,2024-06-05,295,475.27,140204.65,0,True,10
SHP-006215,PROD-0084,SUP-04,WH-04,2024-05-02,2024-06-27,2024-06-27,433,475.27,205791.91,0,True,15
SHP-006216,PROD-0084,SUP-04,WH-04,2024-05-14,2024-06-14,2024-06-14,386,475.27,183454.22,0,True,14
SHP-006217,PROD-0084,SUP-04,WH-04,2024-05-26,2024-07-18,2024-07-18,262,475.27,124520.74,0,True,9
SHP-006218,PROD-0084,SUP-04,WH-04,2024-06-07,2024-07-14,2024-07-14,154,475.27,73191.58,0,True,5
SHP-006219,PROD-0084,SUP-04,WH-04,2024-06-19,2024-08-03,2024-08-03,99,475.27,47051.73,0,True,3
SHP-006220,PROD-0084,SUP-04,WH-04,2024-07-01,2024-08-09,2024-08-22,208,475.27,98856.16,13,False,7
SHP-006221,PROD-0084,SUP-04,WH-04,2024-07-13,2024-08-27,2024-08-27,377,475.27,179176.79,0,True,13
SHP-006222,PROD-0084,SUP-04,WH-04,2024-07-25,2024-09-01,2024-09-01,129,475.27,61309.83,0,True,4
SHP-006223,PROD-0084,SUP-04,WH-04,2024-08-06,2024-09-25,2024-09-25,51,475.27,24238.77,0,True,1
SHP-006224,PROD-0084,SUP-04,WH-04,2024-08-18,2024-10-01,2024-10-01,444,475.27,211019.88,0,True,16
SHP-006225,PROD-0084,SUP-04,WH-04,2024-08-30,2024-09-30,2024-09-30,188,475.27,89350.76,0,True,6
SHP-006226,PROD-0084,SUP-04,WH-04,2024-09-11,2024-10-23,2024-10-23,281,475.27,133550.87,0,True,10
SHP-006227,PROD-0084,SUP-04,WH-04,2024-09-23,2024-11-05,2024-11-05,442,475.27,210069.34,0,True,16
SHP-006228,PROD-0084,SUP-04,WH-04,2024-10-05,2024-11-18,2024-11-18,288,475.27,136877.76,0,True,10
SHP-006229,PROD-0084,SUP-04,WH-04,2024-10-17,2024-11-18,2024-11-18,392,475.27,186305.84,0,True,14
SHP-006230,PROD-0084,SUP-04,WH-04,2024-10-29,2024-12-05,2024-12-05,92,475.27,43724.84,0,True,3
SHP-006231,PROD-0084,SUP-04,WH-04,2024-11-10,2024-12-21,2024-12-21,230,475.27,109312.1,0,True,8
SHP-006232,PROD-0084,SUP-04,WH-04,2024-11-22,2024-12-29,2024-12-29,146,475.27,69389.42,0,True,5
SHP-006233,PROD-0084,SUP-04,WH-04,2024-12-04,2025-01-26,2025-02-04,421,475.27,200088.67,9,False,15
SHP-006234,PROD-0084,SUP-04,WH-04,2024-12-16,2025-01-23,2025-01-23,367,475.27,174424.09,0,True,13
SHP-006235,PROD-0084,SUP-04,WH-04,2024-12-28,2025-01-29,2025-02-11,442,475.27,210069.34,13,False,16
SHP-006236,PROD-0085,SUP-05,WH-05,2022-01-01,2022-01-26,2022-01-26,225,225.73,50789.25,0,True,31
SHP-006237,PROD-0085,SUP-05,WH-05,2022-01-12,2022-02-05,2022-02-05,403,225.73,90969.19,0,True,56
SHP-006238,PROD-0085,SUP-05,WH-05,2022-01-23,2022-02-18,2022-02-18,437,225.73,98644.01,0,True,61
SHP-006239,PROD-0085,SUP-05,WH-05,2022-02-03,2022-02-28,2022-02-28,224,225.73,50563.52,0,True,31
SHP-006240,PROD-0085,SUP-05,WH-05,2022-02-14,2022-03-11,2022-03-11,437,225.73,98644.01,0,True,61
SHP-006241,PROD-0085,SUP-05,WH-05,2022-02-25,2022-03-23,2022-03-23,312,225.73,70427.76,0,True,43
SHP-006242,PROD-0085,SUP-05,WH-05,2022-03-08,2022-04-01,2022-04-14,158,225.73,35665.34,13,False,22
SHP-006243,PROD-0085,SUP-05,WH-05,2022-03-19,2022-04-13,2022-04-13,376,225.73,84874.48,0,True,52
SHP-006244,PROD-0085,SUP-05,WH-05,2022-03-30,2022-04-26,2022-05-04,432,225.73,97515.36,8,False,60
SHP-006245,PROD-0085,SUP-05,WH-05,2022-04-10,2022-05-04,2022-05-04,431,225.73,97289.63,0,True,60
SHP-006246,PROD-0085,SUP-05,WH-05,2022-04-21,2022-05-16,2022-05-20,449,225.73,101352.77,4,False,62
SHP-006247,PROD-0085,SUP-05,WH-05,2022-05-02,2022-05-29,2022-05-29,284,225.73,64107.32,0,True,39
SHP-006248,PROD-0085,SUP-05,WH-05,2022-05-13,2022-06-09,2022-06-09,238,225.73,53723.74,0,True,33
SHP-006249,PROD-0085,SUP-05,WH-05,2022-05-24,2022-06-18,2022-06-22,68,225.73,15349.64,4,False,9
SHP-006250,PROD-0085,SUP-05,WH-05,2022-06-04,2022-06-29,2022-06-29,342,225.73,77199.66,0,True,47
SHP-006251,PROD-0085,SUP-05,WH-05,2022-06-15,2022-07-11,2022-07-11,390,225.73,88034.7,0,True,54
SHP-006252,PROD-0085,SUP-05,WH-05,2022-06-26,2022-07-21,2022-07-21,262,225.73,59141.26,0,True,36
SHP-006253,PROD-0085,SUP-05,WH-05,2022-07-07,2022-08-03,2022-08-15,211,225.73,47629.03,12,False,29
SHP-006254,PROD-0085,SUP-05,WH-05,2022-07-18,2022-08-13,2022-08-13,118,225.73,26636.14,0,True,16
SHP-006255,PROD-0085,SUP-05,WH-05,2022-07-29,2022-08-22,2022-08-22,316,225.73,71330.68,0,True,44
SHP-006256,PROD-0085,SUP-05,WH-05,2022-08-09,2022-09-02,2022-09-11,353,225.73,79682.69,9,False,49
SHP-006257,PROD-0085,SUP-05,WH-05,2022-08-20,2022-09-13,2022-09-13,333,225.73,75168.09,0,True,46
SHP-006258,PROD-0085,SUP-05,WH-05,2022-08-31,2022-09-25,2022-10-04,224,225.73,50563.52,9,False,31
SHP-006259,PROD-0085,SUP-05,WH-05,2022-09-11,2022-10-06,2022-10-06,66,225.73,14898.18,0,True,9
SHP-006260,PROD-0085,SUP-05,WH-05,2022-09-22,2022-10-18,2022-10-31,212,225.73,47854.76,13,False,29
SHP-006261,PROD-0085,SUP-05,WH-05,2022-10-03,2022-10-27,2022-10-27,470,225.73,106093.1,0,True,65
SHP-006262,PROD-0085,SUP-05,WH-05,2022-10-14,2022-11-07,2022-11-07,489,225.73,110381.97,0,True,68
SHP-006263,PROD-0085,SUP-05,WH-05,2022-10-25,2022-11-18,2022-11-18,203,225.73,45823.19,0,True,28
SHP-006264,PROD-0085,SUP-05,WH-05,2022-11-05,2022-11-30,2022-12-11,120,225.73,27087.6,11,False,16
SHP-006265,PROD-0085,SUP-05,WH-05,2022-11-16,2022-12-12,2022-12-12,244,225.73,55078.12,0,True,34
SHP-006266,PROD-0085,SUP-05,WH-05,2022-11-27,2022-12-21,2022-12-21,485,225.73,109479.05,0,True,67
SHP-006267,PROD-0085,SUP-05,WH-05,2022-12-08,2023-01-03,2023-01-10,321,225.73,72459.33,7,False,44
SHP-006268,PROD-0085,SUP-05,WH-05,2022-12-19,2023-01-13,2023-01-13,207,225.73,46726.11,0,True,28
SHP-006269,PROD-0085,SUP-05,WH-05,2022-12-30,2023-01-24,2023-01-24,61,225.73,13769.53,0,True,8
SHP-006270,PROD-0085,SUP-05,WH-05,2023-01-10,2023-02-04,2023-02-05,217,225.73,48983.41,1,False,30
SHP-006271,PROD-0085,SUP-05,WH-05,2023-01-21,2023-02-15,2023-02-15,495,225.73,111736.35,0,True,69
SHP-006272,PROD-0085,SUP-05,WH-05,2023-02-01,2023-02-28,2023-03-03,358,225.73,80811.34,3,False,50
SHP-006273,PROD-0085,SUP-05,WH-05,2023-02-12,2023-03-10,2023-03-20,235,225.73,53046.55,10,False,32
SHP-006274,PROD-0085,SUP-05,WH-05,2023-02-23,2023-03-19,2023-03-19,185,225.73,41760.05,0,True,25
SHP-006275,PROD-0085,SUP-05,WH-05,2023-03-06,2023-04-02,2023-04-02,113,225.73,25507.49,0,True,15
SHP-006276,PROD-0085,SUP-05,WH-05,2023-03-17,2023-04-13,2023-04-13,348,225.73,78554.04,0,True,48
SHP-006277,PROD-0085,SUP-05,WH-05,2023-03-28,2023-04-21,2023-04-21,75,225.73,16929.75,0,True,10
SHP-006278,PROD-0085,SUP-05,WH-05,2023-04-08,2023-05-02,2023-05-02,439,225.73,99095.47,0,True,61
SHP-006279,PROD-0085,SUP-05,WH-05,2023-04-19,2023-05-14,2023-05-23,489,225.73,110381.97,9,False,68
SHP-006280,PROD-0085,SUP-05,WH-05,2023-04-30,2023-05-24,2023-05-26,331,225.73,74716.63,2,False,46
SHP-006281,PROD-0085,SUP-05,WH-05,2023-05-11,2023-06-06,2023-06-16,329,225.73,74265.17,10,False,46
SHP-006282,PROD-0085,SUP-05,WH-05,2023-05-22,2023-06-17,2023-06-22,386,225.73,87131.78,5,False,54
SHP-006283,PROD-0085,SUP-05,WH-05,2023-06-02,2023-06-28,2023-06-28,256,225.73,57786.88,0,True,35
SHP-006284,PROD-0085,SUP-05,WH-05,2023-06-13,2023-07-08,2023-07-21,209,225.73,47177.57,13,False,29
SHP-006285,PROD-0085,SUP-05,WH-05,2023-06-24,2023-07-20,2023-07-20,220,225.73,49660.6,0,True,30
SHP-006286,PROD-0085,SUP-05,WH-05,2023-07-05,2023-07-30,2023-08-04,120,225.73,27087.6,5,False,16
SHP-006287,PROD-0085,SUP-05,WH-05,2023-07-16,2023-08-10,2023-08-10,351,225.73,79231.23,0,True,49
SHP-006288,PROD-0085,SUP-05,WH-05,2023-07-27,2023-08-21,2023-08-21,294,225.73,66364.62,0,True,41
SHP-006289,PROD-0085,SUP-05,WH-05,2023-08-07,2023-09-02,2023-09-02,234,225.73,52820.82,0,True,32
SHP-006290,PROD-0085,SUP-05,WH-05,2023-08-18,2023-09-13,2023-09-13,185,225.73,41760.05,0,True,25
SHP-006291,PROD-0085,SUP-05,WH-05,2023-08-29,2023-09-22,2023-09-22,337,225.73,76071.01,0,True,47
SHP-006292,PROD-0085,SUP-05,WH-05,2023-09-09,2023-10-04,2023-10-04,221,225.73,49886.33,0,True,30
SHP-006293,PROD-0085,SUP-05,WH-05,2023-09-20,2023-10-16,2023-10-16,341,225.73,76973.93,0,True,47
SHP-006294,PROD-0085,SUP-05,WH-05,2023-10-01,2023-10-26,2023-11-07,372,225.73,83971.56,12,False,52
SHP-006295,PROD-0085,SUP-05,WH-05,2023-10-12,2023-11-05,2023-11-05,161,225.73,36342.53,0,True,22
SHP-006296,PROD-0085,SUP-05,WH-05,2023-10-23,2023-11-17,2023-11-17,136,225.73,30699.28,0,True,19
SHP-006297,PROD-0085,SUP-05,WH-05,2023-11-03,2023-11-28,2023-12-10,492,225.73,111059.16,12,False,68
SHP-006298,PROD-0085,SUP-05,WH-05,2023-11-14,2023-12-09,2023-12-09,258,225.73,58238.34,0,True,36
SHP-006299,PROD-0085,SUP-05,WH-05,2023-11-25,2023-12-21,2023-12-21,498,225.73,112413.54,0,True,69
SHP-006300,PROD-0085,SUP-05,WH-05,2023-12-06,2024-01-01,2024-01-01,423,225.73,95483.79,0,True,59
SHP-006301,PROD-0085,SUP-05,WH-05,2023-12-17,2024-01-12,2024-01-25,302,225.73,68170.46,13,False,42
SHP-006302,PROD-0085,SUP-05,WH-05,2023-12-28,2024-01-21,2024-01-21,270,225.73,60947.1,0,True,37
SHP-006303,PROD-0085,SUP-05,WH-05,2024-01-08,2024-02-02,2024-02-02,248,225.73,55981.04,0,True,34
SHP-006304,PROD-0085,SUP-05,WH-05,2024-01-19,2024-02-15,2024-02-19,199,225.73,44920.27,4,False,27
SHP-006305,PROD-0085,SUP-05,WH-05,2024-01-30,2024-02-26,2024-02-26,352,225.73,79456.96,0,True,49
SHP-006306,PROD-0085,SUP-05,WH-05,2024-02-10,2024-03-07,2024-03-14,197,225.73,44468.81,7,False,27
SHP-006307,PROD-0085,SUP-05,WH-05,2024-02-21,2024-03-17,2024-03-17,488,225.73,110156.24,0,True,68
SHP-006308,PROD-0085,SUP-05,WH-05,2024-03-03,2024-03-29,2024-03-29,180,225.73,40631.4,0,True,25
SHP-006309,PROD-0085,SUP-05,WH-05,2024-03-14,2024-04-10,2024-04-10,50,225.73,11286.5,0,True,7
SHP-006310,PROD-0085,SUP-05,WH-05,2024-03-25,2024-04-22,2024-04-22,147,225.73,33182.31,0,True,20
SHP-006311,PROD-0085,SUP-05,WH-05,2024-04-05,2024-04-29,2024-04-29,115,225.73,25958.95,0,True,16
SHP-006312,PROD-0085,SUP-05,WH-05,2024-04-16,2024-05-14,2024-05-14,378,225.73,85325.94,0,True,52
SHP-006313,PROD-0085,SUP-05,WH-05,2024-04-27,2024-05-21,2024-05-21,393,225.73,88711.89,0,True,55
SHP-006314,PROD-0085,SUP-05,WH-05,2024-05-08,2024-06-04,2024-06-04,70,225.73,15801.1,0,True,9
SHP-006315,PROD-0085,SUP-05,WH-05,2024-05-19,2024-06-13,2024-06-17,431,225.73,97289.63,4,False,60
SHP-006316,PROD-0085,SUP-05,WH-05,2024-05-30,2024-06-25,2024-06-26,400,225.73,90292.0,1,False,56
SHP-006317,PROD-0085,SUP-05,WH-05,2024-06-10,2024-07-04,2024-07-04,161,225.73,36342.53,0,True,22
SHP-006318,PROD-0085,SUP-05,WH-05,2024-06-21,2024-07-18,2024-07-23,344,225.73,77651.12,5,False,48
SHP-006319,PROD-0085,SUP-05,WH-05,2024-07-02,2024-07-27,2024-07-27,417,225.73,94129.41,0,True,58
SHP-006320,PROD-0085,SUP-05,WH-05,2024-07-13,2024-08-07,2024-08-09,57,225.73,12866.61,2,False,7
SHP-006321,PROD-0085,SUP-05,WH-05,2024-07-24,2024-08-20,2024-08-20,155,225.73,34988.15,0,True,21
SHP-006322,PROD-0085,SUP-05,WH-05,2024-08-04,2024-08-28,2024-08-28,420,225.73,94806.6,0,True,58
SHP-006323,PROD-0085,SUP-05,WH-05,2024-08-15,2024-09-09,2024-09-20,494,225.73,111510.62,11,False,69
SHP-006324,PROD-0085,SUP-05,WH-05,2024-08-26,2024-09-22,2024-09-22,260,225.73,58689.8,0,True,36
SHP-006325,PROD-0085,SUP-05,WH-05,2024-09-06,2024-10-02,2024-10-02,398,225.73,89840.54,0,True,55
SHP-006326,PROD-0085,SUP-05,WH-05,2024-09-17,2024-10-13,2024-10-13,153,225.73,34536.69,0,True,21
SHP-006327,PROD-0085,SUP-05,WH-05,2024-09-28,2024-10-23,2024-10-23,155,225.73,34988.15,0,True,21
SHP-006328,PROD-0085,SUP-05,WH-05,2024-10-09,2024-11-02,2024-11-02,495,225.73,111736.35,0,True,69
SHP-006329,PROD-0085,SUP-05,WH-05,2024-10-20,2024-11-14,2024-11-25,389,225.73,87808.97,11,False,54
SHP-006330,PROD-0085,SUP-05,WH-05,2024-10-31,2024-11-25,2024-11-25,190,225.73,42888.7,0,True,26
SHP-006331,PROD-0085,SUP-05,WH-05,2024-11-11,2024-12-06,2024-12-06,51,225.73,11512.23,0,True,7
SHP-006332,PROD-0085,SUP-05,WH-05,2024-11-22,2024-12-17,2024-12-17,81,225.73,18284.13,0,True,11
SHP-006333,PROD-0085,SUP-05,WH-05,2024-12-03,2024-12-29,2025-01-11,80,225.73,18058.4,13,False,11
SHP-006334,PROD-0085,SUP-05,WH-05,2024-12-14,2025-01-08,2025-01-08,198,225.73,44694.54,0,True,27
SHP-006335,PROD-0085,SUP-05,WH-05,2024-12-25,2025-01-20,2025-01-20,197,225.73,44468.81,0,True,27
SHP-006336,PROD-0086,SUP-06,WH-01,2022-01-01,2022-02-09,2022-02-09,268,320.64,85931.52,0,True,8
SHP-006337,PROD-0086,SUP-06,WH-01,2022-01-13,2022-02-16,2022-02-16,452,320.64,144929.28,0,True,13
SHP-006338,PROD-0086,SUP-06,WH-01,2022-01-25,2022-03-06,2022-03-06,350,320.64,112224.0,0,True,10
SHP-006339,PROD-0086,SUP-06,WH-01,2022-02-06,2022-03-15,2022-03-15,379,320.64,121522.56,0,True,11
SHP-006340,PROD-0086,SUP-06,WH-01,2022-02-18,2022-03-27,2022-03-27,402,320.64,128897.28,0,True,12
SHP-006341,PROD-0086,SUP-06,WH-01,2022-03-02,2022-03-30,2022-03-30,294,320.64,94268.16,0,True,9
SHP-006342,PROD-0086,SUP-06,WH-01,2022-03-14,2022-04-20,2022-04-20,295,320.64,94588.8,0,True,9
SHP-006343,PROD-0086,SUP-06,WH-01,2022-03-26,2022-04-27,2022-04-27,118,320.64,37835.52,0,True,3
SHP-006344,PROD-0086,SUP-06,WH-01,2022-04-07,2022-05-17,2022-05-17,380,320.64,121843.2,0,True,11
SHP-006345,PROD-0086,SUP-06,WH-01,2022-04-19,2022-05-30,2022-05-30,332,320.64,106452.48,0,True,10
SHP-006346,PROD-0086,SUP-06,WH-01,2022-05-01,2022-06-07,2022-06-07,124,320.64,39759.36,0,True,3
SHP-006347,PROD-0086,SUP-06,WH-01,2022-05-13,2022-06-15,2022-06-15,239,320.64,76632.96,0,True,7
SHP-006348,PROD-0086,SUP-06,WH-01,2022-05-25,2022-06-28,2022-06-28,100,320.64,32064.0,0,True,3
SHP-006349,PROD-0086,SUP-06,WH-01,2022-06-06,2022-07-09,2022-07-09,314,320.64,100680.96,0,True,9
SHP-006350,PROD-0086,SUP-06,WH-01,2022-06-18,2022-07-15,2022-07-15,256,320.64,82083.84,0,True,7
SHP-006351,PROD-0086,SUP-06,WH-01,2022-06-30,2022-07-26,2022-07-26,104,320.64,33346.56,0,True,3
SHP-006352,PROD-0086,SUP-06,WH-01,2022-07-12,2022-08-16,2022-08-16,179,320.64,57394.56,0,True,5
SHP-006353,PROD-0086,SUP-06,WH-01,2022-07-24,2022-08-20,2022-08-20,392,320.64,125690.88,0,True,12
SHP-006354,PROD-0086,SUP-06,WH-01,2022-08-05,2022-09-07,2022-09-07,344,320.64,110300.16,0,True,10
SHP-006355,PROD-0086,SUP-06,WH-01,2022-08-17,2022-09-15,2022-09-15,143,320.64,45851.52,0,True,4
SHP-006356,PROD-0086,SUP-06,WH-01,2022-08-29,2022-09-24,2022-09-24,320,320.64,102604.8,0,True,9
SHP-006357,PROD-0086,SUP-06,WH-01,2022-09-10,2022-10-07,2022-10-07,60,320.64,19238.4,0,True,1
SHP-006358,PROD-0086,SUP-06,WH-01,2022-09-22,2022-11-06,2022-11-06,444,320.64,142364.16,0,True,13
SHP-006359,PROD-0086,SUP-06,WH-01,2022-10-04,2022-10-31,2022-10-31,224,320.64,71823.36,0,True,6
SHP-006360,PROD-0086,SUP-06,WH-01,2022-10-16,2022-11-13,2022-11-13,145,320.64,46492.8,0,True,4
SHP-006361,PROD-0086,SUP-06,WH-01,2022-10-28,2022-11-23,2022-11-23,419,320.64,134348.16,0,True,12
SHP-006362,PROD-0086,SUP-06,WH-01,2022-11-09,2022-12-12,2022-12-12,406,320.64,130179.84,0,True,12
SHP-006363,PROD-0086,SUP-06,WH-01,2022-11-21,2022-12-21,2022-12-21,152,320.64,48737.28,0,True,4
SHP-006364,PROD-0086,SUP-06,WH-01,2022-12-03,2022-12-24,2022-12-24,481,320.64,154227.84,0,True,14
SHP-006365,PROD-0086,SUP-06,WH-01,2022-12-15,2023-01-25,2023-01-25,232,320.64,74388.48,0,True,7
SHP-006366,PROD-0086,SUP-06,WH-01,2022-12-27,2023-01-14,2023-01-14,369,320.64,118316.16,0,True,11
SHP-006367,PROD-0086,SUP-06,WH-01,2023-01-08,2023-02-03,2023-02-03,216,320.64,69258.24,0,True,6
SHP-006368,PROD-0086,SUP-06,WH-01,2023-01-20,2023-02-19,2023-02-19,232,320.64,74388.48,0,True,7
SHP-006369,PROD-0086,SUP-06,WH-01,2023-02-01,2023-03-09,2023-03-09,322,320.64,103246.08,0,True,9
SHP-006370,PROD-0086,SUP-06,WH-01,2023-02-13,2023-03-13,2023-03-13,270,320.64,86572.8,0,True,8
SHP-006371,PROD-0086,SUP-06,WH-01,2023-02-25,2023-03-24,2023-03-24,89,320.64,28536.96,0,True,2
SHP-006372,PROD-0086,SUP-06,WH-01,2023-03-09,2023-04-10,2023-04-10,120,320.64,38476.8,0,True,3
SHP-006373,PROD-0086,SUP-06,WH-01,2023-03-21,2023-04-19,2023-04-19,72,320.64,23086.08,0,True,2
SHP-006374,PROD-0086,SUP-06,WH-01,2023-04-02,2023-04-25,2023-04-25,323,320.64,103566.72,0,True,9
SHP-006375,PROD-0086,SUP-06,WH-01,2023-04-14,2023-05-23,2023-05-23,398,320.64,127614.72,0,True,12
SHP-006376,PROD-0086,SUP-06,WH-01,2023-04-26,2023-05-31,2023-05-31,119,320.64,38156.16,0,True,3
SHP-006377,PROD-0086,SUP-06,WH-01,2023-05-08,2023-06-14,2023-06-14,161,320.64,51623.04,0,True,4
SHP-006378,PROD-0086,SUP-06,WH-01,2023-05-20,2023-06-22,2023-06-22,181,320.64,58035.84,0,True,5
SHP-006379,PROD-0086,SUP-06,WH-01,2023-06-01,2023-07-02,2023-07-02,259,320.64,83045.76,0,True,7
SHP-006380,PROD-0086,SUP-06,WH-01,2023-06-13,2023-07-23,2023-07-25,379,320.64,121522.56,2,False,11
SHP-006381,PROD-0086,SUP-06,WH-01,2023-06-25,2023-07-22,2023-07-22,157,320.64,50340.48,0,True,4
SHP-006382,PROD-0086,SUP-06,WH-01,2023-07-07,2023-08-11,2023-08-11,171,320.64,54829.44,0,True,5
SHP-006383,PROD-0086,SUP-06,WH-01,2023-07-19,2023-08-21,2023-08-21,462,320.64,148135.68,0,True,14
SHP-006384,PROD-0086,SUP-06,WH-01,2023-07-31,2023-09-01,2023-09-01,324,320.64,103887.36,0,True,9
SHP-006385,PROD-0086,SUP-06,WH-01,2023-08-12,2023-09-04,2023-09-04,439,320.64,140760.96,0,True,13
SHP-006386,PROD-0086,SUP-06,WH-01,2023-08-24,2023-09-19,2023-09-19,402,320.64,128897.28,0,True,12
SHP-006387,PROD-0086,SUP-06,WH-01,2023-09-05,2023-10-18,2023-10-18,386,320.64,123767.04,0,True,11
SHP-006388,PROD-0086,SUP-06,WH-01,2023-09-17,2023-10-22,2023-10-22,53,320.64,16993.92,0,True,1
SHP-006389,PROD-0086,SUP-06,WH-01,2023-09-29,2023-10-23,2023-10-23,160,320.64,51302.4,0,True,4
SHP-006390,PROD-0086,SUP-06,WH-01,2023-10-11,2023-11-01,2023-11-01,219,320.64,70220.16,0,True,6
SHP-006391,PROD-0086,SUP-06,WH-01,2023-10-23,2023-11-17,2023-11-17,348,320.64,111582.72,0,True,10
SHP-006392,PROD-0086,SUP-06,WH-01,2023-11-04,2023-11-30,2023-11-30,192,320.64,61562.88,0,True,5
SHP-006393,PROD-0086,SUP-06,WH-01,2023-11-16,2023-12-21,2023-12-21,228,320.64,73105.92,0,True,7
SHP-006394,PROD-0086,SUP-06,WH-01,2023-11-28,2023-12-18,2023-12-18,334,320.64,107093.76,0,True,10
SHP-006395,PROD-0086,SUP-06,WH-01,2023-12-10,2024-01-20,2024-01-20,428,320.64,137233.92,0,True,13
SHP-006396,PROD-0086,SUP-06,WH-01,2023-12-22,2024-01-25,2024-01-27,342,320.64,109658.88,2,False,10
SHP-006397,PROD-0086,SUP-06,WH-01,2024-01-03,2024-02-11,2024-02-11,148,320.64,47454.72,0,True,4
SHP-006398,PROD-0086,SUP-06,WH-01,2024-01-15,2024-02-16,2024-02-16,169,320.64,54188.16,0,True,5
SHP-006399,PROD-0086,SUP-06,WH-01,2024-01-27,2024-02-26,2024-02-26,141,320.64,45210.24,0,True,4
SHP-006400,PROD-0086,SUP-06,WH-01,2024-02-08,2024-03-07,2024-03-07,151,320.64,48416.64,0,True,4
SHP-006401,PROD-0086,SUP-06,WH-01,2024-02-20,2024-03-20,2024-03-20,81,320.64,25971.84,0,True,2
SHP-006402,PROD-0086,SUP-06,WH-01,2024-03-03,2024-04-05,2024-04-05,366,320.64,117354.24,0,True,11
SHP-006403,PROD-0086,SUP-06,WH-01,2024-03-15,2024-04-17,2024-04-17,421,320.64,134989.44,0,True,12
SHP-006404,PROD-0086,SUP-06,WH-01,2024-03-27,2024-04-20,2024-04-20,371,320.64,118957.44,0,True,11
SHP-006405,PROD-0086,SUP-06,WH-01,2024-04-08,2024-04-25,2024-04-25,203,320.64,65089.92,0,True,6
SHP-006406,PROD-0086,SUP-06,WH-01,2024-04-20,2024-05-20,2024-05-20,128,320.64,41041.92,0,True,3
SHP-006407,PROD-0086,SUP-06,WH-01,2024-05-02,2024-06-11,2024-06-11,131,320.64,42003.84,0,True,4
SHP-006408,PROD-0086,SUP-06,WH-01,2024-05-14,2024-06-12,2024-06-12,137,320.64,43927.68,0,True,4
SHP-006409,PROD-0086,SUP-06,WH-01,2024-05-26,2024-06-09,2024-06-09,139,320.64,44568.96,0,True,4
SHP-006410,PROD-0086,SUP-06,WH-01,2024-06-07,2024-07-11,2024-07-11,265,320.64,84969.6,0,True,8
SHP-006411,PROD-0086,SUP-06,WH-01,2024-06-19,2024-07-19,2024-07-19,130,320.64,41683.2,0,True,4
SHP-006412,PROD-0086,SUP-06,WH-01,2024-07-01,2024-07-27,2024-07-27,262,320.64,84007.68,0,True,8
SHP-006413,PROD-0086,SUP-06,WH-01,2024-07-13,2024-08-01,2024-08-01,408,320.64,130821.12,0,True,12
SHP-006414,PROD-0086,SUP-06,WH-01,2024-07-25,2024-08-28,2024-08-28,415,320.64,133065.6,0,True,12
SHP-006415,PROD-0086,SUP-06,WH-01,2024-08-06,2024-09-11,2024-09-11,396,320.64,126973.44,0,True,12
SHP-006416,PROD-0086,SUP-06,WH-01,2024-08-18,2024-09-17,2024-09-26,352,320.64,112865.28,9,False,10
SHP-006417,PROD-0086,SUP-06,WH-01,2024-08-30,2024-09-24,2024-10-04,281,320.64,90099.84,10,False,8
SHP-006418,PROD-0086,SUP-06,WH-01,2024-09-11,2024-09-29,2024-09-29,354,320.64,113506.56,0,True,10
SHP-006419,PROD-0086,SUP-06,WH-01,2024-09-23,2024-11-09,2024-11-09,160,320.64,51302.4,0,True,4
SHP-006420,PROD-0086,SUP-06,WH-01,2024-10-05,2024-11-05,2024-11-05,362,320.64,116071.68,0,True,11
SHP-006421,PROD-0086,SUP-06,WH-01,2024-10-17,2024-11-21,2024-11-21,192,320.64,61562.88,0,True,5
SHP-006422,PROD-0086,SUP-06,WH-01,2024-10-29,2024-11-28,2024-11-28,159,320.64,50981.76,0,True,4
SHP-006423,PROD-0086,SUP-06,WH-01,2024-11-10,2024-12-11,2024-12-11,477,320.64,152945.28,0,True,14
SHP-006424,PROD-0086,SUP-06,WH-01,2024-11-22,2024-12-22,2024-12-22,201,320.64,64448.64,0,True,6
SHP-006425,PROD-0086,SUP-06,WH-01,2024-12-04,2025-01-07,2025-01-07,288,320.64,92344.32,0,True,8
SHP-006426,PROD-0086,SUP-06,WH-01,2024-12-16,2025-01-21,2025-01-21,109,320.64,34949.76,0,True,3
SHP-006427,PROD-0086,SUP-06,WH-01,2024-12-28,2025-02-01,2025-02-01,77,320.64,24689.28,0,True,2
SHP-006428,PROD-0087,SUP-07,WH-02,2022-01-01,2022-01-26,2022-01-26,488,43.35,21154.8,0,True,23
SHP-006429,PROD-0087,SUP-07,WH-02,2022-01-14,2022-02-01,2022-02-01,252,43.35,10924.2,0,True,11
SHP-006430,PROD-0087,SUP-07,WH-02,2022-01-27,2022-02-11,2022-02-11,427,43.35,18510.45,0,True,20
SHP-006431,PROD-0087,SUP-07,WH-02,2022-02-09,2022-02-25,2022-02-25,315,43.35,13655.25,0,True,14
SHP-006432,PROD-0087,SUP-07,WH-02,2022-02-22,2022-03-08,2022-03-08,168,43.35,7282.8,0,True,7
SHP-006433,PROD-0087,SUP-07,WH-02,2022-03-07,2022-03-30,2022-03-30,75,43.35,3251.25,0,True,3
SHP-006434,PROD-0087,SUP-07,WH-02,2022-03-20,2022-03-21,2022-03-21,328,43.35,14218.8,0,True,15
SHP-006435,PROD-0087,SUP-07,WH-02,2022-04-02,2022-04-21,2022-04-21,332,43.35,14392.2,0,True,15
SHP-006436,PROD-0087,SUP-07,WH-02,2022-04-15,2022-04-29,2022-04-29,325,43.35,14088.75,0,True,15
SHP-006437,PROD-0087,SUP-07,WH-02,2022-04-28,2022-05-13,2022-05-13,220,43.35,9537.0,0,True,10
SHP-006438,PROD-0087,SUP-07,WH-02,2022-05-11,2022-05-29,2022-05-29,141,43.35,6112.35,0,True,6
SHP-006439,PROD-0087,SUP-07,WH-02,2022-05-24,2022-06-11,2022-06-11,485,43.35,21024.75,0,True,22
SHP-006440,PROD-0087,SUP-07,WH-02,2022-06-06,2022-06-28,2022-06-28,461,43.35,19984.35,0,True,21
SHP-006441,PROD-0087,SUP-07,WH-02,2022-06-19,2022-07-04,2022-07-04,375,43.35,16256.25,0,True,17
SHP-006442,PROD-0087,SUP-07,WH-02,2022-07-02,2022-07-15,2022-07-15,369,43.35,15996.15,0,True,17
SHP-006443,PROD-0087,SUP-07,WH-02,2022-07-15,2022-07-27,2022-07-27,419,43.35,18163.65,0,True,19
SHP-006444,PROD-0087,SUP-07,WH-02,2022-07-28,2022-08-09,2022-08-09,427,43.35,18510.45,0,True,20
SHP-006445,PROD-0087,SUP-07,WH-02,2022-08-10,2022-08-17,2022-08-17,134,43.35,5808.9,0,True,6
SHP-006446,PROD-0087,SUP-07,WH-02,2022-08-23,2022-09-22,2022-09-22,483,43.35,20938.05,0,True,22
SHP-006447,PROD-0087,SUP-07,WH-02,2022-09-05,2022-09-17,2022-09-17,441,43.35,19117.35,0,True,20
SHP-006448,PROD-0087,SUP-07,WH-02,2022-09-18,2022-09-19,2022-09-19,446,43.35,19334.1,0,True,21
SHP-006449,PROD-0087,SUP-07,WH-02,2022-10-01,2022-10-15,2022-10-15,491,43.35,21284.85,0,True,23
SHP-006450,PROD-0087,SUP-07,WH-02,2022-10-14,2022-10-19,2022-10-19,92,43.35,3988.2,0,True,4
SHP-006451,PROD-0087,SUP-07,WH-02,2022-10-27,2022-11-11,2022-11-11,430,43.35,18640.5,0,True,20
SHP-006452,PROD-0087,SUP-07,WH-02,2022-11-09,2022-11-20,2022-11-20,91,43.35,3944.85,0,True,4
SHP-006453,PROD-0087,SUP-07,WH-02,2022-11-22,2022-12-04,2022-12-04,296,43.35,12831.6,0,True,14
SHP-006454,PROD-0087,SUP-07,WH-02,2022-12-05,2022-12-26,2022-12-26,451,43.35,19550.85,0,True,21
SHP-006455,PROD-0087,SUP-07,WH-02,2022-12-18,2023-01-05,2023-01-05,79,43.35,3424.65,0,True,3
SHP-006456,PROD-0087,SUP-07,WH-02,2022-12-31,2023-01-26,2023-01-26,359,43.35,15562.65,0,True,17
SHP-006457,PROD-0087,SUP-07,WH-02,2023-01-13,2023-02-13,2023-02-13,230,43.35,9970.5,0,True,10
SHP-006458,PROD-0087,SUP-07,WH-02,2023-01-26,2023-02-12,2023-02-12,108,43.35,4681.8,0,True,5
SHP-006459,PROD-0087,SUP-07,WH-02,2023-02-08,2023-02-22,2023-03-07,380,43.35,16473.0,13,False,18
SHP-006460,PROD-0087,SUP-07,WH-02,2023-02-21,2023-03-12,2023-03-12,183,43.35,7933.05,0,True,8
SHP-006461,PROD-0087,SUP-07,WH-02,2023-03-06,2023-03-14,2023-03-14,466,43.35,20201.1,0,True,22
SHP-006462,PROD-0087,SUP-07,WH-02,2023-03-19,2023-03-27,2023-03-27,345,43.35,14955.75,0,True,16
SHP-006463,PROD-0087,SUP-07,WH-02,2023-04-01,2023-04-11,2023-04-11,301,43.35,13048.35,0,True,14
SHP-006464,PROD-0087,SUP-07,WH-02,2023-04-14,2023-04-27,2023-05-06,89,43.35,3858.15,9,False,4
SHP-006465,PROD-0087,SUP-07,WH-02,2023-04-27,2023-05-07,2023-05-07,440,43.35,19074.0,0,True,20
SHP-006466,PROD-0087,SUP-07,WH-02,2023-05-10,2023-06-04,2023-06-04,453,43.35,19637.55,0,True,21
SHP-006467,PROD-0087,SUP-07,WH-02,2023-05-23,2023-06-13,2023-06-13,290,43.35,12571.5,0,True,13
SHP-006468,PROD-0087,SUP-07,WH-02,2023-06-05,2023-06-16,2023-06-16,289,43.35,12528.15,0,True,13
SHP-006469,PROD-0087,SUP-07,WH-02,2023-06-18,2023-06-19,2023-06-19,75,43.35,3251.25,0,True,3
SHP-006470,PROD-0087,SUP-07,WH-02,2023-07-01,2023-07-15,2023-07-15,175,43.35,7586.25,0,True,8
SHP-006471,PROD-0087,SUP-07,WH-02,2023-07-14,2023-08-06,2023-08-06,224,43.35,9710.4,0,True,10
SHP-006472,PROD-0087,SUP-07,WH-02,2023-07-27,2023-08-15,2023-08-15,314,43.35,13611.9,0,True,14
SHP-006473,PROD-0087,SUP-07,WH-02,2023-08-09,2023-08-23,2023-08-23,257,43.35,11140.95,0,True,12
SHP-006474,PROD-0087,SUP-07,WH-02,2023-08-22,2023-09-03,2023-09-03,170,43.35,7369.5,0,True,8
SHP-006475,PROD-0087,SUP-07,WH-02,2023-09-04,2023-09-18,2023-09-18,187,43.35,8106.45,0,True,8
SHP-006476,PROD-0087,SUP-07,WH-02,2023-09-17,2023-09-21,2023-09-21,214,43.35,9276.9,0,True,10
SHP-006477,PROD-0087,SUP-07,WH-02,2023-09-30,2023-10-13,2023-10-13,237,43.35,10273.95,0,True,11
SHP-006478,PROD-0087,SUP-07,WH-02,2023-10-13,2023-10-14,2023-10-14,451,43.35,19550.85,0,True,21
SHP-006479,PROD-0087,SUP-07,WH-02,2023-10-26,2023-10-27,2023-10-27,71,43.35,3077.85,0,True,3
SHP-006480,PROD-0087,SUP-07,WH-02,2023-11-08,2023-11-26,2023-11-26,370,43.35,16039.5,0,True,17
SHP-006481,PROD-0087,SUP-07,WH-02,2023-11-21,2023-12-06,2023-12-06,156,43.35,6762.6,0,True,7
SHP-006482,PROD-0087,SUP-07,WH-02,2023-12-04,2023-12-08,2023-12-08,488,43.35,21154.8,0,True,23
SHP-006483,PROD-0087,SUP-07,WH-02,2023-12-17,2024-01-09,2024-01-09,366,43.35,15866.1,0,True,17
SHP-006484,PROD-0087,SUP-07,WH-02,2023-12-30,2024-01-13,2024-01-13,58,43.35,2514.3,0,True,2
SHP-006485,PROD-0087,SUP-07,WH-02,2024-01-12,2024-01-31,2024-01-31,375,43.35,16256.25,0,True,17
SHP-006486,PROD-0087,SUP-07,WH-02,2024-01-25,2024-02-18,2024-03-03,144,43.35,6242.4,14,False,6
SHP-006487,PROD-0087,SUP-07,WH-02,2024-02-07,2024-02-15,2024-02-15,187,43.35,8106.45,0,True,8
SHP-006488,PROD-0087,SUP-07,WH-02,2024-02-20,2024-02-23,2024-02-23,112,43.35,4855.2,0,True,5
SHP-006489,PROD-0087,SUP-07,WH-02,2024-03-04,2024-03-14,2024-03-14,477,43.35,20677.95,0,True,22
SHP-006490,PROD-0087,SUP-07,WH-02,2024-03-17,2024-03-25,2024-03-25,334,43.35,14478.9,0,True,15
SHP-006491,PROD-0087,SUP-07,WH-02,2024-03-30,2024-04-15,2024-04-15,183,43.35,7933.05,0,True,8
SHP-006492,PROD-0087,SUP-07,WH-02,2024-04-12,2024-04-30,2024-04-30,488,43.35,21154.8,0,True,23
SHP-006493,PROD-0087,SUP-07,WH-02,2024-04-25,2024-05-05,2024-05-05,292,43.35,12658.2,0,True,13
SHP-006494,PROD-0087,SUP-07,WH-02,2024-05-08,2024-05-31,2024-05-31,177,43.35,7672.95,0,True,8
SHP-006495,PROD-0087,SUP-07,WH-02,2024-05-21,2024-06-21,2024-06-21,417,43.35,18076.95,0,True,19
SHP-006496,PROD-0087,SUP-07,WH-02,2024-06-03,2024-06-05,2024-06-05,381,43.35,16516.35,0,True,18
SHP-006497,PROD-0087,SUP-07,WH-02,2024-06-16,2024-06-23,2024-06-23,174,43.35,7542.9,0,True,8
SHP-006498,PROD-0087,SUP-07,WH-02,2024-06-29,2024-07-12,2024-07-12,122,43.35,5288.7,0,True,5
SHP-006499,PROD-0087,SUP-07,WH-02,2024-07-12,2024-07-20,2024-07-20,397,43.35,17209.95,0,True,18
SHP-006500,PROD-0087,SUP-07,WH-02,2024-07-25,2024-08-13,2024-08-13,317,43.35,13741.95,0,True,15
SHP-006501,PROD-0087,SUP-07,WH-02,2024-08-07,2024-08-13,2024-08-13,391,43.35,16949.85,0,True,18
SHP-006502,PROD-0087,SUP-07,WH-02,2024-08-20,2024-08-29,2024-08-29,202,43.35,8756.7,0,True,9
SHP-006503,PROD-0087,SUP-07,WH-02,2024-09-02,2024-09-30,2024-09-30,500,43.35,21675.0,0,True,23
SHP-006504,PROD-0087,SUP-07,WH-02,2024-09-15,2024-10-12,2024-10-12,116,43.35,5028.6,0,True,5
SHP-006505,PROD-0087,SUP-07,WH-02,2024-09-28,2024-10-24,2024-10-24,482,43.35,20894.7,0,True,22
SHP-006506,PROD-0087,SUP-07,WH-02,2024-10-11,2024-10-19,2024-10-19,103,43.35,4465.05,0,True,4
SHP-006507,PROD-0087,SUP-07,WH-02,2024-10-24,2024-11-15,2024-11-20,178,43.35,7716.3,5,False,8
SHP-006508,PROD-0087,SUP-07,WH-02,2024-11-06,2024-12-01,2024-12-01,70,43.35,3034.5,0,True,3
SHP-006509,PROD-0087,SUP-07,WH-02,2024-11-19,2024-11-25,2024-11-25,373,43.35,16169.55,0,True,17
SHP-006510,PROD-0087,SUP-07,WH-02,2024-12-02,2024-12-03,2024-12-03,434,43.35,18813.9,0,True,20
SHP-006511,PROD-0087,SUP-07,WH-02,2024-12-15,2025-01-05,2025-01-05,493,43.35,21371.55,0,True,23
SHP-006512,PROD-0087,SUP-07,WH-02,2024-12-28,2024-12-29,2024-12-29,256,43.35,11097.6,0,True,12
SHP-006513,PROD-0088,SUP-08,WH-03,2022-01-01,2022-01-30,2022-01-30,224,44.89,10055.36,0,True,13
SHP-006514,PROD-0088,SUP-08,WH-03,2022-01-14,2022-02-04,2022-02-04,200,44.89,8978.0,0,True,12
SHP-006515,PROD-0088,SUP-08,WH-03,2022-01-27,2022-03-03,2022-03-07,423,44.89,18988.47,4,False,25
SHP-006516,PROD-0088,SUP-08,WH-03,2022-02-09,2022-03-31,2022-03-31,290,44.89,13018.1,0,True,17
SHP-006517,PROD-0088,SUP-08,WH-03,2022-02-22,2022-04-03,2022-04-03,455,44.89,20424.95,0,True,27
SHP-006518,PROD-0088,SUP-08,WH-03,2022-03-07,2022-04-23,2022-04-23,312,44.89,14005.68,0,True,18
SHP-006519,PROD-0088,SUP-08,WH-03,2022-03-20,2022-04-28,2022-05-08,321,44.89,14409.69,10,False,19
SHP-006520,PROD-0088,SUP-08,WH-03,2022-04-02,2022-04-24,2022-05-03,61,44.89,2738.29,9,False,3
SHP-006521,PROD-0088,SUP-08,WH-03,2022-04-15,2022-05-19,2022-05-19,105,44.89,4713.45,0,True,6
SHP-006522,PROD-0088,SUP-08,WH-03,2022-04-28,2022-06-04,2022-06-04,407,44.89,18270.23,0,True,24
SHP-006523,PROD-0088,SUP-08,WH-03,2022-05-11,2022-06-19,2022-06-19,475,44.89,21322.75,0,True,28
SHP-006524,PROD-0088,SUP-08,WH-03,2022-05-24,2022-07-05,2022-07-05,118,44.89,5297.02,0,True,7
SHP-006525,PROD-0088,SUP-08,WH-03,2022-06-06,2022-07-04,2022-07-04,406,44.89,18225.34,0,True,24
SHP-006526,PROD-0088,SUP-08,WH-03,2022-06-19,2022-07-25,2022-07-25,224,44.89,10055.36,0,True,13
SHP-006527,PROD-0088,SUP-08,WH-03,2022-07-02,2022-08-03,2022-08-03,377,44.89,16923.53,0,True,22
SHP-006528,PROD-0088,SUP-08,WH-03,2022-07-15,2022-08-25,2022-08-26,199,44.89,8933.11,1,False,12
SHP-006529,PROD-0088,SUP-08,WH-03,2022-07-28,2022-08-31,2022-08-31,160,44.89,7182.4,0,True,9
SHP-006530,PROD-0088,SUP-08,WH-03,2022-08-10,2022-09-14,2022-09-18,471,44.89,21143.19,4,False,28
SHP-006531,PROD-0088,SUP-08,WH-03,2022-08-23,2022-09-27,2022-09-27,319,44.89,14319.91,0,True,19
SHP-006532,PROD-0088,SUP-08,WH-03,2022-09-05,2022-10-12,2022-10-12,412,44.89,18494.68,0,True,25
SHP-006533,PROD-0088,SUP-08,WH-03,2022-09-18,2022-10-23,2022-10-23,163,44.89,7317.07,0,True,9
SHP-006534,PROD-0088,SUP-08,WH-03,2022-10-01,2022-11-15,2022-11-15,102,44.89,4578.78,0,True,6
SHP-006535,PROD-0088,SUP-08,WH-03,2022-10-14,2022-11-04,2022-11-04,357,44.89,16025.73,0,True,21
SHP-006536,PROD-0088,SUP-08,WH-03,2022-10-27,2022-12-08,2022-12-08,419,44.89,18808.91,0,True,25
SHP-006537,PROD-0088,SUP-08,WH-03,2022-11-09,2022-12-17,2022-12-17,74,44.89,3321.86,0,True,4
SHP-006538,PROD-0088,SUP-08,WH-03,2022-11-22,2022-12-29,2023-01-08,173,44.89,7765.97,10,False,10
SHP-006539,PROD-0088,SUP-08,WH-03,2022-12-05,2023-01-07,2023-01-07,397,44.89,17821.33,0,True,24
SHP-006540,PROD-0088,SUP-08,WH-03,2022-12-18,2023-02-05,2023-02-05,118,44.89,5297.02,0,True,7
SHP-006541,PROD-0088,SUP-08,WH-03,2022-12-31,2023-02-03,2023-02-03,165,44.89,7406.85,0,True,10
SHP-006542,PROD-0088,SUP-08,WH-03,2023-01-13,2023-02-27,2023-02-28,487,44.89,21861.43,1,False,29
SHP-006543,PROD-0088,SUP-08,WH-03,2023-01-26,2023-03-17,2023-03-17,92,44.89,4129.88,0,True,5
SHP-006544,PROD-0088,SUP-08,WH-03,2023-02-08,2023-03-09,2023-03-09,308,44.89,13826.12,0,True,18
SHP-006545,PROD-0088,SUP-08,WH-03,2023-02-21,2023-03-26,2023-03-26,217,44.89,9741.13,0,True,13
SHP-006546,PROD-0088,SUP-08,WH-03,2023-03-06,2023-03-28,2023-03-28,306,44.89,13736.34,0,True,18
SHP-006547,PROD-0088,SUP-08,WH-03,2023-03-19,2023-04-14,2023-04-14,332,44.89,14903.48,0,True,20
SHP-006548,PROD-0088,SUP-08,WH-03,2023-04-01,2023-05-10,2023-05-10,54,44.89,2424.06,0,True,3
SHP-006549,PROD-0088,SUP-08,WH-03,2023-04-14,2023-05-18,2023-05-19,156,44.89,7002.84,1,False,9
SHP-006550,PROD-0088,SUP-08,WH-03,2023-04-27,2023-05-27,2023-05-27,465,44.89,20873.85,0,True,28
SHP-006551,PROD-0088,SUP-08,WH-03,2023-05-10,2023-07-03,2023-07-03,221,44.89,9920.69,0,True,13
SHP-006552,PROD-0088,SUP-08,WH-03,2023-05-23,2023-06-24,2023-06-24,331,44.89,14858.59,0,True,20
SHP-006553,PROD-0088,SUP-08,WH-03,2023-06-05,2023-06-29,2023-06-29,318,44.89,14275.02,0,True,19
SHP-006554,PROD-0088,SUP-08,WH-03,2023-06-18,2023-07-15,2023-07-15,243,44.89,10908.27,0,True,14
SHP-006555,PROD-0088,SUP-08,WH-03,2023-07-01,2023-08-06,2023-08-06,409,44.89,18360.01,0,True,24
SHP-006556,PROD-0088,SUP-08,WH-03,2023-07-14,2023-08-20,2023-08-20,195,44.89,8753.55,0,True,11
SHP-006557,PROD-0088,SUP-08,WH-03,2023-07-27,2023-08-25,2023-09-08,111,44.89,4982.79,14,False,6
SHP-006558,PROD-0088,SUP-08,WH-03,2023-08-09,2023-09-06,2023-09-18,51,44.89,2289.39,12,False,3
SHP-006559,PROD-0088,SUP-08,WH-03,2023-08-22,2023-09-20,2023-09-20,250,44.89,11222.5,0,True,15
SHP-006560,PROD-0088,SUP-08,WH-03,2023-09-04,2023-10-21,2023-10-21,227,44.89,10190.03,0,True,13
SHP-006561,PROD-0088,SUP-08,WH-03,2023-09-17,2023-11-02,2023-11-05,89,44.89,3995.21,3,False,5
SHP-006562,PROD-0088,SUP-08,WH-03,2023-09-30,2023-11-03,2023-11-03,463,44.89,20784.07,0,True,28
SHP-006563,PROD-0088,SUP-08,WH-03,2023-10-13,2023-11-19,2023-11-19,377,44.89,16923.53,0,True,22
SHP-006564,PROD-0088,SUP-08,WH-03,2023-10-26,2023-12-01,2023-12-01,105,44.89,4713.45,0,True,6
SHP-006565,PROD-0088,SUP-08,WH-03,2023-11-08,2023-12-08,2023-12-08,168,44.89,7541.52,0,True,10
SHP-006566,PROD-0088,SUP-08,WH-03,2023-11-21,2023-12-31,2023-12-31,225,44.89,10100.25,0,True,13
SHP-006567,PROD-0088,SUP-08,WH-03,2023-12-04,2023-12-25,2023-12-25,121,44.89,5431.69,0,True,7
SHP-006568,PROD-0088,SUP-08,WH-03,2023-12-17,2024-01-24,2024-02-06,149,44.89,6688.61,13,False,9
SHP-006569,PROD-0088,SUP-08,WH-03,2023-12-30,2024-02-11,2024-02-11,130,44.89,5835.7,0,True,7
SHP-006570,PROD-0088,SUP-08,WH-03,2024-01-12,2024-02-09,2024-02-09,308,44.89,13826.12,0,True,18
SHP-006571,PROD-0088,SUP-08,WH-03,2024-01-25,2024-02-25,2024-02-25,281,44.89,12614.09,0,True,17
SHP-006572,PROD-0088,SUP-08,WH-03,2024-02-07,2024-02-23,2024-02-23,264,44.89,11850.96,0,True,16
SHP-006573,PROD-0088,SUP-08,WH-03,2024-02-20,2024-03-18,2024-03-18,68,44.89,3052.52,0,True,4
SHP-006574,PROD-0088,SUP-08,WH-03,2024-03-04,2024-04-21,2024-04-21,424,44.89,19033.36,0,True,25
SHP-006575,PROD-0088,SUP-08,WH-03,2024-03-17,2024-04-05,2024-04-05,324,44.89,14544.36,0,True,19
SHP-006576,PROD-0088,SUP-08,WH-03,2024-03-30,2024-04-27,2024-05-04,71,44.89,3187.19,7,False,4
SHP-006577,PROD-0088,SUP-08,WH-03,2024-04-12,2024-05-28,2024-05-28,60,44.89,2693.4,0,True,3
SHP-006578,PROD-0088,SUP-08,WH-03,2024-04-25,2024-05-28,2024-05-28,171,44.89,7676.19,0,True,10
SHP-006579,PROD-0088,SUP-08,WH-03,2024-05-08,2024-06-06,2024-06-14,269,44.89,12075.41,8,False,16
SHP-006580,PROD-0088,SUP-08,WH-03,2024-05-21,2024-06-26,2024-07-03,430,44.89,19302.7,7,False,26
SHP-006581,PROD-0088,SUP-08,WH-03,2024-06-03,2024-07-03,2024-07-03,99,44.89,4444.11,0,True,6
SHP-006582,PROD-0088,SUP-08,WH-03,2024-06-16,2024-07-15,2024-07-15,268,44.89,12030.52,0,True,16
SHP-006583,PROD-0088,SUP-08,WH-03,2024-06-29,2024-08-04,2024-08-04,71,44.89,3187.19,0,True,4
SHP-006584,PROD-0088,SUP-08,WH-03,2024-07-12,2024-08-12,2024-08-12,78,44.89,3501.42,0,True,4
SHP-006585,PROD-0088,SUP-08,WH-03,2024-07-25,2024-08-31,2024-09-09,234,44.89,10504.26,9,False,14
SHP-006586,PROD-0088,SUP-08,WH-03,2024-08-07,2024-09-26,2024-09-26,361,44.89,16205.29,0,True,21
SHP-006587,PROD-0088,SUP-08,WH-03,2024-08-20,2024-09-30,2024-09-30,440,44.89,19751.6,0,True,26
SHP-006588,PROD-0088,SUP-08,WH-03,2024-09-02,2024-10-09,2024-10-09,400,44.89,17956.0,0,True,24
SHP-006589,PROD-0088,SUP-08,WH-03,2024-09-15,2024-10-17,2024-10-17,431,44.89,19347.59,0,True,26
SHP-006590,PROD-0088,SUP-08,WH-03,2024-09-28,2024-10-20,2024-10-20,139,44.89,6239.71,0,True,8
SHP-006591,PROD-0088,SUP-08,WH-03,2024-10-11,2024-11-24,2024-11-24,224,44.89,10055.36,0,True,13
SHP-006592,PROD-0088,SUP-08,WH-03,2024-10-24,2024-11-25,2024-11-25,270,44.89,12120.3,0,True,16
SHP-006593,PROD-0088,SUP-08,WH-03,2024-11-06,2024-12-03,2024-12-03,273,44.89,12254.97,0,True,16
SHP-006594,PROD-0088,SUP-08,WH-03,2024-11-19,2024-12-12,2024-12-12,370,44.89,16609.3,0,True,22
SHP-006595,PROD-0088,SUP-08,WH-03,2024-12-02,2025-01-06,2025-01-06,440,44.89,19751.6,0,True,26
SHP-006596,PROD-0088,SUP-08,WH-03,2024-12-15,2025-01-19,2025-01-19,123,44.89,5521.47,0,True,7
SHP-006597,PROD-0088,SUP-08,WH-03,2024-12-28,2025-01-26,2025-01-26,318,44.89,14275.02,0,True,19
SHP-006598,PROD-0089,SUP-09,WH-04,2022-01-01,2022-01-27,2022-01-27,70,36.79,2575.3,0,True,2
SHP-006599,PROD-0089,SUP-09,WH-04,2022-01-15,2022-02-07,2022-02-07,333,36.79,12251.07,0,True,10
SHP-006600,PROD-0089,SUP-09,WH-04,2022-01-29,2022-02-13,2022-02-13,279,36.79,10264.41,0,True,8
SHP-006601,PROD-0089,SUP-09,WH-04,2022-02-12,2022-02-24,2022-02-24,202,36.79,7431.58,0,True,6
SHP-006602,PROD-0089,SUP-09,WH-04,2022-02-26,2022-03-18,2022-03-18,391,36.79,14384.89,0,True,11
SHP-006603,PROD-0089,SUP-09,WH-04,2022-03-12,2022-03-30,2022-03-30,320,36.79,11772.8,0,True,9
SHP-006604,PROD-0089,SUP-09,WH-04,2022-03-26,2022-04-19,2022-04-19,158,36.79,5812.82,0,True,4
SHP-006605,PROD-0089,SUP-09,WH-04,2022-04-09,2022-05-06,2022-05-06,364,36.79,13391.56,0,True,11
SHP-006606,PROD-0089,SUP-09,WH-04,2022-04-23,2022-05-22,2022-05-22,102,36.79,3752.58,0,True,3
SHP-006607,PROD-0089,SUP-09,WH-04,2022-05-07,2022-05-22,2022-05-22,403,36.79,14826.37,0,True,12
SHP-006608,PROD-0089,SUP-09,WH-04,2022-05-21,2022-06-09,2022-06-09,470,36.79,17291.3,0,True,14
SHP-006609,PROD-0089,SUP-09,WH-04,2022-06-04,2022-06-22,2022-06-22,339,36.79,12471.81,0,True,10
SHP-006610,PROD-0089,SUP-09,WH-04,2022-06-18,2022-07-02,2022-07-02,461,36.79,16960.19,0,True,13
SHP-006611,PROD-0089,SUP-09,WH-04,2022-07-02,2022-07-29,2022-07-29,143,36.79,5260.97,0,True,4
SHP-006612,PROD-0089,SUP-09,WH-04,2022-07-16,2022-08-06,2022-08-06,281,36.79,10337.99,0,True,8
SHP-006613,PROD-0089,SUP-09,WH-04,2022-07-30,2022-08-26,2022-08-26,134,36.79,4929.86,0,True,4
SHP-006614,PROD-0089,SUP-09,WH-04,2022-08-13,2022-09-03,2022-09-03,411,36.79,15120.69,0,True,12
SHP-006615,PROD-0089,SUP-09,WH-04,2022-08-27,2022-09-22,2022-09-22,370,36.79,13612.3,0,True,11
SHP-006616,PROD-0089,SUP-09,WH-04,2022-09-10,2022-09-28,2022-09-28,343,36.79,12618.97,0,True,10
SHP-006617,PROD-0089,SUP-09,WH-04,2022-09-24,2022-10-09,2022-10-09,449,36.79,16518.71,0,True,13
SHP-006618,PROD-0089,SUP-09,WH-04,2022-10-08,2022-11-02,2022-11-02,332,36.79,12214.28,0,True,10
SHP-006619,PROD-0089,SUP-09,WH-04,2022-10-22,2022-11-05,2022-11-05,357,36.79,13134.03,0,True,10
SHP-006620,PROD-0089,SUP-09,WH-04,2022-11-05,2022-11-22,2022-11-22,397,36.79,14605.63,0,True,12
SHP-006621,PROD-0089,SUP-09,WH-04,2022-11-19,2022-12-12,2022-12-25,283,36.79,10411.57,13,False,8
SHP-006622,PROD-0089,SUP-09,WH-04,2022-12-03,2022-12-22,2022-12-22,201,36.79,7394.79,0,True,6
SHP-006623,PROD-0089,SUP-09,WH-04,2022-12-17,2023-01-12,2023-01-12,237,36.79,8719.23,0,True,7
SHP-006624,PROD-0089,SUP-09,WH-04,2022-12-31,2023-01-18,2023-01-18,341,36.79,12545.39,0,True,10
SHP-006625,PROD-0089,SUP-09,WH-04,2023-01-14,2023-01-27,2023-01-27,339,36.79,12471.81,0,True,10
SHP-006626,PROD-0089,SUP-09,WH-04,2023-01-28,2023-02-17,2023-02-17,445,36.79,16371.55,0,True,13
SHP-006627,PROD-0089,SUP-09,WH-04,2023-02-11,2023-02-17,2023-02-17,341,36.79,12545.39,0,True,10
SHP-006628,PROD-0089,SUP-09,WH-04,2023-02-25,2023-03-17,2023-03-17,488,36.79,17953.52,0,True,14
SHP-006629,PROD-0089,SUP-09,WH-04,2023-03-11,2023-03-25,2023-03-29,147,36.79,5408.13,4,False,4
SHP-006630,PROD-0089,SUP-09,WH-04,2023-03-25,2023-04-20,2023-04-20,449,36.79,16518.71,0,True,13
SHP-006631,PROD-0089,SUP-09,WH-04,2023-04-08,2023-05-01,2023-05-01,200,36.79,7358.0,0,True,6
SHP-006632,PROD-0089,SUP-09,WH-04,2023-04-22,2023-05-17,2023-05-17,270,36.79,9933.3,0,True,8
SHP-006633,PROD-0089,SUP-09,WH-04,2023-05-06,2023-06-02,2023-06-02,78,36.79,2869.62,0,True,2
SHP-006634,PROD-0089,SUP-09,WH-04,2023-05-20,2023-06-15,2023-06-15,61,36.79,2244.19,0,True,1
SHP-006635,PROD-0089,SUP-09,WH-04,2023-06-03,2023-06-28,2023-06-28,253,36.79,9307.87,0,True,7
SHP-006636,PROD-0089,SUP-09,WH-04,2023-06-17,2023-07-13,2023-07-13,441,36.79,16224.39,0,True,13
SHP-006637,PROD-0089,SUP-09,WH-04,2023-07-01,2023-07-28,2023-08-04,65,36.79,2391.35,7,False,1
SHP-006638,PROD-0089,SUP-09,WH-04,2023-07-15,2023-07-29,2023-07-29,433,36.79,15930.07,0,True,13
SHP-006639,PROD-0089,SUP-09,WH-04,2023-07-29,2023-08-24,2023-08-24,420,36.79,15451.8,0,True,12
SHP-006640,PROD-0089,SUP-09,WH-04,2023-08-12,2023-09-04,2023-09-04,162,36.79,5959.98,0,True,4
SHP-006641,PROD-0089,SUP-09,WH-04,2023-08-26,2023-09-19,2023-09-19,358,36.79,13170.82,0,True,10
SHP-006642,PROD-0089,SUP-09,WH-04,2023-09-09,2023-10-10,2023-10-10,316,36.79,11625.64,0,True,9
SHP-006643,PROD-0089,SUP-09,WH-04,2023-09-23,2023-10-17,2023-10-17,337,36.79,12398.23,0,True,10
SHP-006644,PROD-0089,SUP-09,WH-04,2023-10-07,2023-10-27,2023-10-27,469,36.79,17254.51,0,True,14
SHP-006645,PROD-0089,SUP-09,WH-04,2023-10-21,2023-11-01,2023-11-01,226,36.79,8314.54,0,True,6
SHP-006646,PROD-0089,SUP-09,WH-04,2023-11-04,2023-11-24,2023-11-24,110,36.79,4046.9,0,True,3
SHP-006647,PROD-0089,SUP-09,WH-04,2023-11-18,2023-12-13,2023-12-13,339,36.79,12471.81,0,True,10
SHP-006648,PROD-0089,SUP-09,WH-04,2023-12-02,2023-12-18,2023-12-18,65,36.79,2391.35,0,True,1
SHP-006649,PROD-0089,SUP-09,WH-04,2023-12-16,2024-01-13,2024-01-13,451,36.79,16592.29,0,True,13
SHP-006650,PROD-0089,SUP-09,WH-04,2023-12-30,2024-01-31,2024-01-31,440,36.79,16187.6,0,True,13
SHP-006651,PROD-0089,SUP-09,WH-04,2024-01-13,2024-02-05,2024-02-05,125,36.79,4598.75,0,True,3
SHP-006652,PROD-0089,SUP-09,WH-04,2024-01-27,2024-02-16,2024-02-16,97,36.79,3568.63,0,True,2
SHP-006653,PROD-0089,SUP-09,WH-04,2024-02-10,2024-03-01,2024-03-01,343,36.79,12618.97,0,True,10
SHP-006654,PROD-0089,SUP-09,WH-04,2024-02-24,2024-03-27,2024-03-27,372,36.79,13685.88,0,True,11
SHP-006655,PROD-0089,SUP-09,WH-04,2024-03-09,2024-04-07,2024-04-07,160,36.79,5886.4,0,True,4
SHP-006656,PROD-0089,SUP-09,WH-04,2024-03-23,2024-04-04,2024-04-04,464,36.79,17070.56,0,True,14
SHP-006657,PROD-0089,SUP-09,WH-04,2024-04-06,2024-04-27,2024-04-27,475,36.79,17475.25,0,True,14
SHP-006658,PROD-0089,SUP-09,WH-04,2024-04-20,2024-05-22,2024-05-22,442,36.79,16261.18,0,True,13
SHP-006659,PROD-0089,SUP-09,WH-04,2024-05-04,2024-05-31,2024-05-31,210,36.79,7725.9,0,True,6
SHP-006660,PROD-0089,SUP-09,WH-04,2024-05-18,2024-06-03,2024-06-03,434,36.79,15966.86,0,True,13
SHP-006661,PROD-0089,SUP-09,WH-04,2024-06-01,2024-06-21,2024-06-21,148,36.79,5444.92,0,True,4
SHP-006662,PROD-0089,SUP-09,WH-04,2024-06-15,2024-07-05,2024-07-05,327,36.79,12030.33,0,True,9
SHP-006663,PROD-0089,SUP-09,WH-04,2024-06-29,2024-07-14,2024-07-14,457,36.79,16813.03,0,True,13
SHP-006664,PROD-0089,SUP-09,WH-04,2024-07-13,2024-08-17,2024-08-17,310,36.79,11404.9,0,True,9
SHP-006665,PROD-0089,SUP-09,WH-04,2024-07-27,2024-08-25,2024-08-25,70,36.79,2575.3,0,True,2
SHP-006666,PROD-0089,SUP-09,WH-04,2024-08-10,2024-09-03,2024-09-03,134,36.79,4929.86,0,True,4
SHP-006667,PROD-0089,SUP-09,WH-04,2024-08-24,2024-09-17,2024-09-17,50,36.79,1839.5,0,True,1
SHP-006668,PROD-0089,SUP-09,WH-04,2024-09-07,2024-10-07,2024-10-07,313,36.79,11515.27,0,True,9
SHP-006669,PROD-0089,SUP-09,WH-04,2024-09-21,2024-10-10,2024-10-10,249,36.79,9160.71,0,True,7
SHP-006670,PROD-0089,SUP-09,WH-04,2024-10-05,2024-11-01,2024-11-03,109,36.79,4010.11,2,False,3
SHP-006671,PROD-0089,SUP-09,WH-04,2024-10-19,2024-11-23,2024-12-07,248,36.79,9123.92,14,False,7
SHP-006672,PROD-0089,SUP-09,WH-04,2024-11-02,2024-11-26,2024-11-26,91,36.79,3347.89,0,True,2
SHP-006673,PROD-0089,SUP-09,WH-04,2024-11-16,2024-12-12,2024-12-12,363,36.79,13354.77,0,True,10
SHP-006674,PROD-0089,SUP-09,WH-04,2024-11-30,2024-12-21,2024-12-21,471,36.79,17328.09,0,True,14
SHP-006675,PROD-0089,SUP-09,WH-04,2024-12-14,2025-01-02,2025-01-02,83,36.79,3053.57,0,True,2
SHP-006676,PROD-0089,SUP-09,WH-04,2024-12-28,2025-01-12,2025-01-12,363,36.79,13354.77,0,True,10
SHP-006677,PROD-0090,SUP-10,WH-05,2022-01-01,2022-01-24,2022-01-24,372,417.28,155228.16,0,True,10
SHP-006678,PROD-0090,SUP-10,WH-05,2022-01-21,2022-01-31,2022-01-31,427,417.28,178178.56,0,True,12
SHP-006679,PROD-0090,SUP-10,WH-05,2022-02-10,2022-02-26,2022-02-26,258,417.28,107658.24,0,True,7
SHP-006680,PROD-0090,SUP-10,WH-05,2022-03-02,2022-03-19,2022-03-19,372,417.28,155228.16,0,True,10
SHP-006681,PROD-0090,SUP-10,WH-05,2022-03-22,2022-04-17,2022-04-17,348,417.28,145213.44,0,True,10
SHP-006682,PROD-0090,SUP-10,WH-05,2022-04-11,2022-04-26,2022-04-26,371,417.28,154810.88,0,True,10
SHP-006683,PROD-0090,SUP-10,WH-05,2022-05-01,2022-05-22,2022-05-22,238,417.28,99312.64,0,True,7
SHP-006684,PROD-0090,SUP-10,WH-05,2022-05-21,2022-06-01,2022-06-01,188,417.28,78448.64,0,True,5
SHP-006685,PROD-0090,SUP-10,WH-05,2022-06-10,2022-07-02,2022-07-02,275,417.28,114752.0,0,True,8
SHP-006686,PROD-0090,SUP-10,WH-05,2022-06-30,2022-07-29,2022-07-29,250,417.28,104320.0,0,True,7
SHP-006687,PROD-0090,SUP-10,WH-05,2022-07-20,2022-08-08,2022-08-08,279,417.28,116421.12,0,True,8
SHP-006688,PROD-0090,SUP-10,WH-05,2022-08-09,2022-08-20,2022-08-20,440,417.28,183603.2,0,True,12
SHP-006689,PROD-0090,SUP-10,WH-05,2022-08-29,2022-09-21,2022-09-21,116,417.28,48404.48,0,True,3
SHP-006690,PROD-0090,SUP-10,WH-05,2022-09-18,2022-10-25,2022-10-25,59,417.28,24619.52,0,True,1
SHP-006691,PROD-0090,SUP-10,WH-05,2022-10-08,2022-10-27,2022-10-27,431,417.28,179847.68,0,True,12
SHP-006692,PROD-0090,SUP-10,WH-05,2022-10-28,2022-11-20,2022-11-20,370,417.28,154393.6,0,True,10
SHP-006693,PROD-0090,SUP-10,WH-05,2022-11-17,2022-12-01,2022-12-01,246,417.28,102650.88,0,True,7
SHP-006694,PROD-0090,SUP-10,WH-05,2022-12-07,2022-12-25,2022-12-26,339,417.28,141457.92,1,False,10
SHP-006695,PROD-0090,SUP-10,WH-05,2022-12-27,2023-01-13,2023-01-13,84,417.28,35051.52,0,True,2
SHP-006696,PROD-0090,SUP-10,WH-05,2023-01-16,2023-02-11,2023-02-11,61,417.28,25454.08,0,True,1
SHP-006697,PROD-0090,SUP-10,WH-05,2023-02-05,2023-02-21,2023-02-21,395,417.28,164825.6,0,True,11
SHP-006698,PROD-0090,SUP-10,WH-05,2023-02-25,2023-03-15,2023-03-15,149,417.28,62174.72,0,True,4
SHP-006699,PROD-0090,SUP-10,WH-05,2023-03-17,2023-04-09,2023-04-09,168,417.28,70103.04,0,True,4
SHP-006700,PROD-0090,SUP-10,WH-05,2023-04-06,2023-04-11,2023-04-11,210,417.28,87628.8,0,True,6
SHP-006701,PROD-0090,SUP-10,WH-05,2023-04-26,2023-05-23,2023-05-23,137,417.28,57167.36,0,True,4
SHP-006702,PROD-0090,SUP-10,WH-05,2023-05-16,2023-05-27,2023-05-27,255,417.28,106406.4,0,True,7
SHP-006703,PROD-0090,SUP-10,WH-05,2023-06-05,2023-06-17,2023-06-17,90,417.28,37555.2,0,True,2
SHP-006704,PROD-0090,SUP-10,WH-05,2023-06-25,2023-07-07,2023-07-07,484,417.28,201963.52,0,True,14
SHP-006705,PROD-0090,SUP-10,WH-05,2023-07-15,2023-08-17,2023-08-17,90,417.28,37555.2,0,True,2
SHP-006706,PROD-0090,SUP-10,WH-05,2023-08-04,2023-09-05,2023-09-05,244,417.28,101816.32,0,True,7
SHP-006707,PROD-0090,SUP-10,WH-05,2023-08-24,2023-09-08,2023-09-08,266,417.28,110996.48,0,True,7
SHP-006708,PROD-0090,SUP-10,WH-05,2023-09-13,2023-10-18,2023-10-18,392,417.28,163573.76,0,True,11
SHP-006709,PROD-0090,SUP-10,WH-05,2023-10-03,2023-11-06,2023-11-06,303,417.28,126435.84,0,True,8
SHP-006710,PROD-0090,SUP-10,WH-05,2023-10-23,2023-11-15,2023-11-15,226,417.28,94305.28,0,True,6
SHP-006711,PROD-0090,SUP-10,WH-05,2023-11-12,2023-12-20,2023-12-20,161,417.28,67182.08,0,True,4
SHP-006712,PROD-0090,SUP-10,WH-05,2023-12-02,2024-01-03,2024-01-03,391,417.28,163156.48,0,True,11
SHP-006713,PROD-0090,SUP-10,WH-05,2023-12-22,2024-01-12,2024-01-12,185,417.28,77196.8,0,True,5
SHP-006714,PROD-0090,SUP-10,WH-05,2024-01-11,2024-02-06,2024-02-06,136,417.28,56750.08,0,True,4
SHP-006715,PROD-0090,SUP-10,WH-05,2024-01-31,2024-02-16,2024-02-16,74,417.28,30878.72,0,True,2
SHP-006716,PROD-0090,SUP-10,WH-05,2024-02-20,2024-03-10,2024-03-10,200,417.28,83456.0,0,True,5
SHP-006717,PROD-0090,SUP-10,WH-05,2024-03-11,2024-03-31,2024-03-31,468,417.28,195287.04,0,True,13
SHP-006718,PROD-0090,SUP-10,WH-05,2024-03-31,2024-04-14,2024-04-14,195,417.28,81369.6,0,True,5
SHP-006719,PROD-0090,SUP-10,WH-05,2024-04-20,2024-05-13,2024-05-13,154,417.28,64261.12,0,True,4
SHP-006720,PROD-0090,SUP-10,WH-05,2024-05-10,2024-05-16,2024-05-16,102,417.28,42562.56,0,True,3
SHP-006721,PROD-0090,SUP-10,WH-05,2024-05-30,2024-06-22,2024-06-22,105,417.28,43814.4,0,True,3
SHP-006722,PROD-0090,SUP-10,WH-05,2024-06-19,2024-07-08,2024-07-08,429,417.28,179013.12,0,True,12
SHP-006723,PROD-0090,SUP-10,WH-05,2024-07-09,2024-08-05,2024-08-05,312,417.28,130191.36,0,True,9
SHP-006724,PROD-0090,SUP-10,WH-05,2024-07-29,2024-08-16,2024-08-16,88,417.28,36720.64,0,True,2
SHP-006725,PROD-0090,SUP-10,WH-05,2024-08-18,2024-09-11,2024-09-11,377,417.28,157314.56,0,True,11
SHP-006726,PROD-0090,SUP-10,WH-05,2024-09-07,2024-09-26,2024-09-26,470,417.28,196121.6,0,True,13
SHP-006727,PROD-0090,SUP-10,WH-05,2024-09-27,2024-10-10,2024-10-10,143,417.28,59671.04,0,True,4
SHP-006728,PROD-0090,SUP-10,WH-05,2024-10-17,2024-11-09,2024-11-09,183,417.28,76362.24,0,True,5
SHP-006729,PROD-0090,SUP-10,WH-05,2024-11-06,2024-11-28,2024-11-28,264,417.28,110161.92,0,True,7
SHP-006730,PROD-0090,SUP-10,WH-05,2024-11-26,2024-12-25,2024-12-25,224,417.28,93470.72,0,True,6
SHP-006731,PROD-0090,SUP-10,WH-05,2024-12-16,2025-01-18,2025-01-18,451,417.28,188193.28,0,True,13
SHP-006732,PROD-0091,SUP-11,WH-01,2022-01-01,2022-03-01,2022-03-01,169,193.29,32666.01,0,True,6
SHP-006733,PROD-0091,SUP-11,WH-01,2022-01-22,2022-03-09,2022-03-09,473,193.29,91426.17,0,True,19
SHP-006734,PROD-0091,SUP-11,WH-01,2022-02-12,2022-03-30,2022-03-30,326,193.29,63012.54,0,True,13
SHP-006735,PROD-0091,SUP-11,WH-01,2022-03-05,2022-04-19,2022-04-19,484,193.29,93552.36,0,True,19
SHP-006736,PROD-0091,SUP-11,WH-01,2022-03-26,2022-05-03,2022-05-03,398,193.29,76929.42,0,True,16
SHP-006737,PROD-0091,SUP-11,WH-01,2022-04-16,2022-05-27,2022-05-27,223,193.29,43103.67,0,True,9
SHP-006738,PROD-0091,SUP-11,WH-01,2022-05-07,2022-06-23,2022-06-23,280,193.29,54121.2,0,True,11
SHP-006739,PROD-0091,SUP-11,WH-01,2022-05-28,2022-07-19,2022-07-19,452,193.29,87367.08,0,True,18
SHP-006740,PROD-0091,SUP-11,WH-01,2022-06-18,2022-08-09,2022-08-09,418,193.29,80795.22,0,True,17
SHP-006741,PROD-0091,SUP-11,WH-01,2022-07-09,2022-08-20,2022-08-20,398,193.29,76929.42,0,True,16
SHP-006742,PROD-0091,SUP-11,WH-01,2022-07-30,2022-09-06,2022-09-06,408,193.29,78862.32,0,True,16
SHP-006743,PROD-0091,SUP-11,WH-01,2022-08-20,2022-10-13,2022-10-13,304,193.29,58760.16,0,True,12
SHP-006744,PROD-0091,SUP-11,WH-01,2022-09-10,2022-10-19,2022-10-19,315,193.29,60886.35,0,True,12
SHP-006745,PROD-0091,SUP-11,WH-01,2022-10-01,2022-11-05,2022-11-05,490,193.29,94712.1,0,True,20
SHP-006746,PROD-0091,SUP-11,WH-01,2022-10-22,2022-12-06,2022-12-06,441,193.29,85240.89,0,True,18
SHP-006747,PROD-0091,SUP-11,WH-01,2022-11-12,2022-12-23,2022-12-23,123,193.29,23774.67,0,True,5
SHP-006748,PROD-0091,SUP-11,WH-01,2022-12-03,2023-01-15,2023-01-15,137,193.29,26480.73,0,True,5
SHP-006749,PROD-0091,SUP-11,WH-01,2022-12-24,2023-02-04,2023-02-04,228,193.29,44070.12,0,True,9
SHP-006750,PROD-0091,SUP-11,WH-01,2023-01-14,2023-02-26,2023-02-26,94,193.29,18169.26,0,True,3
SHP-006751,PROD-0091,SUP-11,WH-01,2023-02-04,2023-03-19,2023-03-19,387,193.29,74803.23,0,True,15
SHP-006752,PROD-0091,SUP-11,WH-01,2023-02-25,2023-04-13,2023-04-13,221,193.29,42717.09,0,True,9
SHP-006753,PROD-0091,SUP-11,WH-01,2023-03-18,2023-05-01,2023-05-10,103,193.29,19908.87,9,False,4
SHP-006754,PROD-0091,SUP-11,WH-01,2023-04-08,2023-05-21,2023-05-21,341,193.29,65911.89,0,True,14
SHP-006755,PROD-0091,SUP-11,WH-01,2023-04-29,2023-06-15,2023-06-15,317,193.29,61272.93,0,True,13
SHP-006756,PROD-0091,SUP-11,WH-01,2023-05-20,2023-07-08,2023-07-08,139,193.29,26867.31,0,True,5
SHP-006757,PROD-0091,SUP-11,WH-01,2023-06-10,2023-07-14,2023-07-16,121,193.29,23388.09,2,False,4
SHP-006758,PROD-0091,SUP-11,WH-01,2023-07-01,2023-08-09,2023-08-09,283,193.29,54701.07,0,True,11
SHP-006759,PROD-0091,SUP-11,WH-01,2023-07-22,2023-08-23,2023-08-23,70,193.29,13530.3,0,True,2
SHP-006760,PROD-0091,SUP-11,WH-01,2023-08-12,2023-09-24,2023-09-24,445,193.29,86014.05,0,True,18
SHP-006761,PROD-0091,SUP-11,WH-01,2023-09-02,2023-10-12,2023-10-12,270,193.29,52188.3,0,True,11
SHP-006762,PROD-0091,SUP-11,WH-01,2023-09-23,2023-10-30,2023-10-30,197,193.29,38078.13,0,True,8
SHP-006763,PROD-0091,SUP-11,WH-01,2023-10-14,2023-11-26,2023-11-26,58,193.29,11210.82,0,True,2
SHP-006764,PROD-0091,SUP-11,WH-01,2023-11-04,2023-12-10,2023-12-10,69,193.29,13337.01,0,True,2
SHP-006765,PROD-0091,SUP-11,WH-01,2023-11-25,2024-01-11,2024-01-11,67,193.29,12950.43,0,True,2
SHP-006766,PROD-0091,SUP-11,WH-01,2023-12-16,2024-01-28,2024-01-28,167,193.29,32279.43,0,True,6
SHP-006767,PROD-0091,SUP-11,WH-01,2024-01-06,2024-02-17,2024-02-17,271,193.29,52381.59,0,True,11
SHP-006768,PROD-0091,SUP-11,WH-01,2024-01-27,2024-03-11,2024-03-11,404,193.29,78089.16,0,True,16
SHP-006769,PROD-0091,SUP-11,WH-01,2024-02-17,2024-04-04,2024-04-04,199,193.29,38464.71,0,True,8
SHP-006770,PROD-0091,SUP-11,WH-01,2024-03-09,2024-04-21,2024-04-21,360,193.29,69584.4,0,True,14
SHP-006771,PROD-0091,SUP-11,WH-01,2024-03-30,2024-05-10,2024-05-10,362,193.29,69970.98,0,True,14
SHP-006772,PROD-0091,SUP-11,WH-01,2024-04-20,2024-06-01,2024-06-01,83,193.29,16043.07,0,True,3
SHP-006773,PROD-0091,SUP-11,WH-01,2024-05-11,2024-06-29,2024-06-29,227,193.29,43876.83,0,True,9
SHP-006774,PROD-0091,SUP-11,WH-01,2024-06-01,2024-07-04,2024-07-04,309,193.29,59726.61,0,True,12
SHP-006775,PROD-0091,SUP-11,WH-01,2024-06-22,2024-08-04,2024-08-12,434,193.29,83887.86,8,False,17
SHP-006776,PROD-0091,SUP-11,WH-01,2024-07-13,2024-09-04,2024-09-04,275,193.29,53154.75,0,True,11
SHP-006777,PROD-0091,SUP-11,WH-01,2024-08-03,2024-09-21,2024-09-21,141,193.29,27253.89,0,True,5
SHP-006778,PROD-0091,SUP-11,WH-01,2024-08-24,2024-10-08,2024-10-08,255,193.29,49288.95,0,True,10
SHP-006779,PROD-0091,SUP-11,WH-01,2024-09-14,2024-10-31,2024-10-31,150,193.29,28993.5,0,True,6
SHP-006780,PROD-0091,SUP-11,WH-01,2024-10-05,2024-12-03,2024-12-03,386,193.29,74609.94,0,True,15
SHP-006781,PROD-0091,SUP-11,WH-01,2024-10-26,2024-12-10,2024-12-10,365,193.29,70550.85,0,True,15
SHP-006782,PROD-0091,SUP-11,WH-01,2024-11-16,2024-12-26,2024-12-26,449,193.29,86787.21,0,True,18
SHP-006783,PROD-0091,SUP-11,WH-01,2024-12-07,2025-01-28,2025-01-30,82,193.29,15849.78,2,False,3
SHP-006784,PROD-0091,SUP-11,WH-01,2024-12-28,2025-02-11,2025-02-11,286,193.29,55280.94,0,True,11
SHP-006785,PROD-0092,SUP-12,WH-02,2022-01-01,2022-01-02,2022-01-02,246,476.95,117329.7,0,True,35
SHP-006786,PROD-0092,SUP-12,WH-02,2022-01-18,2022-02-04,2022-02-04,369,476.95,175994.55,0,True,53
SHP-006787,PROD-0092,SUP-12,WH-02,2022-02-04,2022-02-24,2022-03-06,308,476.95,146900.6,10,False,44
SHP-006788,PROD-0092,SUP-12,WH-02,2022-02-21,2022-03-01,2022-03-09,128,476.95,61049.6,8,False,18
SHP-006789,PROD-0092,SUP-12,WH-02,2022-03-10,2022-04-11,2022-04-25,213,476.95,101590.35,14,False,31
SHP-006790,PROD-0092,SUP-12,WH-02,2022-03-27,2022-04-07,2022-04-07,302,476.95,144038.9,0,True,44
SHP-006791,PROD-0092,SUP-12,WH-02,2022-04-13,2022-04-24,2022-04-24,379,476.95,180764.05,0,True,55
SHP-006792,PROD-0092,SUP-12,WH-02,2022-04-30,2022-05-23,2022-05-23,318,476.95,151670.1,0,True,46
SHP-006793,PROD-0092,SUP-12,WH-02,2022-05-17,2022-06-07,2022-06-07,145,476.95,69157.75,0,True,21
SHP-006794,PROD-0092,SUP-12,WH-02,2022-06-03,2022-06-20,2022-06-20,171,476.95,81558.45,0,True,24
SHP-006795,PROD-0092,SUP-12,WH-02,2022-06-20,2022-07-09,2022-07-09,187,476.95,89189.65,0,True,27
SHP-006796,PROD-0092,SUP-12,WH-02,2022-07-07,2022-07-20,2022-07-20,494,476.95,235613.3,0,True,72
SHP-006797,PROD-0092,SUP-12,WH-02,2022-07-24,2022-08-05,2022-08-11,249,476.95,118760.55,6,False,36
SHP-006798,PROD-0092,SUP-12,WH-02,2022-08-10,2022-08-17,2022-08-24,219,476.95,104452.05,7,False,31
SHP-006799,PROD-0092,SUP-12,WH-02,2022-08-27,2022-09-27,2022-09-27,69,476.95,32909.55,0,True,10
SHP-006800,PROD-0092,SUP-12,WH-02,2022-09-13,2022-09-18,2022-09-18,135,476.95,64388.25,0,True,19
SHP-006801,PROD-0092,SUP-12,WH-02,2022-09-30,2022-10-15,2022-10-20,140,476.95,66773.0,5,False,20
SHP-006802,PROD-0092,SUP-12,WH-02,2022-10-17,2022-10-22,2022-11-04,486,476.95,231797.7,13,False,70
SHP-006803,PROD-0092,SUP-12,WH-02,2022-11-03,2022-11-17,2022-11-17,143,476.95,68203.85,0,True,20
SHP-006804,PROD-0092,SUP-12,WH-02,2022-11-20,2022-12-09,2022-12-09,353,476.95,168363.35,0,True,51
SHP-006805,PROD-0092,SUP-12,WH-02,2022-12-07,2022-12-23,2022-12-23,230,476.95,109698.5,0,True,33
SHP-006806,PROD-0092,SUP-12,WH-02,2022-12-24,2023-01-24,2023-02-07,200,476.95,95390.0,14,False,29
SHP-006807,PROD-0092,SUP-12,WH-02,2023-01-10,2023-01-29,2023-01-29,374,476.95,178379.3,0,True,54
SHP-006808,PROD-0092,SUP-12,WH-02,2023-01-27,2023-02-12,2023-02-12,428,476.95,204134.6,0,True,62
SHP-006809,PROD-0092,SUP-12,WH-02,2023-02-13,2023-03-06,2023-03-16,454,476.95,216535.3,10,False,66
SHP-006810,PROD-0092,SUP-12,WH-02,2023-03-02,2023-03-14,2023-03-21,163,476.95,77742.85,7,False,23
SHP-006811,PROD-0092,SUP-12,WH-02,2023-03-19,2023-04-02,2023-04-16,329,476.95,156916.55,14,False,47
SHP-006812,PROD-0092,SUP-12,WH-02,2023-04-05,2023-04-10,2023-04-20,224,476.95,106836.8,10,False,32
SHP-006813,PROD-0092,SUP-12,WH-02,2023-04-22,2023-05-15,2023-05-15,90,476.95,42925.5,0,True,13
SHP-006814,PROD-0092,SUP-12,WH-02,2023-05-09,2023-05-28,2023-05-28,217,476.95,103498.15,0,True,31
SHP-006815,PROD-0092,SUP-12,WH-02,2023-05-26,2023-06-17,2023-06-17,222,476.95,105882.9,0,True,32
SHP-006816,PROD-0092,SUP-12,WH-02,2023-06-12,2023-07-09,2023-07-21,297,476.95,141654.15,12,False,43
SHP-006817,PROD-0092,SUP-12,WH-02,2023-06-29,2023-07-15,2023-07-18,225,476.95,107313.75,3,False,32
SHP-006818,PROD-0092,SUP-12,WH-02,2023-07-16,2023-07-29,2023-07-29,344,476.95,164070.8,0,True,50
SHP-006819,PROD-0092,SUP-12,WH-02,2023-08-02,2023-08-20,2023-08-20,351,476.95,167409.45,0,True,51
SHP-006820,PROD-0092,SUP-12,WH-02,2023-08-19,2023-09-03,2023-09-07,163,476.95,77742.85,4,False,23
SHP-006821,PROD-0092,SUP-12,WH-02,2023-09-05,2023-09-15,2023-09-15,450,476.95,214627.5,0,True,65
SHP-006822,PROD-0092,SUP-12,WH-02,2023-09-22,2023-10-05,2023-10-05,164,476.95,78219.8,0,True,23
SHP-006823,PROD-0092,SUP-12,WH-02,2023-10-09,2023-10-28,2023-11-11,308,476.95,146900.6,14,False,44
SHP-006824,PROD-0092,SUP-12,WH-02,2023-10-26,2023-11-04,2023-11-04,250,476.95,119237.5,0,True,36
SHP-006825,PROD-0092,SUP-12,WH-02,2023-11-12,2023-11-14,2023-11-14,380,476.95,181241.0,0,True,55
SHP-006826,PROD-0092,SUP-12,WH-02,2023-11-29,2023-12-03,2023-12-03,247,476.95,117806.65,0,True,36
SHP-006827,PROD-0092,SUP-12,WH-02,2023-12-16,2024-01-04,2024-01-04,58,476.95,27663.1,0,True,8
SHP-006828,PROD-0092,SUP-12,WH-02,2024-01-02,2024-01-17,2024-01-17,299,476.95,142608.05,0,True,43
SHP-006829,PROD-0092,SUP-12,WH-02,2024-01-19,2024-02-05,2024-02-05,472,476.95,225120.4,0,True,68
SHP-006830,PROD-0092,SUP-12,WH-02,2024-02-05,2024-02-19,2024-02-19,149,476.95,71065.55,0,True,21
SHP-006831,PROD-0092,SUP-12,WH-02,2024-02-22,2024-03-12,2024-03-12,111,476.95,52941.45,0,True,16
SHP-006832,PROD-0092,SUP-12,WH-02,2024-03-10,2024-04-02,2024-04-13,472,476.95,225120.4,11,False,68
SHP-006833,PROD-0092,SUP-12,WH-02,2024-03-27,2024-04-17,2024-04-17,476,476.95,227028.2,0,True,69
SHP-006834,PROD-0092,SUP-12,WH-02,2024-04-13,2024-04-17,2024-04-19,356,476.95,169794.2,2,False,51
SHP-006835,PROD-0092,SUP-12,WH-02,2024-04-30,2024-05-08,2024-05-08,151,476.95,72019.45,0,True,22
SHP-006836,PROD-0092,SUP-12,WH-02,2024-05-17,2024-06-05,2024-06-14,220,476.95,104929.0,9,False,32
SHP-006837,PROD-0092,SUP-12,WH-02,2024-06-03,2024-06-13,2024-06-13,456,476.95,217489.2,0,True,66
SHP-006838,PROD-0092,SUP-12,WH-02,2024-06-20,2024-07-14,2024-07-14,236,476.95,112560.2,0,True,34
SHP-006839,PROD-0092,SUP-12,WH-02,2024-07-07,2024-08-02,2024-08-02,95,476.95,45310.25,0,True,13
SHP-006840,PROD-0092,SUP-12,WH-02,2024-07-24,2024-08-19,2024-08-19,105,476.95,50079.75,0,True,15
SHP-006841,PROD-0092,SUP-12,WH-02,2024-08-10,2024-08-24,2024-08-30,153,476.95,72973.35,6,False,22
SHP-006842,PROD-0092,SUP-12,WH-02,2024-08-27,2024-09-15,2024-09-15,138,476.95,65819.1,0,True,20
SHP-006843,PROD-0092,SUP-12,WH-02,2024-09-13,2024-09-28,2024-09-28,159,476.95,75835.05,0,True,23
SHP-006844,PROD-0092,SUP-12,WH-02,2024-09-30,2024-10-28,2024-10-28,422,476.95,201272.9,0,True,61
SHP-006845,PROD-0092,SUP-12,WH-02,2024-10-17,2024-11-02,2024-11-16,99,476.95,47218.05,14,False,14
SHP-006846,PROD-0092,SUP-12,WH-02,2024-11-03,2024-12-02,2024-12-06,279,476.95,133069.05,4,False,40
SHP-006847,PROD-0092,SUP-12,WH-02,2024-11-20,2024-11-21,2024-11-21,58,476.95,27663.1,0,True,8
SHP-006848,PROD-0092,SUP-12,WH-02,2024-12-07,2024-12-17,2024-12-17,483,476.95,230366.85,0,True,70
SHP-006849,PROD-0092,SUP-12,WH-02,2024-12-24,2025-01-06,2025-01-06,379,476.95,180764.05,0,True,55
SHP-006850,PROD-0093,SUP-13,WH-03,2022-01-01,2022-02-07,2022-02-12,455,246.67,112234.85,5,False,44
SHP-006851,PROD-0093,SUP-13,WH-03,2022-01-12,2022-01-31,2022-01-31,231,246.67,56980.77,0,True,22
SHP-006852,PROD-0093,SUP-13,WH-03,2022-01-23,2022-02-19,2022-02-19,365,246.67,90034.55,0,True,35
SHP-006853,PROD-0093,SUP-13,WH-03,2022-02-03,2022-03-03,2022-03-12,112,246.67,27627.04,9,False,11
SHP-006854,PROD-0093,SUP-13,WH-03,2022-02-14,2022-03-17,2022-03-17,292,246.67,72027.64,0,True,28
SHP-006855,PROD-0093,SUP-13,WH-03,2022-02-25,2022-03-19,2022-03-19,425,246.67,104834.75,0,True,41
SHP-006856,PROD-0093,SUP-13,WH-03,2022-03-08,2022-03-25,2022-03-25,294,246.67,72520.98,0,True,28
SHP-006857,PROD-0093,SUP-13,WH-03,2022-03-19,2022-04-19,2022-04-19,116,246.67,28613.72,0,True,11
SHP-006858,PROD-0093,SUP-13,WH-03,2022-03-30,2022-04-30,2022-05-04,319,246.67,78687.73,4,False,31
SHP-006859,PROD-0093,SUP-13,WH-03,2022-04-10,2022-05-05,2022-05-14,228,246.67,56240.76,9,False,22
SHP-006860,PROD-0093,SUP-13,WH-03,2022-04-21,2022-05-16,2022-05-16,120,246.67,29600.4,0,True,11
SHP-006861,PROD-0093,SUP-13,WH-03,2022-05-02,2022-05-18,2022-05-18,464,246.67,114454.88,0,True,45
SHP-006862,PROD-0093,SUP-13,WH-03,2022-05-13,2022-06-17,2022-06-17,79,246.67,19486.93,0,True,7
SHP-006863,PROD-0093,SUP-13,WH-03,2022-05-24,2022-06-24,2022-06-30,348,246.67,85841.16,6,False,34
SHP-006864,PROD-0093,SUP-13,WH-03,2022-06-04,2022-06-25,2022-06-25,436,246.67,107548.12,0,True,42
SHP-006865,PROD-0093,SUP-13,WH-03,2022-06-15,2022-07-16,2022-07-16,193,246.67,47607.31,0,True,19
SHP-006866,PROD-0093,SUP-13,WH-03,2022-06-26,2022-07-10,2022-07-15,120,246.67,29600.4,5,False,11
SHP-006867,PROD-0093,SUP-13,WH-03,2022-07-07,2022-07-31,2022-07-31,311,246.67,76714.37,0,True,30
SHP-006868,PROD-0093,SUP-13,WH-03,2022-07-18,2022-08-11,2022-08-17,392,246.67,96694.64,6,False,38
SHP-006869,PROD-0093,SUP-13,WH-03,2022-07-29,2022-08-18,2022-08-18,223,246.67,55007.41,0,True,21
SHP-006870,PROD-0093,SUP-13,WH-03,2022-08-09,2022-09-03,2022-09-03,236,246.67,58214.12,0,True,23
SHP-006871,PROD-0093,SUP-13,WH-03,2022-08-20,2022-09-15,2022-09-28,453,246.67,111741.51,13,False,44
SHP-006872,PROD-0093,SUP-13,WH-03,2022-08-31,2022-09-29,2022-10-11,197,246.67,48593.99,12,False,19
SHP-006873,PROD-0093,SUP-13,WH-03,2022-09-11,2022-10-16,2022-10-16,205,246.67,50567.35,0,True,20
SHP-006874,PROD-0093,SUP-13,WH-03,2022-09-22,2022-10-20,2022-10-30,92,246.67,22693.64,10,False,9
SHP-006875,PROD-0093,SUP-13,WH-03,2022-10-03,2022-11-09,2022-11-09,220,246.67,54267.4,0,True,21
SHP-006876,PROD-0093,SUP-13,WH-03,2022-10-14,2022-11-09,2022-11-09,485,246.67,119634.95,0,True,47
SHP-006877,PROD-0093,SUP-13,WH-03,2022-10-25,2022-11-16,2022-11-17,71,246.67,17513.57,1,False,7
SHP-006878,PROD-0093,SUP-13,WH-03,2022-11-05,2022-11-27,2022-11-27,240,246.67,59200.8,0,True,23
SHP-006879,PROD-0093,SUP-13,WH-03,2022-11-16,2022-12-11,2022-12-11,381,246.67,93981.27,0,True,37
SHP-006880,PROD-0093,SUP-13,WH-03,2022-11-27,2022-12-19,2022-12-19,171,246.67,42180.57,0,True,16
SHP-006881,PROD-0093,SUP-13,WH-03,2022-12-08,2023-01-07,2023-01-07,472,246.67,116428.24,0,True,46
SHP-006882,PROD-0093,SUP-13,WH-03,2022-12-19,2023-01-13,2023-01-13,216,246.67,53280.72,0,True,21
SHP-006883,PROD-0093,SUP-13,WH-03,2022-12-30,2023-01-26,2023-01-26,156,246.67,38480.52,0,True,15
SHP-006884,PROD-0093,SUP-13,WH-03,2023-01-10,2023-01-31,2023-01-31,296,246.67,73014.32,0,True,29
SHP-006885,PROD-0093,SUP-13,WH-03,2023-01-21,2023-02-19,2023-02-19,374,246.67,92254.58,0,True,36
SHP-006886,PROD-0093,SUP-13,WH-03,2023-02-01,2023-02-23,2023-02-23,427,246.67,105328.09,0,True,42
SHP-006887,PROD-0093,SUP-13,WH-03,2023-02-12,2023-03-15,2023-03-15,195,246.67,48100.65,0,True,19
SHP-006888,PROD-0093,SUP-13,WH-03,2023-02-23,2023-03-17,2023-03-17,316,246.67,77947.72,0,True,31
SHP-006889,PROD-0093,SUP-13,WH-03,2023-03-06,2023-03-28,2023-03-28,247,246.67,60927.49,0,True,24
SHP-006890,PROD-0093,SUP-13,WH-03,2023-03-17,2023-04-07,2023-04-07,416,246.67,102614.72,0,True,41
SHP-006891,PROD-0093,SUP-13,WH-03,2023-03-28,2023-04-16,2023-04-16,485,246.67,119634.95,0,True,47
SHP-006892,PROD-0093,SUP-13,WH-03,2023-04-08,2023-05-10,2023-05-22,163,246.67,40207.21,12,False,16
SHP-006893,PROD-0093,SUP-13,WH-03,2023-04-19,2023-05-21,2023-05-21,376,246.67,92747.92,0,True,37
SHP-006894,PROD-0093,SUP-13,WH-03,2023-04-30,2023-05-30,2023-05-30,199,246.67,49087.33,0,True,19
SHP-006895,PROD-0093,SUP-13,WH-03,2023-05-11,2023-06-04,2023-06-04,432,246.67,106561.44,0,True,42
SHP-006896,PROD-0093,SUP-13,WH-03,2023-05-22,2023-06-09,2023-06-09,483,246.67,119141.61,0,True,47
SHP-006897,PROD-0093,SUP-13,WH-03,2023-06-02,2023-07-02,2023-07-11,410,246.67,101134.7,9,False,40
SHP-006898,PROD-0093,SUP-13,WH-03,2023-06-13,2023-07-04,2023-07-07,197,246.67,48593.99,3,False,19
SHP-006899,PROD-0093,SUP-13,WH-03,2023-06-24,2023-07-16,2023-07-20,85,246.67,20966.95,4,False,8
SHP-006900,PROD-0093,SUP-13,WH-03,2023-07-05,2023-07-31,2023-07-31,466,246.67,114948.22,0,True,45
SHP-006901,PROD-0093,SUP-13,WH-03,2023-07-16,2023-08-14,2023-08-14,463,246.67,114208.21,0,True,45
SHP-006902,PROD-0093,SUP-13,WH-03,2023-07-27,2023-08-25,2023-08-25,118,246.67,29107.06,0,True,11
SHP-006903,PROD-0093,SUP-13,WH-03,2023-08-07,2023-09-06,2023-09-10,114,246.67,28120.38,4,False,11
SHP-006904,PROD-0093,SUP-13,WH-03,2023-08-18,2023-09-05,2023-09-05,499,246.67,123088.33,0,True,49
SHP-006905,PROD-0093,SUP-13,WH-03,2023-08-29,2023-09-23,2023-09-23,370,246.67,91267.9,0,True,36
SHP-006906,PROD-0093,SUP-13,WH-03,2023-09-09,2023-10-07,2023-10-07,80,246.67,19733.6,0,True,7
SHP-006907,PROD-0093,SUP-13,WH-03,2023-09-20,2023-10-08,2023-10-08,96,246.67,23680.32,0,True,9
SHP-006908,PROD-0093,SUP-13,WH-03,2023-10-01,2023-10-26,2023-10-26,184,246.67,45387.28,0,True,18
SHP-006909,PROD-0093,SUP-13,WH-03,2023-10-12,2023-11-07,2023-11-07,417,246.67,102861.39,0,True,41
SHP-006910,PROD-0093,SUP-13,WH-03,2023-10-23,2023-11-11,2023-11-11,62,246.67,15293.54,0,True,6
SHP-006911,PROD-0093,SUP-13,WH-03,2023-11-03,2023-11-30,2023-11-30,291,246.67,71780.97,0,True,28
SHP-006912,PROD-0093,SUP-13,WH-03,2023-11-14,2023-12-13,2023-12-13,94,246.67,23186.98,0,True,9
SHP-006913,PROD-0093,SUP-13,WH-03,2023-11-25,2023-12-19,2023-12-19,452,246.67,111494.84,0,True,44
SHP-006914,PROD-0093,SUP-13,WH-03,2023-12-06,2024-01-08,2024-01-11,295,246.67,72767.65,3,False,29
SHP-006915,PROD-0093,SUP-13,WH-03,2023-12-17,2024-01-16,2024-01-16,432,246.67,106561.44,0,True,42
SHP-006916,PROD-0093,SUP-13,WH-03,2023-12-28,2024-01-20,2024-01-20,186,246.67,45880.62,0,True,18
SHP-006917,PROD-0093,SUP-13,WH-03,2024-01-08,2024-02-05,2024-02-05,129,246.67,31820.43,0,True,12
SHP-006918,PROD-0093,SUP-13,WH-03,2024-01-19,2024-02-04,2024-02-04,66,246.67,16280.22,0,True,6
SHP-006919,PROD-0093,SUP-13,WH-03,2024-01-30,2024-03-04,2024-03-04,96,246.67,23680.32,0,True,9
SHP-006920,PROD-0093,SUP-13,WH-03,2024-02-10,2024-03-09,2024-03-18,487,246.67,120128.29,9,False,48
SHP-006921,PROD-0093,SUP-13,WH-03,2024-02-21,2024-03-19,2024-03-19,245,246.67,60434.15,0,True,24
SHP-006922,PROD-0093,SUP-13,WH-03,2024-03-03,2024-03-25,2024-03-25,423,246.67,104341.41,0,True,41
SHP-006923,PROD-0093,SUP-13,WH-03,2024-03-14,2024-04-02,2024-04-02,331,246.67,81647.77,0,True,32
SHP-006924,PROD-0093,SUP-13,WH-03,2024-03-25,2024-04-24,2024-04-24,275,246.67,67834.25,0,True,27
SHP-006925,PROD-0093,SUP-13,WH-03,2024-04-05,2024-05-03,2024-05-03,139,246.67,34287.13,0,True,13
SHP-006926,PROD-0093,SUP-13,WH-03,2024-04-16,2024-05-13,2024-05-13,160,246.67,39467.2,0,True,15
SHP-006927,PROD-0093,SUP-13,WH-03,2024-04-27,2024-05-26,2024-05-26,417,246.67,102861.39,0,True,41
SHP-006928,PROD-0093,SUP-13,WH-03,2024-05-08,2024-05-31,2024-05-31,339,246.67,83621.13,0,True,33
SHP-006929,PROD-0093,SUP-13,WH-03,2024-05-19,2024-06-13,2024-06-13,145,246.67,35767.15,0,True,14
SHP-006930,PROD-0093,SUP-13,WH-03,2024-05-30,2024-06-25,2024-07-09,216,246.67,53280.72,14,False,21
SHP-006931,PROD-0093,SUP-13,WH-03,2024-06-10,2024-07-01,2024-07-01,345,246.67,85101.15,0,True,34
SHP-006932,PROD-0093,SUP-13,WH-03,2024-06-21,2024-07-19,2024-07-29,159,246.67,39220.53,10,False,15
SHP-006933,PROD-0093,SUP-13,WH-03,2024-07-02,2024-07-26,2024-07-26,137,246.67,33793.79,0,True,13
SHP-006934,PROD-0093,SUP-13,WH-03,2024-07-13,2024-08-07,2024-08-07,459,246.67,113221.53,0,True,45
SHP-006935,PROD-0093,SUP-13,WH-03,2024-07-24,2024-08-19,2024-08-19,349,246.67,86087.83,0,True,34
SHP-006936,PROD-0093,SUP-13,WH-03,2024-08-04,2024-08-30,2024-08-30,170,246.67,41933.9,0,True,16
SHP-006937,PROD-0093,SUP-13,WH-03,2024-08-15,2024-09-10,2024-09-10,171,246.67,42180.57,0,True,16
SHP-006938,PROD-0093,SUP-13,WH-03,2024-08-26,2024-09-11,2024-09-11,236,246.67,58214.12,0,True,23
SHP-006939,PROD-0093,SUP-13,WH-03,2024-09-06,2024-09-30,2024-10-12,454,246.67,111988.18,12,False,44
SHP-006940,PROD-0093,SUP-13,WH-03,2024-09-17,2024-10-12,2024-10-22,326,246.67,80414.42,10,False,32
SHP-006941,PROD-0093,SUP-13,WH-03,2024-09-28,2024-10-18,2024-10-18,207,246.67,51060.69,0,True,20
SHP-006942,PROD-0093,SUP-13,WH-03,2024-10-09,2024-10-31,2024-10-31,300,246.67,74001.0,0,True,29
SHP-006943,PROD-0093,SUP-13,WH-03,2024-10-20,2024-11-24,2024-11-24,427,246.67,105328.09,0,True,42
SHP-006944,PROD-0093,SUP-13,WH-03,2024-10-31,2024-11-28,2024-12-10,162,246.67,39960.54,12,False,15
SHP-006945,PROD-0093,SUP-13,WH-03,2024-11-11,2024-12-06,2024-12-09,198,246.67,48840.66,3,False,19
SHP-006946,PROD-0093,SUP-13,WH-03,2024-11-22,2024-12-13,2024-12-17,342,246.67,84361.14,4,False,33
SHP-006947,PROD-0093,SUP-13,WH-03,2024-12-03,2024-12-28,2024-12-28,179,246.67,44153.93,0,True,17
SHP-006948,PROD-0093,SUP-13,WH-03,2024-12-14,2025-01-19,2025-01-29,446,246.67,110014.82,10,False,43
SHP-006949,PROD-0093,SUP-13,WH-03,2024-12-25,2025-01-18,2025-01-18,421,246.67,103848.07,0,True,41
SHP-006950,PROD-0094,SUP-14,WH-04,2022-01-01,2022-02-09,2022-02-09,359,341.18,122483.62,0,True,17
SHP-006951,PROD-0094,SUP-14,WH-04,2022-01-12,2022-02-19,2022-02-19,348,341.18,118730.64,0,True,16
SHP-006952,PROD-0094,SUP-14,WH-04,2022-01-23,2022-03-02,2022-03-02,342,341.18,116683.56,0,True,16
SHP-006953,PROD-0094,SUP-14,WH-04,2022-02-03,2022-03-14,2022-03-14,132,341.18,45035.76,0,True,6
SHP-006954,PROD-0094,SUP-14,WH-04,2022-02-14,2022-03-26,2022-03-26,391,341.18,133401.38,0,True,18
SHP-006955,PROD-0094,SUP-14,WH-04,2022-02-25,2022-04-08,2022-04-08,319,341.18,108836.42,0,True,15
SHP-006956,PROD-0094,SUP-14,WH-04,2022-03-08,2022-04-16,2022-04-16,159,341.18,54247.62,0,True,7
SHP-006957,PROD-0094,SUP-14,WH-04,2022-03-19,2022-04-27,2022-04-27,468,341.18,159672.24,0,True,22
SHP-006958,PROD-0094,SUP-14,WH-04,2022-03-30,2022-05-09,2022-05-09,335,341.18,114295.3,0,True,16
SHP-006959,PROD-0094,SUP-14,WH-04,2022-04-10,2022-05-19,2022-05-19,126,341.18,42988.68,0,True,6
SHP-006960,PROD-0094,SUP-14,WH-04,2022-04-21,2022-05-31,2022-05-31,435,341.18,148413.3,0,True,21
SHP-006961,PROD-0094,SUP-14,WH-04,2022-05-02,2022-06-12,2022-06-12,236,341.18,80518.48,0,True,11
SHP-006962,PROD-0094,SUP-14,WH-04,2022-05-13,2022-06-23,2022-06-23,421,341.18,143636.78,0,True,20
SHP-006963,PROD-0094,SUP-14,WH-04,2022-05-24,2022-06-30,2022-06-30,146,341.18,49812.28,0,True,7
SHP-006964,PROD-0094,SUP-14,WH-04,2022-06-04,2022-07-12,2022-07-12,72,341.18,24564.96,0,True,3
SHP-006965,PROD-0094,SUP-14,WH-04,2022-06-15,2022-07-24,2022-07-24,300,341.18,102354.0,0,True,14
SHP-006966,PROD-0094,SUP-14,WH-04,2022-06-26,2022-08-05,2022-08-05,401,341.18,136813.18,0,True,19
SHP-006967,PROD-0094,SUP-14,WH-04,2022-07-07,2022-08-15,2022-08-15,309,341.18,105424.62,0,True,14
SHP-006968,PROD-0094,SUP-14,WH-04,2022-07-18,2022-08-26,2022-08-26,228,341.18,77789.04,0,True,11
SHP-006969,PROD-0094,SUP-14,WH-04,2022-07-29,2022-09-07,2022-09-07,428,341.18,146025.04,0,True,20
SHP-006970,PROD-0094,SUP-14,WH-04,2022-08-09,2022-09-16,2022-09-16,240,341.18,81883.2,0,True,11
SHP-006971,PROD-0094,SUP-14,WH-04,2022-08-20,2022-09-27,2022-09-27,144,341.18,49129.92,0,True,6
SHP-006972,PROD-0094,SUP-14,WH-04,2022-08-31,2022-10-10,2022-10-10,251,341.18,85636.18,0,True,12
SHP-006973,PROD-0094,SUP-14,WH-04,2022-09-11,2022-10-20,2022-10-20,434,341.18,148072.12,0,True,20
SHP-006974,PROD-0094,SUP-14,WH-04,2022-09-22,2022-11-02,2022-11-15,443,341.18,151142.74,13,False,21
SHP-006975,PROD-0094,SUP-14,WH-04,2022-10-03,2022-11-12,2022-11-12,192,341.18,65506.56,0,True,9
SHP-006976,PROD-0094,SUP-14,WH-04,2022-10-14,2022-11-24,2022-11-24,248,341.18,84612.64,0,True,11
SHP-006977,PROD-0094,SUP-14,WH-04,2022-10-25,2022-12-05,2022-12-05,343,341.18,117024.74,0,True,16
SHP-006978,PROD-0094,SUP-14,WH-04,2022-11-05,2022-12-14,2022-12-14,214,341.18,73012.52,0,True,10
SHP-006979,PROD-0094,SUP-14,WH-04,2022-11-16,2022-12-24,2022-12-24,227,341.18,77447.86,0,True,10
SHP-006980,PROD-0094,SUP-14,WH-04,2022-11-27,2023-01-06,2023-01-06,157,341.18,53565.26,0,True,7
SHP-006981,PROD-0094,SUP-14,WH-04,2022-12-08,2023-01-16,2023-01-16,494,341.18,168542.92,0,True,23
SHP-006982,PROD-0094,SUP-14,WH-04,2022-12-19,2023-01-27,2023-01-27,126,341.18,42988.68,0,True,6
SHP-006983,PROD-0094,SUP-14,WH-04,2022-12-30,2023-02-07,2023-02-07,448,341.18,152848.64,0,True,21
SHP-006984,PROD-0094,SUP-14,WH-04,2023-01-10,2023-02-17,2023-03-01,433,341.18,147730.94,12,False,20
SHP-006985,PROD-0094,SUP-14,WH-04,2023-01-21,2023-03-02,2023-03-02,97,341.18,33094.46,0,True,4
SHP-006986,PROD-0094,SUP-14,WH-04,2023-02-01,2023-03-12,2023-03-12,191,341.18,65165.38,0,True,9
SHP-006987,PROD-0094,SUP-14,WH-04,2023-02-12,2023-03-23,2023-03-23,311,341.18,106106.98,0,True,15
SHP-006988,PROD-0094,SUP-14,WH-04,2023-02-23,2023-04-03,2023-04-03,471,341.18,160695.78,0,True,22
SHP-006989,PROD-0094,SUP-14,WH-04,2023-03-06,2023-04-16,2023-04-20,345,341.18,117707.1,4,False,16
SHP-006990,PROD-0094,SUP-14,WH-04,2023-03-17,2023-04-25,2023-05-02,92,341.18,31388.56,7,False,4
SHP-006991,PROD-0094,SUP-14,WH-04,2023-03-28,2023-05-05,2023-05-05,305,341.18,104059.9,0,True,14
SHP-006992,PROD-0094,SUP-14,WH-04,2023-04-08,2023-05-18,2023-05-18,108,341.18,36847.44,0,True,5
SHP-006993,PROD-0094,SUP-14,WH-04,2023-04-19,2023-05-30,2023-05-30,374,341.18,127601.32,0,True,18
SHP-006994,PROD-0094,SUP-14,WH-04,2023-04-30,2023-06-09,2023-06-09,109,341.18,37188.62,0,True,5
SHP-006995,PROD-0094,SUP-14,WH-04,2023-05-11,2023-06-18,2023-06-18,493,341.18,168201.74,0,True,23
SHP-006996,PROD-0094,SUP-14,WH-04,2023-05-22,2023-07-01,2023-07-12,285,341.18,97236.3,11,False,13
SHP-006997,PROD-0094,SUP-14,WH-04,2023-06-02,2023-07-13,2023-07-13,388,341.18,132377.84,0,True,18
SHP-006998,PROD-0094,SUP-14,WH-04,2023-06-13,2023-07-23,2023-07-23,360,341.18,122824.8,0,True,17
SHP-006999,PROD-0094,SUP-14,WH-04,2023-06-24,2023-08-01,2023-08-01,95,341.18,32412.1,0,True,4
SHP-007000,PROD-0094,SUP-14,WH-04,2023-07-05,2023-08-12,2023-08-12,256,341.18,87342.08,0,True,12
SHP-007001,PROD-0094,SUP-14,WH-04,2023-07-16,2023-08-24,2023-08-24,142,341.18,48447.56,0,True,6
SHP-007002,PROD-0094,SUP-14,WH-04,2023-07-27,2023-09-03,2023-09-03,419,341.18,142954.42,0,True,20
SHP-007003,PROD-0094,SUP-14,WH-04,2023-08-07,2023-09-14,2023-09-14,420,341.18,143295.6,0,True,20
SHP-007004,PROD-0094,SUP-14,WH-04,2023-08-18,2023-09-25,2023-09-25,320,341.18,109177.6,0,True,15
SHP-007005,PROD-0094,SUP-14,WH-04,2023-08-29,2023-10-07,2023-10-07,177,341.18,60388.86,0,True,8
SHP-007006,PROD-0094,SUP-14,WH-04,2023-09-09,2023-10-18,2023-10-22,432,341.18,147389.76,4,False,20
SHP-007007,PROD-0094,SUP-14,WH-04,2023-09-20,2023-10-29,2023-10-29,200,341.18,68236.0,0,True,9
SHP-007008,PROD-0094,SUP-14,WH-04,2023-10-01,2023-11-10,2023-11-10,244,341.18,83247.92,0,True,11
SHP-007009,PROD-0094,SUP-14,WH-04,2023-10-12,2023-11-19,2023-11-19,56,341.18,19106.08,0,True,2
SHP-007010,PROD-0094,SUP-14,WH-04,2023-10-23,2023-12-03,2023-12-03,383,341.18,130671.94,0,True,18
SHP-007011,PROD-0094,SUP-14,WH-04,2023-11-03,2023-12-13,2023-12-13,447,341.18,152507.46,0,True,21
SHP-007012,PROD-0094,SUP-14,WH-04,2023-11-14,2023-12-22,2023-12-22,441,341.18,150460.38,0,True,21
SHP-007013,PROD-0094,SUP-14,WH-04,2023-11-25,2024-01-04,2024-01-04,101,341.18,34459.18,0,True,4
SHP-007014,PROD-0094,SUP-14,WH-04,2023-12-06,2024-01-14,2024-01-14,454,341.18,154895.72,0,True,21
SHP-007015,PROD-0094,SUP-14,WH-04,2023-12-17,2024-01-26,2024-01-26,370,341.18,126236.6,0,True,17
SHP-007016,PROD-0094,SUP-14,WH-04,2023-12-28,2024-02-06,2024-02-06,222,341.18,75741.96,0,True,10
SHP-007017,PROD-0094,SUP-14,WH-04,2024-01-08,2024-02-16,2024-02-16,390,341.18,133060.2,0,True,18
SHP-007018,PROD-0094,SUP-14,WH-04,2024-01-19,2024-02-27,2024-03-04,126,341.18,42988.68,6,False,6
SHP-007019,PROD-0094,SUP-14,WH-04,2024-01-30,2024-03-09,2024-03-09,115,341.18,39235.7,0,True,5
SHP-007020,PROD-0094,SUP-14,WH-04,2024-02-10,2024-03-21,2024-03-21,352,341.18,120095.36,0,True,17
SHP-007021,PROD-0094,SUP-14,WH-04,2024-02-21,2024-03-31,2024-03-31,237,341.18,80859.66,0,True,11
SHP-007022,PROD-0094,SUP-14,WH-04,2024-03-03,2024-04-12,2024-04-12,479,341.18,163425.22,0,True,23
SHP-007023,PROD-0094,SUP-14,WH-04,2024-03-14,2024-04-22,2024-04-22,429,341.18,146366.22,0,True,20
SHP-007024,PROD-0094,SUP-14,WH-04,2024-03-25,2024-05-02,2024-05-02,462,341.18,157625.16,0,True,22
SHP-007025,PROD-0094,SUP-14,WH-04,2024-04-05,2024-05-14,2024-05-14,341,341.18,116342.38,0,True,16
SHP-007026,PROD-0094,SUP-14,WH-04,2024-04-16,2024-05-26,2024-05-26,448,341.18,152848.64,0,True,21
SHP-007027,PROD-0094,SUP-14,WH-04,2024-04-27,2024-06-06,2024-06-06,471,341.18,160695.78,0,True,22
SHP-007028,PROD-0094,SUP-14,WH-04,2024-05-08,2024-06-15,2024-06-15,167,341.18,56977.06,0,True,8
SHP-007029,PROD-0094,SUP-14,WH-04,2024-05-19,2024-06-27,2024-06-27,191,341.18,65165.38,0,True,9
SHP-007030,PROD-0094,SUP-14,WH-04,2024-05-30,2024-07-10,2024-07-10,233,341.18,79494.94,0,True,11
SHP-007031,PROD-0094,SUP-14,WH-04,2024-06-10,2024-07-19,2024-07-19,237,341.18,80859.66,0,True,11
SHP-007032,PROD-0094,SUP-14,WH-04,2024-06-21,2024-08-01,2024-08-01,116,341.18,39576.88,0,True,5
SHP-007033,PROD-0094,SUP-14,WH-04,2024-07-02,2024-08-08,2024-08-08,182,341.18,62094.76,0,True,8
SHP-007034,PROD-0094,SUP-14,WH-04,2024-07-13,2024-08-21,2024-08-21,448,341.18,152848.64,0,True,21
SHP-007035,PROD-0094,SUP-14,WH-04,2024-07-24,2024-08-31,2024-08-31,296,341.18,100989.28,0,True,14
SHP-007036,PROD-0094,SUP-14,WH-04,2024-08-04,2024-09-13,2024-09-13,235,341.18,80177.3,0,True,11
SHP-007037,PROD-0094,SUP-14,WH-04,2024-08-15,2024-09-23,2024-09-23,168,341.18,57318.24,0,True,8
SHP-007038,PROD-0094,SUP-14,WH-04,2024-08-26,2024-10-06,2024-10-06,80,341.18,27294.4,0,True,3
SHP-007039,PROD-0094,SUP-14,WH-04,2024-09-06,2024-10-16,2024-10-16,81,341.18,27635.58,0,True,3
SHP-007040,PROD-0094,SUP-14,WH-04,2024-09-17,2024-10-26,2024-10-26,93,341.18,31729.74,0,True,4
SHP-007041,PROD-0094,SUP-14,WH-04,2024-09-28,2024-11-07,2024-11-07,352,341.18,120095.36,0,True,17
SHP-007042,PROD-0094,SUP-14,WH-04,2024-10-09,2024-11-17,2024-11-17,116,341.18,39576.88,0,True,5
SHP-007043,PROD-0094,SUP-14,WH-04,2024-10-20,2024-11-29,2024-11-29,321,341.18,109518.78,0,True,15
SHP-007044,PROD-0094,SUP-14,WH-04,2024-10-31,2024-12-08,2024-12-19,104,341.18,35482.72,11,False,5
SHP-007045,PROD-0094,SUP-14,WH-04,2024-11-11,2024-12-23,2024-12-23,492,341.18,167860.56,0,True,23
SHP-007046,PROD-0094,SUP-14,WH-04,2024-11-22,2025-01-01,2025-01-01,400,341.18,136472.0,0,True,19
SHP-007047,PROD-0094,SUP-14,WH-04,2024-12-03,2025-01-13,2025-01-13,163,341.18,55612.34,0,True,7
SHP-007048,PROD-0094,SUP-14,WH-04,2024-12-14,2025-01-23,2025-01-23,196,341.18,66871.28,0,True,9
SHP-007049,PROD-0094,SUP-14,WH-04,2024-12-25,2025-02-02,2025-02-02,113,341.18,38553.34,0,True,5
SHP-007050,PROD-0095,SUP-15,WH-05,2022-01-01,2022-01-02,2022-01-02,257,269.39,69233.23,0,True,3
SHP-007051,PROD-0095,SUP-15,WH-05,2022-01-11,2022-01-25,2022-01-25,443,269.39,119339.77,0,True,5
SHP-007052,PROD-0095,SUP-15,WH-05,2022-01-21,2022-02-14,2022-02-14,266,269.39,71657.74,0,True,3
SHP-007053,PROD-0095,SUP-15,WH-05,2022-01-31,2022-02-08,2022-02-08,83,269.39,22359.37,0,True,1
SHP-007054,PROD-0095,SUP-15,WH-05,2022-02-10,2022-03-15,2022-03-15,396,269.39,106678.44,0,True,4
SHP-007055,PROD-0095,SUP-15,WH-05,2022-02-20,2022-03-10,2022-03-23,240,269.39,64653.6,13,False,3
SHP-007056,PROD-0095,SUP-15,WH-05,2022-03-02,2022-04-07,2022-04-07,138,269.39,37175.82,0,True,1
SHP-007057,PROD-0095,SUP-15,WH-05,2022-03-12,2022-03-27,2022-03-27,480,269.39,129307.2,0,True,6
SHP-007058,PROD-0095,SUP-15,WH-05,2022-03-22,2022-04-15,2022-04-15,464,269.39,124996.96,0,True,5
SHP-007059,PROD-0095,SUP-15,WH-05,2022-04-01,2022-04-24,2022-04-24,51,269.39,13738.89,0,True,0
SHP-007060,PROD-0095,SUP-15,WH-05,2022-04-11,2022-04-19,2022-04-19,80,269.39,21551.2,0,True,1
SHP-007061,PROD-0095,SUP-15,WH-05,2022-04-21,2022-05-13,2022-05-13,451,269.39,121494.89,0,True,5
SHP-007062,PROD-0095,SUP-15,WH-05,2022-05-01,2022-05-24,2022-05-24,156,269.39,42024.84,0,True,1
SHP-007063,PROD-0095,SUP-15,WH-05,2022-05-11,2022-06-05,2022-06-05,427,269.39,115029.53,0,True,5
SHP-007064,PROD-0095,SUP-15,WH-05,2022-05-21,2022-06-18,2022-06-18,167,269.39,44988.13,0,True,2
SHP-007065,PROD-0095,SUP-15,WH-05,2022-05-31,2022-06-08,2022-06-08,191,269.39,51453.49,0,True,2
SHP-007066,PROD-0095,SUP-15,WH-05,2022-06-10,2022-07-03,2022-07-03,300,269.39,80817.0,0,True,3
SHP-007067,PROD-0095,SUP-15,WH-05,2022-06-20,2022-07-01,2022-07-01,71,269.39,19126.69,0,True,0
SHP-007068,PROD-0095,SUP-15,WH-05,2022-06-30,2022-07-12,2022-07-12,99,269.39,26669.61,0,True,1
SHP-007069,PROD-0095,SUP-15,WH-05,2022-07-10,2022-07-22,2022-07-22,237,269.39,63845.43,0,True,2
SHP-007070,PROD-0095,SUP-15,WH-05,2022-07-20,2022-08-10,2022-08-10,353,269.39,95094.67,0,True,4
SHP-007071,PROD-0095,SUP-15,WH-05,2022-07-30,2022-08-23,2022-08-23,105,269.39,28285.95,0,True,1
SHP-007072,PROD-0095,SUP-15,WH-05,2022-08-09,2022-08-26,2022-08-26,287,269.39,77314.93,0,True,3
SHP-007073,PROD-0095,SUP-15,WH-05,2022-08-19,2022-09-07,2022-09-07,71,269.39,19126.69,0,True,0
SHP-007074,PROD-0095,SUP-15,WH-05,2022-08-29,2022-09-06,2022-09-06,176,269.39,47412.64,0,True,2
SHP-007075,PROD-0095,SUP-15,WH-05,2022-09-08,2022-09-30,2022-09-30,167,269.39,44988.13,0,True,2
SHP-007076,PROD-0095,SUP-15,WH-05,2022-09-18,2022-10-04,2022-10-04,74,269.39,19934.86,0,True,0
SHP-007077,PROD-0095,SUP-15,WH-05,2022-09-28,2022-10-10,2022-10-10,234,269.39,63037.26,0,True,2
SHP-007078,PROD-0095,SUP-15,WH-05,2022-10-08,2022-10-10,2022-10-10,301,269.39,81086.39,0,True,3
SHP-007079,PROD-0095,SUP-15,WH-05,2022-10-18,2022-10-30,2022-10-30,255,269.39,68694.45,0,True,3
SHP-007080,PROD-0095,SUP-15,WH-05,2022-10-28,2022-11-15,2022-11-15,150,269.39,40408.5,0,True,1
SHP-007081,PROD-0095,SUP-15,WH-05,2022-11-07,2022-11-30,2022-11-30,272,269.39,73274.08,0,True,3
SHP-007082,PROD-0095,SUP-15,WH-05,2022-11-17,2022-11-29,2022-11-29,490,269.39,132001.1,0,True,6
SHP-007083,PROD-0095,SUP-15,WH-05,2022-11-27,2022-12-14,2022-12-14,278,269.39,74890.42,0,True,3
SHP-007084,PROD-0095,SUP-15,WH-05,2022-12-07,2023-01-06,2023-01-06,355,269.39,95633.45,0,True,4
SHP-007085,PROD-0095,SUP-15,WH-05,2022-12-17,2023-01-14,2023-01-14,154,269.39,41486.06,0,True,1
SHP-007086,PROD-0095,SUP-15,WH-05,2022-12-27,2023-01-12,2023-01-12,220,269.39,59265.8,0,True,2
SHP-007087,PROD-0095,SUP-15,WH-05,2023-01-06,2023-01-22,2023-01-26,461,269.39,124188.79,4,False,5
SHP-007088,PROD-0095,SUP-15,WH-05,2023-01-16,2023-02-17,2023-02-17,360,269.39,96980.4,0,True,4
SHP-007089,PROD-0095,SUP-15,WH-05,2023-01-26,2023-02-16,2023-02-16,464,269.39,124996.96,0,True,5
SHP-007090,PROD-0095,SUP-15,WH-05,2023-02-05,2023-02-22,2023-02-22,479,269.39,129037.81,0,True,5
SHP-007091,PROD-0095,SUP-15,WH-05,2023-02-15,2023-03-06,2023-03-06,273,269.39,73543.47,0,True,3
SHP-007092,PROD-0095,SUP-15,WH-05,2023-02-25,2023-03-10,2023-03-10,230,269.39,61959.7,0,True,2
SHP-007093,PROD-0095,SUP-15,WH-05,2023-03-07,2023-03-17,2023-03-17,173,269.39,46604.47,0,True,2
SHP-007094,PROD-0095,SUP-15,WH-05,2023-03-17,2023-04-03,2023-04-03,487,269.39,131192.93,0,True,6
SHP-007095,PROD-0095,SUP-15,WH-05,2023-03-27,2023-04-24,2023-04-24,79,269.39,21281.81,0,True,0
SHP-007096,PROD-0095,SUP-15,WH-05,2023-04-06,2023-04-24,2023-04-24,267,269.39,71927.13,0,True,3
SHP-007097,PROD-0095,SUP-15,WH-05,2023-04-16,2023-05-04,2023-05-04,219,269.39,58996.41,0,True,2
SHP-007098,PROD-0095,SUP-15,WH-05,2023-04-26,2023-05-20,2023-05-20,436,269.39,117454.04,0,True,5
SHP-007099,PROD-0095,SUP-15,WH-05,2023-05-06,2023-05-26,2023-05-26,75,269.39,20204.25,0,True,0
SHP-007100,PROD-0095,SUP-15,WH-05,2023-05-16,2023-05-25,2023-05-25,391,269.39,105331.49,0,True,4
SHP-007101,PROD-0095,SUP-15,WH-05,2023-05-26,2023-06-17,2023-06-17,179,269.39,48220.81,0,True,2
SHP-007102,PROD-0095,SUP-15,WH-05,2023-06-05,2023-06-12,2023-06-12,385,269.39,103715.15,0,True,4
SHP-007103,PROD-0095,SUP-15,WH-05,2023-06-15,2023-07-13,2023-07-13,328,269.39,88359.92,0,True,4
SHP-007104,PROD-0095,SUP-15,WH-05,2023-06-25,2023-07-18,2023-07-18,84,269.39,22628.76,0,True,1
SHP-007105,PROD-0095,SUP-15,WH-05,2023-07-05,2023-07-28,2023-07-28,437,269.39,117723.43,0,True,5
SHP-007106,PROD-0095,SUP-15,WH-05,2023-07-15,2023-08-18,2023-08-18,373,269.39,100482.47,0,True,4
SHP-007107,PROD-0095,SUP-15,WH-05,2023-07-25,2023-08-06,2023-08-06,51,269.39,13738.89,0,True,0
SHP-007108,PROD-0095,SUP-15,WH-05,2023-08-04,2023-08-28,2023-08-28,412,269.39,110988.68,0,True,5
SHP-007109,PROD-0095,SUP-15,WH-05,2023-08-14,2023-09-04,2023-09-04,138,269.39,37175.82,0,True,1
SHP-007110,PROD-0095,SUP-15,WH-05,2023-08-24,2023-09-16,2023-09-16,361,269.39,97249.79,0,True,4
SHP-007111,PROD-0095,SUP-15,WH-05,2023-09-03,2023-09-20,2023-09-20,351,269.39,94555.89,0,True,4
SHP-007112,PROD-0095,SUP-15,WH-05,2023-09-13,2023-10-06,2023-10-06,356,269.39,95902.84,0,True,4
SHP-007113,PROD-0095,SUP-15,WH-05,2023-09-23,2023-10-12,2023-10-12,252,269.39,67886.28,0,True,3
SHP-007114,PROD-0095,SUP-15,WH-05,2023-10-03,2023-10-30,2023-10-30,302,269.39,81355.78,0,True,3
SHP-007115,PROD-0095,SUP-15,WH-05,2023-10-13,2023-11-03,2023-11-03,83,269.39,22359.37,0,True,1
SHP-007116,PROD-0095,SUP-15,WH-05,2023-10-23,2023-11-18,2023-11-18,274,269.39,73812.86,0,True,3
SHP-007117,PROD-0095,SUP-15,WH-05,2023-11-02,2023-11-17,2023-11-17,262,269.39,70580.18,0,True,3
SHP-007118,PROD-0095,SUP-15,WH-05,2023-11-12,2023-11-28,2023-11-28,433,269.39,116645.87,0,True,5
SHP-007119,PROD-0095,SUP-15,WH-05,2023-11-22,2023-12-04,2023-12-04,245,269.39,66000.55,0,True,3
SHP-007120,PROD-0095,SUP-15,WH-05,2023-12-02,2023-12-30,2023-12-30,298,269.39,80278.22,0,True,3
SHP-007121,PROD-0095,SUP-15,WH-05,2023-12-12,2024-01-13,2024-01-13,298,269.39,80278.22,0,True,3
SHP-007122,PROD-0095,SUP-15,WH-05,2023-12-22,2024-01-05,2024-01-05,177,269.39,47682.03,0,True,2
SHP-007123,PROD-0095,SUP-15,WH-05,2024-01-01,2024-01-22,2024-01-22,440,269.39,118531.6,0,True,5
SHP-007124,PROD-0095,SUP-15,WH-05,2024-01-11,2024-02-09,2024-02-09,157,269.39,42294.23,0,True,1
SHP-007125,PROD-0095,SUP-15,WH-05,2024-01-21,2024-02-10,2024-02-10,313,269.39,84319.07,0,True,3
SHP-007126,PROD-0095,SUP-15,WH-05,2024-01-31,2024-02-21,2024-02-21,198,269.39,53339.22,0,True,2
SHP-007127,PROD-0095,SUP-15,WH-05,2024-02-10,2024-02-24,2024-02-24,108,269.39,29094.12,0,True,1
SHP-007128,PROD-0095,SUP-15,WH-05,2024-02-20,2024-03-11,2024-03-11,57,269.39,15355.23,0,True,0
SHP-007129,PROD-0095,SUP-15,WH-05,2024-03-01,2024-03-14,2024-03-14,185,269.39,49837.15,0,True,2
SHP-007130,PROD-0095,SUP-15,WH-05,2024-03-11,2024-04-10,2024-04-10,484,269.39,130384.76,0,True,6
SHP-007131,PROD-0095,SUP-15,WH-05,2024-03-21,2024-03-25,2024-03-25,159,269.39,42833.01,0,True,1
SHP-007132,PROD-0095,SUP-15,WH-05,2024-03-31,2024-04-11,2024-04-11,285,269.39,76776.15,0,True,3
SHP-007133,PROD-0095,SUP-15,WH-05,2024-04-10,2024-05-01,2024-05-01,482,269.39,129845.98,0,True,6
SHP-007134,PROD-0095,SUP-15,WH-05,2024-04-20,2024-04-30,2024-04-30,260,269.39,70041.4,0,True,3
SHP-007135,PROD-0095,SUP-15,WH-05,2024-04-30,2024-05-06,2024-05-06,388,269.39,104523.32,0,True,4
SHP-007136,PROD-0095,SUP-15,WH-05,2024-05-10,2024-06-17,2024-06-17,372,269.39,100213.08,0,True,4
SHP-007137,PROD-0095,SUP-15,WH-05,2024-05-20,2024-06-13,2024-06-13,182,269.39,49028.98,0,True,2
SHP-007138,PROD-0095,SUP-15,WH-05,2024-05-30,2024-06-17,2024-06-17,329,269.39,88629.31,0,True,4
SHP-007139,PROD-0095,SUP-15,WH-05,2024-06-09,2024-07-02,2024-07-02,239,269.39,64384.21,0,True,2
SHP-007140,PROD-0095,SUP-15,WH-05,2024-06-19,2024-07-11,2024-07-11,364,269.39,98057.96,0,True,4
SHP-007141,PROD-0095,SUP-15,WH-05,2024-06-29,2024-07-14,2024-07-14,308,269.39,82972.12,0,True,3
SHP-007142,PROD-0095,SUP-15,WH-05,2024-07-09,2024-07-26,2024-07-26,125,269.39,33673.75,0,True,1
SHP-007143,PROD-0095,SUP-15,WH-05,2024-07-19,2024-08-06,2024-08-06,277,269.39,74621.03,0,True,3
SHP-007144,PROD-0095,SUP-15,WH-05,2024-07-29,2024-08-15,2024-08-15,325,269.39,87551.75,0,True,4
SHP-007145,PROD-0095,SUP-15,WH-05,2024-08-08,2024-08-24,2024-08-24,198,269.39,53339.22,0,True,2
SHP-007146,PROD-0095,SUP-15,WH-05,2024-08-18,2024-09-12,2024-09-12,467,269.39,125805.13,0,True,5
SHP-007147,PROD-0095,SUP-15,WH-05,2024-08-28,2024-09-15,2024-09-15,329,269.39,88629.31,0,True,4
SHP-007148,PROD-0095,SUP-15,WH-05,2024-09-07,2024-10-03,2024-10-03,205,269.39,55224.95,0,True,2
SHP-007149,PROD-0095,SUP-15,WH-05,2024-09-17,2024-10-01,2024-10-01,438,269.39,117992.82,0,True,5
SHP-007150,PROD-0095,SUP-15,WH-05,2024-09-27,2024-10-20,2024-10-20,500,269.39,134695.0,0,True,6
SHP-007151,PROD-0095,SUP-15,WH-05,2024-10-07,2024-10-13,2024-10-13,427,269.39,115029.53,0,True,5
SHP-007152,PROD-0095,SUP-15,WH-05,2024-10-17,2024-11-09,2024-11-09,275,269.39,74082.25,0,True,3
SHP-007153,PROD-0095,SUP-15,WH-05,2024-10-27,2024-11-22,2024-11-22,55,269.39,14816.45,0,True,0
SHP-007154,PROD-0095,SUP-15,WH-05,2024-11-06,2024-11-17,2024-11-17,465,269.39,125266.35,0,True,5
SHP-007155,PROD-0095,SUP-15,WH-05,2024-11-16,2024-12-07,2024-12-07,73,269.39,19665.47,0,True,0
SHP-007156,PROD-0095,SUP-15,WH-05,2024-11-26,2024-12-21,2024-12-21,292,269.39,78661.88,0,True,3
SHP-007157,PROD-0095,SUP-15,WH-05,2024-12-06,2024-12-24,2024-12-24,481,269.39,129576.59,0,True,6
SHP-007158,PROD-0095,SUP-15,WH-05,2024-12-16,2025-01-11,2025-01-11,244,269.39,65731.16,0,True,3
SHP-007159,PROD-0095,SUP-15,WH-05,2024-12-26,2025-01-10,2025-01-10,354,269.39,95364.06,0,True,4
SHP-007160,PROD-0096,SUP-16,WH-01,2022-01-01,2022-02-07,2022-02-07,392,217.16,85126.72,0,True,27
SHP-007161,PROD-0096,SUP-16,WH-01,2022-01-17,2022-02-21,2022-02-23,311,217.16,67536.76,2,False,21
SHP-007162,PROD-0096,SUP-16,WH-01,2022-02-02,2022-03-10,2022-03-10,352,217.16,76440.32,0,True,24
SHP-007163,PROD-0096,SUP-16,WH-01,2022-02-18,2022-04-02,2022-04-02,357,217.16,77526.12,0,True,24
SHP-007164,PROD-0096,SUP-16,WH-01,2022-03-06,2022-04-10,2022-04-10,308,217.16,66885.28,0,True,21
SHP-007165,PROD-0096,SUP-16,WH-01,2022-03-22,2022-04-22,2022-04-22,435,217.16,94464.6,0,True,30
SHP-007166,PROD-0096,SUP-16,WH-01,2022-04-07,2022-05-26,2022-05-26,393,217.16,85343.88,0,True,27
SHP-007167,PROD-0096,SUP-16,WH-01,2022-04-23,2022-06-10,2022-06-10,375,217.16,81435.0,0,True,26
SHP-007168,PROD-0096,SUP-16,WH-01,2022-05-09,2022-06-28,2022-06-28,351,217.16,76223.16,0,True,24
SHP-007169,PROD-0096,SUP-16,WH-01,2022-05-25,2022-07-08,2022-07-08,110,217.16,23887.6,0,True,7
SHP-007170,PROD-0096,SUP-16,WH-01,2022-06-10,2022-07-20,2022-07-25,95,217.16,20630.2,5,False,6
SHP-007171,PROD-0096,SUP-16,WH-01,2022-06-26,2022-08-10,2022-08-10,107,217.16,23236.12,0,True,7
SHP-007172,PROD-0096,SUP-16,WH-01,2022-07-12,2022-08-11,2022-08-11,303,217.16,65799.48,0,True,21
SHP-007173,PROD-0096,SUP-16,WH-01,2022-07-28,2022-08-25,2022-08-25,140,217.16,30402.4,0,True,9
SHP-007174,PROD-0096,SUP-16,WH-01,2022-08-13,2022-09-05,2022-09-05,463,217.16,100545.08,0,True,32
SHP-007175,PROD-0096,SUP-16,WH-01,2022-08-29,2022-09-27,2022-09-27,164,217.16,35614.24,0,True,11
SHP-007176,PROD-0096,SUP-16,WH-01,2022-09-14,2022-10-17,2022-10-17,231,217.16,50163.96,0,True,16
SHP-007177,PROD-0096,SUP-16,WH-01,2022-09-30,2022-10-22,2022-10-22,285,217.16,61890.6,0,True,19
SHP-007178,PROD-0096,SUP-16,WH-01,2022-10-16,2022-11-20,2022-11-20,462,217.16,100327.92,0,True,32
SHP-007179,PROD-0096,SUP-16,WH-01,2022-11-01,2022-11-28,2022-11-28,253,217.16,54941.48,0,True,17
SHP-007180,PROD-0096,SUP-16,WH-01,2022-11-17,2022-12-05,2022-12-05,73,217.16,15852.68,0,True,5
SHP-007181,PROD-0096,SUP-16,WH-01,2022-12-03,2022-12-17,2022-12-27,409,217.16,88818.44,10,False,28
SHP-007182,PROD-0096,SUP-16,WH-01,2022-12-19,2023-01-13,2023-01-13,362,217.16,78611.92,0,True,25
SHP-007183,PROD-0096,SUP-16,WH-01,2023-01-04,2023-02-03,2023-02-03,177,217.16,38437.32,0,True,12
SHP-007184,PROD-0096,SUP-16,WH-01,2023-01-20,2023-03-05,2023-03-05,363,217.16,78829.08,0,True,25
SHP-007185,PROD-0096,SUP-16,WH-01,2023-02-05,2023-03-03,2023-03-03,281,217.16,61021.96,0,True,19
SHP-007186,PROD-0096,SUP-16,WH-01,2023-02-21,2023-04-14,2023-04-14,83,217.16,18024.28,0,True,5
SHP-007187,PROD-0096,SUP-16,WH-01,2023-03-09,2023-04-18,2023-04-18,337,217.16,73182.92,0,True,23
SHP-007188,PROD-0096,SUP-16,WH-01,2023-03-25,2023-04-28,2023-04-28,122,217.16,26493.52,0,True,8
SHP-007189,PROD-0096,SUP-16,WH-01,2023-04-10,2023-05-08,2023-05-11,232,217.16,50381.12,3,False,16
SHP-007190,PROD-0096,SUP-16,WH-01,2023-04-26,2023-05-27,2023-05-27,472,217.16,102499.52,0,True,32
SHP-007191,PROD-0096,SUP-16,WH-01,2023-05-12,2023-06-08,2023-06-08,327,217.16,71011.32,0,True,22
SHP-007192,PROD-0096,SUP-16,WH-01,2023-05-28,2023-06-29,2023-06-29,307,217.16,66668.12,0,True,21
SHP-007193,PROD-0096,SUP-16,WH-01,2023-06-13,2023-07-13,2023-07-23,448,217.16,97287.68,10,False,31
SHP-007194,PROD-0096,SUP-16,WH-01,2023-06-29,2023-08-08,2023-08-08,254,217.16,55158.64,0,True,17
SHP-007195,PROD-0096,SUP-16,WH-01,2023-07-15,2023-08-08,2023-08-08,166,217.16,36048.56,0,True,11
SHP-007196,PROD-0096,SUP-16,WH-01,2023-07-31,2023-09-06,2023-09-06,273,217.16,59284.68,0,True,18
SHP-007197,PROD-0096,SUP-16,WH-01,2023-08-16,2023-09-18,2023-09-21,252,217.16,54724.32,3,False,17
SHP-007198,PROD-0096,SUP-16,WH-01,2023-09-01,2023-10-02,2023-10-02,435,217.16,94464.6,0,True,30
SHP-007199,PROD-0096,SUP-16,WH-01,2023-09-17,2023-10-03,2023-10-03,344,217.16,74703.04,0,True,23
SHP-007200,PROD-0096,SUP-16,WH-01,2023-10-03,2023-11-02,2023-11-02,369,217.16,80132.04,0,True,25
SHP-007201,PROD-0096,SUP-16,WH-01,2023-10-19,2023-11-22,2023-11-22,203,217.16,44083.48,0,True,14
SHP-007202,PROD-0096,SUP-16,WH-01,2023-11-04,2023-12-12,2023-12-12,474,217.16,102933.84,0,True,32
SHP-007203,PROD-0096,SUP-16,WH-01,2023-11-20,2023-12-28,2023-12-28,437,217.16,94898.92,0,True,30
SHP-007204,PROD-0096,SUP-16,WH-01,2023-12-06,2024-01-16,2024-01-16,388,217.16,84258.08,0,True,26
SHP-007205,PROD-0096,SUP-16,WH-01,2023-12-22,2024-01-25,2024-02-07,377,217.16,81869.32,13,False,26
SHP-007206,PROD-0096,SUP-16,WH-01,2024-01-07,2024-02-10,2024-02-10,470,217.16,102065.2,0,True,32
SHP-007207,PROD-0096,SUP-16,WH-01,2024-01-23,2024-02-25,2024-02-25,258,217.16,56027.28,0,True,17
SHP-007208,PROD-0096,SUP-16,WH-01,2024-02-08,2024-03-18,2024-03-18,293,217.16,63627.88,0,True,20
SHP-007209,PROD-0096,SUP-16,WH-01,2024-02-24,2024-03-29,2024-03-29,50,217.16,10858.0,0,True,3
SHP-007210,PROD-0096,SUP-16,WH-01,2024-03-11,2024-04-21,2024-04-21,177,217.16,38437.32,0,True,12
SHP-007211,PROD-0096,SUP-16,WH-01,2024-03-27,2024-05-08,2024-05-09,214,217.16,46472.24,1,False,14
SHP-007212,PROD-0096,SUP-16,WH-01,2024-04-12,2024-05-23,2024-05-23,255,217.16,55375.8,0,True,17
SHP-007213,PROD-0096,SUP-16,WH-01,2024-04-28,2024-05-29,2024-05-29,408,217.16,88601.28,0,True,28
SHP-007214,PROD-0096,SUP-16,WH-01,2024-05-14,2024-06-03,2024-06-04,234,217.16,50815.44,1,False,16
SHP-007215,PROD-0096,SUP-16,WH-01,2024-05-30,2024-07-05,2024-07-05,303,217.16,65799.48,0,True,21
SHP-007216,PROD-0096,SUP-16,WH-01,2024-06-15,2024-07-21,2024-07-21,365,217.16,79263.4,0,True,25
SHP-007217,PROD-0096,SUP-16,WH-01,2024-07-01,2024-07-20,2024-07-20,382,217.16,82955.12,0,True,26
SHP-007218,PROD-0096,SUP-16,WH-01,2024-07-17,2024-09-01,2024-09-02,406,217.16,88166.96,1,False,28
SHP-007219,PROD-0096,SUP-16,WH-01,2024-08-02,2024-09-09,2024-09-09,453,217.16,98373.48,0,True,31
SHP-007220,PROD-0096,SUP-16,WH-01,2024-08-18,2024-10-03,2024-10-03,482,217.16,104671.12,0,True,33
SHP-007221,PROD-0096,SUP-16,WH-01,2024-09-03,2024-10-09,2024-10-09,429,217.16,93161.64,0,True,29
SHP-007222,PROD-0096,SUP-16,WH-01,2024-09-19,2024-10-26,2024-11-03,432,217.16,93813.12,8,False,30
SHP-007223,PROD-0096,SUP-16,WH-01,2024-10-05,2024-11-12,2024-11-12,114,217.16,24756.24,0,True,7
SHP-007224,PROD-0096,SUP-16,WH-01,2024-10-21,2024-11-21,2024-11-21,325,217.16,70577.0,0,True,22
SHP-007225,PROD-0096,SUP-16,WH-01,2024-11-06,2024-12-01,2024-12-01,372,217.16,80783.52,0,True,25
SHP-007226,PROD-0096,SUP-16,WH-01,2024-11-22,2024-12-16,2024-12-16,423,217.16,91858.68,0,True,29
SHP-007227,PROD-0096,SUP-16,WH-01,2024-12-08,2025-01-30,2025-01-31,286,217.16,62107.76,1,False,19
SHP-007228,PROD-0096,SUP-16,WH-01,2024-12-24,2025-01-26,2025-01-26,99,217.16,21498.84,0,True,6
SHP-007229,PROD-0097,SUP-17,WH-02,2022-01-01,2022-01-19,2022-01-19,261,109.77,28649.97,0,True,9
SHP-007230,PROD-0097,SUP-17,WH-02,2022-01-15,2022-02-14,2022-02-14,103,109.77,11306.31,0,True,3
SHP-007231,PROD-0097,SUP-17,WH-02,2022-01-29,2022-02-26,2022-02-26,217,109.77,23820.09,0,True,7
SHP-007232,PROD-0097,SUP-17,WH-02,2022-02-12,2022-03-11,2022-03-11,251,109.77,27552.27,0,True,8
SHP-007233,PROD-0097,SUP-17,WH-02,2022-02-26,2022-03-12,2022-03-12,185,109.77,20307.45,0,True,6
SHP-007234,PROD-0097,SUP-17,WH-02,2022-03-12,2022-04-09,2022-04-09,389,109.77,42700.53,0,True,13
SHP-007235,PROD-0097,SUP-17,WH-02,2022-03-26,2022-04-12,2022-04-12,177,109.77,19429.29,0,True,6
SHP-007236,PROD-0097,SUP-17,WH-02,2022-04-09,2022-05-01,2022-05-13,252,109.77,27662.04,12,False,8
SHP-007237,PROD-0097,SUP-17,WH-02,2022-04-23,2022-05-15,2022-05-15,275,109.77,30186.75,0,True,9
SHP-007238,PROD-0097,SUP-17,WH-02,2022-05-07,2022-06-01,2022-06-06,245,109.77,26893.65,5,False,8
SHP-007239,PROD-0097,SUP-17,WH-02,2022-05-21,2022-06-13,2022-06-13,493,109.77,54116.61,0,True,17
SHP-007240,PROD-0097,SUP-17,WH-02,2022-06-04,2022-06-24,2022-06-24,351,109.77,38529.27,0,True,12
SHP-007241,PROD-0097,SUP-17,WH-02,2022-06-18,2022-07-17,2022-07-22,461,109.77,50603.97,5,False,16
SHP-007242,PROD-0097,SUP-17,WH-02,2022-07-02,2022-07-31,2022-07-31,113,109.77,12404.01,0,True,3
SHP-007243,PROD-0097,SUP-17,WH-02,2022-07-16,2022-08-09,2022-08-09,356,109.77,39078.12,0,True,12
SHP-007244,PROD-0097,SUP-17,WH-02,2022-07-30,2022-08-21,2022-08-21,482,109.77,52909.14,0,True,16
SHP-007245,PROD-0097,SUP-17,WH-02,2022-08-13,2022-09-11,2022-09-11,234,109.77,25686.18,0,True,8
SHP-007246,PROD-0097,SUP-17,WH-02,2022-08-27,2022-09-23,2022-09-23,245,109.77,26893.65,0,True,8
SHP-007247,PROD-0097,SUP-17,WH-02,2022-09-10,2022-09-27,2022-09-27,108,109.77,11855.16,0,True,3
SHP-007248,PROD-0097,SUP-17,WH-02,2022-09-24,2022-10-25,2022-10-25,266,109.77,29198.82,0,True,9
SHP-007249,PROD-0097,SUP-17,WH-02,2022-10-08,2022-10-27,2022-10-27,166,109.77,18221.82,0,True,5
SHP-007250,PROD-0097,SUP-17,WH-02,2022-10-22,2022-11-12,2022-11-12,435,109.77,47749.95,0,True,15
SHP-007251,PROD-0097,SUP-17,WH-02,2022-11-05,2022-11-22,2022-11-22,252,109.77,27662.04,0,True,8
SHP-007252,PROD-0097,SUP-17,WH-02,2022-11-19,2022-12-09,2022-12-09,177,109.77,19429.29,0,True,6
SHP-007253,PROD-0097,SUP-17,WH-02,2022-12-03,2022-12-30,2023-01-06,381,109.77,41822.37,7,False,13
SHP-007254,PROD-0097,SUP-17,WH-02,2022-12-17,2023-01-09,2023-01-09,346,109.77,37980.42,0,True,12
SHP-007255,PROD-0097,SUP-17,WH-02,2022-12-31,2023-01-23,2023-01-23,356,109.77,39078.12,0,True,12
SHP-007256,PROD-0097,SUP-17,WH-02,2023-01-14,2023-02-02,2023-02-02,53,109.77,5817.81,0,True,1
SHP-007257,PROD-0097,SUP-17,WH-02,2023-01-28,2023-02-22,2023-02-22,385,109.77,42261.45,0,True,13
SHP-007258,PROD-0097,SUP-17,WH-02,2023-02-11,2023-02-26,2023-02-26,463,109.77,50823.51,0,True,16
SHP-007259,PROD-0097,SUP-17,WH-02,2023-02-25,2023-03-18,2023-03-18,347,109.77,38090.19,0,True,12
SHP-007260,PROD-0097,SUP-17,WH-02,2023-03-11,2023-04-02,2023-04-02,200,109.77,21954.0,0,True,7
SHP-007261,PROD-0097,SUP-17,WH-02,2023-03-25,2023-04-15,2023-04-22,399,109.77,43798.23,7,False,13
SHP-007262,PROD-0097,SUP-17,WH-02,2023-04-08,2023-05-02,2023-05-02,429,109.77,47091.33,0,True,15
SHP-007263,PROD-0097,SUP-17,WH-02,2023-04-22,2023-05-08,2023-05-08,272,109.77,29857.44,0,True,9
SHP-007264,PROD-0097,SUP-17,WH-02,2023-05-06,2023-06-01,2023-06-01,75,109.77,8232.75,0,True,2
SHP-007265,PROD-0097,SUP-17,WH-02,2023-05-20,2023-06-07,2023-06-07,184,109.77,20197.68,0,True,6
SHP-007266,PROD-0097,SUP-17,WH-02,2023-06-03,2023-07-03,2023-07-03,454,109.77,49835.58,0,True,15
SHP-007267,PROD-0097,SUP-17,WH-02,2023-06-17,2023-07-11,2023-07-11,492,109.77,54006.84,0,True,17
SHP-007268,PROD-0097,SUP-17,WH-02,2023-07-01,2023-07-26,2023-07-26,276,109.77,30296.52,0,True,9
SHP-007269,PROD-0097,SUP-17,WH-02,2023-07-15,2023-08-04,2023-08-04,64,109.77,7025.28,0,True,2
SHP-007270,PROD-0097,SUP-17,WH-02,2023-07-29,2023-08-19,2023-08-19,207,109.77,22722.39,0,True,7
SHP-007271,PROD-0097,SUP-17,WH-02,2023-08-12,2023-09-09,2023-09-09,163,109.77,17892.51,0,True,5
SHP-007272,PROD-0097,SUP-17,WH-02,2023-08-26,2023-09-12,2023-09-12,462,109.77,50713.74,0,True,16
SHP-007273,PROD-0097,SUP-17,WH-02,2023-09-09,2023-10-01,2023-10-01,116,109.77,12733.32,0,True,4
SHP-007274,PROD-0097,SUP-17,WH-02,2023-09-23,2023-10-16,2023-10-16,239,109.77,26235.03,0,True,8
SHP-007275,PROD-0097,SUP-17,WH-02,2023-10-07,2023-10-31,2023-10-31,498,109.77,54665.46,0,True,17
SHP-007276,PROD-0097,SUP-17,WH-02,2023-10-21,2023-11-13,2023-11-13,487,109.77,53457.99,0,True,17
SHP-007277,PROD-0097,SUP-17,WH-02,2023-11-04,2023-11-28,2023-11-28,264,109.77,28979.28,0,True,9
SHP-007278,PROD-0097,SUP-17,WH-02,2023-11-18,2023-12-08,2023-12-08,77,109.77,8452.29,0,True,2
SHP-007279,PROD-0097,SUP-17,WH-02,2023-12-02,2024-01-04,2024-01-04,221,109.77,24259.17,0,True,7
SHP-007280,PROD-0097,SUP-17,WH-02,2023-12-16,2024-01-08,2024-01-08,167,109.77,18331.59,0,True,5
SHP-007281,PROD-0097,SUP-17,WH-02,2023-12-30,2024-01-26,2024-01-26,395,109.77,43359.15,0,True,13
SHP-007282,PROD-0097,SUP-17,WH-02,2024-01-13,2024-02-09,2024-02-09,145,109.77,15916.65,0,True,5
SHP-007283,PROD-0097,SUP-17,WH-02,2024-01-27,2024-02-08,2024-02-08,200,109.77,21954.0,0,True,7
SHP-007284,PROD-0097,SUP-17,WH-02,2024-02-10,2024-02-26,2024-02-29,458,109.77,50274.66,3,False,16
SHP-007285,PROD-0097,SUP-17,WH-02,2024-02-24,2024-03-14,2024-03-14,294,109.77,32272.38,0,True,10
SHP-007286,PROD-0097,SUP-17,WH-02,2024-03-09,2024-03-29,2024-03-29,209,109.77,22941.93,0,True,7
SHP-007287,PROD-0097,SUP-17,WH-02,2024-03-23,2024-04-16,2024-04-16,211,109.77,23161.47,0,True,7
SHP-007288,PROD-0097,SUP-17,WH-02,2024-04-06,2024-04-30,2024-04-30,64,109.77,7025.28,0,True,2
SHP-007289,PROD-0097,SUP-17,WH-02,2024-04-20,2024-05-09,2024-05-09,193,109.77,21185.61,0,True,6
SHP-007290,PROD-0097,SUP-17,WH-02,2024-05-04,2024-05-18,2024-05-30,97,109.77,10647.69,12,False,3
SHP-007291,PROD-0097,SUP-17,WH-02,2024-05-18,2024-06-16,2024-06-16,486,109.77,53348.22,0,True,17
SHP-007292,PROD-0097,SUP-17,WH-02,2024-06-01,2024-06-27,2024-06-27,178,109.77,19539.06,0,True,6
SHP-007293,PROD-0097,SUP-17,WH-02,2024-06-15,2024-07-10,2024-07-10,377,109.77,41383.29,0,True,13
SHP-007294,PROD-0097,SUP-17,WH-02,2024-06-29,2024-07-23,2024-07-30,53,109.77,5817.81,7,False,1
SHP-007295,PROD-0097,SUP-17,WH-02,2024-07-13,2024-08-07,2024-08-07,324,109.77,35565.48,0,True,11
SHP-007296,PROD-0097,SUP-17,WH-02,2024-07-27,2024-08-12,2024-08-12,351,109.77,38529.27,0,True,12
SHP-007297,PROD-0097,SUP-17,WH-02,2024-08-10,2024-08-26,2024-09-04,296,109.77,32491.92,9,False,10
SHP-007298,PROD-0097,SUP-17,WH-02,2024-08-24,2024-09-18,2024-09-18,336,109.77,36882.72,0,True,11
SHP-007299,PROD-0097,SUP-17,WH-02,2024-09-07,2024-09-21,2024-09-21,90,109.77,9879.3,0,True,3
SHP-007300,PROD-0097,SUP-17,WH-02,2024-09-21,2024-10-15,2024-10-15,233,109.77,25576.41,0,True,8
SHP-007301,PROD-0097,SUP-17,WH-02,2024-10-05,2024-10-31,2024-11-08,56,109.77,6147.12,8,False,1
SHP-007302,PROD-0097,SUP-17,WH-02,2024-10-19,2024-11-18,2024-11-18,119,109.77,13062.63,0,True,4
SHP-007303,PROD-0097,SUP-17,WH-02,2024-11-02,2024-11-23,2024-11-23,184,109.77,20197.68,0,True,6
SHP-007304,PROD-0097,SUP-17,WH-02,2024-11-16,2024-12-04,2024-12-04,465,109.77,51043.05,0,True,16
SHP-007305,PROD-0097,SUP-17,WH-02,2024-11-30,2024-12-27,2024-12-27,423,109.77,46432.71,0,True,14
SHP-007306,PROD-0097,SUP-17,WH-02,2024-12-14,2025-01-05,2025-01-05,77,109.77,8452.29,0,True,2
SHP-007307,PROD-0097,SUP-17,WH-02,2024-12-28,2025-01-13,2025-01-13,167,109.77,18331.59,0,True,5
SHP-007308,PROD-0098,SUP-18,WH-03,2022-01-01,2022-01-24,2022-01-24,225,213.67,48075.75,0,True,11
SHP-007309,PROD-0098,SUP-18,WH-03,2022-01-22,2022-03-08,2022-03-08,406,213.67,86750.02,0,True,20
SHP-007310,PROD-0098,SUP-18,WH-03,2022-02-12,2022-03-30,2022-03-30,493,213.67,105339.31,0,True,24
SHP-007311,PROD-0098,SUP-18,WH-03,2022-03-05,2022-04-15,2022-04-15,286,213.67,61109.62,0,True,14
SHP-007312,PROD-0098,SUP-18,WH-03,2022-03-26,2022-05-06,2022-05-06,469,213.67,100211.23,0,True,23
SHP-007313,PROD-0098,SUP-18,WH-03,2022-04-16,2022-05-28,2022-05-28,185,213.67,39528.95,0,True,9
SHP-007314,PROD-0098,SUP-18,WH-03,2022-05-07,2022-06-16,2022-06-16,115,213.67,24572.05,0,True,5
SHP-007315,PROD-0098,SUP-18,WH-03,2022-05-28,2022-06-29,2022-06-29,405,213.67,86536.35,0,True,20
SHP-007316,PROD-0098,SUP-18,WH-03,2022-06-18,2022-07-27,2022-07-27,216,213.67,46152.72,0,True,10
SHP-007317,PROD-0098,SUP-18,WH-03,2022-07-09,2022-08-19,2022-08-19,435,213.67,92946.45,0,True,21
SHP-007318,PROD-0098,SUP-18,WH-03,2022-07-30,2022-09-16,2022-09-16,396,213.67,84613.32,0,True,19
SHP-007319,PROD-0098,SUP-18,WH-03,2022-08-20,2022-09-26,2022-09-26,384,213.67,82049.28,0,True,19
SHP-007320,PROD-0098,SUP-18,WH-03,2022-09-10,2022-10-19,2022-10-19,289,213.67,61750.63,0,True,14
SHP-007321,PROD-0098,SUP-18,WH-03,2022-10-01,2022-11-14,2022-11-14,495,213.67,105766.65,0,True,24
SHP-007322,PROD-0098,SUP-18,WH-03,2022-10-22,2022-11-28,2022-11-28,89,213.67,19016.63,0,True,4
SHP-007323,PROD-0098,SUP-18,WH-03,2022-11-12,2022-12-19,2022-12-19,149,213.67,31836.83,0,True,7
SHP-007324,PROD-0098,SUP-18,WH-03,2022-12-03,2023-01-05,2023-01-08,279,213.67,59613.93,3,False,13
SHP-007325,PROD-0098,SUP-18,WH-03,2022-12-24,2023-02-11,2023-02-11,364,213.67,77775.88,0,True,18
SHP-007326,PROD-0098,SUP-18,WH-03,2023-01-14,2023-02-27,2023-02-27,301,213.67,64314.67,0,True,14
SHP-007327,PROD-0098,SUP-18,WH-03,2023-02-04,2023-03-22,2023-04-02,425,213.67,90809.75,11,False,21
SHP-007328,PROD-0098,SUP-18,WH-03,2023-02-25,2023-04-04,2023-04-18,280,213.67,59827.6,14,False,13
SHP-007329,PROD-0098,SUP-18,WH-03,2023-03-18,2023-05-09,2023-05-17,253,213.67,54058.51,8,False,12
SHP-007330,PROD-0098,SUP-18,WH-03,2023-04-08,2023-05-21,2023-05-21,390,213.67,83331.3,0,True,19
SHP-007331,PROD-0098,SUP-18,WH-03,2023-04-29,2023-06-13,2023-06-13,397,213.67,84826.99,0,True,19
SHP-007332,PROD-0098,SUP-18,WH-03,2023-05-20,2023-07-02,2023-07-02,136,213.67,29059.12,0,True,6
SHP-007333,PROD-0098,SUP-18,WH-03,2023-06-10,2023-07-23,2023-07-23,476,213.67,101706.92,0,True,23
SHP-007334,PROD-0098,SUP-18,WH-03,2023-07-01,2023-08-12,2023-08-12,400,213.67,85468.0,0,True,19
SHP-007335,PROD-0098,SUP-18,WH-03,2023-07-22,2023-08-28,2023-08-28,293,213.67,62605.31,0,True,14
SHP-007336,PROD-0098,SUP-18,WH-03,2023-08-12,2023-09-25,2023-09-25,385,213.67,82262.95,0,True,19
SHP-007337,PROD-0098,SUP-18,WH-03,2023-09-02,2023-10-15,2023-10-15,483,213.67,103202.61,0,True,24
SHP-007338,PROD-0098,SUP-18,WH-03,2023-09-23,2023-11-01,2023-11-01,248,213.67,52990.16,0,True,12
SHP-007339,PROD-0098,SUP-18,WH-03,2023-10-14,2023-11-23,2023-11-23,180,213.67,38460.6,0,True,8
SHP-007340,PROD-0098,SUP-18,WH-03,2023-11-04,2023-12-16,2023-12-16,149,213.67,31836.83,0,True,7
SHP-007341,PROD-0098,SUP-18,WH-03,2023-11-25,2023-12-31,2023-12-31,455,213.67,97219.85,0,True,22
SHP-007342,PROD-0098,SUP-18,WH-03,2023-12-16,2024-01-27,2024-01-27,329,213.67,70297.43,0,True,16
SHP-007343,PROD-0098,SUP-18,WH-03,2024-01-06,2024-02-22,2024-02-22,186,213.67,39742.62,0,True,9
SHP-007344,PROD-0098,SUP-18,WH-03,2024-01-27,2024-03-01,2024-03-01,219,213.67,46793.73,0,True,10
SHP-007345,PROD-0098,SUP-18,WH-03,2024-02-17,2024-04-05,2024-04-05,206,213.67,44016.02,0,True,10
SHP-007346,PROD-0098,SUP-18,WH-03,2024-03-09,2024-04-15,2024-04-15,491,213.67,104911.97,0,True,24
SHP-007347,PROD-0098,SUP-18,WH-03,2024-03-30,2024-05-10,2024-05-10,429,213.67,91664.43,0,True,21
SHP-007348,PROD-0098,SUP-18,WH-03,2024-04-20,2024-06-06,2024-06-06,416,213.67,88886.72,0,True,20
SHP-007349,PROD-0098,SUP-18,WH-03,2024-05-11,2024-06-20,2024-06-20,292,213.67,62391.64,0,True,14
SHP-007350,PROD-0098,SUP-18,WH-03,2024-06-01,2024-07-16,2024-07-16,84,213.67,17948.28,0,True,4
SHP-007351,PROD-0098,SUP-18,WH-03,2024-06-22,2024-07-28,2024-07-28,138,213.67,29486.46,0,True,6
SHP-007352,PROD-0098,SUP-18,WH-03,2024-07-13,2024-08-26,2024-08-26,393,213.67,83972.31,0,True,19
SHP-007353,PROD-0098,SUP-18,WH-03,2024-08-03,2024-09-18,2024-09-18,268,213.67,57263.56,0,True,13
SHP-007354,PROD-0098,SUP-18,WH-03,2024-08-24,2024-10-01,2024-10-01,157,213.67,33546.19,0,True,7
SHP-007355,PROD-0098,SUP-18,WH-03,2024-09-14,2024-10-26,2024-10-26,235,213.67,50212.45,0,True,11
SHP-007356,PROD-0098,SUP-18,WH-03,2024-10-05,2024-11-17,2024-11-17,358,213.67,76493.86,0,True,17
SHP-007357,PROD-0098,SUP-18,WH-03,2024-10-26,2024-12-05,2024-12-05,410,213.67,87604.7,0,True,20
SHP-007358,PROD-0098,SUP-18,WH-03,2024-11-16,2024-12-24,2024-12-24,57,213.67,12179.19,0,True,2
SHP-007359,PROD-0098,SUP-18,WH-03,2024-12-07,2025-01-16,2025-01-16,436,213.67,93160.12,0,True,21
SHP-007360,PROD-0098,SUP-18,WH-03,2024-12-28,2025-02-07,2025-02-07,214,213.67,45725.38,0,True,10
SHP-007361,PROD-0099,SUP-19,WH-04,2022-01-01,2022-02-02,2022-02-02,125,499.95,62493.75,0,True,8
SHP-007362,PROD-0099,SUP-19,WH-04,2022-01-14,2022-02-17,2022-02-17,307,499.95,153484.65,0,True,21
SHP-007363,PROD-0099,SUP-19,WH-04,2022-01-27,2022-03-01,2022-03-01,497,499.95,248475.15,0,True,34
SHP-007364,PROD-0099,SUP-19,WH-04,2022-02-09,2022-03-09,2022-03-09,461,499.95,230476.95,0,True,32
SHP-007365,PROD-0099,SUP-19,WH-04,2022-02-22,2022-03-22,2022-03-22,267,499.95,133486.65,0,True,18
SHP-007366,PROD-0099,SUP-19,WH-04,2022-03-07,2022-04-13,2022-04-13,447,499.95,223477.65,0,True,31
SHP-007367,PROD-0099,SUP-19,WH-04,2022-03-20,2022-04-23,2022-04-26,441,499.95,220477.95,3,False,30
SHP-007368,PROD-0099,SUP-19,WH-04,2022-04-02,2022-05-05,2022-05-05,206,499.95,102989.7,0,True,14
SHP-007369,PROD-0099,SUP-19,WH-04,2022-04-15,2022-05-14,2022-05-14,409,499.95,204479.55,0,True,28
SHP-007370,PROD-0099,SUP-19,WH-04,2022-04-28,2022-05-20,2022-05-20,103,499.95,51494.85,0,True,7
SHP-007371,PROD-0099,SUP-19,WH-04,2022-05-11,2022-06-10,2022-06-10,398,499.95,198980.1,0,True,27
SHP-007372,PROD-0099,SUP-19,WH-04,2022-05-24,2022-06-25,2022-06-25,169,499.95,84491.55,0,True,11
SHP-007373,PROD-0099,SUP-19,WH-04,2022-06-06,2022-07-01,2022-07-01,491,499.95,245475.45,0,True,34
SHP-007374,PROD-0099,SUP-19,WH-04,2022-06-19,2022-08-16,2022-08-28,326,499.95,162983.7,12,False,22
SHP-007375,PROD-0099,SUP-19,WH-04,2022-07-02,2022-08-11,2022-08-23,413,499.95,206479.35,12,False,28
SHP-007376,PROD-0099,SUP-19,WH-04,2022-07-15,2022-08-15,2022-08-15,117,499.95,58494.15,0,True,8
SHP-007377,PROD-0099,SUP-19,WH-04,2022-07-28,2022-09-02,2022-09-02,382,499.95,190980.9,0,True,26
SHP-007378,PROD-0099,SUP-19,WH-04,2022-08-10,2022-09-11,2022-09-11,133,499.95,66493.35,0,True,9
SHP-007379,PROD-0099,SUP-19,WH-04,2022-08-23,2022-09-22,2022-09-22,340,499.95,169983.0,0,True,23
SHP-007380,PROD-0099,SUP-19,WH-04,2022-09-05,2022-10-22,2022-10-22,107,499.95,53494.65,0,True,7
SHP-007381,PROD-0099,SUP-19,WH-04,2022-09-18,2022-10-22,2022-10-22,305,499.95,152484.75,0,True,21
SHP-007382,PROD-0099,SUP-19,WH-04,2022-10-01,2022-10-23,2022-10-23,468,499.95,233976.6,0,True,32
SHP-007383,PROD-0099,SUP-19,WH-04,2022-10-14,2022-11-17,2022-11-20,340,499.95,169983.0,3,False,23
SHP-007384,PROD-0099,SUP-19,WH-04,2022-10-27,2022-11-28,2022-12-02,314,499.95,156984.3,4,False,21
SHP-007385,PROD-0099,SUP-19,WH-04,2022-11-09,2022-12-10,2022-12-10,75,499.95,37496.25,0,True,5
SHP-007386,PROD-0099,SUP-19,WH-04,2022-11-22,2022-12-27,2022-12-27,158,499.95,78992.1,0,True,11
SHP-007387,PROD-0099,SUP-19,WH-04,2022-12-05,2023-01-03,2023-01-03,72,499.95,35996.4,0,True,5
SHP-007388,PROD-0099,SUP-19,WH-04,2022-12-18,2023-01-02,2023-01-02,144,499.95,71992.8,0,True,10
SHP-007389,PROD-0099,SUP-19,WH-04,2022-12-31,2023-02-05,2023-02-05,51,499.95,25497.45,0,True,3
SHP-007390,PROD-0099,SUP-19,WH-04,2023-01-13,2023-02-09,2023-02-09,317,499.95,158484.15,0,True,22
SHP-007391,PROD-0099,SUP-19,WH-04,2023-01-26,2023-02-25,2023-02-25,244,499.95,121987.8,0,True,17
SHP-007392,PROD-0099,SUP-19,WH-04,2023-02-08,2023-03-10,2023-03-10,65,499.95,32496.75,0,True,4
SHP-007393,PROD-0099,SUP-19,WH-04,2023-02-21,2023-03-30,2023-03-30,355,499.95,177482.25,0,True,24
SHP-007394,PROD-0099,SUP-19,WH-04,2023-03-06,2023-04-12,2023-04-23,460,499.95,229977.0,11,False,32
SHP-007395,PROD-0099,SUP-19,WH-04,2023-03-19,2023-04-14,2023-04-14,247,499.95,123487.65,0,True,17
SHP-007396,PROD-0099,SUP-19,WH-04,2023-04-01,2023-05-08,2023-05-08,92,499.95,45995.4,0,True,6
SHP-007397,PROD-0099,SUP-19,WH-04,2023-04-14,2023-05-09,2023-05-09,240,499.95,119988.0,0,True,16
SHP-007398,PROD-0099,SUP-19,WH-04,2023-04-27,2023-06-11,2023-06-11,197,499.95,98490.15,0,True,13
SHP-007399,PROD-0099,SUP-19,WH-04,2023-05-10,2023-05-31,2023-06-01,170,499.95,84991.5,1,False,11
SHP-007400,PROD-0099,SUP-19,WH-04,2023-05-23,2023-06-29,2023-06-29,213,499.95,106489.35,0,True,14
SHP-007401,PROD-0099,SUP-19,WH-04,2023-06-05,2023-07-08,2023-07-08,93,499.95,46495.35,0,True,6
SHP-007402,PROD-0099,SUP-19,WH-04,2023-06-18,2023-07-26,2023-07-26,74,499.95,36996.3,0,True,5
SHP-007403,PROD-0099,SUP-19,WH-04,2023-07-01,2023-07-29,2023-07-29,265,499.95,132486.75,0,True,18
SHP-007404,PROD-0099,SUP-19,WH-04,2023-07-14,2023-08-28,2023-08-28,488,499.95,243975.6,0,True,34
SHP-007405,PROD-0099,SUP-19,WH-04,2023-07-27,2023-08-24,2023-08-24,149,499.95,74492.55,0,True,10
SHP-007406,PROD-0099,SUP-19,WH-04,2023-08-09,2023-09-19,2023-09-19,493,499.95,246475.35,0,True,34
SHP-007407,PROD-0099,SUP-19,WH-04,2023-08-22,2023-09-03,2023-09-03,396,499.95,197980.2,0,True,27
SHP-007408,PROD-0099,SUP-19,WH-04,2023-09-04,2023-10-04,2023-10-04,51,499.95,25497.45,0,True,3
SHP-007409,PROD-0099,SUP-19,WH-04,2023-09-17,2023-10-30,2023-10-30,58,499.95,28997.1,0,True,4
SHP-007410,PROD-0099,SUP-19,WH-04,2023-09-30,2023-11-03,2023-11-03,256,499.95,127987.2,0,True,17
SHP-007411,PROD-0099,SUP-19,WH-04,2023-10-13,2023-12-08,2023-12-08,468,499.95,233976.6,0,True,32
SHP-007412,PROD-0099,SUP-19,WH-04,2023-10-26,2023-12-15,2023-12-15,218,499.95,108989.1,0,True,15
SHP-007413,PROD-0099,SUP-19,WH-04,2023-11-08,2023-11-27,2023-11-27,274,499.95,136986.3,0,True,19
SHP-007414,PROD-0099,SUP-19,WH-04,2023-11-21,2024-01-20,2024-01-20,60,499.95,29997.0,0,True,4
SHP-007415,PROD-0099,SUP-19,WH-04,2023-12-04,2024-01-12,2024-01-12,271,499.95,135486.45,0,True,18
SHP-007416,PROD-0099,SUP-19,WH-04,2023-12-17,2024-01-22,2024-01-22,187,499.95,93490.65,0,True,13
SHP-007417,PROD-0099,SUP-19,WH-04,2023-12-30,2024-01-17,2024-01-17,381,499.95,190480.95,0,True,26
SHP-007418,PROD-0099,SUP-19,WH-04,2024-01-12,2024-02-22,2024-02-29,203,499.95,101489.85,7,False,14
SHP-007419,PROD-0099,SUP-19,WH-04,2024-01-25,2024-03-07,2024-03-07,96,499.95,47995.2,0,True,6
SHP-007420,PROD-0099,SUP-19,WH-04,2024-02-07,2024-03-06,2024-03-06,165,499.95,82491.75,0,True,11
SHP-007421,PROD-0099,SUP-19,WH-04,2024-02-20,2024-04-05,2024-04-05,278,499.95,138986.1,0,True,19
SHP-007422,PROD-0099,SUP-19,WH-04,2024-03-04,2024-03-24,2024-03-24,254,499.95,126987.3,0,True,17
SHP-007423,PROD-0099,SUP-19,WH-04,2024-03-17,2024-04-18,2024-04-18,352,499.95,175982.4,0,True,24
SHP-007424,PROD-0099,SUP-19,WH-04,2024-03-30,2024-05-14,2024-05-14,290,499.95,144985.5,0,True,20
SHP-007425,PROD-0099,SUP-19,WH-04,2024-04-12,2024-05-08,2024-05-08,57,499.95,28497.15,0,True,3
SHP-007426,PROD-0099,SUP-19,WH-04,2024-04-25,2024-05-23,2024-05-23,439,499.95,219478.05,0,True,30
SHP-007427,PROD-0099,SUP-19,WH-04,2024-05-08,2024-06-03,2024-06-03,330,499.95,164983.5,0,True,23
SHP-007428,PROD-0099,SUP-19,WH-04,2024-05-21,2024-06-18,2024-06-18,122,499.95,60993.9,0,True,8
SHP-007429,PROD-0099,SUP-19,WH-04,2024-06-03,2024-07-04,2024-07-04,340,499.95,169983.0,0,True,23
SHP-007430,PROD-0099,SUP-19,WH-04,2024-06-16,2024-07-14,2024-07-14,131,499.95,65493.45,0,True,9
SHP-007431,PROD-0099,SUP-19,WH-04,2024-06-29,2024-08-23,2024-08-23,451,499.95,225477.45,0,True,31
SHP-007432,PROD-0099,SUP-19,WH-04,2024-07-12,2024-08-07,2024-08-07,326,499.95,162983.7,0,True,22
SHP-007433,PROD-0099,SUP-19,WH-04,2024-07-25,2024-08-24,2024-08-24,316,499.95,157984.2,0,True,22
SHP-007434,PROD-0099,SUP-19,WH-04,2024-08-07,2024-08-30,2024-08-30,291,499.95,145485.45,0,True,20
SHP-007435,PROD-0099,SUP-19,WH-04,2024-08-20,2024-09-09,2024-09-18,388,499.95,193980.6,9,False,27
SHP-007436,PROD-0099,SUP-19,WH-04,2024-09-02,2024-10-08,2024-10-08,364,499.95,181981.8,0,True,25
SHP-007437,PROD-0099,SUP-19,WH-04,2024-09-15,2024-10-30,2024-10-30,239,499.95,119488.05,0,True,16
SHP-007438,PROD-0099,SUP-19,WH-04,2024-09-28,2024-11-16,2024-11-16,142,499.95,70992.9,0,True,9
SHP-007439,PROD-0099,SUP-19,WH-04,2024-10-11,2024-11-18,2024-11-18,89,499.95,44495.55,0,True,6
SHP-007440,PROD-0099,SUP-19,WH-04,2024-10-24,2024-11-25,2024-11-25,243,499.95,121487.85,0,True,16
SHP-007441,PROD-0099,SUP-19,WH-04,2024-11-06,2024-12-20,2024-12-20,171,499.95,85491.45,0,True,11
SHP-007442,PROD-0099,SUP-19,WH-04,2024-11-19,2024-12-20,2024-12-20,94,499.95,46995.3,0,True,6
SHP-007443,PROD-0099,SUP-19,WH-04,2024-12-02,2025-01-14,2025-01-14,409,499.95,204479.55,0,True,28
SHP-007444,PROD-0099,SUP-19,WH-04,2024-12-15,2025-01-10,2025-01-23,282,499.95,140985.9,13,False,19
SHP-007445,PROD-0099,SUP-19,WH-04,2024-12-28,2025-02-13,2025-02-27,317,499.95,158484.15,14,False,22
SHP-007446,PROD-0100,SUP-20,WH-05,2022-01-01,2022-01-22,2022-01-31,145,378.35,54860.75,9,False,14
SHP-007447,PROD-0100,SUP-20,WH-05,2022-01-20,2022-02-17,2022-02-17,90,378.35,34051.5,0,True,8
SHP-007448,PROD-0100,SUP-20,WH-05,2022-02-08,2022-03-10,2022-03-19,439,378.35,166095.65,9,False,43
SHP-007449,PROD-0100,SUP-20,WH-05,2022-02-27,2022-03-22,2022-03-22,121,378.35,45780.35,0,True,11
SHP-007450,PROD-0100,SUP-20,WH-05,2022-03-18,2022-04-09,2022-04-09,234,378.35,88533.9,0,True,23
SHP-007451,PROD-0100,SUP-20,WH-05,2022-04-06,2022-05-04,2022-05-04,110,378.35,41618.5,0,True,10
SHP-007452,PROD-0100,SUP-20,WH-05,2022-04-25,2022-05-20,2022-05-20,198,378.35,74913.3,0,True,19
SHP-007453,PROD-0100,SUP-20,WH-05,2022-05-14,2022-06-11,2022-06-11,432,378.35,163447.2,0,True,42
SHP-007454,PROD-0100,SUP-20,WH-05,2022-06-02,2022-06-28,2022-06-28,247,378.35,93452.45,0,True,24
SHP-007455,PROD-0100,SUP-20,WH-05,2022-06-21,2022-07-14,2022-07-14,88,378.35,33294.8,0,True,8
SHP-007456,PROD-0100,SUP-20,WH-05,2022-07-10,2022-08-05,2022-08-05,458,378.35,173284.3,0,True,45
SHP-007457,PROD-0100,SUP-20,WH-05,2022-07-29,2022-08-20,2022-08-20,124,378.35,46915.4,0,True,12
SHP-007458,PROD-0100,SUP-20,WH-05,2022-08-17,2022-09-02,2022-09-02,414,378.35,156636.9,0,True,40
SHP-007459,PROD-0100,SUP-20,WH-05,2022-09-05,2022-09-29,2022-09-29,120,378.35,45402.0,0,True,11
SHP-007460,PROD-0100,SUP-20,WH-05,2022-09-24,2022-10-13,2022-10-13,133,378.35,50320.55,0,True,13
SHP-007461,PROD-0100,SUP-20,WH-05,2022-10-13,2022-10-31,2022-10-31,294,378.35,111234.9,0,True,29
SHP-007462,PROD-0100,SUP-20,WH-05,2022-11-01,2022-11-21,2022-11-21,88,378.35,33294.8,0,True,8
SHP-007463,PROD-0100,SUP-20,WH-05,2022-11-20,2022-12-06,2022-12-06,412,378.35,155880.2,0,True,40
SHP-007464,PROD-0100,SUP-20,WH-05,2022-12-09,2022-12-15,2022-12-15,237,378.35,89668.95,0,True,23
SHP-007465,PROD-0100,SUP-20,WH-05,2022-12-28,2023-01-22,2023-01-27,103,378.35,38970.05,5,False,10
SHP-007466,PROD-0100,SUP-20,WH-05,2023-01-16,2023-02-04,2023-02-04,398,378.35,150583.3,0,True,39
SHP-007467,PROD-0100,SUP-20,WH-05,2023-02-04,2023-02-27,2023-02-27,476,378.35,180094.6,0,True,47
SHP-007468,PROD-0100,SUP-20,WH-05,2023-02-23,2023-03-16,2023-03-16,272,378.35,102911.2,0,True,26
SHP-007469,PROD-0100,SUP-20,WH-05,2023-03-14,2023-04-10,2023-04-10,51,378.35,19295.85,0,True,5
SHP-007470,PROD-0100,SUP-20,WH-05,2023-04-02,2023-04-21,2023-04-21,114,378.35,43131.9,0,True,11
SHP-007471,PROD-0100,SUP-20,WH-05,2023-04-21,2023-05-06,2023-05-20,304,378.35,115018.4,14,False,30
SHP-007472,PROD-0100,SUP-20,WH-05,2023-05-10,2023-06-05,2023-06-05,344,378.35,130152.4,0,True,34
SHP-007473,PROD-0100,SUP-20,WH-05,2023-05-29,2023-06-08,2023-06-09,75,378.35,28376.25,1,False,7
SHP-007474,PROD-0100,SUP-20,WH-05,2023-06-17,2023-07-10,2023-07-10,162,378.35,61292.7,0,True,16
SHP-007475,PROD-0100,SUP-20,WH-05,2023-07-06,2023-07-29,2023-08-10,259,378.35,97992.65,12,False,25
SHP-007476,PROD-0100,SUP-20,WH-05,2023-07-25,2023-08-19,2023-08-24,285,378.35,107829.75,5,False,28
SHP-007477,PROD-0100,SUP-20,WH-05,2023-08-13,2023-09-16,2023-09-16,119,378.35,45023.65,0,True,11
SHP-007478,PROD-0100,SUP-20,WH-05,2023-09-01,2023-09-21,2023-09-26,290,378.35,109721.5,5,False,28
SHP-007479,PROD-0100,SUP-20,WH-05,2023-09-20,2023-10-14,2023-10-14,336,378.35,127125.6,0,True,33
SHP-007480,PROD-0100,SUP-20,WH-05,2023-10-09,2023-11-03,2023-11-03,419,378.35,158528.65,0,True,41
SHP-007481,PROD-0100,SUP-20,WH-05,2023-10-28,2023-11-19,2023-11-19,79,378.35,29889.65,0,True,7
SHP-007482,PROD-0100,SUP-20,WH-05,2023-11-16,2023-12-03,2023-12-03,383,378.35,144908.05,0,True,37
SHP-007483,PROD-0100,SUP-20,WH-05,2023-12-05,2023-12-19,2023-12-19,132,378.35,49942.2,0,True,13
SHP-007484,PROD-0100,SUP-20,WH-05,2023-12-24,2024-01-11,2024-01-11,281,378.35,106316.35,0,True,27
SHP-007485,PROD-0100,SUP-20,WH-05,2024-01-12,2024-01-27,2024-01-27,264,378.35,99884.4,0,True,26
SHP-007486,PROD-0100,SUP-20,WH-05,2024-01-31,2024-02-15,2024-02-15,327,378.35,123720.45,0,True,32
SHP-007487,PROD-0100,SUP-20,WH-05,2024-02-19,2024-03-12,2024-03-12,53,378.35,20052.55,0,True,5
SHP-007488,PROD-0100,SUP-20,WH-05,2024-03-09,2024-03-24,2024-03-24,452,378.35,171014.2,0,True,44
SHP-007489,PROD-0100,SUP-20,WH-05,2024-03-28,2024-04-22,2024-04-28,378,378.35,143016.3,6,False,37
SHP-007490,PROD-0100,SUP-20,WH-05,2024-04-16,2024-05-02,2024-05-02,80,378.35,30268.0,0,True,7
SHP-007491,PROD-0100,SUP-20,WH-05,2024-05-05,2024-05-31,2024-05-31,240,378.35,90804.0,0,True,23
SHP-007492,PROD-0100,SUP-20,WH-05,2024-05-24,2024-06-10,2024-06-10,482,378.35,182364.7,0,True,47
SHP-007493,PROD-0100,SUP-20,WH-05,2024-06-12,2024-07-07,2024-07-15,105,378.35,39726.75,8,False,10
SHP-007494,PROD-0100,SUP-20,WH-05,2024-07-01,2024-07-23,2024-07-23,211,378.35,79831.85,0,True,20
SHP-007495,PROD-0100,SUP-20,WH-05,2024-07-20,2024-08-13,2024-08-13,432,378.35,163447.2,0,True,42
SHP-007496,PROD-0100,SUP-20,WH-05,2024-08-08,2024-08-27,2024-08-27,166,378.35,62806.1,0,True,16
SHP-007497,PROD-0100,SUP-20,WH-05,2024-08-27,2024-09-15,2024-09-29,275,378.35,104046.25,14,False,27
SHP-007498,PROD-0100,SUP-20,WH-05,2024-09-15,2024-10-15,2024-10-16,119,378.35,45023.65,1,False,11
SHP-007499,PROD-0100,SUP-20,WH-05,2024-10-04,2024-10-20,2024-10-20,286,378.35,108208.1,0,True,28
SHP-007500,PROD-0100,SUP-20,WH-05,2024-10-23,2024-11-09,2024-11-11,353,378.35,133557.55,2,False,34
SHP-007501,PROD-0100,SUP-20,WH-05,2024-11-11,2024-11-23,2024-11-23,52,378.35,19674.2,0,True,5
SHP-007502,PROD-0100,SUP-20,WH-05,2024-11-30,2024-12-18,2024-12-18,408,378.35,154366.8,0,True,40
SHP-007503,PROD-0100,SUP-20,WH-05,2024-12-19,2025-01-02,2025-01-16,94,378.35,35564.9,14,False,9
